ISO-10303-21;
HEADER;
FILE_DESCRIPTION (( 'STEP AP214' ),
    '1' );
FILE_NAME ('CRB15000_12kg-127_Omnicore_rev00_LINK00_CAD.step',
    '2023-07-05T07:37:10',
    ( '' ),
    ( '' ),
    'SwSTEP 2.0',
    'SolidWorks 2022',
    '' );
FILE_SCHEMA (( 'AUTOMOTIVE_DESIGN' ));
ENDSEC;

DATA;
#1 = CARTESIAN_POINT ( 'NONE',  ( -105.7999971377348061, 13.96071033574185449, 31.60493128894270498 ) ) ;
#2 = FACE_OUTER_BOUND ( 'NONE', #4435, .T. ) ;
#3 = ORIENTED_EDGE ( 'NONE', *, *, #1800, .T. ) ;
#4 = CARTESIAN_POINT ( 'NONE',  ( 90.00609172981006623, 99.99999999999903366, 1.292074404336618767E-15 ) ) ;
#5 = CARTESIAN_POINT ( 'NONE',  ( -106.3624855077299856, -8.724548411850015839, 8.087604066479963549 ) ) ;
#6 = DIRECTION ( 'NONE',  ( -1.000000000000000000, 1.058059549828071633E-14, -3.054740849381664725E-17 ) ) ;
#7 = B_SPLINE_CURVE_WITH_KNOTS ( 'NONE', 3,
 ( #4164, #2969, #176, #2527 ),
 .UNSPECIFIED., .F., .F.,
 ( 4, 4 ),
 ( 0.000000000000000000, 0.7180583819759969177 ),
 .UNSPECIFIED. ) ;
#8 = VERTEX_POINT ( 'NONE', #4700 ) ;
#9 = CARTESIAN_POINT ( 'NONE',  ( -107.8399981264929863, -11.98772674759483614, 12.62206329631748858 ) ) ;
#10 = CARTESIAN_POINT ( 'NONE',  ( -90.01824925137933064, 90.01824925138127753, -0.6971408340332609921 ) ) ;
#11 = FACE_BOUND ( 'NONE', #3315, .T. ) ;
#12 = ORIENTED_EDGE ( 'NONE', *, *, #4011, .T. ) ;
#13 = ORIENTED_EDGE ( 'NONE', *, *, #2125, .F. ) ;
#14 = DIRECTION ( 'NONE',  ( -1.156482317317380935E-14, -1.000000000000000000, 0.000000000000000000 ) ) ;
#15 = ADVANCED_FACE ( 'NONE', ( #1463 ), #1338, .T. ) ;
#16 = DIRECTION ( 'NONE',  ( 1.000000000000000000, 1.264818684629761841E-16, 1.040834085604003879E-17 ) ) ;
#17 = B_SPLINE_CURVE_WITH_KNOTS ( 'NONE', 3,
 ( #3053, #4542, #3792, #3447, #3343, #2954, #1441, #4983, #188, #998, #4620, #3003, #4206, #241, #2235, #1077, #2566, #2588, #265, #3419, #1467, #3740, #2641, #4229, #1771, #4129, #1419 ),
 .UNSPECIFIED., .F., .F.,
 ( 4, 2, 2, 1, 1, 2, 2, 2, 2, 1, 1, 1, 2, 2, 2, 4 ),
 ( 0.000000000000000000, 0.2499999999999115707, 0.3749999999998695488, 0.4374999999998464562, 0.4687499999998349098, 0.4843749999998291367, 0.4999999999998233635, 0.6249999999997802869, 0.6874999999997587485, 0.7187499999997503108, 0.7343749999997443156, 0.7421874999997400968, 0.7460937499997379874, 0.7499999999997357669, 0.8749999999998678835, 1.000000000000000000 ),
 .UNSPECIFIED. ) ;
#18 = DIRECTION ( 'NONE',  ( -1.156482317316562255E-14, -1.000000000000000000, 0.000000000000000000 ) ) ;
#19 = CARTESIAN_POINT ( 'NONE',  ( -111.5000000000000000, 8.145775206648412592, 31.76929715817432864 ) ) ;
#20 = VERTEX_POINT ( 'NONE', #2585 ) ;
#21 = CARTESIAN_POINT ( 'NONE',  ( -107.6056493442481923, 12.08694077899617447, 12.59494828712726289 ) ) ;
#22 = CARTESIAN_POINT ( 'NONE',  ( -105.7999999999999972, 13.96072909494155212, 32.30000000000001137 ) ) ;
#23 = FACE_OUTER_BOUND ( 'NONE', #1976, .T. ) ;
#24 = EDGE_CURVE ( 'NONE', #4417, #978, #4288, .T. ) ;
#25 = EDGE_LOOP ( 'NONE', ( #960, #3253, #5126 ) ) ;
#26 = CARTESIAN_POINT ( 'NONE',  ( -106.7910602430700067, -13.97495332827002734, 29.24286238950795180 ) ) ;
#27 = DIRECTION ( 'NONE',  ( -3.054740849381649318E-17, 1.457378446665821845E-17, 1.000000000000000000 ) ) ;
#28 = ORIENTED_EDGE ( 'NONE', *, *, #739, .F. ) ;
#29 = CARTESIAN_POINT ( 'NONE',  ( -3.702525768032422940E-15, 1.766428485626708246E-15, 121.2058878507451993 ) ) ;
#30 = CARTESIAN_POINT ( 'NONE',  ( -109.9525796225519656, 11.00624455195807982, 29.31435993392516437 ) ) ;
#31 = CARTESIAN_POINT ( 'NONE',  ( -106.6706543944624883, 8.412726869781295136, 7.122362495335095467 ) ) ;
#32 = VERTEX_POINT ( 'NONE', #736 ) ;
#33 = FACE_OUTER_BOUND ( 'NONE', #2315, .T. ) ;
#34 = AXIS2_PLACEMENT_3D ( 'NONE', #312, #2715, #5099 ) ;
#35 = PRODUCT_DEFINITION_SHAPE ( 'NONE', 'NONE',  #629 ) ;
#36 = VECTOR ( 'NONE', #1627, 1000.000000000000000 ) ;
#37 = CARTESIAN_POINT ( 'NONE',  ( -101.2999999999999972, 13.99999999999997335, 9.700000000000004619 ) ) ;
#38 = CARTESIAN_POINT ( 'NONE',  ( -109.4210111285899956, -1.632880357086818318E-14, 21.00000000000000355 ) ) ;
#39 = CIRCLE ( 'NONE', #2933, 3.000000000000000888 ) ;
#40 =( GEOMETRIC_REPRESENTATION_CONTEXT ( 3 ) GLOBAL_UNCERTAINTY_ASSIGNED_CONTEXT ( ( #3231 ) ) GLOBAL_UNIT_ASSIGNED_CONTEXT ( ( #2336, #2009, #148 ) ) REPRESENTATION_CONTEXT ( 'NONE', 'WORKASPACE' ) );
#41 = VERTEX_POINT ( 'NONE', #262 ) ;
#42 = ORIENTED_EDGE ( 'NONE', *, *, #3310, .T. ) ;
#43 = CARTESIAN_POINT ( 'NONE',  ( -107.6402234487885181, -12.07253484153800827, 29.40116778504473416 ) ) ;
#44 = AXIS2_PLACEMENT_3D ( 'NONE', #1442, #3054, #266 ) ;
#45 = DIRECTION ( 'NONE',  ( -1.000000000000000000, -1.264818684629761841E-16, -1.040834085604003879E-17 ) ) ;
#46 = DIRECTION ( 'NONE',  ( 0.000000000000000000, 1.000000000000000000, 0.000000000000000000 ) ) ;
#47 = EDGE_CURVE ( 'NONE', #2421, #54, #3392, .T. ) ;
#48 = VECTOR ( 'NONE', #2976, 1000.000000000000000 ) ;
#49 = ORIENTED_EDGE ( 'NONE', *, *, #2965, .T. ) ;
#50 = CYLINDRICAL_SURFACE ( 'NONE', #2520, 13.00000000000000000 ) ;
#51 = CARTESIAN_POINT ( 'NONE',  ( -106.0992528343600014, -13.95794456922000570, 12.31645293152796228 ) ) ;
#52 = DIRECTION ( 'NONE',  ( 0.000000000000000000, 1.000000000000000000, 0.000000000000000000 ) ) ;
#53 = AXIS2_PLACEMENT_3D ( 'NONE', #1082, #586, #2645 ) ;
#54 = VERTEX_POINT ( 'NONE', #370 ) ;
#55 = CARTESIAN_POINT ( 'NONE',  ( -111.0883604893800083, -10.36537924017000734, 29.41844702552395319 ) ) ;
#56 = CARTESIAN_POINT ( 'NONE',  ( -110.9792277738520170, -7.706789777825095555, 9.543998214980746297 ) ) ;
#57 = ADVANCED_FACE ( 'NONE', ( #1927 ), #4173, .T. ) ;
#58 = CIRCLE ( 'NONE', #3278, 13.49999999999999112 ) ;
#59 = EDGE_CURVE ( 'NONE', #1777, #4831, #3135, .T. ) ;
#60 = ORIENTED_EDGE ( 'NONE', *, *, #1801, .F. ) ;
#61 = EDGE_LOOP ( 'NONE', ( #5065, #3956 ) ) ;
#62 = CARTESIAN_POINT ( 'NONE',  ( -106.1870703296399938, 8.584669069339980751, 8.364987711429964889 ) ) ;
#63 = CARTESIAN_POINT ( 'NONE',  ( -105.7999999999999972, -11.30000000000000604, 9.700000000000004619 ) ) ;
#64 = CARTESIAN_POINT ( 'NONE',  ( -108.7999999999999972, 14.04999999999999361, 32.30000000000001137 ) ) ;
#65 = EDGE_CURVE ( 'NONE', #944, #4929, #4980, .T. ) ;
#66 = EDGE_LOOP ( 'NONE', ( #4334, #158, #4176, #332, #1328, #3258 ) ) ;
#67 = CARTESIAN_POINT ( 'NONE',  ( -108.0663075742621118, -11.89180432486529604, 12.64239476917447114 ) ) ;
#68 = FACE_OUTER_BOUND ( 'NONE', #4091, .T. ) ;
#69 = DIRECTION ( 'NONE',  ( 1.000000000000000000, 1.264818684629761841E-16, 1.040834085604003879E-17 ) ) ;
#70 = VECTOR ( 'NONE', #3612, 1000.000000000000227 ) ;
#71 = VERTEX_POINT ( 'NONE', #4201 ) ;
#72 = VERTEX_POINT ( 'NONE', #3815 ) ;
#73 = FACE_OUTER_BOUND ( 'NONE', #3249, .T. ) ;
#74 = VECTOR ( 'NONE', #4850, 1000.000000000000000 ) ;
#75 = CYLINDRICAL_SURFACE ( 'NONE', #4518, 6.000000000006791900 ) ;
#76 = CARTESIAN_POINT ( 'NONE',  ( 84.99999999999428724, -85.00000000000092371, 3.835301401640188911E-15 ) ) ;
#77 = B_SPLINE_CURVE_WITH_KNOTS ( 'NONE', 3,
 ( #2948, #4296, #1142, #377 ),
 .UNSPECIFIED., .F., .F.,
 ( 4, 4 ),
 ( 0.000000000000000000, 1.000000000000000000 ),
 .UNSPECIFIED. ) ;
#78 = ORIENTED_EDGE ( 'NONE', *, *, #913, .T. ) ;
#79 = DIRECTION ( 'NONE',  ( -1.000000000000000000, -1.264818684629761841E-16, -1.040834085604003879E-17 ) ) ;
#80 = CARTESIAN_POINT ( 'NONE',  ( -106.0992422247299913, 8.683551245939982621, 34.95795359869995167 ) ) ;
#81 = DIRECTION ( 'NONE',  ( 0.000000000000000000, -1.000000000000000000, 0.000000000000000000 ) ) ;
#82 = ORIENTED_EDGE ( 'NONE', *, *, #4333, .F. ) ;
#83 = CARTESIAN_POINT ( 'NONE',  ( -106.7967772049100006, -14.10073772842000750, 29.00644755378095141 ) ) ;
#84 = CARTESIAN_POINT ( 'NONE',  ( -109.4842041618113484, 12.50761471290318028, 13.34577219800308967 ) ) ;
#85 = ORIENTED_EDGE ( 'NONE', *, *, #1319, .F. ) ;
#86 = CARTESIAN_POINT ( 'NONE',  ( -111.6635590727600089, 8.564277072639992383, 10.93200978800996381 ) ) ;
#87 = CARTESIAN_POINT ( 'NONE',  ( -105.7999741098229975, 8.891982536097961187, 34.43442236547065960 ) ) ;
#88 = ADVANCED_FACE ( 'NONE', ( #1844 ), #3415, .F. ) ;
#89 = LINE ( 'NONE', #64, #1237 ) ;
#90 = DIRECTION ( 'NONE',  ( 9.946540850021793809E-15, 1.000000000000000000, -1.457378446665791646E-17 ) ) ;
#91 = EDGE_LOOP ( 'NONE', ( #4069, #1172, #1725, #4153 ) ) ;
#92 = CARTESIAN_POINT ( 'NONE',  ( -105.7999971377352040, -10.60493128761618742, 34.96071033574295228 ) ) ;
#93 = ADVANCED_FACE ( 'NONE', ( #2467 ), #1699, .T. ) ;
#94 = CARTESIAN_POINT ( 'NONE',  ( 79.08591166940070138, -66.58591166940266248, 18.00000000000000355 ) ) ;
#95 = CARTESIAN_POINT ( 'NONE',  ( -110.2242099639261994, 13.37820203596692004, 16.13034312678583859 ) ) ;
#96 = ORIENTED_EDGE ( 'NONE', *, *, #5113, .T. ) ;
#97 = ORIENTED_EDGE ( 'NONE', *, *, #1196, .T. ) ;
#98 = DIRECTION ( 'NONE',  ( -1.000000000000000000, 1.058059549828071633E-14, -3.054740849381664725E-17 ) ) ;
#99 = DIRECTION ( 'NONE',  ( 0.000000000000000000, -0.9051901358366876149, -0.4250068446318940318 ) ) ;
#100 = PLANE ( 'NONE',  #2458 ) ;
#101 = VERTEX_POINT ( 'NONE', #898 ) ;
#102 = FACE_OUTER_BOUND ( 'NONE', #4313, .T. ) ;
#103 = CARTESIAN_POINT ( 'NONE',  ( -108.7999999999999972, -11.30000000000000604, 9.700000000000004619 ) ) ;
#104 = CARTESIAN_POINT ( 'NONE',  ( -110.9097920877170367, -3.893518075519785793, 7.718075886919703699 ) ) ;
#105 = EDGE_LOOP ( 'NONE', ( #1214, #3007, #2456, #476 ) ) ;
#106 =( NAMED_UNIT ( * ) PLANE_ANGLE_UNIT ( ) SI_UNIT ( $, .RADIAN. ) );
#107 = CARTESIAN_POINT ( 'NONE',  ( -109.4833795530228144, -7.654253177156436827, 8.491842656961896552 ) ) ;
#108 = ORIENTED_EDGE ( 'NONE', *, *, #272, .T. ) ;
#109 = DIRECTION ( 'NONE',  ( -1.000000000000000000, -1.264818684629761841E-16, -1.040834085604003879E-17 ) ) ;
#110 = CARTESIAN_POINT ( 'NONE',  ( -8.688314839967322781E-13, -80.06546480392294995, 214.0000000000000000 ) ) ;
#111 = DIRECTION ( 'NONE',  ( -0.03487826274237506435, -0.03487826274237435659, -0.9987827659587183993 ) ) ;
#112 = EDGE_CURVE ( 'NONE', #1777, #193, #2088, .T. ) ;
#113 = ORIENTED_EDGE ( 'NONE', *, *, #4235, .T. ) ;
#114 = DIRECTION ( 'NONE',  ( 3.054740849381649318E-17, -1.457378446665821845E-17, -1.000000000000000000 ) ) ;
#115 = DIRECTION ( 'NONE',  ( -1.000000000000000000, -1.264818684629761841E-16, -1.040834085604003879E-17 ) ) ;
#116 = CARTESIAN_POINT ( 'NONE',  ( -100.0734718429394974, 19.55509408712356745, -2.103958303583808753 ) ) ;
#117 = EDGE_CURVE ( 'NONE', #2444, #3784, #316, .T. ) ;
#118 = EDGE_CURVE ( 'NONE', #2482, #4918, #3380, .T. ) ;
#119 = EDGE_LOOP ( 'NONE', ( #631, #303, #930, #3899 ) ) ;
#120 = ORIENTED_EDGE ( 'NONE', *, *, #1496, .F. ) ;
#121 = FACE_OUTER_BOUND ( 'NONE', #3244, .T. ) ;
#123 = DIRECTION ( 'NONE',  ( 1.000000000000000000, 1.264818684629761841E-16, 1.040834085604003879E-17 ) ) ;
#122 = AXIS2_PLACEMENT_3D ( 'NONE', #3262, #3374, #636 ) ;
#124 = CARTESIAN_POINT ( 'NONE',  ( -111.5000000000000000, 8.146130207483782470, 10.23149336328875236 ) ) ;
#125 = EDGE_CURVE ( 'NONE', #831, #4727, #729, .T. ) ;
#126 = ORIENTED_EDGE ( 'NONE', *, *, #841, .F. ) ;
#127 = CARTESIAN_POINT ( 'NONE',  ( -107.6193706853958929, 12.08128387376764756, 12.59648150648601828 ) ) ;
#128 = FACE_BOUND ( 'NONE', #1490, .T. ) ;
#129 = AXIS2_PLACEMENT_3D ( 'NONE', #3596, #3204, #2763 ) ;
#130 = CARTESIAN_POINT ( 'NONE',  ( -84.99999999999909051, 85.00000000000572697, 17.99999999999999645 ) ) ;
#131 = AXIS2_PLACEMENT_3D ( 'NONE', #4914, #2523, #175 ) ;
#132 = VERTEX_POINT ( 'NONE', #4750 ) ;
#133 = DIRECTION ( 'NONE',  ( -3.054740849381649318E-17, 1.457378446665821845E-17, 1.000000000000000000 ) ) ;
#134 = PRODUCT_DEFINITION_CONTEXT ( 'detailed design', #4794, 'design' ) ;
#135 = VECTOR ( 'NONE', #530, 1000.000000000000000 ) ;
#136 = AXIS2_PLACEMENT_3D ( 'NONE', #1422, #3375, #2621 ) ;
#137 = ORIENTED_EDGE ( 'NONE', *, *, #3178, .T. ) ;
#138 = DIRECTION ( 'NONE',  ( 3.054740849381649318E-17, -1.457378446665821845E-17, -1.000000000000000000 ) ) ;
#139 = CARTESIAN_POINT ( 'NONE',  ( -105.8001538163705391, 8.897250760660584845, 34.59815124213663040 ) ) ;
#140 = AXIS2_PLACEMENT_3D ( 'NONE', #4954, #2180, #3816 ) ;
#141 = CARTESIAN_POINT ( 'NONE',  ( -111.1054070606365087, 3.575790126267443192, 34.25431087246518302 ) ) ;
#142 = DIRECTION ( 'NONE',  ( -1.000000000000000000, -1.264818684629761841E-16, -1.040834085604003879E-17 ) ) ;
#143 = EDGE_LOOP ( 'NONE', ( #2587, #346, #1595, #3506 ) ) ;
#144 = ORIENTED_EDGE ( 'NONE', *, *, #2328, .F. ) ;
#145 = PLANE ( 'NONE',  #4515 ) ;
#146 = EDGE_CURVE ( 'NONE', #959, #3070, #3872, .T. ) ;
#147 = CARTESIAN_POINT ( 'NONE',  ( -110.3691458892100030, 11.04256414461999292, 29.27465612254895433 ) ) ;
#148 =( NAMED_UNIT ( * ) SI_UNIT ( $, .STERADIAN. ) SOLID_ANGLE_UNIT ( ) );
#149 = B_SPLINE_CURVE_WITH_KNOTS ( 'NONE', 3,
 ( #4488, #1957, #4856, #3690, #1313, #2488, #1257, #894, #2880, #3113 ),
 .UNSPECIFIED., .F., .F.,
 ( 4, 2, 2, 2, 4 ),
 ( 0.000000000000000000, 0.5000000000000037748, 0.6250000000000027756, 0.7500000000000018874, 1.000000000000000000 ),
 .UNSPECIFIED. ) ;
#150 = ADVANCED_FACE ( 'NONE', ( #68 ), #4053, .F. ) ;
#151 = EDGE_LOOP ( 'NONE', ( #437, #187, #1297, #385, #2896 ) ) ;
#152 = CARTESIAN_POINT ( 'NONE',  ( -105.7999999999999972, 11.29999999999999183, 32.30000000000001137 ) ) ;
#153 = ADVANCED_FACE ( 'NONE', ( #2884 ), #2412, .T. ) ;
#154 = EDGE_CURVE ( 'NONE', #4761, #1110, #3664, .T. ) ;
#155 = FACE_OUTER_BOUND ( 'NONE', #1025, .T. ) ;
#156 = CARTESIAN_POINT ( 'NONE',  ( -105.7999999999999972, -11.30000000000000604, 32.30000000000001137 ) ) ;
#157 = ORIENTED_EDGE ( 'NONE', *, *, #502, .T. ) ;
#158 = ORIENTED_EDGE ( 'NONE', *, *, #2734, .F. ) ;
#159 = CARTESIAN_POINT ( 'NONE',  ( -99.76885887918706430, -89.77495060899403256, 6.619015679724538082 ) ) ;
#160 = CARTESIAN_POINT ( 'NONE',  ( -128.8000000000000114, -49.99999999999980815, 21.00000000000000355 ) ) ;
#161 = CIRCLE ( 'NONE', #2633, 2.750000000000000888 ) ;
#162 = ORIENTED_EDGE ( 'NONE', *, *, #4969, .F. ) ;
#163 = EDGE_CURVE ( 'NONE', #4611, #2539, #4130, .T. ) ;
#164 = APPLICATION_PROTOCOL_DEFINITION ( 'draft international standard', 'automotive_design', 1998, #4365 ) ;
#165 = CARTESIAN_POINT ( 'NONE',  ( 85.00000000000085265, 78.99999999999909051, 1.445200749108441788E-15 ) ) ;
#166 = EDGE_LOOP ( 'NONE', ( #1093, #279, #1047 ) ) ;
#167 = CARTESIAN_POINT ( 'NONE',  ( -111.0874182209999930, 8.418125632589982033, 10.63385629454996284 ) ) ;
#168 = CARTESIAN_POINT ( 'NONE',  ( -105.8000549486674799, 8.860976138975702909, 34.88120343226313480 ) ) ;
#169 = DIRECTION ( 'NONE',  ( -1.000000000000000000, -1.264818684629761841E-16, -1.040834085604003879E-17 ) ) ;
#170 = CARTESIAN_POINT ( 'NONE',  ( -105.7999999999999972, -13.96072909494080783, 32.30000000000001137 ) ) ;
#171 = ORIENTED_EDGE ( 'NONE', *, *, #1036, .T. ) ;
#172 = VERTEX_POINT ( 'NONE', #94 ) ;
#173 = CARTESIAN_POINT ( 'NONE',  ( -106.0052629967641309, 8.734199446116161170, 7.041062208093512353 ) ) ;
#174 = CARTESIAN_POINT ( 'NONE',  ( -99.37142614914746730, 100.0000000000010800, 17.99999999999999289 ) ) ;
#175 = DIRECTION ( 'NONE',  ( 1.264818684629761841E-16, -1.000000000000000000, 2.216726102179205108E-18 ) ) ;
#176 = CARTESIAN_POINT ( 'NONE',  ( -105.7999999999999972, 13.96065971428675923, 10.98514351305967907 ) ) ;
#177 = CARTESIAN_POINT ( 'NONE',  ( -5.549776310005766474E-15, 2.647728490505571102E-15, 181.6774837423334930 ) ) ;
#178 = DIRECTION ( 'NONE',  ( -1.000000000000000000, -1.264818684629761841E-16, -1.040834085604003879E-17 ) ) ;
#179 = ADVANCED_FACE ( 'NONE', ( #1285 ), #2008, .T. ) ;
#180 = ORIENTED_EDGE ( 'NONE', *, *, #1511, .F. ) ;
#181 = VERTEX_POINT ( 'NONE', #865 ) ;
#182 = CARTESIAN_POINT ( 'NONE',  ( 66.58591166939893924, 114.9999999999993037, 18.00000000000000355 ) ) ;
#183 = CARTESIAN_POINT ( 'NONE',  ( -110.0767784398929052, -13.39893794336252064, 15.94238009030506831 ) ) ;
#184 = ORIENTED_EDGE ( 'NONE', *, *, #307, .F. ) ;
#185 =( LENGTH_UNIT ( ) NAMED_UNIT ( * ) SI_UNIT ( .MILLI., .METRE. ) );
#186 = DIRECTION ( 'NONE',  ( -1.000000000000000000, -1.264818684629761841E-16, -1.040834085604003879E-17 ) ) ;
#187 = ORIENTED_EDGE ( 'NONE', *, *, #2489, .F. ) ;
#188 = CARTESIAN_POINT ( 'NONE',  ( -105.7999657102615600, 13.41415067956354612, 12.10991218538213587 ) ) ;
#189 = EDGE_CURVE ( 'NONE', #8, #4039, #987, .T. ) ;
#190 = CARTESIAN_POINT ( 'NONE',  ( -111.5000000000000000, 10.45582584002118232, 12.61786233637688426 ) ) ;
#191 = CARTESIAN_POINT ( 'NONE',  ( 95.23328957798473482, 99.37142614914749572, 18.00000000000000355 ) ) ;
#192 = CARTESIAN_POINT ( 'NONE',  ( -105.7999181276000087, 8.690881583729984428, 8.219005325409964868 ) ) ;
#193 = VERTEX_POINT ( 'NONE', #4468 ) ;
#194 = ORIENTED_EDGE ( 'NONE', *, *, #4970, .F. ) ;
#195 = DIRECTION ( 'NONE',  ( 1.000000000000000000, 1.264818684629761841E-16, 1.040834085604003879E-17 ) ) ;
#196 = DIRECTION ( 'NONE',  ( 1.000000000000000000, 1.264818684629761841E-16, 1.040834085604003879E-17 ) ) ;
#197 = PLANE ( 'NONE',  #2353 ) ;
#198 = DIRECTION ( 'NONE',  ( -1.000000000000000000, -1.264818684629761841E-16, -1.040834085604003879E-17 ) ) ;
#199 = CARTESIAN_POINT ( 'NONE',  ( -107.6016978335215697, 8.405495112462729068, 33.08856949669726788 ) ) ;
#200 = CARTESIAN_POINT ( 'NONE',  ( -107.2024393555508368, -13.80290000235135750, 29.05500537003979744 ) ) ;
#201 = ORIENTED_EDGE ( 'NONE', *, *, #4733, .F. ) ;
#202 = EDGE_LOOP ( 'NONE', ( #2750, #5116, #4375, #1753 ) ) ;
#203 = CARTESIAN_POINT ( 'NONE',  ( -108.5678439491386627, -8.075016803206228388, 33.75648441506945119 ) ) ;
#204 = DIRECTION ( 'NONE',  ( -0.000000000000000000, -0.000000000000000000, 1.000000000000000000 ) ) ;
#205 = AXIS2_PLACEMENT_3D ( 'NONE', #3147, #1118, #4322 ) ;
#206 = CARTESIAN_POINT ( 'NONE',  ( -111.8839667408299903, 10.19278472311999195, 12.55510690943096286 ) ) ;
#207 = ADVANCED_FACE ( 'NONE', ( #3580 ), #2777, .F. ) ;
#208 = VECTOR ( 'NONE', #2097, 1000.000000000000000 ) ;
#209 = CARTESIAN_POINT ( 'NONE',  ( -111.5000000000000000, -10.45614501816252329, 29.38198780230184326 ) ) ;
#210 = PLANE ( 'NONE',  #140 ) ;
#211 = AXIS2_PLACEMENT_3D ( 'NONE', #2833, #4810, #4057 ) ;
#212 = AXIS2_PLACEMENT_3D ( 'NONE', #228, #3750, #2191 ) ;
#213 = ORIENTED_EDGE ( 'NONE', *, *, #330, .F. ) ;
#214 = B_SPLINE_CURVE_WITH_KNOTS ( 'NONE', 3,
 ( #1218, #3196, #2371, #379 ),
 .UNSPECIFIED., .F., .F.,
 ( 4, 4 ),
 ( 0.000000000000000000, 1.000000000000000000 ),
 .UNSPECIFIED. ) ;
#215 = LINE ( 'NONE', #3099, #1414 ) ;
#216 = CARTESIAN_POINT ( 'NONE',  ( -104.8239554442126007, 19.36799005300777665, 5.041256487558596788 ) ) ;
#217 = EDGE_CURVE ( 'NONE', #2607, #4598, #3945, .T. ) ;
#218 = CIRCLE ( 'NONE', #4347, 49.99999999999998579 ) ;
#219 = CARTESIAN_POINT ( 'NONE',  ( -103.8720591453797653, 13.97755397988823134, 32.29999999999997584 ) ) ;
#220 = LINE ( 'NONE', #1850, #1709 ) ;
#221 = EDGE_CURVE ( 'NONE', #3101, #495, #3715, .T. ) ;
#222 = ORIENTED_EDGE ( 'NONE', *, *, #4578, .F. ) ;
#223 = ORIENTED_EDGE ( 'NONE', *, *, #1925, .F. ) ;
#224 = CARTESIAN_POINT ( 'NONE',  ( -121.1847763108502676, -7.615223689149739350, 7.999999999999933387 ) ) ;
#225 = AXIS2_PLACEMENT_3D ( 'NONE', #3635, #371, #90 ) ;
#226 = DIRECTION ( 'NONE',  ( -2.500635421058772208E-16, -0.02617694830787352378, -0.9996573249755573709 ) ) ;
#227 = EDGE_CURVE ( 'NONE', #1762, #730, #434, .T. ) ;
#228 = CARTESIAN_POINT ( 'NONE',  ( -105.7999999999999972, 11.29999999999999183, 9.700000000000004619 ) ) ;
#229 = VECTOR ( 'NONE', #1662, 1000.000000000000000 ) ;
#230 = DIRECTION ( 'NONE',  ( -1.000000000000000000, 1.033295711319032814E-14, -3.054740849381664109E-17 ) ) ;
#231 = CARTESIAN_POINT ( 'NONE',  ( -106.0064007607515464, -8.733579883319997350, 7.041072137209408943 ) ) ;
#232 = CARTESIAN_POINT ( 'NONE',  ( -106.0992423229199915, 13.95795388073999277, 12.31644872166596372 ) ) ;
#233 = CARTESIAN_POINT ( 'NONE',  ( -108.7999999999999972, -11.30000000000000604, 9.700000000000004619 ) ) ;
#234 = ORIENTED_EDGE ( 'NONE', *, *, #1987, .F. ) ;
#235 = ORIENTED_EDGE ( 'NONE', *, *, #1135, .T. ) ;
#236 = CARTESIAN_POINT ( 'NONE',  ( -108.4572600508683138, -8.149009729984953765, 33.72876944804033172 ) ) ;
#237 = CARTESIAN_POINT ( 'NONE',  ( -109.6076058583570472, -13.46486737070319251, 15.37406945618856646 ) ) ;
#238 = CARTESIAN_POINT ( 'NONE',  ( -110.0905626308200027, 11.22229977447999261, 12.75668605484896290 ) ) ;
#239 = CARTESIAN_POINT ( 'NONE',  ( -110.4577725634336645, -11.82803928284332073, 28.67831049839384505 ) ) ;
#240 = ORIENTED_EDGE ( 'NONE', *, *, #4551, .F. ) ;
#241 = CARTESIAN_POINT ( 'NONE',  ( -105.8000214843998350, 13.21874487255686148, 12.14097270150891639 ) ) ;
#242 = CARTESIAN_POINT ( 'NONE',  ( -111.5000000000000000, -2.835239607800018380, 34.19891724219994700 ) ) ;
#243 = CARTESIAN_POINT ( 'NONE',  ( -110.2242099642361381, 4.869656872710688589, 34.37820203596158564 ) ) ;
#244 = DIRECTION ( 'NONE',  ( 3.776580694345528451E-16, 0.03489949670250102470, -0.9993908270190956511 ) ) ;
#245 = CIRCLE ( 'NONE', #1492, 12.49999999999999645 ) ;
#246 = ORIENTED_EDGE ( 'NONE', *, *, #2805, .T. ) ;
#247 = ADVANCED_FACE ( 'NONE', ( #2806 ), #3804, .F. ) ;
#248 = EDGE_LOOP ( 'NONE', ( #201, #1705 ) ) ;
#249 = ADVANCED_FACE ( 'NONE', ( #4526 ), #981, .F. ) ;
#250 = CARTESIAN_POINT ( 'NONE',  ( -73.71791138077563232, -87.34504604789290738, 216.0010000000000048 ) ) ;
#251 = CARTESIAN_POINT ( 'NONE',  ( -111.5000841269908847, -10.96671474627186527, 28.87443830962170210 ) ) ;
#252 = CARTESIAN_POINT ( 'NONE',  ( -111.5000000000000000, -5.121061853220017390, 33.67507286843994763 ) ) ;
#253 = CARTESIAN_POINT ( 'NONE',  ( -107.8905264296783457, 7.426803766287109809, 7.293868180810656021 ) ) ;
#254 = EDGE_CURVE ( 'NONE', #2177, #2421, #1370, .T. ) ;
#255 = CARTESIAN_POINT ( 'NONE',  ( -89.37751787895861355, -99.37142614914753835, 17.99999999999999645 ) ) ;
#256 = DIRECTION ( 'NONE',  ( 1.000000000000000000, -1.071937337635886090E-14, 3.054740849381664725E-17 ) ) ;
#257 = CARTESIAN_POINT ( 'NONE',  ( -105.8000352421399839, -13.96059600412000812, 29.83470690886195342 ) ) ;
#258 = ORIENTED_EDGE ( 'NONE', *, *, #3733, .F. ) ;
#259 = VERTEX_POINT ( 'NONE', #251 ) ;
#260 = CARTESIAN_POINT ( 'NONE',  ( -111.5000000000000000, -8.382137663620440549, 10.54417415998208440 ) ) ;
#261 = DIRECTION ( 'NONE',  ( -1.110223024625156856E-14, -1.000000000000000000, 0.000000000000000000 ) ) ;
#262 = CARTESIAN_POINT ( 'NONE',  ( 66.58591166939878292, 99.37142614914785099, 18.00000000000000355 ) ) ;
#263 = LINE ( 'NONE', #656, #2288 ) ;
#264 = ORIENTED_EDGE ( 'NONE', *, *, #1489, .F. ) ;
#265 = CARTESIAN_POINT ( 'NONE',  ( -105.7999972407500735, 13.09423278584022476, 12.17436667202720280 ) ) ;
#266 = DIRECTION ( 'NONE',  ( 0.000000000000000000, 1.000000000000000000, 0.000000000000000000 ) ) ;
#267 = DIRECTION ( 'NONE',  ( 3.054740849381649318E-17, -1.457378446665821845E-17, -1.000000000000000000 ) ) ;
#268 = DIRECTION ( 'NONE',  ( 1.264818684629761841E-16, -1.000000000000000000, 0.000000000000000000 ) ) ;
#269 = ORIENTED_EDGE ( 'NONE', *, *, #2649, .T. ) ;
#270 = CARTESIAN_POINT ( 'NONE',  ( -108.7978216635102484, 11.57026126009810874, 29.31219812820550175 ) ) ;
#271 = CARTESIAN_POINT ( 'NONE',  ( -111.5003757898123951, 7.874465535032831198, 31.96565589749659964 ) ) ;
#272 = EDGE_CURVE ( 'NONE', #4086, #4417, #3041, .T. ) ;
#273 = CARTESIAN_POINT ( 'NONE',  ( -107.4849573476699902, -8.418566272540017437, 33.13599021268995415 ) ) ;
#274 = CYLINDRICAL_SURFACE ( 'NONE', #4752, 3.000000000000000888 ) ;
#275 = LINE ( 'NONE', #1108, #1953 ) ;
#276 = ADVANCED_FACE ( 'NONE', ( #2170 ), #2573, .T. ) ;
#277 = CARTESIAN_POINT ( 'NONE',  ( -105.8000102656587558, -13.15170301278754827, 29.84235037384351941 ) ) ;
#278 = EDGE_CURVE ( 'NONE', #3660, #4329, #2612, .T. ) ;
#279 = ORIENTED_EDGE ( 'NONE', *, *, #1459, .F. ) ;
#280 = ORIENTED_EDGE ( 'NONE', *, *, #2493, .F. ) ;
#281 = FACE_OUTER_BOUND ( 'NONE', #4293, .T. ) ;
#282 = DIRECTION ( 'NONE',  ( 1.000000000000000000, 1.264818684629761841E-16, 1.040834085604003879E-17 ) ) ;
#283 = CARTESIAN_POINT ( 'NONE',  ( -110.9960404820199926, -5.202733686860018913, 33.77193294943996449 ) ) ;
#284 = EDGE_CURVE ( 'NONE', #978, #2985, #2114, .T. ) ;
#285 = VERTEX_POINT ( 'NONE', #2492 ) ;
#286 = CARTESIAN_POINT ( 'NONE',  ( -108.7999999999999972, -11.30000000000000604, 32.30000000000001137 ) ) ;
#287 = AXIS2_PLACEMENT_3D ( 'NONE', #4714, #3906, #3072 ) ;
#288 = DIRECTION ( 'NONE',  ( 1.000000000000000000, 0.000000000000000000, 3.054740849381646853E-17 ) ) ;
#289 = CARTESIAN_POINT ( 'NONE',  ( -105.8000050750900272, -8.836681708670930391, 7.868892660889121871 ) ) ;
#290 = DIRECTION ( 'NONE',  ( 1.071937337635886247E-14, 1.000000000000000000, -1.457378446665789181E-17 ) ) ;
#291 = AXIS2_PLACEMENT_3D ( 'NONE', #152, #1008, #4915 ) ;
#292 = AXIS2_PLACEMENT_3D ( 'NONE', #4725, #3136, #1286 ) ;
#293 = ORIENTED_EDGE ( 'NONE', *, *, #65, .F. ) ;
#294 = DIRECTION ( 'NONE',  ( 1.000000000000000000, 1.264818684629761841E-16, 1.040834085604003879E-17 ) ) ;
#295 = CIRCLE ( 'NONE', #3179, 95.75000000000000000 ) ;
#296 = CARTESIAN_POINT ( 'NONE',  ( -106.9689776284400011, 13.39672003944999190, 29.59688820401295573 ) ) ;
#297 = AXIS2_PLACEMENT_3D ( 'NONE', #2093, #4165, #1813 ) ;
#298 = CARTESIAN_POINT ( 'NONE',  ( -105.7999999999999972, 13.96072909493999248, 9.700000000000004619 ) ) ;
#299 = CARTESIAN_POINT ( 'NONE',  ( -106.0992495973799947, -8.683558467670017933, 34.95794125928996010 ) ) ;
#300 = CIRCLE ( 'NONE', #4609, 83.34003581738170396 ) ;
#301 = CARTESIAN_POINT ( 'NONE',  ( -105.8000208448882233, -13.21872948832080930, 29.85904517441550254 ) ) ;
#302 = VERTEX_POINT ( 'NONE', #2145 ) ;
#303 = ORIENTED_EDGE ( 'NONE', *, *, #4202, .T. ) ;
#304 = CARTESIAN_POINT ( 'NONE',  ( 9.775745594877081550E-13, 90.58458953736250407, 126.4408123561204178 ) ) ;
#305 = EDGE_CURVE ( 'NONE', #3070, #4817, #2059, .T. ) ;
#306 = CARTESIAN_POINT ( 'NONE',  ( -106.4990305345699966, -12.52785860559000852, 12.48651914644596239 ) ) ;
#307 = EDGE_CURVE ( 'NONE', #3784, #809, #2548, .T. ) ;
#308 = SHAPE_DEFINITION_REPRESENTATION ( #35, #3579 ) ;
#309 = DIRECTION ( 'NONE',  ( 1.040834085604003879E-17, -2.216726102179200101E-18, -1.000000000000000000 ) ) ;
#310 = ORIENTED_EDGE ( 'NONE', *, *, #3167, .F. ) ;
#311 = CARTESIAN_POINT ( 'NONE',  ( -106.7540450781975494, 13.86591770836634474, 12.65639663447147356 ) ) ;
#312 = CARTESIAN_POINT ( 'NONE',  ( 84.99999999999428724, -85.00000000000092371, 18.00000000000000355 ) ) ;
#313 = EDGE_CURVE ( 'NONE', #3282, #4704, #531, .T. ) ;
#314 = CARTESIAN_POINT ( 'NONE',  ( -105.7999658054094141, -8.882233993228080493, 7.656942388664723431 ) ) ;
#315 = DIRECTION ( 'NONE',  ( -1.110578963952739050E-14, -1.000000000000000000, 1.457378446665787949E-17 ) ) ;
#316 = CIRCLE ( 'NONE', #4869, 13.00000000000000000 ) ;
#317 = ORIENTED_EDGE ( 'NONE', *, *, #2012, .T. ) ;
#318 = DIRECTION ( 'NONE',  ( -1.443289932012703818E-14, 1.000000000000000000, 0.000000000000000000 ) ) ;
#319 = CARTESIAN_POINT ( 'NONE',  ( -108.0744463657683809, 8.357039245320372345, 9.111101862016921515 ) ) ;
#320 = AXIS2_PLACEMENT_3D ( 'NONE', #4881, #4177, #3818 ) ;
#321 = CARTESIAN_POINT ( 'NONE',  ( -108.5212143229599917, 12.64844185572999358, 29.21122804769395032 ) ) ;
#322 = LINE ( 'NONE', #298, #4510 ) ;
#323 = CARTESIAN_POINT ( 'NONE',  ( -105.7999785328200062, 13.96059585347999210, 29.83484095509395218 ) ) ;
#324 = CARTESIAN_POINT ( 'NONE',  ( -105.8002265285151964, -12.94243063279015082, 29.77122408877969661 ) ) ;
#325 = ORIENTED_EDGE ( 'NONE', *, *, #2212, .F. ) ;
#326 = ORIENTED_EDGE ( 'NONE', *, *, #2385, .T. ) ;
#327 = CARTESIAN_POINT ( 'NONE',  ( 89.77495060899403256, -99.76885887918706430, 6.619015679724534529 ) ) ;
#328 = CARTESIAN_POINT ( 'NONE',  ( -108.9791076745599980, -12.81273405075000760, 13.26406309540296213 ) ) ;
#329 = DIRECTION ( 'NONE',  ( 0.9999619230641713097, 1.264963967600080342E-16, 0.008726535498372762004 ) ) ;
#330 = EDGE_CURVE ( 'NONE', #1960, #3837, #4161, .T. ) ;
#331 = EDGE_CURVE ( 'NONE', #2908, #1397, #1815, .T. ) ;
#332 = ORIENTED_EDGE ( 'NONE', *, *, #3966, .F. ) ;
#333 = DIRECTION ( 'NONE',  ( 1.000000000000000000, 1.264818684629761841E-16, 1.040834085604003879E-17 ) ) ;
#334 = DIRECTION ( 'NONE',  ( -1.000000000000000000, -1.264818684629761841E-16, -1.040834085604003879E-17 ) ) ;
#335 = CARTESIAN_POINT ( 'NONE',  ( -107.4244788047700041, -8.388024728630016469, 33.16410551025995801 ) ) ;
#336 = CARTESIAN_POINT ( 'NONE',  ( -108.7999999999999972, -11.30000000000000604, 9.700000000000004619 ) ) ;
#337 = ADVANCED_FACE ( 'NONE', ( #590 ), #4838, .T. ) ;
#338 = EDGE_LOOP ( 'NONE', ( #4571, #1504, #310, #3736 ) ) ;
#339 = CARTESIAN_POINT ( 'NONE',  ( -109.8803903470799952, -13.42618777034060429, 26.30185310758627892 ) ) ;
#340 = CARTESIAN_POINT ( 'NONE',  ( -110.0905626308200027, -8.243313945150017474, 9.777700225519962984 ) ) ;
#341 = CARTESIAN_POINT ( 'NONE',  ( -105.2294327585299953, 12.96361598139999316, 29.80324513343495241 ) ) ;
#342 = CARTESIAN_POINT ( 'NONE',  ( -109.4553710164302487, -11.26685853283067296, 12.71481124370574989 ) ) ;
#343 = DIRECTION ( 'NONE',  ( 0.03489949670250100389, -3.595358292901818552E-16, 0.9993908270190956511 ) ) ;
#344 = LINE ( 'NONE', #3407, #4109 ) ;
#345 = CARTESIAN_POINT ( 'NONE',  ( -105.7999971750170829, -13.09421275106261895, 29.82565772729867959 ) ) ;
#346 = ORIENTED_EDGE ( 'NONE', *, *, #748, .T. ) ;
#347 = ORIENTED_EDGE ( 'NONE', *, *, #4327, .F. ) ;
#348 = DIRECTION ( 'NONE',  ( 3.054740849381649318E-17, -1.457378446665821845E-17, -1.000000000000000000 ) ) ;
#349 = DIRECTION ( 'NONE',  ( -1.040834085604003879E-17, -1.316466399071475981E-33, 1.000000000000000000 ) ) ;
#350 = CARTESIAN_POINT ( 'NONE',  ( -108.7999999999999972, -14.05000000000000782, 9.700000000000004619 ) ) ;
#351 = ORIENTED_EDGE ( 'NONE', *, *, #2614, .T. ) ;
#352 = CARTESIAN_POINT ( 'NONE',  ( -105.7999999999999972, -11.30000000000000604, 9.700000000000004619 ) ) ;
#353 = CARTESIAN_POINT ( 'NONE',  ( -105.7999999999999972, -11.30000000000000604, 34.96072909494154857 ) ) ;
#354 = EDGE_CURVE ( 'NONE', #2922, #1508, #634, .T. ) ;
#355 = ORIENTED_EDGE ( 'NONE', *, *, #4175, .T. ) ;
#356 = CARTESIAN_POINT ( 'NONE',  ( -105.7999999999999972, 11.29999999999999183, 32.30000000000001137 ) ) ;
#357 = CARTESIAN_POINT ( 'NONE',  ( -110.0647437070630303, -5.072796327065151267, 34.40062925835955099 ) ) ;
#358 = VERTEX_POINT ( 'NONE', #2723 ) ;
#359 = PLANE ( 'NONE',  #2302 ) ;
#360 = CARTESIAN_POINT ( 'NONE',  ( -105.7999999999999972, 13.99999999999997335, 9.700000000000004619 ) ) ;
#361 = AXIS2_PLACEMENT_3D ( 'NONE', #4729, #5066, #376 ) ;
#362 = EDGE_CURVE ( 'NONE', #4223, #3462, #1129, .T. ) ;
#363 = EDGE_CURVE ( 'NONE', #1396, #4417, #1853, .T. ) ;
#364 = CARTESIAN_POINT ( 'NONE',  ( -105.7505318770000002, 13.89035090860999411, 30.03904599284195243 ) ) ;
#365 = CIRCLE ( 'NONE', #955, 13.00000000000000000 ) ;
#367 = AXIS2_PLACEMENT_3D ( 'NONE', #156, #1735, #3309 ) ;
#366 = DIRECTION ( 'NONE',  ( 0.6246950475544342796, 0.7808688094430222826, 7.702601076150808197E-18 ) ) ;
#368 = B_SPLINE_CURVE_WITH_KNOTS ( 'NONE', 3,
 ( #3150, #1942, #4403, #4739 ),
 .UNSPECIFIED., .F., .F.,
 ( 4, 4 ),
 ( 0.000000000000000000, 1.000000000000000000 ),
 .UNSPECIFIED. ) ;
#369 = EDGE_CURVE ( 'NONE', #4929, #2179, #5109, .T. ) ;
#370 = CARTESIAN_POINT ( 'NONE',  ( -99.33650537965752392, -66.58591166940432515, 18.99999999999999645 ) ) ;
#371 = DIRECTION ( 'NONE',  ( 1.000000000000000000, -9.946540850021793809E-15, 3.054740849381663493E-17 ) ) ;
#372 = CIRCLE ( 'NONE', #3514, 13.00000000000000000 ) ;
#373 = CARTESIAN_POINT ( 'NONE',  ( -105.7999785328200062, 8.834840953629981897, 7.039404146519963490 ) ) ;
#374 = VERTEX_POINT ( 'NONE', #3892 ) ;
#375 = ORIENTED_EDGE ( 'NONE', *, *, #1263, .T. ) ;
#376 = DIRECTION ( 'NONE',  ( 0.000000000000000000, -1.000000000000000000, -3.390259493996336139E-14 ) ) ;
#377 = CARTESIAN_POINT ( 'NONE',  ( -109.3699981830299919, -8.299572146270016049, 9.700000106929962840 ) ) ;
#378 = AXIS2_PLACEMENT_3D ( 'NONE', #1376, #2197, #1407 ) ;
#379 = CARTESIAN_POINT ( 'NONE',  ( -106.0992528343600014, -13.95794456922000570, 12.31645293152796228 ) ) ;
#380 = CARTESIAN_POINT ( 'NONE',  ( -94.93629273636804555, -12.45643694941019675, 1.649786687013077291 ) ) ;
#381 = VECTOR ( 'NONE', #2692, 1000.000000000000114 ) ;
#382 = EDGE_LOOP ( 'NONE', ( #861, #3518, #4471, #1327 ) ) ;
#383 = FACE_OUTER_BOUND ( 'NONE', #2399, .T. ) ;
#384 = CARTESIAN_POINT ( 'NONE',  ( 85.00000000000085265, 78.99999999999909051, 18.00000000000000355 ) ) ;
#385 = ORIENTED_EDGE ( 'NONE', *, *, #3148, .F. ) ;
#386 = CARTESIAN_POINT ( 'NONE',  ( -111.5000000000000000, 8.584429593469982578, 31.02497946384995231 ) ) ;
#387 = CARTESIAN_POINT ( 'NONE',  ( -108.7999999999999972, -11.30000000000000604, 9.700000000000004619 ) ) ;
#388 = ORIENTED_EDGE ( 'NONE', *, *, #1326, .T. ) ;
#389 = DIRECTION ( 'NONE',  ( 0.03488755207513699608, 0.02616101293518360849, 0.9990487776442197321 ) ) ;
#390 = CARTESIAN_POINT ( 'NONE',  ( -109.0796713396188551, 11.44076603431172146, 29.30066998606339723 ) ) ;
#391 = LINE ( 'NONE', #1616, #1487 ) ;
#392 = CLOSED_SHELL ( 'NONE', ( #4461, #4044, #1469, #1405, #393, #523, #912, #2576, #592, #1292, #2671, #150, #1366, #638, #4239, #1195, #2150, #2653, #4649, #1232, #2109, #1612, #2589, #607, #667, #93, #688, #4941, #276, #5107, #3491, #872, #2773, #2972, #3055, #1304, #4809, #1144, #3533, #3339, #3081, #3851, #1577, #4387, #3860, #3216, #337, #977, #1886, #2045, #1363, #4648, #2087, #4295, #2151, #4319, #774, #3670, #3077, #2669, #2926, #3768, #207, #15, #3663, #1258, #4112, #3569, #3027, #4933, #4909, #247, #1371, #2298, #4486, #1839, #1356, #1985, #1302, #884, #2159, #57, #4142, #4642, #4450, #1087, #2583, #1578, #2296, #2175, #5081, #2871, #3279, #2118, #2591, #2877, #4709, #4071, #1893, #179, #3592, #249, #1398, #88, #1427, #1073, #1955, #4216, #2327, #2762, #3942, #941, #2958, #153, #3944, #847, #1994, #1903, #2363, #1670, #3500, #1963, #4212, #3625, #4141, #781, #4361, #4671, #4033, #3497, #3036, #5039, #2829, #4679 ) ) ;
#393 = ADVANCED_FACE ( 'NONE', ( #5079 ), #4308, .F. ) ;
#394 = ORIENTED_EDGE ( 'NONE', *, *, #819, .T. ) ;
#395 = CARTESIAN_POINT ( 'NONE',  ( -108.7347607764462651, -11.59744553287842983, 12.68524246568080471 ) ) ;
#396 = VECTOR ( 'NONE', #2457, 1000.000000000000000 ) ;
#397 = DIRECTION ( 'NONE',  ( -1.000000000000000000, 0.000000000000000000, 0.000000000000000000 ) ) ;
#398 = SURFACE_STYLE_FILL_AREA ( #4027 ) ;
#399 = EDGE_CURVE ( 'NONE', #3989, #843, #3133, .T. ) ;
#400 = ORIENTED_EDGE ( 'NONE', *, *, #3356, .T. ) ;
#401 = VERTEX_POINT ( 'NONE', #687 ) ;
#402 = CARTESIAN_POINT ( 'NONE',  ( 84.99999999999428724, -85.00000000000090949, 216.0010000000000048 ) ) ;
#403 = LINE ( 'NONE', #3559, #2682 ) ;
#404 = CARTESIAN_POINT ( 'NONE',  ( -108.4229479564914982, 8.331500154698963101, 32.73867673448516769 ) ) ;
#405 = CARTESIAN_POINT ( 'NONE',  ( -105.7999998499199990, 8.690883639979992026, 33.78091660130995422 ) ) ;
#406 = ORIENTED_EDGE ( 'NONE', *, *, #2991, .T. ) ;
#407 = CARTESIAN_POINT ( 'NONE',  ( -105.7999971377347066, 10.60493128894207260, 7.039289664258263635 ) ) ;
#408 = CYLINDRICAL_SURFACE ( 'NONE', #3164, 6.000000000004945377 ) ;
#409 = EDGE_LOOP ( 'NONE', ( #3758, #3641, #4369, #2999, #4964, #3219, #2809 ) ) ;
#410 = CARTESIAN_POINT ( 'NONE',  ( -108.7999999999999972, 8.549999999999991829, 32.30000000000001137 ) ) ;
#411 = CARTESIAN_POINT ( 'NONE',  ( -105.7999999999999972, -7.938583232060017814, 33.27512938227994255 ) ) ;
#412 = ORIENTED_EDGE ( 'NONE', *, *, #1319, .T. ) ;
#413 = CARTESIAN_POINT ( 'NONE',  ( -110.8077931494219683, -13.29638704966098750, 25.05078281187628875 ) ) ;
#414 = CARTESIAN_POINT ( 'NONE',  ( -110.8038084400834435, 10.53794953607401652, 29.38389035496685509 ) ) ;
#415 = DIRECTION ( 'NONE',  ( 3.054740849381649318E-17, -1.457378446665821845E-17, -1.000000000000000000 ) ) ;
#416 = ORIENTED_EDGE ( 'NONE', *, *, #5076, .T. ) ;
#417 = DIRECTION ( 'NONE',  ( -1.000000000000000000, -1.264818684629761841E-16, -1.040834085604003879E-17 ) ) ;
#418 = EDGE_CURVE ( 'NONE', #1936, #2950, #873, .T. ) ;
#419 = DIRECTION ( 'NONE',  ( -1.110578963952739523E-14, -1.000000000000000000, 1.457378446665787949E-17 ) ) ;
#420 = ORIENTED_EDGE ( 'NONE', *, *, #1489, .T. ) ;
#421 = ORIENTED_EDGE ( 'NONE', *, *, #1326, .F. ) ;
#422 = CARTESIAN_POINT ( 'NONE',  ( -107.7541530467220809, -12.02526603745431721, 29.38888515775976273 ) ) ;
#423 = EDGE_CURVE ( 'NONE', #1289, #1936, #1557, .T. ) ;
#424 = EDGE_CURVE ( 'NONE', #5091, #1660, #391, .T. ) ;
#425 = DIRECTION ( 'NONE',  ( 0.000000000000000000, -1.000000000000000000, 0.000000000000000000 ) ) ;
#426 = CYLINDRICAL_SURFACE ( 'NONE', #4125, 2.750000000000000888 ) ;
#427 = ORIENTED_EDGE ( 'NONE', *, *, #362, .F. ) ;
#428 = PLANE ( 'NONE',  #3847 ) ;
#429 = CARTESIAN_POINT ( 'NONE',  ( -79.08591166940426831, 79.08591166939814343, 17.99999999999999645 ) ) ;
#430 = LINE ( 'NONE', #2424, #1197 ) ;
#431 = B_SPLINE_CURVE_WITH_KNOTS ( 'NONE', 3,
 ( #4555, #3385, #647, #1758 ),
 .UNSPECIFIED., .F., .F.,
 ( 4, 4 ),
 ( 0.000000000000000000, 1.000000000000000000 ),
 .UNSPECIFIED. ) ;
#432 = ORIENTED_EDGE ( 'NONE', *, *, #4558, .T. ) ;
#433 = EDGE_CURVE ( 'NONE', #2866, #1163, #3895, .T. ) ;
#434 = B_SPLINE_CURVE_WITH_KNOTS ( 'NONE', 3,
 ( #1672, #2856, #4913, #3355 ),
 .UNSPECIFIED., .F., .F.,
 ( 4, 4 ),
 ( -0.005151042642296321805, 0.01586579694129986243 ),
 .UNSPECIFIED. ) ;
#435 = CYLINDRICAL_SURFACE ( 'NONE', #129, 13.00000000000000000 ) ;
#436 = DIRECTION ( 'NONE',  ( 1.000000000000000000, 1.264818684629761841E-16, 1.040834085604003879E-17 ) ) ;
#437 = ORIENTED_EDGE ( 'NONE', *, *, #3826, .F. ) ;
#438 = ORIENTED_EDGE ( 'NONE', *, *, #221, .T. ) ;
#439 = CARTESIAN_POINT ( 'NONE',  ( -91.76631300077512776, -18.45256313723150754, 39.99999999999999289 ) ) ;
#440 = CARTESIAN_POINT ( 'NONE',  ( -110.0221713370648899, 10.96962757701267321, 29.31818965567305213 ) ) ;
#441 = B_SPLINE_CURVE_WITH_KNOTS ( 'NONE', 3,
 ( #3006, #2238, #3324, #1365 ),
 .UNSPECIFIED., .F., .F.,
 ( 4, 4 ),
 ( 0.000000000000000000, 1.000000000000000000 ),
 .UNSPECIFIED. ) ;
#442 = CYLINDRICAL_SURFACE ( 'NONE', #2714, 3.000000000000002665 ) ;
#443 = ORIENTED_EDGE ( 'NONE', *, *, #1433, .F. ) ;
#444 = CARTESIAN_POINT ( 'NONE',  ( -108.4649414749947738, -11.71839310123194622, 12.67095088797903735 ) ) ;
#445 = CIRCLE ( 'NONE', #4922, 12.49999999999999645 ) ;
#446 = B_SPLINE_SURFACE_WITH_KNOTS ( 'NONE', 3, 3, ( 
 ( #937, #86, #2508, #3990, #554 ),
 ( #167, #4046, #3233, #1360, #4821 ),
 ( #521, #3713, #4097, #2846, #972 ),
 ( #4436, #496, #2026, #2136, #1747 ),
 ( #62, #2103, #3603, #1640, #1254 ),
 ( #857, #3259, #2079, #1309, #2875 ) ),
 .UNSPECIFIED., .F., .F., .F.,
 ( 4, 1, 1, 4 ),
 ( 4, 1, 4 ),
 ( 1.156145352380000046, 1.378964940217999979, 1.594522243326999877, 1.925248349557000083 ),
 ( -0.009953802210841999551, 0.5714285714286000406, 1.006311308628000001 ),
 .UNSPECIFIED. ) ;
#447 = AXIS2_PLACEMENT_3D ( 'NONE', #2751, #3536, #4635 ) ;
#448 = DIRECTION ( 'NONE',  ( -0.03487826274237431495, 0.03487826274237507823, -0.9987827659587183993 ) ) ;
#449 = CARTESIAN_POINT ( 'NONE',  ( -107.3423351449799981, 13.78340334384999366, 13.07227663930096284 ) ) ;
#450 = VECTOR ( 'NONE', #349, 1000.000000000000000 ) ;
#451 = VECTOR ( 'NONE', #230, 1000.000000000000000 ) ;
#452 = EDGE_CURVE ( 'NONE', #4023, #553, #1648, .T. ) ;
#453 = ORIENTED_EDGE ( 'NONE', *, *, #4178, .T. ) ;
#454 = ORIENTED_EDGE ( 'NONE', *, *, #4736, .F. ) ;
#455 = DIRECTION ( 'NONE',  ( 0.000000000000000000, -1.000000000000000000, 0.000000000000000000 ) ) ;
#456 = VECTOR ( 'NONE', #862, 1000.000000000000114 ) ;
#457 =( BOUNDED_CURVE ( )  B_SPLINE_CURVE ( 3, ( #1151, #4280, #2665, #2718 ),
 .UNSPECIFIED., .F., .T. ) 
 B_SPLINE_CURVE_WITH_KNOTS ( ( 4, 4 ),
 ( 1.570796326794888564, 3.141592653589793116 ),
 .UNSPECIFIED. ) 
 CURVE ( )  GEOMETRIC_REPRESENTATION_ITEM ( )  RATIONAL_B_SPLINE_CURVE ( ( 1.000000000000000000, 0.8047378541243631611, 0.8047378541243631611, 1.000000000000000000 ) ) 
 REPRESENTATION_ITEM ( '' )  );
#458 = CARTESIAN_POINT ( 'NONE',  ( -105.8000352452399966, 8.834706907529980668, 34.96059600177994753 ) ) ;
#459 = CARTESIAN_POINT ( 'NONE',  ( -106.6231948900952204, -8.523543225490168851, 8.514111280212670607 ) ) ;
#460 = EDGE_CURVE ( 'NONE', #2279, #4923, #89, .T. ) ;
#461 = ORIENTED_EDGE ( 'NONE', *, *, #819, .F. ) ;
#462 = CARTESIAN_POINT ( 'NONE',  ( -104.7545018577473712, -11.30000000000000604, 7.030146980997042050 ) ) ;
#463 = CARTESIAN_POINT ( 'NONE',  ( 99.37142614914748151, -95.23328957798476324, 18.00000000000000355 ) ) ;
#464 = CARTESIAN_POINT ( 'NONE',  ( -105.7999999999999972, -14.00000000000000711, 32.30000000000001137 ) ) ;
#465 = VECTOR ( 'NONE', #4058, 1000.000000000000000 ) ;
#466 = ORIENTED_EDGE ( 'NONE', *, *, #1733, .T. ) ;
#467 = CARTESIAN_POINT ( 'NONE',  ( -111.5000000000000142, -10.28348494146269587, 12.54492179492838488 ) ) ;
#468 = CARTESIAN_POINT ( 'NONE',  ( -107.3423351449799981, -7.927723360700017707, 7.216596656149962818 ) ) ;
#469 = CIRCLE ( 'NONE', #2697, 2.750000000000000888 ) ;
#470 = ORIENTED_EDGE ( 'NONE', *, *, #4767, .T. ) ;
#471 = CARTESIAN_POINT ( 'NONE',  ( 100.0000000000009805, 90.00609172980803407, 1.743011467825187623E-15 ) ) ;
#472 = EDGE_CURVE ( 'NONE', #4634, #2234, #1590, .T. ) ;
#473 = CARTESIAN_POINT ( 'NONE',  ( -107.2011161537410260, -8.055900206135914843, 7.196914033761813378 ) ) ;
#474 = CARTESIAN_POINT ( 'NONE',  ( 1.026380000786360900E-12, 95.75000000000000000, -1.395439862682493185E-15 ) ) ;
#475 = CARTESIAN_POINT ( 'NONE',  ( -107.7726579580399999, 8.329311828139980278, 33.03391479462995761 ) ) ;
#476 = ORIENTED_EDGE ( 'NONE', *, *, #2526, .T. ) ;
#477 = CARTESIAN_POINT ( 'NONE',  ( -5.549776310005766474E-15, 2.647728490505571102E-15, 181.6774837423334930 ) ) ;
#478 = DIRECTION ( 'NONE',  ( -1.264818684629761841E-16, 1.000000000000000000, -2.216726102179205108E-18 ) ) ;
#479 = SURFACE_SIDE_STYLE ('',( #398 ) ) ;
#480 = AXIS2_PLACEMENT_3D ( 'NONE', #4805, #4414, #1649 ) ;
#481 = ORIENTED_EDGE ( 'NONE', *, *, #3980, .T. ) ;
#482 = EDGE_LOOP ( 'NONE', ( #1663, #4572, #588, #235 ) ) ;
#483 = CARTESIAN_POINT ( 'NONE',  ( -96.02278119608028817, -4.175803660385233762, 1.687727700070148718 ) ) ;
#484 = VECTOR ( 'NONE', #415, 1000.000000000000000 ) ;
#485 = CARTESIAN_POINT ( 'NONE',  ( -109.0537713939930597, 12.80039898520542607, 28.65471452916520079 ) ) ;
#486 = FACE_OUTER_BOUND ( 'NONE', #3620, .T. ) ;
#487 = ORIENTED_EDGE ( 'NONE', *, *, #4726, .F. ) ;
#488 = DIRECTION ( 'NONE',  ( 1.000000000000000000, 1.264818684629761841E-16, 1.040834085604003879E-17 ) ) ;
#489 = CARTESIAN_POINT ( 'NONE',  ( -106.0064008149273320, 8.733579831613852207, 34.95892786231780747 ) ) ;
#490 = DIRECTION ( 'NONE',  ( 3.054740849381649318E-17, -1.457378446665821845E-17, -1.000000000000000000 ) ) ;
#491 = VERTEX_POINT ( 'NONE', #893 ) ;
#492 = EDGE_CURVE ( 'NONE', #2907, #3556, #3383, .T. ) ;
#493 = DIRECTION ( 'NONE',  ( 1.000000000000000000, -1.071937337635886090E-14, 3.054740849381664725E-17 ) ) ;
#494 = CARTESIAN_POINT ( 'NONE',  ( -109.0747839392587935, 12.77166030597923552, 13.32529474290731386 ) ) ;
#495 = VERTEX_POINT ( 'NONE', #474 ) ;
#496 = CARTESIAN_POINT ( 'NONE',  ( -107.9317522148099897, 8.391557853319982385, 8.702183196579964530 ) ) ;
#497 = PRODUCT ( 'CRB15000_12kg-127_Omnicore_rev00_LINK00_CAD', 'CRB15000_12kg-127_Omnicore_rev00_LINK00_CAD', '', ( #1913 ) ) ;
#498 = LINE ( 'NONE', #556, #4603 ) ;
#499 = EDGE_CURVE ( 'NONE', #3699, #4098, #2384, .T. ) ;
#500 = CARTESIAN_POINT ( 'NONE',  ( 79.08591166939854133, 79.08591166940016137, 18.00000000000000355 ) ) ;
#501 = CARTESIAN_POINT ( 'NONE',  ( -108.3825700854600029, 7.652369807259981727, 34.25294021187995241 ) ) ;
#502 = EDGE_CURVE ( 'NONE', #3547, #4146, #1028, .T. ) ;
#503 = ORIENTED_EDGE ( 'NONE', *, *, #2486, .F. ) ;
#504 = DIRECTION ( 'NONE',  ( -9.251858538542962756E-15, -1.000000000000000000, 0.000000000000000000 ) ) ;
#505 = B_SPLINE_CURVE_WITH_KNOTS ( 'NONE', 3,
 ( #558, #3795, #4516, #1723 ),
 .UNSPECIFIED., .F., .F.,
 ( 4, 4 ),
 ( 0.000000000000000000, 1.000000000000000000 ),
 .UNSPECIFIED. ) ;
#506 = DIRECTION ( 'NONE',  ( 1.000000000000000000, -1.110578963952739523E-14, 3.054740849381665342E-17 ) ) ;
#507 = FACE_OUTER_BOUND ( 'NONE', #3817, .T. ) ;
#508 = VERTEX_POINT ( 'NONE', #2801 ) ;
#509 = ORIENTED_EDGE ( 'NONE', *, *, #3908, .T. ) ;
#510 = CYLINDRICAL_SURFACE ( 'NONE', #211, 6.000000000000005329 ) ;
#511 = LINE ( 'NONE', #5020, #642 ) ;
#512 = DIRECTION ( 'NONE',  ( -3.054740849381649318E-17, 1.457378446665821845E-17, 1.000000000000000000 ) ) ;
#513 = ORIENTED_EDGE ( 'NONE', *, *, #4430, .F. ) ;
#514 = CARTESIAN_POINT ( 'NONE',  ( -109.1318938788967614, 11.41598562778375303, 12.70000000413353369 ) ) ;
#515 = CARTESIAN_POINT ( 'NONE',  ( 89.37751787895649613, -99.37142614914952787, 18.00000000000000355 ) ) ;
#516 = CYLINDRICAL_SURFACE ( 'NONE', #5078, 10.00000000000000533 ) ;
#517 = ORIENTED_EDGE ( 'NONE', *, *, #1165, .T. ) ;
#518 = CARTESIAN_POINT ( 'NONE',  ( -108.7999999999999972, 11.29999999999999183, 32.30000000000001137 ) ) ;
#519 = FACE_OUTER_BOUND ( 'NONE', #4612, .T. ) ;
#520 = ORIENTED_EDGE ( 'NONE', *, *, #4352, .F. ) ;
#521 = CARTESIAN_POINT ( 'NONE',  ( -109.9529453932399861, 8.266250485329983633, 9.971084620369962792 ) ) ;
#522 = ORIENTED_EDGE ( 'NONE', *, *, #2053, .F. ) ;
#523 = ADVANCED_FACE ( 'NONE', ( #4745 ), #442, .F. ) ;
#524 = FACE_OUTER_BOUND ( 'NONE', #2995, .T. ) ;
#525 = CARTESIAN_POINT ( 'NONE',  ( 99.37142614914941419, 89.37751787895658140, 18.00000000000000355 ) ) ;
#526 = CARTESIAN_POINT ( 'NONE',  ( -108.2058057151399879, 8.284604990139991187, 33.80325873443995732 ) ) ;
#527 = EDGE_LOOP ( 'NONE', ( #443, #2438, #4844, #1587, #60, #828 ) ) ;
#528 = ORIENTED_EDGE ( 'NONE', *, *, #3915, .F. ) ;
#529 = EDGE_CURVE ( 'NONE', #2054, #2329, #3235, .T. ) ;
#530 = DIRECTION ( 'NONE',  ( 3.054740849381649318E-17, -1.457378446665821845E-17, -1.000000000000000000 ) ) ;
#531 = LINE ( 'NONE', #2936, #1320 ) ;
#532 = DIRECTION ( 'NONE',  ( -3.054740849381649318E-17, 1.457378446665821845E-17, 1.000000000000000000 ) ) ;
#533 = CIRCLE ( 'NONE', #3085, 13.49999999999999289 ) ;
#534 = ORIENTED_EDGE ( 'NONE', *, *, #4085, .F. ) ;
#535 = ORIENTED_EDGE ( 'NONE', *, *, #3475, .F. ) ;
#536 = EDGE_CURVE ( 'NONE', #358, #843, #245, .T. ) ;
#537 = DIRECTION ( 'NONE',  ( -1.000000000000000000, -1.264818684629761841E-16, -1.040834085604003879E-17 ) ) ;
#538 = DIRECTION ( 'NONE',  ( 3.054740849381649318E-17, -1.457378446665821845E-17, -1.000000000000000000 ) ) ;
#539 = CIRCLE ( 'NONE', #1046, 6.000000000006791900 ) ;
#540 = CARTESIAN_POINT ( 'NONE',  ( -106.2362428508072156, -13.93869006561459400, 29.61863944311592434 ) ) ;
#541 = B_SPLINE_SURFACE_WITH_KNOTS ( 'NONE', 3, 3, ( 
 ( #2462, #3213, #761, #919, #559 ),
 ( #3236, #943, #2335, #4103, #2140 ),
 ( #475, #3530, #526, #4049, #501 ),
 ( #2852, #2107, #5111, #2058, #1668 ),
 ( #2084, #4886, #5087, #860, #4464 ),
 ( #2437, #1341, #3658, #1548, #4022 ) ),
 .UNSPECIFIED., .F., .F., .F.,
 ( 4, 1, 1, 4 ),
 ( 4, 1, 4 ),
 ( 0.08219769451125000237, 0.4128422551775000060, 0.6283570504694999670, 0.8511554232933999931 ),
 ( -0.009978778339033000239, 0.5714285714286000406, 1.008836345228999898 ),
 .UNSPECIFIED. ) ;
#542 = ORIENTED_EDGE ( 'NONE', *, *, #4733, .T. ) ;
#543 = EDGE_LOOP ( 'NONE', ( #293, #1434, #157, #388, #542 ) ) ;
#544 = CARTESIAN_POINT ( 'NONE',  ( -92.46713134024903979, 66.58591166939829975, 215.7131348875448964 ) ) ;
#545 = PRODUCT_DEFINITION_FORMATION_WITH_SPECIFIED_SOURCE ( 'ANY', '', #497, .NOT_KNOWN. ) ;
#546 = DIRECTION ( 'NONE',  ( -9.251858538542962756E-15, -1.000000000000000000, 0.000000000000000000 ) ) ;
#547 = VECTOR ( 'NONE', #1650, 1000.000000000000000 ) ;
#548 = ORIENTED_EDGE ( 'NONE', *, *, #2081, .T. ) ;
#549 = CARTESIAN_POINT ( 'NONE',  ( -99.99999999999893419, 100.0000000000010800, -4.512119296047454806E-15 ) ) ;
#550 = DIRECTION ( 'NONE',  ( -3.054740849381649318E-17, 1.457378446665821845E-17, 1.000000000000000000 ) ) ;
#551 = AXIS2_PLACEMENT_3D ( 'NONE', #477, #3239, #1671 ) ;
#552 = CIRCLE ( 'NONE', #2530, 13.00000000000000000 ) ;
#553 = VERTEX_POINT ( 'NONE', #1178 ) ;
#554 = CARTESIAN_POINT ( 'NONE',  ( -112.1476268732099868, 8.166081405529983073, 10.72333844642996503 ) ) ;
#555 = ORIENTED_EDGE ( 'NONE', *, *, #1010, .F. ) ;
#556 = CARTESIAN_POINT ( 'NONE',  ( -114.2000000000000028, -5.308398828810018344, 33.80014252260994567 ) ) ;
#557 = AXIS2_PLACEMENT_3D ( 'NONE', #580, #4685, #744 ) ;
#558 = CARTESIAN_POINT ( 'NONE',  ( -106.0992467783999871, 8.683559285329982558, 7.042056985149963921 ) ) ;
#559 = CARTESIAN_POINT ( 'NONE',  ( -105.8387319917300005, 8.319535308269973228, 35.55899671750994884 ) ) ;
#560 = VERTEX_POINT ( 'NONE', #3657 ) ;
#561 = VERTEX_POINT ( 'NONE', #110 ) ;
#562 = FACE_OUTER_BOUND ( 'NONE', #3364, .T. ) ;
#563 = DIRECTION ( 'NONE',  ( 1.000000000000000000, 1.264818684629761841E-16, 1.040834085604003879E-17 ) ) ;
#564 = EDGE_CURVE ( 'NONE', #2167, #1961, #3739, .T. ) ;
#565 = DIRECTION ( 'NONE',  ( 3.054740849381649318E-17, -1.457378446665821845E-17, -1.000000000000000000 ) ) ;
#566 = VERTEX_POINT ( 'NONE', #782 ) ;
#567 = EDGE_CURVE ( 'NONE', #1660, #2845, #1979, .T. ) ;
#568 = LINE ( 'NONE', #3726, #1784 ) ;
#569 = LINE ( 'NONE', #956, #4438 ) ;
#570 = DIRECTION ( 'NONE',  ( 4.181152687412817972E-16, 0.03489949670250102470, -0.9993908270190956511 ) ) ;
#571 = VECTOR ( 'NONE', #343, 1000.000000000000114 ) ;
#572 = EDGE_CURVE ( 'NONE', #1381, #1553, #3296, .T. ) ;
#573 = ORIENTED_EDGE ( 'NONE', *, *, #3794, .F. ) ;
#574 = ORIENTED_EDGE ( 'NONE', *, *, #1080, .T. ) ;
#575 = CARTESIAN_POINT ( 'NONE',  ( -108.7580064798899997, -7.943296314150017245, 33.77507120693995546 ) ) ;
#576 = CARTESIAN_POINT ( 'NONE',  ( -110.0480168557010927, -13.40297991991187665, 15.90614556537833124 ) ) ;
#577 = VECTOR ( 'NONE', #3654, 1000.000000000000000 ) ;
#578 = ORIENTED_EDGE ( 'NONE', *, *, #418, .F. ) ;
#579 = DIRECTION ( 'NONE',  ( 1.264818684629761841E-16, -1.000000000000000000, 0.000000000000000000 ) ) ;
#580 = CARTESIAN_POINT ( 'NONE',  ( -85.00000000000572697, -84.99999999999428724, 17.99999999999999645 ) ) ;
#581 = ORIENTED_EDGE ( 'NONE', *, *, #452, .F. ) ;
#582 = DIRECTION ( 'NONE',  ( 1.000000000000000000, -1.071937337635886090E-14, 3.054740849381664725E-17 ) ) ;
#583 = ORIENTED_EDGE ( 'NONE', *, *, #4202, .F. ) ;
#584 = CARTESIAN_POINT ( 'NONE',  ( -111.5000000000000000, -13.00000000000001421, 21.00000000000000355 ) ) ;
#585 = CARTESIAN_POINT ( 'NONE',  ( 72.00000000000099476, 92.99999999999921840, 8.000000000000000000 ) ) ;
#586 = DIRECTION ( 'NONE',  ( -0.1391731009600952196, -1.540772077308524744E-17, 0.9902680687415661431 ) ) ;
#587 = ORIENTED_EDGE ( 'NONE', *, *, #3384, .T. ) ;
#588 = ORIENTED_EDGE ( 'NONE', *, *, #5115, .F. ) ;
#589 = CARTESIAN_POINT ( 'NONE',  ( -111.5000000000000000, -9.406970576230076375, 29.97267544146900065 ) ) ;
#590 = FACE_OUTER_BOUND ( 'NONE', #527, .T. ) ;
#591 = CARTESIAN_POINT ( 'NONE',  ( -111.5000000000000000, -5.308398828810168446, 33.80014252260904328 ) ) ;
#592 = ADVANCED_FACE ( 'NONE', ( #918 ), #1975, .T. ) ;
#593 = CARTESIAN_POINT ( 'NONE',  ( -110.3607159322301641, -10.81717460161336142, 29.30000001390396847 ) ) ;
#594 = CARTESIAN_POINT ( 'NONE',  ( -84.99999999999916156, 79.00000000000078160, 216.0010000000000048 ) ) ;
#595 = CARTESIAN_POINT ( 'NONE',  ( -94.85422147900831646, 13.06671984896109606, 4.000000000000000000 ) ) ;
#596 = ORIENTED_EDGE ( 'NONE', *, *, #4119, .F. ) ;
#597 = ORIENTED_EDGE ( 'NONE', *, *, #3794, .T. ) ;
#598 = DIRECTION ( 'NONE',  ( 1.000000000000000000, 1.264818684629761841E-16, 1.040834085604003879E-17 ) ) ;
#599 = EDGE_CURVE ( 'NONE', #3595, #2329, #3666, .T. ) ;
#600 = CARTESIAN_POINT ( 'NONE',  ( -1.221896339752659727E-16, 5.829513786663287380E-17, 4.000000000000000000 ) ) ;
#601 = ORIENTED_EDGE ( 'NONE', *, *, #4413, .F. ) ;
#602 = LINE ( 'NONE', #4564, #3266 ) ;
#603 = CARTESIAN_POINT ( 'NONE',  ( 72.00000000000096634, 89.99999999999923261, 0.000000000000000000 ) ) ;
#604 = ORIENTED_EDGE ( 'NONE', *, *, #4494, .T. ) ;
#605 = CARTESIAN_POINT ( 'NONE',  ( -111.5000000000000000, -1.632880357086818318E-14, 21.00000000000000355 ) ) ;
#606 = CARTESIAN_POINT ( 'NONE',  ( -109.3699981830299919, 11.29999989306997321, 12.70042785373496308 ) ) ;
#607 = ADVANCED_FACE ( 'NONE', ( #3153 ), #5075, .T. ) ;
#608 = CARTESIAN_POINT ( 'NONE',  ( -103.7785283966500032, 11.29999999999999183, 34.97837021036679772 ) ) ;
#609 = CARTESIAN_POINT ( 'NONE',  ( -115.0000000000027001, 66.58591166939854133, 216.5000000000000000 ) ) ;
#610 = ORIENTED_EDGE ( 'NONE', *, *, #4114, .F. ) ;
#611 = ORIENTED_EDGE ( 'NONE', *, *, #4366, .T. ) ;
#612 = DIRECTION ( 'NONE',  ( -1.000000000000000000, -1.264818684629761841E-16, -1.040834085604003879E-17 ) ) ;
#613 = DIRECTION ( 'NONE',  ( 0.000000000000000000, 0.000000000000000000, 1.000000000000000000 ) ) ;
#614 = DIRECTION ( 'NONE',  ( -8.673617379884051249E-15, -1.000000000000000000, 0.000000000000000000 ) ) ;
#615 = CARTESIAN_POINT ( 'NONE',  ( 85.00000000000085265, 78.99999999999910472, 216.0010000000000048 ) ) ;
#616 = CARTESIAN_POINT ( 'NONE',  ( -105.7999999999999972, -11.30000000000000604, 7.039270905059573202 ) ) ;
#617 = FACE_OUTER_BOUND ( 'NONE', #4666, .T. ) ;
#618 = CARTESIAN_POINT ( 'NONE',  ( -111.5000000000000000, 8.382501156940447729, 10.54494833719875224 ) ) ;
#619 = ORIENTED_EDGE ( 'NONE', *, *, #2550, .T. ) ;
#620 = ORIENTED_EDGE ( 'NONE', *, *, #2734, .T. ) ;
#621 = CARTESIAN_POINT ( 'NONE',  ( -108.6498462655361408, -8.018530522530522120, 33.77010095157444169 ) ) ;
#622 = CARTESIAN_POINT ( 'NONE',  ( -111.5000000000000000, -13.19891724220000739, 18.16476039219795169 ) ) ;
#623 = VECTOR ( 'NONE', #4148, 1000.000000000000000 ) ;
#624 = CARTESIAN_POINT ( 'NONE',  ( -105.8387317874200022, 14.55899930206997261, 12.68046914514296297 ) ) ;
#625 = AXIS2_PLACEMENT_3D ( 'NONE', #4785, #2812, #2834 ) ;
#626 = FILL_AREA_STYLE ('',( #4203 ) ) ;
#627 = CARTESIAN_POINT ( 'NONE',  ( -111.5000000000000000, -1.632880357086818318E-14, 21.00000000000000355 ) ) ;
#628 = EDGE_CURVE ( 'NONE', #4939, #2338, #1515, .T. ) ;
#629 = PRODUCT_DEFINITION ( 'UNKNOWN', '', #545, #134 ) ;
#630 = VECTOR ( 'NONE', #98, 1000.000000000000000 ) ;
#631 = ORIENTED_EDGE ( 'NONE', *, *, #2216, .T. ) ;
#632 = DIRECTION ( 'NONE',  ( -1.071937337635886247E-14, -1.000000000000000000, 1.457378446665789181E-17 ) ) ;
#633 = CARTESIAN_POINT ( 'NONE',  ( -79.08591166940225037, -79.08591166940455253, 17.99999999999999645 ) ) ;
#634 = B_SPLINE_CURVE_WITH_KNOTS ( 'NONE', 3,
 ( #2626, #4650, #2310, #2650 ),
 .UNSPECIFIED., .F., .F.,
 ( 4, 4 ),
 ( -0.004873024706445090899, 0.01614381487715127114 ),
 .UNSPECIFIED. ) ;
#635 = CIRCLE ( 'NONE', #4934, 3.199999999999994404 ) ;
#636 = DIRECTION ( 'NONE',  ( 0.000000000000000000, -1.000000000000000000, 0.000000000000000000 ) ) ;
#637 = DIRECTION ( 'NONE',  ( 1.000000000000000000, 1.264818684629761841E-16, 1.040834085604003879E-17 ) ) ;
#638 = ADVANCED_FACE ( 'NONE', ( #754 ), #731, .T. ) ;
#639 = ORIENTED_EDGE ( 'NONE', *, *, #2967, .T. ) ;
#640 = ORIENTED_EDGE ( 'NONE', *, *, #3448, .T. ) ;
#641 = CARTESIAN_POINT ( 'NONE',  ( -108.7403426804084887, 11.59654241688412313, 29.31466897334007271 ) ) ;
#642 = VECTOR ( 'NONE', #672, 1000.000000000000000 ) ;
#643 = CARTESIAN_POINT ( 'NONE',  ( -111.6283786754199951, 10.80927897027999407, 28.98378419138695250 ) ) ;
#644 = DIRECTION ( 'NONE',  ( 1.000000000000000000, -1.058059549828071633E-14, 3.054740849381660411E-17 ) ) ;
#645 = VECTOR ( 'NONE', #315, 1000.000000000000000 ) ;
#646 = CARTESIAN_POINT ( 'NONE',  ( -3.702525768032422940E-15, 1.766428485626708246E-15, 121.2058878507451993 ) ) ;
#647 = CARTESIAN_POINT ( 'NONE',  ( -105.8236608601743853, -8.686177379030722179, 33.77239772579856236 ) ) ;
#648 = LINE ( 'NONE', #1928, #2123 ) ;
#649 = DIRECTION ( 'NONE',  ( -1.000000000000000000, 9.946540850021795387E-15, -3.054740849381663493E-17 ) ) ;
#650 = AXIS2_PLACEMENT_3D ( 'NONE', #4812, #1679, #4346 ) ;
#651 = ORIENTED_EDGE ( 'NONE', *, *, #4392, .F. ) ;
#652 = ORIENTED_EDGE ( 'NONE', *, *, #65, .T. ) ;
#653 = CARTESIAN_POINT ( 'NONE',  ( -110.1135009565567344, 7.661479338019000274, 8.924942425757476983 ) ) ;
#654 = CYLINDRICAL_SURFACE ( 'NONE', #3184, 3.000000000000002665 ) ;
#655 = CARTESIAN_POINT ( 'NONE',  ( -109.9532986569399924, 11.02882239495999173, 12.73388379182096486 ) ) ;
#656 = CARTESIAN_POINT ( 'NONE',  ( -105.7999999999999972, -11.30000000000000604, 7.039270905059964001 ) ) ;
#657 = ORIENTED_EDGE ( 'NONE', *, *, #399, .F. ) ;
#658 = CARTESIAN_POINT ( 'NONE',  ( -1.221896339752659727E-16, 5.829513786663287380E-17, 4.000000000000000000 ) ) ;
#659 = AXIS2_PLACEMENT_3D ( 'NONE', #3639, #4779, #815 ) ;
#660 = LINE ( 'NONE', #216, #788 ) ;
#661 = EDGE_CURVE ( 'NONE', #561, #4223, #1731, .T. ) ;
#662 = CARTESIAN_POINT ( 'NONE',  ( -106.0992422247299913, 8.683551245939982621, 34.95795359869995167 ) ) ;
#663 = CARTESIAN_POINT ( 'NONE',  ( 101.3988307796701918, 18.45256313723146846, 40.00000000000000000 ) ) ;
#664 = ORIENTED_EDGE ( 'NONE', *, *, #4301, .T. ) ;
#665 = CARTESIAN_POINT ( 'NONE',  ( -108.6035770694810907, 8.321337372814218369, 9.342283549834485612 ) ) ;
#666 = EDGE_CURVE ( 'NONE', #4213, #4067, #3719, .T. ) ;
#667 = ADVANCED_FACE ( 'NONE', ( #2768 ), #2404, .T. ) ;
#668 = CARTESIAN_POINT ( 'NONE',  ( -107.7320567746473330, 7.843480595041618209, 34.57202074167830119 ) ) ;
#669 = CARTESIAN_POINT ( 'NONE',  ( -107.9769471435580073, -8.395603636337598985, 33.48680932260221965 ) ) ;
#670 = CARTESIAN_POINT ( 'NONE',  ( -105.7999998889399933, -12.78090468252002765, 29.69089831115895350 ) ) ;
#671 = EDGE_CURVE ( 'NONE', #2495, #4405, #2800, .T. ) ;
#672 = DIRECTION ( 'NONE',  ( 1.000000000000000000, 1.264818684629761841E-16, 1.040834085604003879E-17 ) ) ;
#673 = DIRECTION ( 'NONE',  ( -0.03488755207512646284, -0.02616101293518361542, -0.9990487776442201762 ) ) ;
#674 = VERTEX_POINT ( 'NONE', #3495 ) ;
#675 = VERTEX_POINT ( 'NONE', #3912 ) ;
#676 = CARTESIAN_POINT ( 'NONE',  ( -108.1149665303699976, -8.339309982160015622, 33.57339814989995830 ) ) ;
#677 = CARTESIAN_POINT ( 'NONE',  ( -79.08591166940426831, 79.08591166939814343, 216.5000000000000000 ) ) ;
#678 = SURFACE_STYLE_USAGE ( .BOTH. , #4616 ) ;
#679 = CARTESIAN_POINT ( 'NONE',  ( -108.8653546709092694, -8.306702484119638186, 9.459405425469572748 ) ) ;
#680 = ORIENTED_EDGE ( 'NONE', *, *, #5033, .T. ) ;
#681 = CARTESIAN_POINT ( 'NONE',  ( 79.08591166939841344, 66.58591166940016137, 18.00000000000000355 ) ) ;
#682 = CARTESIAN_POINT ( 'NONE',  ( -109.4211412083199946, -1.632880357086818318E-14, 21.00000000000000355 ) ) ;
#683 = CARTESIAN_POINT ( 'NONE',  ( -106.8208172522300003, -8.653102862860016842, 34.45862232998994301 ) ) ;
#684 = LINE ( 'NONE', #1395, #3695 ) ;
#685 = ORIENTED_EDGE ( 'NONE', *, *, #3000, .F. ) ;
#686 = DIRECTION ( 'NONE',  ( -1.110223024625155909E-14, -0.9993908270190956511, -0.03489949670250102470 ) ) ;
#687 = CARTESIAN_POINT ( 'NONE',  ( -105.7999785328200062, 13.96059585347999210, 29.83484095509395218 ) ) ;
#688 = ADVANCED_FACE ( 'NONE', ( #4742 ), #359, .T. ) ;
#689 = CARTESIAN_POINT ( 'NONE',  ( -110.0647146670526695, 5.072833027188010213, 7.599366703156333891 ) ) ;
#690 =( BOUNDED_CURVE ( )  B_SPLINE_CURVE ( 3, ( #4544, #191, #1023, #525 ),
 .UNSPECIFIED., .F., .F. ) 
 B_SPLINE_CURVE_WITH_KNOTS ( ( 4, 4 ),
 ( 5.498396131367750073, 7.067974482991414398 ),
 .UNSPECIFIED. ) 
 CURVE ( )  GEOMETRIC_REPRESENTATION_ITEM ( )  RATIONAL_B_SPLINE_CURVE ( ( 1.000000000000000000, 0.8050248461936619915, 0.8050248461936619915, 1.000000000000000000 ) ) 
 REPRESENTATION_ITEM ( '' )  );
#691 = CARTESIAN_POINT ( 'NONE',  ( -107.3430642052399975, -7.926845496270018110, 34.78335275890994893 ) ) ;
#692 = CARTESIAN_POINT ( 'NONE',  ( -105.8000614120768290, -13.52065605044415264, 29.89672492792646707 ) ) ;
#693 = EDGE_CURVE ( 'NONE', #1660, #3411, #1000, .T. ) ;
#694 = ORIENTED_EDGE ( 'NONE', *, *, #4326, .F. ) ;
#695 = ORIENTED_EDGE ( 'NONE', *, *, #217, .F. ) ;
#696 = PLANE ( 'NONE',  #4180 ) ;
#697 = CARTESIAN_POINT ( 'NONE',  ( -111.5379062750599957, -9.983095564660017018, 12.39555497350796287 ) ) ;
#698 = LINE ( 'NONE', #2711, #4113 ) ;
#699 = ORIENTED_EDGE ( 'NONE', *, *, #2906, .T. ) ;
#700 = DIRECTION ( 'NONE',  ( 3.054740849381649318E-17, -1.457378446665821845E-17, -1.000000000000000000 ) ) ;
#701 = AXIS2_PLACEMENT_3D ( 'NONE', #794, #4246, #3050 ) ;
#702 = CYLINDRICAL_SURFACE ( 'NONE', #287, 6.000000000006791900 ) ;
#703 = AXIS2_PLACEMENT_3D ( 'NONE', #877, #4835, #4317 ) ;
#704 = CARTESIAN_POINT ( 'NONE',  ( -105.8709770151399852, -8.307113795540018941, 35.54460586035995817 ) ) ;
#705 = CARTESIAN_POINT ( 'NONE',  ( -66.58591166940510675, 7.397660298614319575E-13, 18.99999999999999645 ) ) ;
#706 = VECTOR ( 'NONE', #3976, 1000.000000000000000 ) ;
#707 = AXIS2_PLACEMENT_3D ( 'NONE', #2988, #4469, #1346 ) ;
#708 = ORIENTED_EDGE ( 'NONE', *, *, #2700, .F. ) ;
#709 = CARTESIAN_POINT ( 'NONE',  ( -105.7999999999999972, 12.78087752817999245, 29.69097685971695455 ) ) ;
#710 = CIRCLE ( 'NONE', #2770, 83.34003581738170396 ) ;
#711 = CARTESIAN_POINT ( 'NONE',  ( -105.8388444731399858, 14.55569398467997111, 29.32536725381295639 ) ) ;
#712 = AXIS2_PLACEMENT_3D ( 'NONE', #1460, #282, #3414 ) ;
#713 = AXIS2_PLACEMENT_3D ( 'NONE', #2889, #4894, #4531 ) ;
#714 = LINE ( 'NONE', #2290, #451 ) ;
#715 = EDGE_CURVE ( 'NONE', #2635, #2581, #778, .T. ) ;
#716 = CARTESIAN_POINT ( 'NONE',  ( -103.7785283966503300, -12.86885390242755101, 34.97837021036771432 ) ) ;
#717 = AXIS2_PLACEMENT_3D ( 'NONE', #3151, #3103, #1563 ) ;
#718 = ORIENTED_EDGE ( 'NONE', *, *, #3808, .T. ) ;
#719 = EDGE_LOOP ( 'NONE', ( #1084, #4382, #3675, #351 ) ) ;
#720 = FACE_OUTER_BOUND ( 'NONE', #3770, .T. ) ;
#721 = CARTESIAN_POINT ( 'NONE',  ( -105.7999998889399933, -12.78090468252002765, 29.69089831115895350 ) ) ;
#722 = EDGE_CURVE ( 'NONE', #172, #2557, #4703, .T. ) ;
#723 = CARTESIAN_POINT ( 'NONE',  ( -1.038167088705184323E-12, -95.75000000000000000, 4.000000000000000000 ) ) ;
#724 = ORIENTED_EDGE ( 'NONE', *, *, #2728, .T. ) ;
#725 = CARTESIAN_POINT ( 'NONE',  ( -111.5000000000000000, 8.584429593469982578, 31.02497946384995231 ) ) ;
#726 = CARTESIAN_POINT ( 'NONE',  ( -105.7999999999999972, 8.873024977677520297, 7.716178988150221407 ) ) ;
#727 = CARTESIAN_POINT ( 'NONE',  ( -128.8000000000000114, -49.99999999999980815, 34.00000000000000000 ) ) ;
#728 = CARTESIAN_POINT ( 'NONE',  ( -110.0830510986347974, -5.049693824428790556, 34.39805640966923761 ) ) ;
#729 = CIRCLE ( 'NONE', #1971, 94.33650537965678495 ) ;
#730 = VERTEX_POINT ( 'NONE', #439 ) ;
#731 = CYLINDRICAL_SURFACE ( 'NONE', #4291, 0.4999999999999988343 ) ;
#732 = DIRECTION ( 'NONE',  ( -1.000000000000000000, 0.000000000000000000, 0.000000000000000000 ) ) ;
#733 = CIRCLE ( 'NONE', #1896, 6.000000000006791900 ) ;
#734 = CARTESIAN_POINT ( 'NONE',  ( -106.4237293014178789, 8.525503680603073065, 34.91234056335035518 ) ) ;
#735 = CARTESIAN_POINT ( 'NONE',  ( -105.7999999999999972, -13.96072909494040815, 32.30000000000001137 ) ) ;
#736 = CARTESIAN_POINT ( 'NONE',  ( -109.3700027464099946, 8.299570665929971724, 32.29999988787996301 ) ) ;
#737 = CARTESIAN_POINT ( 'NONE',  ( -2.042749448608009964E-13, -19.00246749018542758, 19.00000000000000000 ) ) ;
#738 = DIRECTION ( 'NONE',  ( 4.046295356390388296E-16, 0.03489949670250101776, -0.9993908270190956511 ) ) ;
#739 = EDGE_CURVE ( 'NONE', #4081, #674, #161, .T. ) ;
#740 = ORIENTED_EDGE ( 'NONE', *, *, #3237, .T. ) ;
#741 = ORIENTED_EDGE ( 'NONE', *, *, #988, .F. ) ;
#742 = FACE_OUTER_BOUND ( 'NONE', #1149, .T. ) ;
#743 = CARTESIAN_POINT ( 'NONE',  ( -105.8385032442399876, -14.56019881167000740, 12.68238060205296236 ) ) ;
#744 = DIRECTION ( 'NONE',  ( -9.251858538532497727E-15, -1.000000000000000000, 0.000000000000000000 ) ) ;
#745 = EDGE_CURVE ( 'NONE', #1514, #1878, #2135, .T. ) ;
#746 = ORIENTED_EDGE ( 'NONE', *, *, #2357, .F. ) ;
#747 = DIRECTION ( 'NONE',  ( -1.264818684629761841E-16, 1.000000000000000000, -2.216726102179205108E-18 ) ) ;
#748 = EDGE_CURVE ( 'NONE', #1633, #2366, #2966, .T. ) ;
#749 = CARTESIAN_POINT ( 'NONE',  ( -105.8000000000000114, 8.744431443545400029, 8.124453959080991439 ) ) ;
#750 = ORIENTED_EDGE ( 'NONE', *, *, #354, .F. ) ;
#751 = CARTESIAN_POINT ( 'NONE',  ( -107.8691618611300100, -8.380009092740017707, 33.95869230541995165 ) ) ;
#752 = DIRECTION ( 'NONE',  ( 0.000000000000000000, -1.000000000000000000, 0.000000000000000000 ) ) ;
#753 = EDGE_LOOP ( 'NONE', ( #1732, #1816, #4228, #1424, #3738, #3207 ) ) ;
#754 = FACE_OUTER_BOUND ( 'NONE', #202, .T. ) ;
#755 = EDGE_CURVE ( 'NONE', #4067, #3399, #1688, .T. ) ;
#756 = DIRECTION ( 'NONE',  ( -0.1391731009600954139, 0.9902680687415661431, -3.643714148918762187E-18 ) ) ;
#757 = B_SPLINE_CURVE_WITH_KNOTS ( 'NONE', 3,
 ( #3728, #3331, #2152, #232 ),
 .UNSPECIFIED., .F., .F.,
 ( 4, 4 ),
 ( 0.000000000000000000, 1.000000000000000000 ),
 .UNSPECIFIED. ) ;
#758 = CARTESIAN_POINT ( 'NONE',  ( 8.518658131738432083E-13, 80.91185967956498359, 181.6774837423334930 ) ) ;
#759 = CARTESIAN_POINT ( 'NONE',  ( -108.7695044461286358, -11.58159650631137438, 12.68676061762309715 ) ) ;
#760 = CARTESIAN_POINT ( 'NONE',  ( -106.7903080429000084, 13.97412420325999349, 12.75588644470196265 ) ) ;
#761 = CARTESIAN_POINT ( 'NONE',  ( -105.7517779797099990, 9.039170613059981818, 34.89249015883995497 ) ) ;
#762 = CARTESIAN_POINT ( 'NONE',  ( -105.7999618587866593, -13.39245262532420888, 29.88786101533587569 ) ) ;
#763 = ORIENTED_EDGE ( 'NONE', *, *, #3850, .T. ) ;
#764 = ORIENTED_EDGE ( 'NONE', *, *, #4050, .T. ) ;
#765 = CARTESIAN_POINT ( 'NONE',  ( -111.5000000000000000, 8.584429591729982434, 10.97502053226996388 ) ) ;
#766 = PLANE ( 'NONE',  #701 ) ;
#767 = EDGE_CURVE ( 'NONE', #4761, #4213, #4484, .T. ) ;
#768 = CARTESIAN_POINT ( 'NONE',  ( -111.5001055264499996, 10.96535989391999344, 28.87532855341295246 ) ) ;
#769 = CARTESIAN_POINT ( 'NONE',  ( -105.7999999999999972, -14.05000000000000782, 32.30000000000001137 ) ) ;
#770 = ORIENTED_EDGE ( 'NONE', *, *, #983, .T. ) ;
#771 = DIRECTION ( 'NONE',  ( 0.000000000000000000, 2.933878408266060922E-14, -1.000000000000000000 ) ) ;
#772 = DIRECTION ( 'NONE',  ( 3.054740849381649318E-17, -1.457378446665821845E-17, -1.000000000000000000 ) ) ;
#773 = ORIENTED_EDGE ( 'NONE', *, *, #3018, .T. ) ;
#774 = ADVANCED_FACE ( 'NONE', ( #4406 ), #446, .T. ) ;
#775 = CARTESIAN_POINT ( 'NONE',  ( -111.5000000000000142, -10.55749714058320698, 12.72383571374357025 ) ) ;
#776 = FACE_OUTER_BOUND ( 'NONE', #2785, .T. ) ;
#777 = ORIENTED_EDGE ( 'NONE', *, *, #4419, .T. ) ;
#778 = LINE ( 'NONE', #3209, #74 ) ;
#779 = CARTESIAN_POINT ( 'NONE',  ( -105.2295407516300116, -8.803181952900017038, 8.036482935349964052 ) ) ;
#780 = AXIS2_PLACEMENT_3D ( 'NONE', #4535, #598, #2636 ) ;
#781 = ADVANCED_FACE ( 'NONE', ( #2431 ), #4018, .F. ) ;
#782 = CARTESIAN_POINT ( 'NONE',  ( -105.7999999999999972, -13.96071033214478874, 31.60493127791695755 ) ) ;
#783 = EDGE_CURVE ( 'NONE', #1558, #72, #733, .T. ) ;
#784 = ORIENTED_EDGE ( 'NONE', *, *, #2649, .F. ) ;
#786 = AXIS2_PLACEMENT_3D ( 'NONE', #1550, #4610, #1066 ) ;
#785 = DIRECTION ( 'NONE',  ( -1.071937337635886563E-14, -1.000000000000000000, 1.457378446665789181E-17 ) ) ;
#787 = CARTESIAN_POINT ( 'NONE',  ( -110.5075512228199983, 11.75068175089999301, 13.23932497396796393 ) ) ;
#788 = VECTOR ( 'NONE', #1799, 1000.000000000000114 ) ;
#789 = CARTESIAN_POINT ( 'NONE',  ( -105.7999785328200062, -8.834840958080018680, 34.96059585348995569 ) ) ;
#790 = AXIS2_PLACEMENT_3D ( 'NONE', #609, #4570, #4623 ) ;
#791 = ORIENTED_EDGE ( 'NONE', *, *, #3141, .F. ) ;
#792 = ORIENTED_EDGE ( 'NONE', *, *, #1739, .F. ) ;
#793 = FACE_OUTER_BOUND ( 'NONE', #3291, .T. ) ;
#794 = CARTESIAN_POINT ( 'NONE',  ( -105.7999999999999972, 18.39544826718999104, 21.00000000000000355 ) ) ;
#795 = CIRCLE ( 'NONE', #4356, 3.199999999999994404 ) ;
#796 = PLANE ( 'NONE',  #625 ) ;
#797 = DIRECTION ( 'NONE',  ( 0.03489949670250106634, -3.886656423120450230E-16, -0.9993908270190956511 ) ) ;
#798 = ORIENTED_EDGE ( 'NONE', *, *, #5060, .T. ) ;
#799 = CARTESIAN_POINT ( 'NONE',  ( 8.882350110286320971E-13, 83.34003581738170396, 167.5412203309814743 ) ) ;
#800 = CARTESIAN_POINT ( 'NONE',  ( -105.7999999999999972, 8.851098861891681935, 7.817913607452169344 ) ) ;
#801 = VERTEX_POINT ( 'NONE', #3292 ) ;
#802 = CARTESIAN_POINT ( 'NONE',  ( -105.8386434734200066, -14.56012825216000905, 29.31757743357695389 ) ) ;
#803 = DIRECTION ( 'NONE',  ( 1.071937337635886090E-14, 1.000000000000000000, -1.457378446665789181E-17 ) ) ;
#804 = ORIENTED_EDGE ( 'NONE', *, *, #4178, .F. ) ;
#805 = CARTESIAN_POINT ( 'NONE',  ( 95.86186342883615907, 99.99999999999896261, 1.470953054473299279E-15 ) ) ;
#806 = EDGE_CURVE ( 'NONE', #3152, #3002, #4784, .T. ) ;
#807 = CARTESIAN_POINT ( 'NONE',  ( -110.5075512228199983, -7.760675026030018131, 9.249318249099964362 ) ) ;
#808 = CARTESIAN_POINT ( 'NONE',  ( -110.2577640325540926, -11.97533772387771123, 13.33671729631397973 ) ) ;
#809 = VERTEX_POINT ( 'NONE', #4591 ) ;
#810 = EDGE_CURVE ( 'NONE', #3195, #926, #3372, .T. ) ;
#811 = CARTESIAN_POINT ( 'NONE',  ( -108.5986835642846131, -11.65883648246829907, 12.67852931332482314 ) ) ;
#812 = VECTOR ( 'NONE', #6, 1000.000000000000000 ) ;
#813 = EDGE_CURVE ( 'NONE', #2024, #2539, #1078, .T. ) ;
#814 = B_SPLINE_CURVE_WITH_KNOTS ( 'NONE', 3,
 ( #4568, #4932, #3004, #606 ),
 .UNSPECIFIED., .F., .F.,
 ( 4, 4 ),
 ( 0.000000000000000000, 1.000000000000000000 ),
 .UNSPECIFIED. ) ;
#815 = DIRECTION ( 'NONE',  ( 1.071937337635886090E-14, 1.000000000000000000, -1.457378446665789181E-17 ) ) ;
#816 = DIRECTION ( 'NONE',  ( -1.000000000000000000, -1.264818684629761841E-16, -1.040834085604003879E-17 ) ) ;
#817 = ORIENTED_EDGE ( 'NONE', *, *, #5076, .F. ) ;
#818 = VERTEX_POINT ( 'NONE', #3030 ) ;
#819 = EDGE_CURVE ( 'NONE', #4276, #2482, #4043, .T. ) ;
#820 = CARTESIAN_POINT ( 'NONE',  ( -108.2695405755361975, -11.80585694639107786, 29.34210896732231788 ) ) ;
#821 = LINE ( 'NONE', #1295, #1037 ) ;
#822 = CARTESIAN_POINT ( 'NONE',  ( -111.5003757898123951, 7.874465535032831198, 31.96565589749659964 ) ) ;
#823 = B_SPLINE_SURFACE_WITH_KNOTS ( 'NONE', 3, 3, ( 
 ( #1534, #3909, #1826, #3397, #802 ),
 ( #4792, #2378, #1193, #26, #83 ),
 ( #2400, #1661, #1225, #1274, #2454 ),
 ( #2022, #829, #1608, #1973, #1251 ),
 ( #55, #3229, #2842, #5101, #854 ),
 ( #4818, #4717, #1635, #2427, #3986 ) ),
 .UNSPECIFIED., .F., .F., .F.,
 ( 4, 1, 1, 4 ),
 ( 4, 1, 4 ),
 ( 0.07411087172279000324, 0.4049656846790999909, 0.6206194817671000230, 0.8435757276508000224 ),
 ( -0.009990203692100000157, 0.5714285714286000406, 1.009991441691999947 ),
 .UNSPECIFIED. ) ;
#824 = ORIENTED_EDGE ( 'NONE', *, *, #4077, .F. ) ;
#825 = CARTESIAN_POINT ( 'NONE',  ( -128.8000000000000114, -49.99999999999980815, 21.00000000000000355 ) ) ;
#826 = CARTESIAN_POINT ( 'NONE',  ( -108.7580064798899997, -7.943296314150017245, 33.77507120693995546 ) ) ;
#827 = DIRECTION ( 'NONE',  ( -9.251858538535345515E-15, -1.000000000000000000, 0.000000000000000000 ) ) ;
#828 = ORIENTED_EDGE ( 'NONE', *, *, #1700, .F. ) ;
#829 = CARTESIAN_POINT ( 'NONE',  ( -110.0896286613499768, -11.22245924840000697, 29.24372253093595475 ) ) ;
#830 = CARTESIAN_POINT ( 'NONE',  ( -6.537145417676729072E-15, 3.118789875864858939E-15, 214.0000000000000000 ) ) ;
#831 = VERTEX_POINT ( 'NONE', #2617 ) ;
#832 = EDGE_LOOP ( 'NONE', ( #427, #2536, #3389, #4776 ) ) ;
#833 = CARTESIAN_POINT ( 'NONE',  ( -6.537145417676729072E-15, 3.118789875864858939E-15, 214.0000000000000000 ) ) ;
#834 = CARTESIAN_POINT ( 'NONE',  ( -111.8839667408299903, -8.444893090570019467, 10.80721527687996364 ) ) ;
#835 = EDGE_CURVE ( 'NONE', #3904, #2780, #2466, .T. ) ;
#836 = CARTESIAN_POINT ( 'NONE',  ( -109.8383614036548863, -12.26963093603409582, 13.34944363556898317 ) ) ;
#837 = ORIENTED_EDGE ( 'NONE', *, *, #2266, .T. ) ;
#838 = LINE ( 'NONE', #2333, #2034 ) ;
#839 = CARTESIAN_POINT ( 'NONE',  ( 99.76885887918514584, -89.77495060899606472, 6.619015679724535417 ) ) ;
#840 = CARTESIAN_POINT ( 'NONE',  ( -9.933405507436705103E-13, -90.58458953736250407, 126.4408123561204178 ) ) ;
#841 = EDGE_CURVE ( 'NONE', #4393, #1097, #17, .T. ) ;
#842 = ORIENTED_EDGE ( 'NONE', *, *, #2116, .F. ) ;
#843 = VERTEX_POINT ( 'NONE', #681 ) ;
#844 = DIRECTION ( 'NONE',  ( 0.000000000000000000, -0.009501023366053356831, 0.9999548642588813596 ) ) ;
#845 = CARTESIAN_POINT ( 'NONE',  ( -111.0188474820589732, 11.39324393171179750, 28.74890111159346873 ) ) ;
#846 = FACE_BOUND ( 'NONE', #4340, .T. ) ;
#847 = ADVANCED_FACE ( 'NONE', ( #5032 ), #2256, .T. ) ;
#848 = EDGE_LOOP ( 'NONE', ( #1629, #2061, #4851, #1596 ) ) ;
#849 = CARTESIAN_POINT ( 'NONE',  ( -107.9017968111550658, 11.96359322314949125, 12.62608666381078137 ) ) ;
#850 = FACE_OUTER_BOUND ( 'NONE', #4197, .T. ) ;
#851 = CARTESIAN_POINT ( 'NONE',  ( -110.2242099637976196, -4.869656873356761118, 7.621797964005962989 ) ) ;
#852 =( BOUNDED_CURVE ( )  B_SPLINE_CURVE ( 3, ( #4001, #483, #4446, #3643 ),
 .UNSPECIFIED., .F., .F. ) 
 B_SPLINE_CURVE_WITH_KNOTS ( ( 4, 4 ),
 ( 6.152722191777905358, 6.413648422581271547 ),
 .UNSPECIFIED. ) 
 CURVE ( )  GEOMETRIC_REPRESENTATION_ITEM ( )  RATIONAL_B_SPLINE_CURVE ( ( 1.000000000000000000, 0.9943345012105681002, 0.9943345012105681002, 1.000000000000000000 ) ) 
 REPRESENTATION_ITEM ( '' )  );
#853 = ORIENTED_EDGE ( 'NONE', *, *, #4000, .F. ) ;
#854 = CARTESIAN_POINT ( 'NONE',  ( -111.6997194856199940, -10.84535480500000659, 28.86503626066695460 ) ) ;
#855 = CARTESIAN_POINT ( 'NONE',  ( -109.2008860155551417, -7.666319470564598504, 8.308263775729885836 ) ) ;
#856 = VERTEX_POINT ( 'NONE', #1798 ) ;
#857 = CARTESIAN_POINT ( 'NONE',  ( -105.2294135131599973, 8.803241387899982229, 8.036396361329963156 ) ) ;
#858 = CARTESIAN_POINT ( 'NONE',  ( -105.7999993171784752, 8.829429808144691805, 34.10659811846099387 ) ) ;
#859 = DIRECTION ( 'NONE',  ( 3.054740849381649318E-17, -1.457378446665821845E-17, -1.000000000000000000 ) ) ;
#860 = CARTESIAN_POINT ( 'NONE',  ( -111.6295107876899806, 7.981955005639983725, 31.81036957830994538 ) ) ;
#861 = ORIENTED_EDGE ( 'NONE', *, *, #2676, .F. ) ;
#862 = DIRECTION ( 'NONE',  ( 1.265750494997800279E-16, -0.9999548642588813596, -0.009501023366050820665 ) ) ;
#863 = CIRCLE ( 'NONE', #969, 6.000000000004945377 ) ;
#864 = CONICAL_SURFACE ( 'NONE', #780, 2.680364547471003611, 0.008726646259969245145 ) ;
#865 = CARTESIAN_POINT ( 'NONE',  ( -104.7545018577473712, -11.30000000000000604, 7.030146980997042050 ) ) ;
#866 = CARTESIAN_POINT ( 'NONE',  ( -105.7999999999999972, 11.29999999999999183, 9.700000000000004619 ) ) ;
#867 = AXIS2_PLACEMENT_3D ( 'NONE', #1653, #902, #4371 ) ;
#868 = VECTOR ( 'NONE', #4804, 1000.000000000000114 ) ;
#869 = ORIENTED_EDGE ( 'NONE', *, *, #3627, .T. ) ;
#870 = B_SPLINE_CURVE_WITH_KNOTS ( 'NONE', 3,
 ( #4935, #4569, #2592, #3820, #5036, #2717, #2620, #3033, #2305, #5008, #3887, #314, #1053, #1471, #4985, #3840, #289, #2691, #4622, #1875, #3451, #3102, #3866, #3005, #5054, #1919, #4595 ),
 .UNSPECIFIED., .F., .F.,
 ( 4, 2, 2, 1, 1, 2, 2, 2, 2, 1, 1, 1, 2, 2, 2, 4 ),
 ( 0.000000000000000000, 0.2500000000002522427, 0.3750000000003785861, 0.4375000000004407030, 0.4687500000004716227, 0.4843750000004872769, 0.5000000000005029310, 0.6250000000006309397, 0.6875000000006953327, 0.7187500000007270851, 0.7343750000007411849, 0.7421875000007481793, 0.7460937500007535084, 0.7500000000007587264, 0.8750000000003793632, 1.000000000000000000 ),
 .UNSPECIFIED. ) ;
#871 = ORIENTED_EDGE ( 'NONE', *, *, #492, .F. ) ;
#872 = ADVANCED_FACE ( 'NONE', ( #1872 ), #3838, .T. ) ;
#873 = B_SPLINE_CURVE_WITH_KNOTS ( 'NONE', 3,
 ( #1905, #668, #1061, #3060, #1951, #1105, #2698, #2668, #4215, #3479, #1543, #5105, #5059, #3825, #1519, #271 ),
 .UNSPECIFIED., .F., .F.,
 ( 4, 2, 2, 1, 1, 1, 1, 2, 2, 4 ),
 ( 0.000000000000000000, 0.2499999999999392708, 0.3749999999999113487, 0.4374999999998948619, 0.4687499999998867017, 0.4843749999998788747, 0.4921874999998737676, 0.4960937499998699929, 0.4999999999998662181, 1.000000000000000000 ),
 .UNSPECIFIED. ) ;
#874 = CARTESIAN_POINT ( 'NONE',  ( -107.3423351449799981, 13.78340334384999366, 13.07227663930096284 ) ) ;
#875 = PRESENTATION_LAYER_ASSIGNMENT (  '', '', ( #4433 ) ) ;
#876 = CIRCLE ( 'NONE', #1618, 3.000000000000000888 ) ;
#877 = CARTESIAN_POINT ( 'NONE',  ( -111.5000000000000000, -1.632880357086818318E-14, 21.00000000000000355 ) ) ;
#878 = CARTESIAN_POINT ( 'NONE',  ( 66.58591166940045980, -79.08591166940260564, 18.00000000000000355 ) ) ;
#879 = EDGE_LOOP ( 'NONE', ( #2490, #1361, #2085, #4728, #5069 ) ) ;
#880 = CARTESIAN_POINT ( 'NONE',  ( -107.6016258131159731, 12.08859846283545458, 12.59449699594316918 ) ) ;
#881 = DIRECTION ( 'NONE',  ( -1.071937337635886090E-14, -1.000000000000000000, 1.457378446665789181E-17 ) ) ;
#882 = CARTESIAN_POINT ( 'NONE',  ( -109.8359210963553210, -5.355731103081074806, 7.567569459218433714 ) ) ;
#883 = CIRCLE ( 'NONE', #378, 13.49999999999999289 ) ;
#884 = ADVANCED_FACE ( 'NONE', ( #1491 ), #2540, .F. ) ;
#885 = VERTEX_POINT ( 'NONE', #2182 ) ;
#886 = CARTESIAN_POINT ( 'NONE',  ( -104.9999999999639897, -19.49999999999886668, -2.923289094749812748E-15 ) ) ;
#887 = CARTESIAN_POINT ( 'NONE',  ( -110.9800086538826207, 11.45530459913390686, 13.29295122025409803 ) ) ;
#888 = AXIS2_PLACEMENT_3D ( 'NONE', #387, #2284, #3888 ) ;
#889 = ORIENTED_EDGE ( 'NONE', *, *, #59, .T. ) ;
#890 = CARTESIAN_POINT ( 'NONE',  ( 79.08591166940045980, -79.08591166940264827, 18.00000000000000355 ) ) ;
#891 = CARTESIAN_POINT ( 'NONE',  ( -105.8000115731389172, 8.895417981086993109, 34.48128336669210370 ) ) ;
#892 = B_SPLINE_CURVE_WITH_KNOTS ( 'NONE', 3,
 ( #2246, #2702, #3434, #1065 ),
 .UNSPECIFIED., .F., .F.,
 ( 4, 4 ),
 ( 0.000000000000000000, 1.000000000000000000 ),
 .UNSPECIFIED. ) ;
#893 = CARTESIAN_POINT ( 'NONE',  ( -105.7999998503100016, -8.690883860630016500, 8.219083487799963450 ) ) ;
#894 = CARTESIAN_POINT ( 'NONE',  ( -105.7999999999999972, 12.97536278209939198, 29.78779926993976090 ) ) ;
#895 = VERTEX_POINT ( 'NONE', #3763 ) ;
#896 = CARTESIAN_POINT ( 'NONE',  ( -2.499999999981951770, 4.379501112438293866E-14, 214.0000000000000000 ) ) ;
#897 = B_SPLINE_CURVE_WITH_KNOTS ( 'NONE', 3,
 ( #4891, #3665, #2146, #924 ),
 .UNSPECIFIED., .F., .F.,
 ( 4, 4 ),
 ( 0.000000000000000000, 1.000000000000000000 ),
 .UNSPECIFIED. ) ;
#898 = CARTESIAN_POINT ( 'NONE',  ( -103.8720591453797653, 13.97755397988823134, 32.29999999999997584 ) ) ;
#899 = CARTESIAN_POINT ( 'NONE',  ( -85.00000000000572697, -84.99999999999428724, 17.99999999999999645 ) ) ;
#900 = ORIENTED_EDGE ( 'NONE', *, *, #1808, .T. ) ;
#901 = ORIENTED_EDGE ( 'NONE', *, *, #1948, .T. ) ;
#902 = DIRECTION ( 'NONE',  ( -3.054740849381649318E-17, 1.457378446665821845E-17, 1.000000000000000000 ) ) ;
#903 = DIRECTION ( 'NONE',  ( -1.000000000000000000, 0.000000000000000000, 0.000000000000000000 ) ) ;
#904 = CARTESIAN_POINT ( 'NONE',  ( -73.71791138077561811, -87.34504604789290738, 17.99999999999999645 ) ) ;
#905 = EDGE_CURVE ( 'NONE', #193, #3411, #215, .T. ) ;
#906 = ORIENTED_EDGE ( 'NONE', *, *, #2898, .F. ) ;
#907 = DIRECTION ( 'NONE',  ( -0.9993908270190954291, 1.555382707665205488E-14, 0.03489949670251163427 ) ) ;
#908 = DIRECTION ( 'NONE',  ( 3.054740849381649318E-17, -1.457378446665821845E-17, -1.000000000000000000 ) ) ;
#909 = CARTESIAN_POINT ( 'NONE',  ( -94.93629273636757659, 17.44697531027504667, 1.649786687013075293 ) ) ;
#910 = VERTEX_POINT ( 'NONE', #2662 ) ;
#911 = CARTESIAN_POINT ( 'NONE',  ( -109.4182079658570501, -7.656438869971719186, 8.449081299078875062 ) ) ;
#912 = ADVANCED_FACE ( 'NONE', ( #2345 ), #2689, .F. ) ;
#913 = EDGE_CURVE ( 'NONE', #1163, #3149, #1697, .T. ) ;
#914 = ORIENTED_EDGE ( 'NONE', *, *, #47, .F. ) ;
#915 = DIRECTION ( 'NONE',  ( 0.7808688094430255022, -0.6246950475544303938, 3.295768948258331594E-17 ) ) ;
#916 = CARTESIAN_POINT ( 'NONE',  ( -105.8000214836906139, 8.859026506679954949, 34.21874265046884744 ) ) ;
#917 = CARTESIAN_POINT ( 'NONE',  ( -111.0104685328377343, 3.734542416831374112, 34.26768065849611844 ) ) ;
#918 = FACE_OUTER_BOUND ( 'NONE', #2920, .T. ) ;
#919 = CARTESIAN_POINT ( 'NONE',  ( -105.8499658754899997, 8.566676853999982910, 35.41572951155995241 ) ) ;
#920 = EDGE_CURVE ( 'NONE', #1206, #4444, #4408, .T. ) ;
#921 = ORIENTED_EDGE ( 'NONE', *, *, #2861, .T. ) ;
#922 = LINE ( 'NONE', #2883, #1052 ) ;
#923 = DIRECTION ( 'NONE',  ( 1.000000000000000000, 1.264818684629761841E-16, 1.040834085604003879E-17 ) ) ;
#924 = CARTESIAN_POINT ( 'NONE',  ( -107.3430642052399975, -7.926845496270018110, 34.78335275890994893 ) ) ;
#925 = VERTEX_POINT ( 'NONE', #799 ) ;
#926 = VERTEX_POINT ( 'NONE', #5052 ) ;
#927 = CARTESIAN_POINT ( 'NONE',  ( -107.9033290254741360, -11.96278157649152618, 29.37372968913920701 ) ) ;
#928 = PLANE ( 'NONE',  #2693 ) ;
#929 = CARTESIAN_POINT ( 'NONE',  ( -106.7721106404192852, -13.86337875917237916, 29.33301690610749191 ) ) ;
#930 = ORIENTED_EDGE ( 'NONE', *, *, #3655, .T. ) ;
#931 = ORIENTED_EDGE ( 'NONE', *, *, #118, .F. ) ;
#932 = FACE_OUTER_BOUND ( 'NONE', #248, .T. ) ;
#933 = EDGE_LOOP ( 'NONE', ( #3557, #1829, #4115, #2154 ) ) ;
#934 = FACE_BOUND ( 'NONE', #3198, .T. ) ;
#935 = CARTESIAN_POINT ( 'NONE',  ( 85.00000000000092371, 84.99999999999909051, 18.00000000000000355 ) ) ;
#936 = EDGE_LOOP ( 'NONE', ( #2142, #1525, #3, #355, #4055, #4633, #3130, #82, #4205, #13 ) ) ;
#937 = CARTESIAN_POINT ( 'NONE',  ( -111.5379875912999807, 8.604404542749984230, 11.01687848890696486 ) ) ;
#938 = ORIENTED_EDGE ( 'NONE', *, *, #2479, .F. ) ;
#939 = CARTESIAN_POINT ( 'NONE',  ( -105.8000050778320258, 8.836681088362226433, 34.13110651019531616 ) ) ;
#940 = B_SPLINE_CURVE_WITH_KNOTS ( 'NONE', 3,
 ( #1323, #2781, #2888, #4472, #820, #3163, #927, #422, #2497, #43, #4082, #2013, #1243, #2811, #3807, #4218, #670 ),
 .UNSPECIFIED., .F., .F.,
 ( 4, 2, 2, 1, 1, 1, 1, 1, 2, 2, 4 ),
 ( 0.000000000000000000, 0.2500000000005789258, 0.3750000000008636980, 0.4375000000010058065, 0.4687500000010726975, 0.4843750000011020074, 0.4921875000011167733, 0.4960937500011199930, 0.4980468750011177725, 0.5000000000011154411, 1.000000000000000000 ),
 .UNSPECIFIED. ) ;
#941 = ADVANCED_FACE ( 'NONE', ( #383 ), #1604, .T. ) ;
#942 = CARTESIAN_POINT ( 'NONE',  ( -105.7999999999999972, -11.30000000000000604, 9.700000000000004619 ) ) ;
#943 = CARTESIAN_POINT ( 'NONE',  ( -106.3626761496700084, 8.724494624029983214, 33.91233090377996007 ) ) ;
#944 = VERTEX_POINT ( 'NONE', #3171 ) ;
#945 = ORIENTED_EDGE ( 'NONE', *, *, #1897, .T. ) ;
#946 = CARTESIAN_POINT ( 'NONE',  ( -111.5000000000000000, -8.483594598900019434, 31.26662658411995110 ) ) ;
#947 = EDGE_CURVE ( 'NONE', #4491, #3194, #954, .T. ) ;
#948 = CARTESIAN_POINT ( 'NONE',  ( -110.2339950015200145, 10.86564876759999265, 29.30298233249195405 ) ) ;
#949 = DIRECTION ( 'NONE',  ( -3.054740849381649318E-17, 1.457378446665821845E-17, 1.000000000000000000 ) ) ;
#950 = B_SPLINE_CURVE_WITH_KNOTS ( 'NONE', 3,
 ( #575, #2156, #3834, #2202 ),
 .UNSPECIFIED., .F., .F.,
 ( 4, 4 ),
 ( 0.000000000000000000, 0.5038582846483360411 ),
 .UNSPECIFIED. ) ;
#951 = AXIS2_PLACEMENT_3D ( 'NONE', #677, #3814, #261 ) ;
#952 = ORIENTED_EDGE ( 'NONE', *, *, #3980, .F. ) ;
#953 = CARTESIAN_POINT ( 'NONE',  ( -109.4224812556699931, -1.632880357086818318E-14, 21.00000000000000355 ) ) ;
#954 = CIRCLE ( 'NONE', #3011, 2.660729094941999939 ) ;
#956 = CARTESIAN_POINT ( 'NONE',  ( -66.58591166940242090, -92.46713134024902558, 215.7131348875448964 ) ) ;
#955 = AXIS2_PLACEMENT_3D ( 'NONE', #1713, #1681, #4035 ) ;
#957 = VECTOR ( 'NONE', #644, 1000.000000000000000 ) ;
#958 = DIRECTION ( 'NONE',  ( 1.264818684629761841E-16, -1.000000000000000000, 2.216726102179205108E-18 ) ) ;
#959 = VERTEX_POINT ( 'NONE', #725 ) ;
#960 = ORIENTED_EDGE ( 'NONE', *, *, #3972, .T. ) ;
#961 = CARTESIAN_POINT ( 'NONE',  ( -105.7999999999999972, -10.01485648694000474, 7.039340285713234557 ) ) ;
#962 = MECHANICAL_DESIGN_GEOMETRIC_PRESENTATION_REPRESENTATION (  '', ( #4433 ), #3513 ) ;
#963 = CARTESIAN_POINT ( 'NONE',  ( -109.9254914716380540, -13.42019794230578000, 15.75371551976131812 ) ) ;
#964 = AXIS2_PLACEMENT_3D ( 'NONE', #250, #2189, #1879 ) ;
#965 = B_SPLINE_CURVE_WITH_KNOTS ( 'NONE', 3,
 ( #5068, #3094, #1143, #2733 ),
 .UNSPECIFIED., .F., .F.,
 ( 4, 4 ),
 ( 0.000000000000000000, 1.000000000000000000 ),
 .UNSPECIFIED. ) ;
#966 = ORIENTED_EDGE ( 'NONE', *, *, #2212, .T. ) ;
#967 = FACE_OUTER_BOUND ( 'NONE', #4429, .T. ) ;
#968 = CARTESIAN_POINT ( 'NONE',  ( 85.00000000000092371, 84.99999999999909051, 1.357758042308494308E-15 ) ) ;
#969 = AXIS2_PLACEMENT_3D ( 'NONE', #130, #2398, #827 ) ;
#970 = CIRCLE ( 'NONE', #3443, 90.58458953736250407 ) ;
#971 = ORIENTED_EDGE ( 'NONE', *, *, #2266, .F. ) ;
#972 = CARTESIAN_POINT ( 'NONE',  ( -110.5624519451099985, 7.606374596349971817, 9.188163685499963762 ) ) ;
#973 = ORIENTED_EDGE ( 'NONE', *, *, #1451, .F. ) ;
#974 = CARTESIAN_POINT ( 'NONE',  ( -105.8000352452399966, 8.834706907529980668, 34.96059600177994753 ) ) ;
#975 = CARTESIAN_POINT ( 'NONE',  ( -110.0986103947129351, 5.032148966058787920, 34.39566954103738539 ) ) ;
#976 = CARTESIAN_POINT ( 'NONE',  ( -100.0000000000002132, -19.49999999999892708, -2.770552052281835833E-15 ) ) ;
#977 = ADVANCED_FACE ( 'NONE', ( #1169 ), #1559, .F. ) ;
#978 = VERTEX_POINT ( 'NONE', #407 ) ;
#979 = VERTEX_POINT ( 'NONE', #3566 ) ;
#980 = CARTESIAN_POINT ( 'NONE',  ( -141.7999999999999829, -13.00000000000000711, 21.00000000000000355 ) ) ;
#981 = PLANE ( 'NONE',  #1409 ) ;
#982 = DIRECTION ( 'NONE',  ( -1.000000000000000000, -1.264818684629761841E-16, -1.040834085604003879E-17 ) ) ;
#983 = EDGE_CURVE ( 'NONE', #1656, #3911, #3905, .T. ) ;
#984 = CARTESIAN_POINT ( 'NONE',  ( -105.8000352421399839, -13.96059600412000812, 29.83470690886195342 ) ) ;
#985 = CARTESIAN_POINT ( 'NONE',  ( -108.7999999999999972, 11.29999999999999183, 32.30000000000001137 ) ) ;
#986 = CARTESIAN_POINT ( 'NONE',  ( -94.93629273636757659, 17.44697531027504667, 1.649786687013075293 ) ) ;
#987 = CIRCLE ( 'NONE', #2144, 13.49999999999999112 ) ;
#988 = EDGE_CURVE ( 'NONE', #3747, #2780, #1969, .T. ) ;
#989 = ORIENTED_EDGE ( 'NONE', *, *, #1775, .T. ) ;
#990 = EDGE_LOOP ( 'NONE', ( #1580, #1748, #2050, #740, #97, #3087 ) ) ;
#991 = CARTESIAN_POINT ( 'NONE',  ( -108.3383461000436512, -8.225274148373907579, 33.69009353138493168 ) ) ;
#992 = LINE ( 'NONE', #2610, #623 ) ;
#993 = AXIS2_PLACEMENT_3D ( 'NONE', #4460, #915, #3685 ) ;
#994 = ORIENTED_EDGE ( 'NONE', *, *, #4413, .T. ) ;
#995 = PLANE ( 'NONE',  #4015 ) ;
#996 = CARTESIAN_POINT ( 'NONE',  ( -109.4715216069273396, -12.51672408907791301, 28.65336866367360003 ) ) ;
#997 = ORIENTED_EDGE ( 'NONE', *, *, #2728, .F. ) ;
#998 = CARTESIAN_POINT ( 'NONE',  ( -105.7999622143435090, 13.40059574613974114, 12.11127060556920476 ) ) ;
#999 = CARTESIAN_POINT ( 'NONE',  ( 99.99999999999903366, -90.00609172980996675, 4.800151099932341283E-15 ) ) ;
#1000 =( BOUNDED_CURVE ( )  B_SPLINE_CURVE ( 3, ( #4, #805, #2003, #471 ),
 .UNSPECIFIED., .F., .F. ) 
 B_SPLINE_CURVE_WITH_KNOTS ( ( 4, 4 ),
 ( 5.498396131367753625, 7.067974482991417062 ),
 .UNSPECIFIED. ) 
 CURVE ( )  GEOMETRIC_REPRESENTATION_ITEM ( )  RATIONAL_B_SPLINE_CURVE ( ( 1.000000000000000000, 0.8050248461936622135, 0.8050248461936622135, 1.000000000000000000 ) ) 
 REPRESENTATION_ITEM ( '' )  );
#1001 = LINE ( 'NONE', #4132, #1287 ) ;
#1002 = DIRECTION ( 'NONE',  ( -1.000000000000000000, 0.000000000000000000, 0.000000000000000000 ) ) ;
#1003 = ORIENTED_EDGE ( 'NONE', *, *, #369, .T. ) ;
#1004 = EDGE_LOOP ( 'NONE', ( #4136, #2396, #2504, #1972, #2496, #3935, #2249, #804 ) ) ;
#1005 = CARTESIAN_POINT ( 'NONE',  ( -108.3764717257394352, 8.334856969929624881, 9.241871670433695840 ) ) ;
#1006 = CARTESIAN_POINT ( 'NONE',  ( -111.5000000000000000, -11.30000000000000604, 9.700000000000004619 ) ) ;
#1007 = DIRECTION ( 'NONE',  ( -1.057521617456328640E-14, -0.9993908270190957621, 0.03489949670250105940 ) ) ;
#1008 = DIRECTION ( 'NONE',  ( -1.000000000000000000, -1.264818684629761841E-16, -1.040834085604003879E-17 ) ) ;
#1009 = B_SPLINE_CURVE_WITH_KNOTS ( 'NONE', 3,
 ( #4278, #1606, #3958, #2690, #726, #800, #1223, #2788, #749, #4300 ),
 .UNSPECIFIED., .F., .F.,
 ( 4, 2, 2, 2, 4 ),
 ( 0.000000000000000000, 0.5000000000000012212, 0.6250000000000031086, 0.7500000000000029976, 1.000000000000000000 ),
 .UNSPECIFIED. ) ;
#1010 = EDGE_CURVE ( 'NONE', #71, #1788, #3917, .T. ) ;
#1011 = DIRECTION ( 'NONE',  ( -1.000000000000000000, 1.071937337635886090E-14, -3.054740849381664725E-17 ) ) ;
#1012 = DIRECTION ( 'NONE',  ( 1.530396124433796038E-14, 1.000000000000000000, -1.457378446665775006E-17 ) ) ;
#1013 = EDGE_LOOP ( 'NONE', ( #2075, #5025, #4541, #4738, #4383, #5103 ) ) ;
#1014 = ORIENTED_EDGE ( 'NONE', *, *, #3442, .T. ) ;
#1015 = CARTESIAN_POINT ( 'NONE',  ( -111.5000000000000000, -8.145776149364756691, 10.23070456412190232 ) ) ;
#1016 = CARTESIAN_POINT ( 'NONE',  ( -109.2987467736421792, -13.50827289786561103, 15.02103911115778878 ) ) ;
#1017 = CARTESIAN_POINT ( 'NONE',  ( -106.3624855077299856, 12.91239593351999382, 12.27545158815196302 ) ) ;
#1018 = EDGE_CURVE ( 'NONE', #2509, #3747, #1533, .T. ) ;
#1019 = CARTESIAN_POINT ( 'NONE',  ( -111.5000000000000000, -8.483594598900019434, 31.26662658411995110 ) ) ;
#1020 = CARTESIAN_POINT ( 'NONE',  ( -103.6031692202937222, -18.45256313723138319, 39.99999999999999289 ) ) ;
#1021 = ORIENTED_EDGE ( 'NONE', *, *, #4798, .T. ) ;
#1022 = CARTESIAN_POINT ( 'NONE',  ( -105.7999999999999972, -11.30000000000000604, 9.700000000000004619 ) ) ;
#1023 = CARTESIAN_POINT ( 'NONE',  ( 99.37142614914948524, 95.23328957798270267, 18.00000000000000355 ) ) ;
#1024 = DIRECTION ( 'NONE',  ( -1.071937337635886090E-14, -1.000000000000000000, 1.457378446665789181E-17 ) ) ;
#1025 = EDGE_LOOP ( 'NONE', ( #3265, #1910, #2837, #3589, #3188 ) ) ;
#1026 = ORIENTED_EDGE ( 'NONE', *, *, #4104, .T. ) ;
#1027 = CARTESIAN_POINT ( 'NONE',  ( -111.5000000000000000, 8.584429591729982434, 10.97502053226996388 ) ) ;
#1028 =( BOUNDED_CURVE ( )  B_SPLINE_CURVE ( 3, ( #3155, #1667, #2032, #1642 ),
 .UNSPECIFIED., .F., .F. ) 
 B_SPLINE_CURVE_WITH_KNOTS ( ( 4, 4 ),
 ( 3.141592653589793116, 4.712388980384697668 ),
 .UNSPECIFIED. ) 
 CURVE ( )  GEOMETRIC_REPRESENTATION_ITEM ( )  RATIONAL_B_SPLINE_CURVE ( ( 1.000000000000000000, 0.8047378541243631611, 0.8047378541243631611, 1.000000000000000000 ) ) 
 REPRESENTATION_ITEM ( '' )  );
#1029 = DIRECTION ( 'NONE',  ( 0.000000000000000000, 1.000000000000000000, 3.325062196034868161E-14 ) ) ;
#1030 = LINE ( 'NONE', #3404, #3849 ) ;
#1031 = CARTESIAN_POINT ( 'NONE',  ( -109.0798263626709854, 6.218217365398446717, 7.461016572706543393 ) ) ;
#1032 = CARTESIAN_POINT ( 'NONE',  ( -105.7999999999999972, 11.29999999999999183, 32.30000000000001137 ) ) ;
#1033 = CARTESIAN_POINT ( 'NONE',  ( -106.6275875948757488, -8.420009445273173299, 34.88369014862678341 ) ) ;
#1034 = LINE ( 'NONE', #2606, #1067 ) ;
#1035 = EDGE_CURVE ( 'NONE', #3462, #1633, #2029, .T. ) ;
#1036 = EDGE_CURVE ( 'NONE', #1941, #3065, #4227, .T. ) ;
#1037 = VECTOR ( 'NONE', #1267, 1000.000000000000000 ) ;
#1038 = VERTEX_POINT ( 'NONE', #4453 ) ;
#1039 = ORIENTED_EDGE ( 'NONE', *, *, #3468, .T. ) ;
#1040 = CARTESIAN_POINT ( 'NONE',  ( -109.8625328328646447, 7.655406658917722318, 8.749893058784440569 ) ) ;
#1041 = CARTESIAN_POINT ( 'NONE',  ( -104.7545018577470586, 12.86406238312457084, 7.030146980995255923 ) ) ;
#1042 = AXIS2_PLACEMENT_3D ( 'NONE', #3616, #537, #455 ) ;
#1043 = CARTESIAN_POINT ( 'NONE',  ( -108.2056126284500124, 12.80336351028999253, 12.71536023250196479 ) ) ;
#1044 = DIRECTION ( 'NONE',  ( 3.054740849381649318E-17, -1.457378446665821845E-17, -1.000000000000000000 ) ) ;
#1045 = EDGE_CURVE ( 'NONE', #3547, #2126, #3587, .T. ) ;
#1046 = AXIS2_PLACEMENT_3D ( 'NONE', #899, #949, #4495 ) ;
#1047 = ORIENTED_EDGE ( 'NONE', *, *, #1433, .T. ) ;
#1048 = CARTESIAN_POINT ( 'NONE',  ( -99.33650537965573335, 100.0000000000010800, 18.99999999999999645 ) ) ;
#1049 = EDGE_CURVE ( 'NONE', #2866, #20, #4037, .T. ) ;
#1050 = DIRECTION ( 'NONE',  ( -1.110223024625156856E-14, -1.000000000000000000, 0.000000000000000000 ) ) ;
#1051 = AXIS2_PLACEMENT_3D ( 'NONE', #3926, #2447, #3585 ) ;
#1052 = VECTOR ( 'NONE', #4912, 1000.000000000000000 ) ;
#1053 = CARTESIAN_POINT ( 'NONE',  ( -105.8000075054045368, -8.874910754305721738, 7.704666288070546543 ) ) ;
#1054 = CARTESIAN_POINT ( 'NONE',  ( -3.862439145332410860E-15, 1.842721147067274181E-15, 126.4408123561204178 ) ) ;
#1055 = CONICAL_SURFACE ( 'NONE', #3781, 2.680364547471000058, 0.008726646259969245145 ) ;
#1056 = ORIENTED_EDGE ( 'NONE', *, *, #154, .T. ) ;
#1057 = ORIENTED_EDGE ( 'NONE', *, *, #4903, .T. ) ;
#1058 = EDGE_CURVE ( 'NONE', #2408, #1717, #2451, .T. ) ;
#1059 = DIRECTION ( 'NONE',  ( 0.000000000000000000, 1.000000000000000000, 0.000000000000000000 ) ) ;
#1060 = AXIS2_PLACEMENT_3D ( 'NONE', #4143, #538, #3780 ) ;
#1061 = CARTESIAN_POINT ( 'NONE',  ( -108.1060008826333814, 7.780029709486711020, 34.35937596863337973 ) ) ;
#1062 = CIRCLE ( 'NONE', #4686, 13.00000000000000000 ) ;
#1063 = CARTESIAN_POINT ( 'NONE',  ( -105.8000000000000256, -8.910572110810743851, 34.59049669208580724 ) ) ;
#1064 = CARTESIAN_POINT ( 'NONE',  ( -111.5000000000000000, 13.19891724219999141, 23.83523960780195239 ) ) ;
#1065 = CARTESIAN_POINT ( 'NONE',  ( -106.0992639295999993, 13.95794702925997299, 29.68353052156595240 ) ) ;
#1066 = DIRECTION ( 'NONE',  ( 0.000000000000000000, -1.000000000000000000, 0.000000000000000000 ) ) ;
#1067 = VECTOR ( 'NONE', #4166, 1000.000000000000000 ) ;
#1068 = ORIENTED_EDGE ( 'NONE', *, *, #2417, .F. ) ;
#1069 = EDGE_LOOP ( 'NONE', ( #966, #5004 ) ) ;
#1070 = CARTESIAN_POINT ( 'NONE',  ( -111.0169387411403079, 7.748597811138036917, 9.605216886967081535 ) ) ;
#1071 = CARTESIAN_POINT ( 'NONE',  ( -107.3444359650899997, -13.78312891537002649, 13.07410121225196420 ) ) ;
#1072 = AXIS2_PLACEMENT_3D ( 'NONE', #3501, #5086, #2036 ) ;
#1073 = ADVANCED_FACE ( 'NONE', ( #3200, #850 ), #3251, .F. ) ;
#1074 = PRESENTATION_STYLE_ASSIGNMENT (( #678 ) ) ;
#1075 = CARTESIAN_POINT ( 'NONE',  ( -105.7999999999999972, 11.29999999999999183, 34.96072909493995695 ) ) ;
#1076 = ORIENTED_EDGE ( 'NONE', *, *, #2836, .F. ) ;
#1077 = CARTESIAN_POINT ( 'NONE',  ( -105.8000107766486337, 13.15172032371343747, 12.15767106431776412 ) ) ;
#1078 = CIRCLE ( 'NONE', #2063, 3.000000000000000888 ) ;
#1079 = DIRECTION ( 'NONE',  ( 1.110223024625156856E-14, 1.000000000000000000, 0.000000000000000000 ) ) ;
#1080 = EDGE_CURVE ( 'NONE', #2571, #2712, #2018, .T. ) ;
#1081 = LINE ( 'NONE', #3492, #2274 ) ;
#1082 = CARTESIAN_POINT ( 'NONE',  ( -105.7999999999999972, 11.29999999999999183, 35.00000000000000000 ) ) ;
#1083 = EDGE_CURVE ( 'NONE', #1777, #3928, #2939, .T. ) ;
#1084 = ORIENTED_EDGE ( 'NONE', *, *, #2268, .F. ) ;
#1085 = CARTESIAN_POINT ( 'NONE',  ( -108.7724733283264698, 8.313229420172334017, 9.418511069210142139 ) ) ;
#1086 = CARTESIAN_POINT ( 'NONE',  ( -106.7799011082822318, 8.328427341462473876, 34.86228388031619829 ) ) ;
#1087 = ADVANCED_FACE ( 'NONE', ( #2423, #3677, #128 ), #4426, .F. ) ;
#1088 = DIRECTION ( 'NONE',  ( 0.9999619230641713097, 0.008726535498373882635, 1.038860019929234208E-17 ) ) ;
#1089 = DIRECTION ( 'NONE',  ( 0.03487826274237430801, -0.03487826274237507129, 0.9987827659587181772 ) ) ;
#1090 = DIRECTION ( 'NONE',  ( 1.000000000000000000, -1.071937337635886090E-14, 3.054740849381664725E-17 ) ) ;
#1091 = CARTESIAN_POINT ( 'NONE',  ( -105.8000549426172370, -13.88122730599961052, 29.86096825065473936 ) ) ;
#1092 = EDGE_LOOP ( 'NONE', ( #583, #269, #3883, #3602 ) ) ;
#1093 = ORIENTED_EDGE ( 'NONE', *, *, #3822, .T. ) ;
#1094 = CARTESIAN_POINT ( 'NONE',  ( -105.7999785328200062, -8.834840958080018680, 34.96059585348995569 ) ) ;
#1095 = DIRECTION ( 'NONE',  ( 1.000000000000000000, 1.264818684629761841E-16, 1.040834085604003879E-17 ) ) ;
#1096 = CARTESIAN_POINT ( 'NONE',  ( -108.0257409632421854, -8.362635040960078925, 9.089147084310397418 ) ) ;
#1097 = VERTEX_POINT ( 'NONE', #1714 ) ;
#1098 = CARTESIAN_POINT ( 'NONE',  ( -105.8000000000000114, -13.78364572140881350, 12.10672702085758701 ) ) ;
#1099 = DIRECTION ( 'NONE',  ( 1.110223024625156856E-14, 1.000000000000000000, 0.000000000000000000 ) ) ;
#1100 = CARTESIAN_POINT ( 'NONE',  ( -105.7831772581800038, -9.027990098580017886, 34.88063456770995430 ) ) ;
#1101 = CARTESIAN_POINT ( 'NONE',  ( -110.0069275154900907, -5.145315408190541895, 34.40875431657196515 ) ) ;
#1102 = ORIENTED_EDGE ( 'NONE', *, *, #2648, .T. ) ;
#1103 = EDGE_CURVE ( 'NONE', #4388, #2381, #1693, .T. ) ;
#1104 = CARTESIAN_POINT ( 'NONE',  ( -108.7893706647247853, 8.312516574800493885, 9.426227679127322290 ) ) ;
#1105 = CARTESIAN_POINT ( 'NONE',  ( -109.0748053818050494, 7.674702196658659936, 33.77164770290759321 ) ) ;
#1106 = DIRECTION ( 'NONE',  ( 0.000000000000000000, 0.4936258427268058191, -0.8696743800942112745 ) ) ;
#1107 = EDGE_CURVE ( 'NONE', #1259, #2859, #2343, .T. ) ;
#1108 = CARTESIAN_POINT ( 'NONE',  ( 99.92852815706051217, 19.00246749018439019, 19.00000000000000355 ) ) ;
#1109 = CARTESIAN_POINT ( 'NONE',  ( -105.7999745897964914, -13.43441634337412616, 29.89199160018748458 ) ) ;
#1110 = VERTEX_POINT ( 'NONE', #4789 ) ;
#1111 = ORIENTED_EDGE ( 'NONE', *, *, #2991, .F. ) ;
#1112 = CARTESIAN_POINT ( 'NONE',  ( -106.0052881782015248, -8.734187643679009128, 34.95893757215142017 ) ) ;
#1113 = CARTESIAN_POINT ( 'NONE',  ( -111.0752955403499982, -11.30243483823002748, 13.15845173260396272 ) ) ;
#1114 = CARTESIAN_POINT ( 'NONE',  ( -110.8870867930199893, -5.299417741990018804, 33.80022785597995494 ) ) ;
#1115 = ORIENTED_EDGE ( 'NONE', *, *, #4333, .T. ) ;
#1116 = CARTESIAN_POINT ( 'NONE',  ( -111.5000000000000000, -1.632880357086818318E-14, 21.00000000000000355 ) ) ;
#1117 = VECTOR ( 'NONE', #3100, 999.9999999999998863 ) ;
#1118 = DIRECTION ( 'NONE',  ( 3.054740849381649318E-17, -1.457378446665821845E-17, -1.000000000000000000 ) ) ;
#1119 = AXIS2_PLACEMENT_3D ( 'NONE', #1863, #1911, #3485 ) ;
#1120 = CARTESIAN_POINT ( 'NONE',  ( -105.4518435286499880, -8.983739540460017992, 34.22164943645995550 ) ) ;
#1121 = CARTESIAN_POINT ( 'NONE',  ( -101.2999999999999972, 13.99999999999997335, 32.30000000000001137 ) ) ;
#1122 = CIRCLE ( 'NONE', #2759, 2.750000000000000888 ) ;
#1123 = VECTOR ( 'NONE', #2193, 1000.000000000000000 ) ;
#1124 = VERTEX_POINT ( 'NONE', #3622 ) ;
#1125 = DIRECTION ( 'NONE',  ( 1.264818684629761841E-16, -1.000000000000000000, 2.216726102179205108E-18 ) ) ;
#1126 = CARTESIAN_POINT ( 'NONE',  ( -109.3327877832731758, 11.31950383955738992, 29.29780350226957708 ) ) ;
#1127 = CIRCLE ( 'NONE', #5012, 2.750000000000000888 ) ;
#1128 = VECTOR ( 'NONE', #2056, 1000.000000000000114 ) ;
#1129 = LINE ( 'NONE', #758, #2463 ) ;
#1130 = EDGE_CURVE ( 'NONE', #1514, #1289, #3969, .T. ) ;
#1131 = AXIS2_PLACEMENT_3D ( 'NONE', #4373, #3644, #99 ) ;
#1132 = DIRECTION ( 'NONE',  ( -9.251858538542962756E-15, -1.000000000000000000, 0.000000000000000000 ) ) ;
#1133 = CARTESIAN_POINT ( 'NONE',  ( -110.3321545533099908, 11.54208680965997225, 12.91460664465596331 ) ) ;
#1134 = CARTESIAN_POINT ( 'NONE',  ( -111.2046741576399995, -5.121061853220017390, 33.67507286843994763 ) ) ;
#1135 = EDGE_CURVE ( 'NONE', #4687, #3195, #3226, .T. ) ;
#1136 = CIRCLE ( 'NONE', #1307, 3.000000000000000888 ) ;
#1137 = CARTESIAN_POINT ( 'NONE',  ( -94.90958983048075481, -12.65995220024200130, 2.414457863390519599 ) ) ;
#1138 = EDGE_CURVE ( 'NONE', #2329, #2177, #1329, .T. ) ;
#1139 = EDGE_LOOP ( 'NONE', ( #4064, #2912, #3863, #3907 ) ) ;
#1140 = ORIENTED_EDGE ( 'NONE', *, *, #1205, .T. ) ;
#1141 = DIRECTION ( 'NONE',  ( 1.264818684629761841E-16, -1.000000000000000000, 0.000000000000000000 ) ) ;
#1142 = CARTESIAN_POINT ( 'NONE',  ( -110.3605079930330817, -8.300000017195419133, 10.18249876842157242 ) ) ;
#1143 = CARTESIAN_POINT ( 'NONE',  ( -107.1251360050702743, -8.461482155438933006, 33.28298865465752954 ) ) ;
#1144 = ADVANCED_FACE ( 'NONE', ( #2894 ), #4477, .T. ) ;
#1145 = ORIENTED_EDGE ( 'NONE', *, *, #3403, .T. ) ;
#1146 = DIRECTION ( 'NONE',  ( -3.054740849381649318E-17, 1.457378446665821845E-17, 1.000000000000000000 ) ) ;
#1147 = CARTESIAN_POINT ( 'NONE',  ( -66.58591166940387041, 114.9999999999967031, 17.99999999999999645 ) ) ;
#1148 = CIRCLE ( 'NONE', #4285, 3.000000000000002665 ) ;
#1149 = EDGE_LOOP ( 'NONE', ( #12, #1674, #1547, #1888 ) ) ;
#1150 = CARTESIAN_POINT ( 'NONE',  ( 1.026318905969373310E-12, 95.75000000000000000, 4.000000000000000000 ) ) ;
#1151 = CARTESIAN_POINT ( 'NONE',  ( -128.8000000000000114, 1.918380135463487975E-13, 34.00000000000000000 ) ) ;
#1152 = AXIS2_PLACEMENT_3D ( 'NONE', #4367, #923, #478 ) ;
#1153 = ORIENTED_EDGE ( 'NONE', *, *, #2906, .F. ) ;
#1154 = CARTESIAN_POINT ( 'NONE',  ( -111.3989163984502682, -13.21312361593164297, 24.04698888948804480 ) ) ;
#1155 = CARTESIAN_POINT ( 'NONE',  ( -108.2056126284500124, -8.284639767500017626, 8.196636489709963058 ) ) ;
#1156 = AXIS2_PLACEMENT_3D ( 'NONE', #3131, #4282, #3964 ) ;
#1157 = CARTESIAN_POINT ( 'NONE',  ( -108.7070325605899939, 13.07419619209997208, 28.59846549002595140 ) ) ;
#1158 = DIRECTION ( 'NONE',  ( 0.000000000000000000, -1.000000000000000000, 0.000000000000000000 ) ) ;
#1159 = CARTESIAN_POINT ( 'NONE',  ( -105.2295407516300116, 12.96351706464999332, 12.19681804709996342 ) ) ;
#1160 = CARTESIAN_POINT ( 'NONE',  ( -108.7580064798899997, -7.943296314150017245, 33.77507120693995546 ) ) ;
#1161 = DIRECTION ( 'NONE',  ( 0.03489949670250106634, -4.021513754142880398E-16, -0.9993908270190956511 ) ) ;
#1162 = EDGE_LOOP ( 'NONE', ( #280, #4705, #2260, #2946, #3974, #4045, #763, #2430, #1418 ) ) ;
#1163 = VERTEX_POINT ( 'NONE', #1271 ) ;
#1164 = PLANE ( 'NONE',  #3168 ) ;
#1165 = EDGE_CURVE ( 'NONE', #1878, #1712, #1222, .T. ) ;
#1166 = CARTESIAN_POINT ( 'NONE',  ( -111.6634850435299882, -10.06797192636000737, 12.43567825395396476 ) ) ;
#1167 = CARTESIAN_POINT ( 'NONE',  ( -110.9587405363100032, -5.228086989780018179, 33.78484608886996199 ) ) ;
#1168 = ORIENTED_EDGE ( 'NONE', *, *, #1948, .F. ) ;
#1169 = FACE_OUTER_BOUND ( 'NONE', #2367, .T. ) ;
#1170 = CYLINDRICAL_SURFACE ( 'NONE', #3858, 12.49999999999999645 ) ;
#1171 = EDGE_CURVE ( 'NONE', #1941, #895, #1690, .T. ) ;
#1172 = ORIENTED_EDGE ( 'NONE', *, *, #4743, .T. ) ;
#1173 = LINE ( 'NONE', #2739, #2765 ) ;
#1174 = CARTESIAN_POINT ( 'NONE',  ( -5.589758206659867340E-15, 2.666803350637258459E-15, 182.9863311577269940 ) ) ;
#1175 = VERTEX_POINT ( 'NONE', #4198 ) ;
#1176 = CARTESIAN_POINT ( 'NONE',  ( -110.4692103857851606, -13.34410288963544033, 25.54382239776600727 ) ) ;
#1177 = PLANE ( 'NONE',  #5016 ) ;
#1178 = CARTESIAN_POINT ( 'NONE',  ( -74.96730147588452553, -88.90678366677899191, 17.99999999999999645 ) ) ;
#1179 = CARTESIAN_POINT ( 'NONE',  ( -90.00609172980793460, 100.0000000000009805, -4.206831297668196908E-15 ) ) ;
#1180 = VERTEX_POINT ( 'NONE', #4147 ) ;
#1181 = CARTESIAN_POINT ( 'NONE',  ( -105.7999785328200062, -8.834840958080018680, 34.96059585348995569 ) ) ;
#1182 = ORIENTED_EDGE ( 'NONE', *, *, #118, .T. ) ;
#1183 = ORIENTED_EDGE ( 'NONE', *, *, #2743, .T. ) ;
#1184 = DIRECTION ( 'NONE',  ( 0.000000000000000000, -1.000000000000000000, 0.000000000000000000 ) ) ;
#1185 = CARTESIAN_POINT ( 'NONE',  ( -94.85422147900931122, -48.18596271076366122, 4.000000000000000000 ) ) ;
#1186 = CARTESIAN_POINT ( 'NONE',  ( -107.9018643861241742, 8.373907104691394210, 32.96356568655005503 ) ) ;
#1187 = CARTESIAN_POINT ( 'NONE',  ( -71.37530495244647000, -89.21913119055624009, 0.000000000000000000 ) ) ;
#1188 = EDGE_CURVE ( 'NONE', #1941, #2656, #950, .T. ) ;
#1189 = ORIENTED_EDGE ( 'NONE', *, *, #755, .F. ) ;
#1190 = CARTESIAN_POINT ( 'NONE',  ( -105.7999999999999972, -12.97546964069162634, 12.21209378549792568 ) ) ;
#1191 = CARTESIAN_POINT ( 'NONE',  ( -105.7999999999999972, 11.29999999999999183, 9.700000000000004619 ) ) ;
#1192 = EDGE_LOOP ( 'NONE', ( #3365, #3029 ) ) ;
#1193 = CARTESIAN_POINT ( 'NONE',  ( -106.6713609951899997, -13.52070378371000814, 29.70522306648795308 ) ) ;
#1194 = CARTESIAN_POINT ( 'NONE',  ( -107.3422355419599938, 7.927635672709992143, 7.216747070369962991 ) ) ;
#1195 = ADVANCED_FACE ( 'NONE', ( #281 ), #4613, .T. ) ;
#1196 = EDGE_CURVE ( 'NONE', #41, #358, #1842, .T. ) ;
#1197 = VECTOR ( 'NONE', #2098, 1000.000000000000000 ) ;
#1198 = ORIENTED_EDGE ( 'NONE', *, *, #529, .F. ) ;
#1199 = DIRECTION ( 'NONE',  ( -1.040834085604003879E-17, 2.216726102179200101E-18, 1.000000000000000000 ) ) ;
#1200 = CARTESIAN_POINT ( 'NONE',  ( -107.9298346902899937, -8.391639687760017452, 8.701205329559964952 ) ) ;
#1201 = AXIS2_PLACEMENT_3D ( 'NONE', #4036, #908, #4007 ) ;
#1202 = CONICAL_SURFACE ( 'NONE', #4095, 14.69945600628000015, 0.5235987755981996727 ) ;
#1203 = AXIS2_PLACEMENT_3D ( 'NONE', #2964, #532, #4552 ) ;
#1204 = CARTESIAN_POINT ( 'NONE',  ( -79.08591166940210826, -66.58591166940455253, 216.5000000000000000 ) ) ;
#1205 = EDGE_CURVE ( 'NONE', #1038, #2271, #2793, .T. ) ;
#1206 = VERTEX_POINT ( 'NONE', #3785 ) ;
#1207 = CIRCLE ( 'NONE', #1702, 6.000000000002544631 ) ;
#1209 = CARTESIAN_POINT ( 'NONE',  ( -106.4925109084251460, -12.53282882230087658, 12.44982136208586887 ) ) ;
#1208 = CIRCLE ( 'NONE', #4677, 3.000000000000002665 ) ;
#1210 = B_SPLINE_CURVE_WITH_KNOTS ( 'NONE', 3,
 ( #822, #19, #1600, #3166 ),
 .UNSPECIFIED., .F., .F.,
 ( 4, 4 ),
 ( 0.000000000000000000, 1.000000000000000000 ),
 .UNSPECIFIED. ) ;
#1211 = DIRECTION ( 'NONE',  ( -3.054740849381649318E-17, 1.457378446665821845E-17, 1.000000000000000000 ) ) ;
#1212 = DIRECTION ( 'NONE',  ( 1.264818684629761841E-16, -1.000000000000000000, 0.000000000000000000 ) ) ;
#1213 = CIRCLE ( 'NONE', #2285, 93.60316922033005937 ) ;
#1214 = ORIENTED_EDGE ( 'NONE', *, *, #3604, .T. ) ;
#1215 = ORIENTED_EDGE ( 'NONE', *, *, #4643, .F. ) ;
#1216 = FACE_OUTER_BOUND ( 'NONE', #119, .T. ) ;
#1217 = CIRCLE ( 'NONE', #3368, 0.5000000000000004441 ) ;
#1218 = CARTESIAN_POINT ( 'NONE',  ( -107.3444359650899997, -13.78312891537002649, 13.07410121225196420 ) ) ;
#1219 = FACE_OUTER_BOUND ( 'NONE', #1343, .T. ) ;
#1220 = ORIENTED_EDGE ( 'NONE', *, *, #3822, .F. ) ;
#1221 = DIRECTION ( 'NONE',  ( 0.000000000000000000, 1.000000000000000000, 0.000000000000000000 ) ) ;
#1222 = LINE ( 'NONE', #2787, #3680 ) ;
#1223 = CARTESIAN_POINT ( 'NONE',  ( -105.7999999999999972, 8.838229159638936849, 7.866564058095631751 ) ) ;
#1224 = VERTEX_POINT ( 'NONE', #4171 ) ;
#1225 = CARTESIAN_POINT ( 'NONE',  ( -108.2107444114599843, -12.80084233589000675, 29.28430788973095034 ) ) ;
#1226 = CARTESIAN_POINT ( 'NONE',  ( -109.3469772897431511, 12.59737340304519471, 13.34076191638629538 ) ) ;
#1227 = ORIENTED_EDGE ( 'NONE', *, *, #564, .T. ) ;
#1228 = DIRECTION ( 'NONE',  ( 1.000000000000000000, 1.264818684629761841E-16, 1.040834085604003879E-17 ) ) ;
#1229 = AXIS2_PLACEMENT_3D ( 'NONE', #233, #178, #4084 ) ;
#1230 = DIRECTION ( 'NONE',  ( -1.529969165231903218E-14, -1.000000000000000000, 1.368389029353448185E-16 ) ) ;
#1231 = EDGE_CURVE ( 'NONE', #71, #2167, #1569, .T. ) ;
#1232 = ADVANCED_FACE ( 'NONE', ( #2947 ), #864, .T. ) ;
#1233 = CARTESIAN_POINT ( 'NONE',  ( -110.4339133991944237, -11.84621046707825620, 13.32392389807544042 ) ) ;
#1234 = VECTOR ( 'NONE', #3995, 1000.000000000000000 ) ;
#1235 = EDGE_LOOP ( 'NONE', ( #773, #4087, #718, #2953, #3438, #3326 ) ) ;
#1236 = CARTESIAN_POINT ( 'NONE',  ( -108.7951316539982258, -11.56986515896462642, 12.68783784232786971 ) ) ;
#1237 = VECTOR ( 'NONE', #1691, 1000.000000000000000 ) ;
#1238 = EDGE_CURVE ( 'NONE', #910, #895, #3813, .T. ) ;
#1239 = DIRECTION ( 'NONE',  ( 1.040834085604003879E-17, -2.216726102179200101E-18, -1.000000000000000000 ) ) ;
#1240 = DIRECTION ( 'NONE',  ( -1.071937337635886090E-14, -1.000000000000000000, 1.457378446665789181E-17 ) ) ;
#1241 = VERTEX_POINT ( 'NONE', #4224 ) ;
#1242 = ORIENTED_EDGE ( 'NONE', *, *, #4618, .T. ) ;
#1243 = CARTESIAN_POINT ( 'NONE',  ( -107.6073500189657750, -12.08610197437385025, 29.40482382917091542 ) ) ;
#1244 = DIRECTION ( 'NONE',  ( 1.000000000000000000, 0.000000000000000000, 3.054740849381644387E-17 ) ) ;
#1245 = CARTESIAN_POINT ( 'NONE',  ( -109.4211168712199935, -1.632880357086818318E-14, 21.00000000000000355 ) ) ;
#1246 = ORIENTED_EDGE ( 'NONE', *, *, #661, .T. ) ;
#1247 = CARTESIAN_POINT ( 'NONE',  ( 72.00000000000099476, 93.19999999999920703, 8.000000000000000000 ) ) ;
#1248 = CARTESIAN_POINT ( 'NONE',  ( -105.9066650641606202, 8.783965052143852148, 34.95979824302876438 ) ) ;
#1249 = DIRECTION ( 'NONE',  ( 1.530909673852041092E-14, 1.000000000000000000, 1.324875276748268713E-16 ) ) ;
#1250 = ORIENTED_EDGE ( 'NONE', *, *, #4585, .T. ) ;
#1251 = CARTESIAN_POINT ( 'NONE',  ( -110.5633043610699957, -11.81355162986000629, 28.60270094689095188 ) ) ;
#1252 = LINE ( 'NONE', #4432, #1802 ) ;
#1253 = ORIENTED_EDGE ( 'NONE', *, *, #739, .T. ) ;
#1254 = CARTESIAN_POINT ( 'NONE',  ( -106.7964023762599908, 8.012481442029992351, 6.902351064349963039 ) ) ;
#1255 = CARTESIAN_POINT ( 'NONE',  ( -107.3423351449799981, -7.927723360700017707, 7.216596656149962818 ) ) ;
#1256 = CARTESIAN_POINT ( 'NONE',  ( -109.5169267417244612, -12.48527265167740730, 13.34546647130450658 ) ) ;
#1257 = CARTESIAN_POINT ( 'NONE',  ( -105.7999999999999829, 13.13360690764152849, 29.83815122005287179 ) ) ;
#1258 = ADVANCED_FACE ( 'NONE', ( #3756 ), #4924, .T. ) ;
#1259 = VERTEX_POINT ( 'NONE', #2918 ) ;
#1260 = CARTESIAN_POINT ( 'NONE',  ( -108.3697817493787454, -11.76021617825604970, 12.66482392452234151 ) ) ;
#1261 = DIRECTION ( 'NONE',  ( 3.054740849381649318E-17, -1.457378446665821845E-17, -1.000000000000000000 ) ) ;
#1262 = CARTESIAN_POINT ( 'NONE',  ( -109.8359210963756993, 13.43243054077743182, 15.64426889694033029 ) ) ;
#1263 = EDGE_CURVE ( 'NONE', #4559, #2779, #1823, .T. ) ;
#1264 = ORIENTED_EDGE ( 'NONE', *, *, #3000, .T. ) ;
#1265 = ORIENTED_EDGE ( 'NONE', *, *, #492, .T. ) ;
#1266 = CARTESIAN_POINT ( 'NONE',  ( -107.3431329869199971, -13.78335018648000876, 28.92686649941495247 ) ) ;
#1267 = DIRECTION ( 'NONE',  ( 1.000000000000000000, -1.058059549828071633E-14, 3.054740849381664725E-17 ) ) ;
#1268 = FACE_BOUND ( 'NONE', #2761, .T. ) ;
#1269 = ORIENTED_EDGE ( 'NONE', *, *, #272, .F. ) ;
#1270 = DIRECTION ( 'NONE',  ( -1.156482317316918189E-14, -1.000000000000000000, 1.457378446665792879E-17 ) ) ;
#1271 = CARTESIAN_POINT ( 'NONE',  ( -105.7999785328200062, -13.96059585348000809, 12.16515904798996317 ) ) ;
#1272 = DIRECTION ( 'NONE',  ( -1.040834085604003879E-17, 2.216726102179200101E-18, 1.000000000000000000 ) ) ;
#1273 = ORIENTED_EDGE ( 'NONE', *, *, #4803, .T. ) ;
#1274 = CARTESIAN_POINT ( 'NONE',  ( -108.3584297974500004, -13.15122938922000806, 28.86158360531695166 ) ) ;
#1275 = CARTESIAN_POINT ( 'NONE',  ( -109.4693742760816235, -7.654695180342088179, 8.482634186877474392 ) ) ;
#1276 = ORIENTED_EDGE ( 'NONE', *, *, #4587, .T. ) ;
#1277 = CARTESIAN_POINT ( 'NONE',  ( -105.7999999999999972, 10.01485648688209373, 34.96065971422192575 ) ) ;
#1278 = CARTESIAN_POINT ( 'NONE',  ( -105.8000195950724276, 8.852913885224799273, 34.19238285288393087 ) ) ;
#1279 = CARTESIAN_POINT ( 'NONE',  ( -72.62469504755537741, -90.78086880944222514, 216.0010000000000048 ) ) ;
#1280 = FACE_OUTER_BOUND ( 'NONE', #3394, .T. ) ;
#1281 = VERTEX_POINT ( 'NONE', #2975 ) ;
#1282 = FACE_OUTER_BOUND ( 'NONE', #4441, .T. ) ;
#1283 = AXIS2_PLACEMENT_3D ( 'NONE', #3543, #1939, #2303 ) ;
#1284 = EDGE_CURVE ( 'NONE', #3181, #2930, #5084, .T. ) ;
#1285 = FACE_OUTER_BOUND ( 'NONE', #2127, .T. ) ;
#1286 = DIRECTION ( 'NONE',  ( 9.992007221626412019E-15, 1.000000000000000000, 0.000000000000000000 ) ) ;
#1287 = VECTOR ( 'NONE', #3689, 1000.000000000000000 ) ;
#1288 = CIRCLE ( 'NONE', #292, 12.49999999999999645 ) ;
#1289 = VERTEX_POINT ( 'NONE', #1353 ) ;
#1290 = ORIENTED_EDGE ( 'NONE', *, *, #2012, .F. ) ;
#1291 = CARTESIAN_POINT ( 'NONE',  ( -105.7999785328200062, -13.96059585348000809, 12.16515904798996317 ) ) ;
#1292 = ADVANCED_FACE ( 'NONE', ( #4706 ), #3846, .T. ) ;
#1293 = CIRCLE ( 'NONE', #3268, 3.000000000000002665 ) ;
#1294 = EDGE_CURVE ( 'NONE', #2509, #3035, #1554, .T. ) ;
#1295 = CARTESIAN_POINT ( 'NONE',  ( -100.0000000000010800, -99.99999999999893419, -1.597362402715875680E-15 ) ) ;
#1296 = FACE_BOUND ( 'NONE', #1995, .T. ) ;
#1297 = ORIENTED_EDGE ( 'NONE', *, *, #2622, .F. ) ;
#1298 = CARTESIAN_POINT ( 'NONE',  ( -108.0257409636081860, 11.91085291551546099, 12.63736495907640922 ) ) ;
#1299 = CARTESIAN_POINT ( 'NONE',  ( -106.0992511901999933, -13.95794810327000590, 29.68356405357495120 ) ) ;
#1300 = CARTESIAN_POINT ( 'NONE',  ( 89.77495060899413204, -89.77495060899605051, 6.270020712699534648 ) ) ;
#1301 = AXIS2_PLACEMENT_3D ( 'NONE', #177, #1760, #4498 ) ;
#1302 = ADVANCED_FACE ( 'NONE', ( #1932 ), #1164, .F. ) ;
#1303 = ORIENTED_EDGE ( 'NONE', *, *, #4708, .T. ) ;
#1304 = ADVANCED_FACE ( 'NONE', ( #2295 ), #696, .F. ) ;
#1305 = CARTESIAN_POINT ( 'NONE',  ( -109.3700027464099946, 8.299570665929971724, 32.29999988787996301 ) ) ;
#1306 = DIRECTION ( 'NONE',  ( 0.03489949508389381810, -0.0003045632795613647170, 0.9993907806679517281 ) ) ;
#1307 = AXIS2_PLACEMENT_3D ( 'NONE', #3177, #436, #3629 ) ;
#1308 = VERTEX_POINT ( 'NONE', #765 ) ;
#1309 = CARTESIAN_POINT ( 'NONE',  ( -105.8493286318799989, 8.569067400099982024, 6.586795288179963848 ) ) ;
#1310 = DIRECTION ( 'NONE',  ( -1.156482317316918189E-14, -1.000000000000000000, 1.457378446665792879E-17 ) ) ;
#1311 = CARTESIAN_POINT ( 'NONE',  ( -111.3989171508447953, 3.046987313374325268, 34.21312351018958964 ) ) ;
#1312 = CARTESIAN_POINT ( 'NONE',  ( -108.1186817164007294, -13.36326495882000032, 13.24126715202970139 ) ) ;
#1313 = CARTESIAN_POINT ( 'NONE',  ( -105.8000000000000114, 13.28397628204755954, 29.87296954710540575 ) ) ;
#1314 = CONICAL_SURFACE ( 'NONE', #2627, 14.70024373400999984, 0.5235987755981996727 ) ;
#1315 = VERTEX_POINT ( 'NONE', #2731 ) ;
#1316 = CARTESIAN_POINT ( 'NONE',  ( -105.7999785328200062, 8.834840953629981897, 7.039404146519963490 ) ) ;
#1317 = DIRECTION ( 'NONE',  ( 1.071937337635886090E-14, 1.000000000000000000, -1.457378446665788873E-17 ) ) ;
#1318 = DIRECTION ( 'NONE',  ( -1.000000000000000000, -1.264818684629761841E-16, -1.040834085604003879E-17 ) ) ;
#1319 = EDGE_CURVE ( 'NONE', #2533, #3928, #3508, .T. ) ;
#1320 = VECTOR ( 'NONE', #4967, 1000.000000000000000 ) ;
#1321 = ORIENTED_EDGE ( 'NONE', *, *, #4267, .F. ) ;
#1322 = VERTEX_POINT ( 'NONE', #4315 ) ;
#1323 = CARTESIAN_POINT ( 'NONE',  ( -109.3695577068200038, -11.29999991360002909, 29.29969562901295177 ) ) ;
#1324 = CARTESIAN_POINT ( 'NONE',  ( -85.00000000000579803, -91.00000000000108002, -1.270315335508664762E-15 ) ) ;
#1325 = CARTESIAN_POINT ( 'NONE',  ( -105.7999999999999972, -10.60493127671992575, 7.039289668167923786 ) ) ;
#1326 = EDGE_CURVE ( 'NONE', #4146, #2179, #2339, .T. ) ;
#1327 = ORIENTED_EDGE ( 'NONE', *, *, #3725, .T. ) ;
#1328 = ORIENTED_EDGE ( 'NONE', *, *, #3440, .F. ) ;
#1329 = LINE ( 'NONE', #159, #4184 ) ;
#1330 = DIRECTION ( 'NONE',  ( -1.000000000000000000, -1.264818684629761841E-16, -1.040834085604003879E-17 ) ) ;
#1331 = EDGE_LOOP ( 'NONE', ( #581, #4169, #2657, #3097 ) ) ;
#1332 = CARTESIAN_POINT ( 'NONE',  ( 72.00000000000099476, 93.19999999999920703, 18.00000000000000355 ) ) ;
#1333 = CARTESIAN_POINT ( 'NONE',  ( -108.6425562047352429, -7.712729983207780471, 7.960452248707951206 ) ) ;
#1334 = ORIENTED_EDGE ( 'NONE', *, *, #3061, .F. ) ;
#1335 = CARTESIAN_POINT ( 'NONE',  ( -105.7999999999999972, 10.60493127665809254, 34.96071033181586074 ) ) ;
#1336 = ORIENTED_EDGE ( 'NONE', *, *, #4736, .T. ) ;
#1337 = EDGE_CURVE ( 'NONE', #3286, #4329, #1940, .T. ) ;
#1338 = B_SPLINE_SURFACE_WITH_KNOTS ( 'NONE', 3, 3, ( 
 ( #1159, #2725, #4310, #3082, #624 ),
 ( #4675, #1017, #3112, #760, #2747 ),
 ( #2334, #2232, #1043, #5001, #4337 ),
 ( #655, #238, #1133, #787, #2364 ),
 ( #3529, #2977, #4952, #5110, #2701 ),
 ( #4563, #1571, #206, #1415, #3918 ) ),
 .UNSPECIFIED., .F., .F., .F.,
 ( 4, 1, 1, 4 ),
 ( 4, 1, 4 ),
 ( 0.07411221525375999430, 0.4047758086538000288, 0.6203020872422000398, 0.8431112489711000135 ),
 ( -0.009978804455352999203, 0.5714285714286000406, 1.008838985554999956 ),
 .UNSPECIFIED. ) ;
#1339 = CARTESIAN_POINT ( 'NONE',  ( -105.7999622104190678, 8.888729281754285338, 34.40059614131714483 ) ) ;
#1340 = CARTESIAN_POINT ( 'NONE',  ( -109.8123006842992737, 5.384158892606442315, 34.43575110684550822 ) ) ;
#1341 = CARTESIAN_POINT ( 'NONE',  ( -111.6637071945799988, 8.564349587519982876, 31.06783436576995072 ) ) ;
#1342 = ORIENTED_EDGE ( 'NONE', *, *, #3442, .F. ) ;
#1343 = EDGE_LOOP ( 'NONE', ( #2874, #1198, #817, #4479, #2594, #4977, #2354, #4547, #4363, #1359, #1736, #3400 ) ) ;
#1344 = CARTESIAN_POINT ( 'NONE',  ( 72.00000000000096634, 89.99999999999921840, 8.000000000000000000 ) ) ;
#1345 = CARTESIAN_POINT ( 'NONE',  ( -110.8431527517099937, 11.57355120555999228, 28.67053470731895359 ) ) ;
#1346 = DIRECTION ( 'NONE',  ( -1.264818684629761841E-16, 1.000000000000000000, -2.216726102179205108E-18 ) ) ;
#1347 = ORIENTED_EDGE ( 'NONE', *, *, #1231, .T. ) ;
#1348 = DIRECTION ( 'NONE',  ( 3.054740849381649318E-17, -1.457378446665821845E-17, -1.000000000000000000 ) ) ;
#1349 = CARTESIAN_POINT ( 'NONE',  ( 66.58591166939770289, -6.620225885507406322E-13, 19.00000000000000355 ) ) ;
#1350 = CARTESIAN_POINT ( 'NONE',  ( -111.5000000000000000, 2.835239607799976636, 7.801082757799963296 ) ) ;
#1351 = ORIENTED_EDGE ( 'NONE', *, *, #2803, .F. ) ;
#1352 = VERTEX_POINT ( 'NONE', #1962 ) ;
#1353 = CARTESIAN_POINT ( 'NONE',  ( -106.0992422247299913, 8.683551245939982621, 34.95795359869995167 ) ) ;
#1354 = CARTESIAN_POINT ( 'NONE',  ( -110.8077964098246895, -4.050778557078158038, 7.703613621838332648 ) ) ;
#1355 = ORIENTED_EDGE ( 'NONE', *, *, #3697, .F. ) ;
#1356 = ADVANCED_FACE ( 'NONE', ( #720 ), #5118, .F. ) ;
#1357 = DIRECTION ( 'NONE',  ( 3.054740849381649318E-17, -1.457378446665821845E-17, -1.000000000000000000 ) ) ;
#1358 = DIRECTION ( 'NONE',  ( -3.054740849381649318E-17, 1.457378446665821845E-17, 1.000000000000000000 ) ) ;
#1359 = ORIENTED_EDGE ( 'NONE', *, *, #905, .F. ) ;
#1360 = CARTESIAN_POINT ( 'NONE',  ( -111.6286858771000112, 7.983252441289981682, 10.19038937080996376 ) ) ;
#1361 = ORIENTED_EDGE ( 'NONE', *, *, #4975, .T. ) ;
#1362 = DIRECTION ( 'NONE',  ( -1.000000000000000000, -1.264818684629761841E-16, -1.040834085604003879E-17 ) ) ;
#1363 = ADVANCED_FACE ( 'NONE', ( #2368 ), #2756, .T. ) ;
#1364 = CARTESIAN_POINT ( 'NONE',  ( -111.5000000000000000, 9.406970576230051506, 29.97267544146900065 ) ) ;
#1365 = CARTESIAN_POINT ( 'NONE',  ( -106.0992423229199915, 13.95795388073999277, 12.31644872166596372 ) ) ;
#1366 = ADVANCED_FACE ( 'NONE', ( #3879 ), #3950, .T. ) ;
#1367 = ORIENTED_EDGE ( 'NONE', *, *, #3667, .T. ) ;
#1368 = ORIENTED_EDGE ( 'NONE', *, *, #3831, .F. ) ;
#1369 = CARTESIAN_POINT ( 'NONE',  ( -115.0000000000007105, -66.58591166940416883, 17.99999999999999645 ) ) ;
#1370 = LINE ( 'NONE', #174, #4287 ) ;
#1371 = ADVANCED_FACE ( 'NONE', ( #793 ), #1485, .T. ) ;
#1372 = LINE ( 'NONE', #116, #2605 ) ;
#1373 = FACE_OUTER_BOUND ( 'NONE', #2595, .T. ) ;
#1374 = AXIS2_PLACEMENT_3D ( 'NONE', #1818, #4502, #1436 ) ;
#1376 = CARTESIAN_POINT ( 'NONE',  ( -111.5000000000000000, -1.632880357086818318E-14, 21.00000000000000355 ) ) ;
#1375 = AXIS2_PLACEMENT_3D ( 'NONE', #1996, #907, #1657 ) ;
#1377 = CIRCLE ( 'NONE', #1615, 3.000000000000002665 ) ;
#1378 = CARTESIAN_POINT ( 'NONE',  ( -66.58591166940402672, 100.0000000000007248, -2.879331377380640946E-15 ) ) ;
#1379 = B_SPLINE_CURVE_WITH_KNOTS ( 'NONE', 3,
 ( #4487, #1311, #1751, #141, #917, #1394, #4959, #4072, #4854, #2139, #243, #975, #3297, #4181, #1421, #1340, #2904, #2982, #2878 ),
 .UNSPECIFIED., .F., .F.,
 ( 4, 2, 1, 2, 2, 2, 1, 1, 2, 2, 4 ),
 ( 0.000000000000000000, 0.1250000000000025535, 0.1875000000000039413, 0.2187500000000045242, 0.2500000000000051070, 0.3750000000000108802, 0.4375000000000119904, 0.4687500000000143774, 0.4843750000000133782, 0.5000000000000124345, 1.000000000000000000 ),
 .UNSPECIFIED. ) ;
#1380 = VERTEX_POINT ( 'NONE', #1889 ) ;
#1381 = VERTEX_POINT ( 'NONE', #3856 ) ;
#1382 = CARTESIAN_POINT ( 'NONE',  ( -109.9465817677338464, 7.656655578895646741, 8.807933101446117519 ) ) ;
#1383 = VECTOR ( 'NONE', #3129, 1000.000000000000000 ) ;
#1384 = LINE ( 'NONE', #1185, #3606 ) ;
#1385 = AXIS2_PLACEMENT_3D ( 'NONE', #4462, #2955, #1099 ) ;
#1386 = ORIENTED_EDGE ( 'NONE', *, *, #4257, .T. ) ;
#1387 = DIRECTION ( 'NONE',  ( -2.500635421058798832E-16, -0.02617694830787377011, -0.9996573249755572599 ) ) ;
#1388 = CARTESIAN_POINT ( 'NONE',  ( -111.5000000000000000, -1.632880357086818318E-14, 21.00000000000000355 ) ) ;
#1389 = CIRCLE ( 'NONE', #4272, 2.750000000000000888 ) ;
#1390 = ORIENTED_EDGE ( 'NONE', *, *, #4775, .T. ) ;
#1391 = DIRECTION ( 'NONE',  ( 1.264818684629761841E-16, -1.000000000000000000, 0.000000000000000000 ) ) ;
#1392 = CARTESIAN_POINT ( 'NONE',  ( -110.5479875273399983, 13.33271386974999118, 25.44129405950995348 ) ) ;
#1393 = AXIS2_PLACEMENT_3D ( 'NONE', #4273, #3026, #4297 ) ;
#1394 = CARTESIAN_POINT ( 'NONE',  ( -110.9097920877586176, 3.893518075475508322, 34.28192411307035314 ) ) ;
#1395 = CARTESIAN_POINT ( 'NONE',  ( 66.58591166939871187, 92.46713134024905401, 215.7131348875450385 ) ) ;
#1396 = VERTEX_POINT ( 'NONE', #3089 ) ;
#1397 = VERTEX_POINT ( 'NONE', #304 ) ;
#1398 = ADVANCED_FACE ( 'NONE', ( #5047 ), #4657, .F. ) ;
#1399 = CARTESIAN_POINT ( 'NONE',  ( -108.4763103560187716, 11.71491096493255135, 29.32857112937064059 ) ) ;
#1400 = CARTESIAN_POINT ( 'NONE',  ( -108.2520478353800115, 12.16805922439999144, 29.33313367106795155 ) ) ;
#1401 = LINE ( 'NONE', #3272, #5083 ) ;
#1402 = B_SPLINE_CURVE_WITH_KNOTS ( 'NONE', 3,
 ( #1622, #3218, #3555, #3532, #3946, #4806, #1959, #2748, #3193, #4391, #95, #2807, #1572, #1594, #1262, #4338, #2413, #3996, #449 ),
 .UNSPECIFIED., .F., .F.,
 ( 4, 2, 1, 2, 2, 2, 1, 1, 2, 2, 4 ),
 ( 0.000000000000000000, 0.1249999999999916456, 0.1874999999999892308, 0.2187499999999872602, 0.2499999999999852895, 0.3749999999999751310, 0.4374999999999688582, 0.4687499999999676925, 0.4843749999999690803, 0.4999999999999704681, 1.000000000000000000 ),
 .UNSPECIFIED. ) ;
#1403 = CARTESIAN_POINT ( 'NONE',  ( -108.8653546714583342, 11.54059457426363444, 12.69329751590182553 ) ) ;
#1404 = AXIS2_PLACEMENT_3D ( 'NONE', #3618, #2448, #4032 ) ;
#1405 = ADVANCED_FACE ( 'NONE', ( #742 ), #2317, .F. ) ;
#1406 = CARTESIAN_POINT ( 'NONE',  ( -105.9066649779773286, -8.783965093069998176, 7.040201756219129692 ) ) ;
#1407 = DIRECTION ( 'NONE',  ( 0.000000000000000000, -0.2100177487261056242, -0.9776975734960265951 ) ) ;
#1408 = LINE ( 'NONE', #3703, #3456 ) ;
#1409 = AXIS2_PLACEMENT_3D ( 'NONE', #3774, #4110, #226 ) ;
#1410 = ORIENTED_EDGE ( 'NONE', *, *, #4392, .T. ) ;
#1411 = ORIENTED_EDGE ( 'NONE', *, *, #3475, .T. ) ;
#1412 = CARTESIAN_POINT ( 'NONE',  ( -105.7999999999999972, -10.60493127671992575, 7.039289668167923786 ) ) ;
#1413 = LINE ( 'NONE', #3022, #48 ) ;
#1414 = VECTOR ( 'NONE', #5098, 1000.000000000000000 ) ;
#1415 = CARTESIAN_POINT ( 'NONE',  ( -112.0756043910899962, 10.25984046236999170, 12.74466261919496546 ) ) ;
#1416 = CARTESIAN_POINT ( 'NONE',  ( -115.0000000000027001, 66.58591166939854133, 17.99999999999999645 ) ) ;
#1417 = CARTESIAN_POINT ( 'NONE',  ( -110.5169603905602003, -11.78367955173256121, 28.68382211577404561 ) ) ;
#1418 = ORIENTED_EDGE ( 'NONE', *, *, #163, .F. ) ;
#1419 = CARTESIAN_POINT ( 'NONE',  ( -105.7999998503100016, 12.78091651219999214, 12.30911613937496263 ) ) ;
#1420 = CARTESIAN_POINT ( 'NONE',  ( -111.5000000000000000, 10.76929543588233251, 12.85422385063153428 ) ) ;
#1421 = CARTESIAN_POINT ( 'NONE',  ( -109.8359210964026289, 5.355731102759292206, 34.43243054088260635 ) ) ;
#1422 = CARTESIAN_POINT ( 'NONE',  ( 72.00000000000096634, 89.99999999999923261, 216.0010000000000048 ) ) ;
#1423 = VERTEX_POINT ( 'NONE', #1597 ) ;
#1424 = ORIENTED_EDGE ( 'NONE', *, *, #4587, .F. ) ;
#1425 = CARTESIAN_POINT ( 'NONE',  ( -109.9513716421362375, 8.314327734309220119, 9.993432148337713983 ) ) ;
#1426 = CARTESIAN_POINT ( 'NONE',  ( -111.5380000419099957, 9.983122821179984285, 29.60440234574194918 ) ) ;
#1427 = ADVANCED_FACE ( 'NONE', ( #3162, #1990 ), #796, .F. ) ;
#1428 = CARTESIAN_POINT ( 'NONE',  ( -105.7999999999999829, -8.851081211030839668, 34.18197792807262658 ) ) ;
#1429 = DIRECTION ( 'NONE',  ( 0.000000000000000000, -1.000000000000000000, 0.000000000000000000 ) ) ;
#1430 = DIRECTION ( 'NONE',  ( -1.000000000000000000, -1.264818684629761841E-16, -1.040834085604003879E-17 ) ) ;
#1431 = EDGE_CURVE ( 'NONE', #3595, #2533, #821, .T. ) ;
#1432 = CARTESIAN_POINT ( 'NONE',  ( -5.549776310005766474E-15, 2.647728490505571102E-15, 181.6774837423334930 ) ) ;
#1433 = EDGE_CURVE ( 'NONE', #3351, #4320, #3098, .T. ) ;
#1434 = ORIENTED_EDGE ( 'NONE', *, *, #2125, .T. ) ;
#1435 = ORIENTED_EDGE ( 'NONE', *, *, #3560, .F. ) ;
#1436 = DIRECTION ( 'NONE',  ( 0.000000000000000000, 1.000000000000000000, 0.000000000000000000 ) ) ;
#1437 = CARTESIAN_POINT ( 'NONE',  ( -104.6612685358934982, 13.97066665387642814, 9.700000000000004619 ) ) ;
#1438 = DIRECTION ( 'NONE',  ( 0.000000000000000000, -1.000000000000000000, 0.000000000000000000 ) ) ;
#1439 = DIRECTION ( 'NONE',  ( 1.000000000000000000, 0.000000000000000000, 3.054740849381646853E-17 ) ) ;
#1440 = VERTEX_POINT ( 'NONE', #4421 ) ;
#1441 = CARTESIAN_POINT ( 'NONE',  ( -105.8000115919012813, 13.48128445216955562, 12.10458184700475037 ) ) ;
#1442 = CARTESIAN_POINT ( 'NONE',  ( -108.7999999999999972, 11.29999999999999183, 9.700000000000004619 ) ) ;
#1443 = CARTESIAN_POINT ( 'NONE',  ( -106.0992439128390998, 2.894514674736658133, 34.95794401070997992 ) ) ;
#1444 = DIRECTION ( 'NONE',  ( 1.071937337635886090E-14, 1.000000000000000000, 0.000000000000000000 ) ) ;
#1445 = VERTEX_POINT ( 'NONE', #4396 ) ;
#1446 = EDGE_LOOP ( 'NONE', ( #2634, #420 ) ) ;
#1447 = CARTESIAN_POINT ( 'NONE',  ( -108.7741200090450775, 11.58112143922378401, 29.31319495676026321 ) ) ;
#1448 = CARTESIAN_POINT ( 'NONE',  ( -105.7999999999999972, 11.29999999999999183, 9.700000000000004619 ) ) ;
#1449 = CARTESIAN_POINT ( 'NONE',  ( -105.7999785328200062, -8.834840958080018680, 34.96059585348995569 ) ) ;
#1450 = CARTESIAN_POINT ( 'NONE',  ( -110.0830511118084019, 5.049693795362214743, 7.601943587511757805 ) ) ;
#1451 = EDGE_CURVE ( 'NONE', #374, #3791, #2419, .T. ) ;
#1452 = CARTESIAN_POINT ( 'NONE',  ( -94.93629273636764765, 12.45643694941315971, 1.649786687013075737 ) ) ;
#1453 = DIRECTION ( 'NONE',  ( -0.03487826274237430801, 0.03487826274237507129, -0.9987827659587181772 ) ) ;
#1454 = CARTESIAN_POINT ( 'NONE',  ( -94.85422147900877121, -13.06671984895806382, 4.000000000000001776 ) ) ;
#1455 = AXIS2_PLACEMENT_3D ( 'NONE', #3591, #2048, #1631 ) ;
#1456 = EDGE_LOOP ( 'NONE', ( #1153, #2515, #2104, #234, #2917, #3469, #3709, #1766, #4269, #694 ) ) ;
#1457 = ORIENTED_EDGE ( 'NONE', *, *, #3761, .F. ) ;
#1458 = CARTESIAN_POINT ( 'NONE',  ( -105.7999999999999972, -9.424781697260007363, 7.039372141901619528 ) ) ;
#1459 = EDGE_CURVE ( 'NONE', #3351, #4583, #2929, .T. ) ;
#1460 = CARTESIAN_POINT ( 'NONE',  ( -108.7999999999999972, 11.29999999999999183, 32.30000000000001137 ) ) ;
#1461 = EDGE_CURVE ( 'NONE', #1124, #566, #3269, .T. ) ;
#1462 = CIRCLE ( 'NONE', #4339, 94.33650537965678495 ) ;
#1463 = FACE_OUTER_BOUND ( 'NONE', #3975, .T. ) ;
#1464 = CARTESIAN_POINT ( 'NONE',  ( 79.08591166939854133, 79.08591166940016137, 216.5000000000000000 ) ) ;
#1465 = CIRCLE ( 'NONE', #1866, 13.49999999999999645 ) ;
#1466 = EDGE_LOOP ( 'NONE', ( #3868, #2443, #3160, #1639 ) ) ;
#1467 = CARTESIAN_POINT ( 'NONE',  ( -105.7999962200358937, 13.08535627596313233, 12.17714924749134831 ) ) ;
#1468 = DIRECTION ( 'NONE',  ( 0.000000000000000000, 0.4250068432727227563, -0.9051901364748488055 ) ) ;
#1469 = ADVANCED_FACE ( 'NONE', ( #5120 ), #75, .F. ) ;
#1470 = AXIS2_PLACEMENT_3D ( 'NONE', #2663, #2164, #288 ) ;
#1471 = CARTESIAN_POINT ( 'NONE',  ( -105.8000214844026345, -8.859027298439388076, 7.781255127680916317 ) ) ;
#1472 = FACE_OUTER_BOUND ( 'NONE', #482, .T. ) ;
#1473 = AXIS2_PLACEMENT_3D ( 'NONE', #4908, #1827, #268 ) ;
#1474 = EDGE_LOOP ( 'NONE', ( #3175, #3008, #2767, #4370 ) ) ;
#1475 = CARTESIAN_POINT ( 'NONE',  ( -111.2046741576399995, -5.121061853220017390, 33.67507286843994763 ) ) ;
#1476 = CIRCLE ( 'NONE', #4528, 2.750000000000000888 ) ;
#1477 = CARTESIAN_POINT ( 'NONE',  ( -106.7847825652550426, 8.325548335022482149, 34.86159783627866204 ) ) ;
#1478 = CARTESIAN_POINT ( 'NONE',  ( -111.5000000000000000, 2.835239607799976636, 7.801082757799963296 ) ) ;
#1479 = CARTESIAN_POINT ( 'NONE',  ( -90.01824925137923117, 100.0121575215721776, -0.3481458670082502316 ) ) ;
#1480 = CARTESIAN_POINT ( 'NONE',  ( -103.7785283966503442, -11.30000000000000604, 34.97837021036679772 ) ) ;
#1481 = CARTESIAN_POINT ( 'NONE',  ( -109.7825718950396379, -6.858265143035407796, 33.78541654187437615 ) ) ;
#1482 = CONICAL_SURFACE ( 'NONE', #1404, 2.680364547471000058, 0.008726646259969245145 ) ;
#1483 = ORIENTED_EDGE ( 'NONE', *, *, #2020, .F. ) ;
#1484 = ORIENTED_EDGE ( 'NONE', *, *, #4699, .F. ) ;
#1485 = PLANE ( 'NONE',  #4506 ) ;
#1486 = DIRECTION ( 'NONE',  ( -1.000000000000000000, -1.264818684629761841E-16, -1.040834085604003879E-17 ) ) ;
#1487 = VECTOR ( 'NONE', #3608, 1000.000000000000227 ) ;
#1488 = CARTESIAN_POINT ( 'NONE',  ( -107.6767306169683138, -8.397202831749272178, 8.942424381634664243 ) ) ;
#1489 = EDGE_CURVE ( 'NONE', #801, #4402, #1619, .T. ) ;
#1490 = EDGE_LOOP ( 'NONE', ( #640, #4877, #2558, #3377, #4566 ) ) ;
#1491 = FACE_OUTER_BOUND ( 'NONE', #3609, .T. ) ;
#1492 = AXIS2_PLACEMENT_3D ( 'NONE', #500, #2083, #3940 ) ;
#1493 = CARTESIAN_POINT ( 'NONE',  ( 0.000000000000000000, 0.000000000000000000, 0.000000000000000000 ) ) ;
#1494 = FACE_OUTER_BOUND ( 'NONE', #1841, .T. ) ;
#1495 = CARTESIAN_POINT ( 'NONE',  ( -109.6069405210436685, -5.626695699780407622, 34.46496403295802935 ) ) ;
#1496 = EDGE_CURVE ( 'NONE', #4817, #302, #4937, .T. ) ;
#1497 = VERTEX_POINT ( 'NONE', #4345 ) ;
#1498 = CARTESIAN_POINT ( 'NONE',  ( -108.7999999999999972, 8.549999999999991829, 32.30000000000001137 ) ) ;
#1499 = DIRECTION ( 'NONE',  ( 3.054740849381649318E-17, -1.457378446665821845E-17, -1.000000000000000000 ) ) ;
#1500 = DIRECTION ( 'NONE',  ( 3.054740849381649318E-17, -1.457378446665821845E-17, -1.000000000000000000 ) ) ;
#1501 = CARTESIAN_POINT ( 'NONE',  ( -66.58591166940426831, 79.08591166939801553, 216.5000000000000000 ) ) ;
#1502 = CARTESIAN_POINT ( 'NONE',  ( -105.7999965855265572, -13.08888962399099398, 29.82399345855314365 ) ) ;
#1503 = ORIENTED_EDGE ( 'NONE', *, *, #983, .F. ) ;
#1504 = ORIENTED_EDGE ( 'NONE', *, *, #2418, .T. ) ;
#1505 = DIRECTION ( 'NONE',  ( 1.264818684629761841E-16, -1.000000000000000000, 0.000000000000000000 ) ) ;
#1506 = DIRECTION ( 'NONE',  ( 0.000000000000000000, -0.4250068446620199891, 0.9051901358225429295 ) ) ;
#1507 = DIRECTION ( 'NONE',  ( -1.000000000000000000, 1.071937337635886090E-14, -3.054740849381664725E-17 ) ) ;
#1508 = VERTEX_POINT ( 'NONE', #1678 ) ;
#1509 = DIRECTION ( 'NONE',  ( -9.251858538542962756E-15, -1.000000000000000000, 0.000000000000000000 ) ) ;
#1510 = FACE_OUTER_BOUND ( 'NONE', #4791, .T. ) ;
#1511 = EDGE_CURVE ( 'NONE', #1553, #2866, #214, .T. ) ;
#1512 = CARTESIAN_POINT ( 'NONE',  ( -105.7999999999999972, 13.96071033183203269, 10.39506872328004228 ) ) ;
#1513 = LINE ( 'NONE', #1121, #381 ) ;
#1514 = VERTEX_POINT ( 'NONE', #458 ) ;
#1515 = LINE ( 'NONE', #1922, #4875 ) ;
#1516 = DIRECTION ( 'NONE',  ( 3.054740849381649318E-17, -1.457378446665821845E-17, -1.000000000000000000 ) ) ;
#1517 = EDGE_CURVE ( 'NONE', #3232, #1315, #2038, .T. ) ;
#1518 = EDGE_CURVE ( 'NONE', #32, #2565, #4712, .T. ) ;
#1519 = CARTESIAN_POINT ( 'NONE',  ( -110.9799949670175181, 7.707053525910462888, 32.45531110163828004 ) ) ;
#1520 = DIRECTION ( 'NONE',  ( -1.000000000000000000, 1.058059549828071791E-14, -3.054740849381660411E-17 ) ) ;
#1521 = EDGE_CURVE ( 'NONE', #1440, #1038, #883, .T. ) ;
#1522 = DIRECTION ( 'NONE',  ( -3.054740849381649318E-17, 1.457378446665821845E-17, 1.000000000000000000 ) ) ;
#1523 = DIRECTION ( 'NONE',  ( -0.9993908270190953180, 0.000000000000000000, 0.03489949670251143998 ) ) ;
#1524 = ORIENTED_EDGE ( 'NONE', *, *, #3403, .F. ) ;
#1525 = ORIENTED_EDGE ( 'NONE', *, *, #1451, .T. ) ;
#1526 = CARTESIAN_POINT ( 'NONE',  ( -114.2000000000000028, -10.27680088562000904, 33.75293548784995323 ) ) ;
#1527 = LINE ( 'NONE', #1912, #450 ) ;
#1528 = DIRECTION ( 'NONE',  ( 1.000000000000000000, 1.264818684629761841E-16, 1.040834085604003879E-17 ) ) ;
#1529 = ORIENTED_EDGE ( 'NONE', *, *, #4167, .T. ) ;
#1530 = CARTESIAN_POINT ( 'NONE',  ( -105.7999785328200062, -13.96059585348000809, 12.16515904798996317 ) ) ;
#1531 = VECTOR ( 'NONE', #1249, 1000.000000000000000 ) ;
#1532 = DIRECTION ( 'NONE',  ( -1.110223024625156856E-14, -1.000000000000000000, 0.000000000000000000 ) ) ;
#1533 = CIRCLE ( 'NONE', #4749, 2.750000000000000888 ) ;
#1534 = CARTESIAN_POINT ( 'NONE',  ( -105.2295311450799886, -12.96350004962000746, 29.80317140730895531 ) ) ;
#1535 = CARTESIAN_POINT ( 'NONE',  ( -110.0762380310328012, -5.058302161085864945, 34.39901389671270238 ) ) ;
#1536 = VECTOR ( 'NONE', #2224, 1000.000000000000000 ) ;
#1537 = AXIS2_PLACEMENT_3D ( 'NONE', #2776, #2311, #1568 ) ;
#1538 = ORIENTED_EDGE ( 'NONE', *, *, #1711, .F. ) ;
#1539 = CARTESIAN_POINT ( 'NONE',  ( -111.0104658841273135, -13.26768107414450348, 24.73454658788172722 ) ) ;
#1540 = CARTESIAN_POINT ( 'NONE',  ( -111.2075410030138585, 10.26872187539215986, 29.46998712531727094 ) ) ;
#1541 = CIRCLE ( 'NONE', #1869, 2.750000000000000888 ) ;
#1542 = VECTOR ( 'NONE', #3605, 1000.000000000000000 ) ;
#1543 = CARTESIAN_POINT ( 'NONE',  ( -109.4702188264143103, 7.654666490798948786, 33.51681180702394158 ) ) ;
#1544 = EDGE_CURVE ( 'NONE', #72, #1558, #3931, .T. ) ;
#1545 = VECTOR ( 'NONE', #256, 1000.000000000000000 ) ;
#1546 = CARTESIAN_POINT ( 'NONE',  ( -95.86186342883412692, 100.0000000000010942, -4.385709947804880969E-15 ) ) ;
#1547 = ORIENTED_EDGE ( 'NONE', *, *, #5112, .T. ) ;
#1548 = CARTESIAN_POINT ( 'NONE',  ( -112.0756029062800110, 8.255338195919982525, 31.25984059078995614 ) ) ;
#1549 = CONICAL_SURFACE ( 'NONE', #717, 14.70029329942999929, 0.5235987755981996727 ) ;
#1550 = CARTESIAN_POINT ( 'NONE',  ( -105.7999999999999972, -11.30000000000000604, 9.700000000000004619 ) ) ;
#1551 = EDGE_CURVE ( 'NONE', #1110, #3282, #569, .T. ) ;
#1552 = ORIENTED_EDGE ( 'NONE', *, *, #363, .F. ) ;
#1553 = VERTEX_POINT ( 'NONE', #2498 ) ;
#1554 = LINE ( 'NONE', #4270, #2677 ) ;
#1555 = FACE_OUTER_BOUND ( 'NONE', #3019, .T. ) ;
#1556 = CARTESIAN_POINT ( 'NONE',  ( -110.8812642739799941, -5.308398828810018344, 33.80014252260994567 ) ) ;
#1557 = B_SPLINE_CURVE_WITH_KNOTS ( 'NONE', 3,
 ( #3109, #4284, #734, #1567, #2242, #3426, #5015, #1086, #1477, #3038, #4629, #4439 ),
 .UNSPECIFIED., .F., .F.,
 ( 4, 1, 1, 1, 1, 2, 2, 4 ),
 ( 0.000000000000000000, 0.2499999999997745137, 0.3749999999996617150, 0.4374999999996185829, 0.4687499999995970446, 0.4843749999995881073, 0.4999999999995792255, 1.000000000000000000 ),
 .UNSPECIFIED. ) ;
#1558 = VERTEX_POINT ( 'NONE', #1324 ) ;
#1559 = PLANE ( 'NONE',  #4258 ) ;
#1560 = FACE_OUTER_BOUND ( 'NONE', #848, .T. ) ;
#1561 = ORIENTED_EDGE ( 'NONE', *, *, #1828, .T. ) ;
#1562 = CARTESIAN_POINT ( 'NONE',  ( -105.7999999999999972, 13.96065963554974765, 31.01490117764321752 ) ) ;
#1563 = DIRECTION ( 'NONE',  ( 0.000000000000000000, 1.000000000000000000, 0.000000000000000000 ) ) ;
#1564 = VECTOR ( 'NONE', #2064, 1000.000000000000114 ) ;
#1565 = ORIENTED_EDGE ( 'NONE', *, *, #4876, .T. ) ;
#1566 = CARTESIAN_POINT ( 'NONE',  ( -105.8499663844599894, -8.566674426170017398, 6.584267787049962628 ) ) ;
#1567 = CARTESIAN_POINT ( 'NONE',  ( -106.6167466940397048, 8.421657929371040296, 34.88521373787922641 ) ) ;
#1568 = DIRECTION ( 'NONE',  ( 1.264818684629761841E-16, -1.000000000000000000, 0.000000000000000000 ) ) ;
#1569 = B_SPLINE_CURVE_WITH_KNOTS ( 'NONE', 3,
 ( #3390, #4978, #1070, #4584, #1764, #2559, #653, #1382, #1040, #2609, #2230, #3021 ),
 .UNSPECIFIED., .F., .F.,
 ( 4, 2, 2, 2, 2, 4 ),
 ( 0.000000000000000000, 0.2500000000000097145, 0.3750000000000112133, 0.4375000000000081046, 0.5000000000000049960, 1.000000000000000000 ),
 .UNSPECIFIED. ) ;
#1570 = EDGE_CURVE ( 'NONE', #1281, #2831, #3386, .T. ) ;
#1571 = CARTESIAN_POINT ( 'NONE',  ( -111.6637076764600067, 10.06783399010999247, 12.43565029627696283 ) ) ;
#1572 = CARTESIAN_POINT ( 'NONE',  ( -109.9466552411101219, 13.41689817611686131, 15.77894582928871614 ) ) ;
#1573 = ORIENTED_EDGE ( 'NONE', *, *, #2357, .T. ) ;
#1574 = ORIENTED_EDGE ( 'NONE', *, *, #1801, .T. ) ;
#1575 = CARTESIAN_POINT ( 'NONE',  ( -111.5000000000000000, -1.632880357086818318E-14, 21.00000000000000355 ) ) ;
#1576 = CARTESIAN_POINT ( 'NONE',  ( -94.85422147900877121, -13.06671984895806382, 4.000000000000001776 ) ) ;
#1577 = ADVANCED_FACE ( 'NONE', ( #155 ), #2529, .T. ) ;
#1578 = ADVANCED_FACE ( 'NONE', ( #4473 ), #2208, .T. ) ;
#1579 = CARTESIAN_POINT ( 'NONE',  ( -72.62469504755537741, -90.78086880944222514, 0.000000000000000000 ) ) ;
#1580 = ORIENTED_EDGE ( 'NONE', *, *, #1834, .T. ) ;
#1581 = DIRECTION ( 'NONE',  ( -1.000000000000000000, -1.264818684629761841E-16, -1.040834085604003879E-17 ) ) ;
#1582 = DIRECTION ( 'NONE',  ( 0.000000000000000000, -0.8122269964013935084, -0.5833415005952953258 ) ) ;
#1583 = ORIENTED_EDGE ( 'NONE', *, *, #2020, .T. ) ;
#1584 = EDGE_CURVE ( 'NONE', #3631, #3837, #2578, .T. ) ;
#1585 = DIRECTION ( 'NONE',  ( -1.000000000000000000, -1.264818684629761841E-16, -1.040834085604003879E-17 ) ) ;
#1586 = PLANE ( 'NONE',  #3787 ) ;
#1587 = ORIENTED_EDGE ( 'NONE', *, *, #1918, .F. ) ;
#1588 = CARTESIAN_POINT ( 'NONE',  ( -101.2999999999999972, -14.00000000000000711, 32.30000000000001137 ) ) ;
#1589 = CARTESIAN_POINT ( 'NONE',  ( -107.7724587569099981, -8.329330157590026928, 8.966001136919961922 ) ) ;
#1590 = LINE ( 'NONE', #1204, #484 ) ;
#1591 = ORIENTED_EDGE ( 'NONE', *, *, #4042, .F. ) ;
#1592 = CARTESIAN_POINT ( 'NONE',  ( -66.58591166940149719, 6.625763923605114868E-13, 18.99999999999999645 ) ) ;
#1593 = DIRECTION ( 'NONE',  ( -0.008726535498373882635, 0.9999619230641713097, -2.307470452001066433E-18 ) ) ;
#1594 = CARTESIAN_POINT ( 'NONE',  ( -109.8803696777631700, 13.42619080858522018, 15.69812209036200379 ) ) ;
#1595 = ORIENTED_EDGE ( 'NONE', *, *, #2390, .T. ) ;
#1596 = ORIENTED_EDGE ( 'NONE', *, *, #1570, .F. ) ;
#1597 = CARTESIAN_POINT ( 'NONE',  ( -103.8720591453801916, -13.97755397988746928, 32.30000000000001137 ) ) ;
#1598 = DIRECTION ( 'NONE',  ( 3.054740849381649318E-17, -1.457378446665821845E-17, -1.000000000000000000 ) ) ;
#1599 = CARTESIAN_POINT ( 'NONE',  ( -107.6768016879790650, 8.397195345145572531, 33.05754692894808500 ) ) ;
#1600 = CARTESIAN_POINT ( 'NONE',  ( -111.5000000000000000, 8.382136802502378359, 31.45582767404708235 ) ) ;
#1601 = EDGE_CURVE ( 'NONE', #1224, #1206, #757, .T. ) ;
#1602 = ORIENTED_EDGE ( 'NONE', *, *, #1045, .T. ) ;
#1603 = CARTESIAN_POINT ( 'NONE',  ( -105.7999998503100016, 12.78091651219999214, 12.30911613937496263 ) ) ;
#1604 = PLANE ( 'NONE',  #4670 ) ;
#1605 = EDGE_CURVE ( 'NONE', #3070, #4817, #2858, .T. ) ;
#1606 = CARTESIAN_POINT ( 'NONE',  ( -105.8000000000000114, 8.893273670968252276, 7.216356368533367593 ) ) ;
#1607 = VERTEX_POINT ( 'NONE', #1708 ) ;
#1608 = CARTESIAN_POINT ( 'NONE',  ( -110.3315155297099892, -11.54264327462000672, 29.08570767937495560 ) ) ;
#1609 = DIRECTION ( 'NONE',  ( 1.000000000000000000, 1.264818684629761841E-16, 1.040834085604003879E-17 ) ) ;
#1610 = ORIENTED_EDGE ( 'NONE', *, *, #5115, .T. ) ;
#1611 = CARTESIAN_POINT ( 'NONE',  ( -100.0000000000010942, -95.86186342883412692, -1.657670713197627213E-15 ) ) ;
#1612 = ADVANCED_FACE ( 'NONE', ( #617 ), #1055, .T. ) ;
#1613 = LINE ( 'NONE', #2331, #2204 ) ;
#1614 = AXIS2_PLACEMENT_3D ( 'NONE', #942, #169, #2511 ) ;
#1615 = AXIS2_PLACEMENT_3D ( 'NONE', #4576, #1500, #1132 ) ;
#1616 = CARTESIAN_POINT ( 'NONE',  ( 89.77495060899606472, 99.76885887918514584, 6.619015679724540746 ) ) ;
#1617 = ORIENTED_EDGE ( 'NONE', *, *, #125, .T. ) ;
#1618 = AXIS2_PLACEMENT_3D ( 'NONE', #4025, #195, #1778 ) ;
#1619 = CIRCLE ( 'NONE', #3600, 2.750000000000000888 ) ;
#1620 = CARTESIAN_POINT ( 'NONE',  ( 100.0000000000007105, 66.58591166939991979, 2.084332124195891697E-15 ) ) ;
#1621 = AXIS2_PLACEMENT_3D ( 'NONE', #4874, #1330, #81 ) ;
#1622 = CARTESIAN_POINT ( 'NONE',  ( -111.5000000000000000, 13.19891724219999141, 18.16476039219795169 ) ) ;
#1623 = ORIENTED_EDGE ( 'NONE', *, *, #5023, .F. ) ;
#1624 = ORIENTED_EDGE ( 'NONE', *, *, #5033, .F. ) ;
#1625 = CARTESIAN_POINT ( 'NONE',  ( -95.23328957798260319, 99.37142614914954208, 17.99999999999999645 ) ) ;
#1626 = VECTOR ( 'NONE', #1934, 1000.000000000000000 ) ;
#1627 = DIRECTION ( 'NONE',  ( 1.000000000000000000, 1.264818684629761841E-16, 1.040834085604003879E-17 ) ) ;
#1628 = CARTESIAN_POINT ( 'NONE',  ( -111.5000000000000000, -7.943315342210746977, 33.77510698908070452 ) ) ;
#1629 = ORIENTED_EDGE ( 'NONE', *, *, #4077, .T. ) ;
#1630 = CARTESIAN_POINT ( 'NONE',  ( -107.7525301986361654, 12.02609475905641290, 12.61090831028794668 ) ) ;
#1631 = DIRECTION ( 'NONE',  ( -1.110223024625156856E-14, -1.000000000000000000, 0.000000000000000000 ) ) ;
#1632 = CARTESIAN_POINT ( 'NONE',  ( -111.3989171507972031, -3.046987313472031556, 7.786876489805259816 ) ) ;
#1633 = VERTEX_POINT ( 'NONE', #2864 ) ;
#1634 = EDGE_CURVE ( 'NONE', #2571, #1909, #3362, .T. ) ;
#1635 = CARTESIAN_POINT ( 'NONE',  ( -111.8841983891700096, -10.19293810938000711, 29.44475725416495493 ) ) ;
#1636 = CARTESIAN_POINT ( 'NONE',  ( -108.7999999999999972, 14.04999999999999361, 32.30000000000001137 ) ) ;
#1637 = UNCERTAINTY_MEASURE_WITH_UNIT (LENGTH_MEASURE( 1.000000000000000082E-05 ), #4637, 'distance_accuracy_value', 'NONE');
#1638 = ORIENTED_EDGE ( 'NONE', *, *, #3908, .F. ) ;
#1639 = ORIENTED_EDGE ( 'NONE', *, *, #4708, .F. ) ;
#1640 = CARTESIAN_POINT ( 'NONE',  ( -106.7899767529900004, 8.246285225799992347, 7.028237914789963625 ) ) ;
#1641 = CARTESIAN_POINT ( 'NONE',  ( -106.7892970023714696, -8.322869580935389422, 7.139036626481895631 ) ) ;
#1642 = CARTESIAN_POINT ( 'NONE',  ( -128.8000000000000114, 1.934822778363674845E-13, 8.000000000000003553 ) ) ;
#1643 = FACE_OUTER_BOUND ( 'NONE', #933, .T. ) ;
#1644 = AXIS2_PLACEMENT_3D ( 'NONE', #4860, #3554, #3971 ) ;
#1645 = EDGE_CURVE ( 'NONE', #2350, #1497, #2771, .T. ) ;
#1646 = ORIENTED_EDGE ( 'NONE', *, *, #4360, .F. ) ;
#1647 = CARTESIAN_POINT ( 'NONE',  ( -108.8010460365710372, -11.56715281855923116, 12.68808144930032356 ) ) ;
#1648 = CIRCLE ( 'NONE', #4628, 3.000000000000002665 ) ;
#1649 = DIRECTION ( 'NONE',  ( 0.000000000000000000, -1.000000000000000000, 0.000000000000000000 ) ) ;
#1650 = DIRECTION ( 'NONE',  ( 1.071937337635886247E-14, 1.000000000000000000, -1.457378446665789181E-17 ) ) ;
#1651 = ORIENTED_EDGE ( 'NONE', *, *, #1551, .F. ) ;
#1652 = ORIENTED_EDGE ( 'NONE', *, *, #4114, .T. ) ;
#1653 = CARTESIAN_POINT ( 'NONE',  ( 1.059826132889536024E-31, -5.056297209627629379E-32, -3.469446951953614978E-15 ) ) ;
#1654 = CARTESIAN_POINT ( 'NONE',  ( -109.8181081004933617, 12.28014258880888221, 28.65567638162418973 ) ) ;
#1655 = CARTESIAN_POINT ( 'NONE',  ( -107.2232461128480310, -8.448000261837407265, 8.755547008674524179 ) ) ;
#1656 = VERTEX_POINT ( 'NONE', #1785 ) ;
#1657 = DIRECTION ( 'NONE',  ( 0.03489949670251162733, 0.000000000000000000, 0.9993908270190953180 ) ) ;
#1658 = DIRECTION ( 'NONE',  ( 0.000000000000000000, 0.4250068432727227563, -0.9051901364748488055 ) ) ;
#1659 = CARTESIAN_POINT ( 'NONE',  ( -72.62469504755537741, -90.78086880944222514, 216.0010000000000048 ) ) ;
#1660 = VERTEX_POINT ( 'NONE', #2554 ) ;
#1661 = CARTESIAN_POINT ( 'NONE',  ( -107.9347281689999960, -12.29614617790000608, 29.39150867255495569 ) ) ;
#1662 = DIRECTION ( 'NONE',  ( 3.054740849381649318E-17, -1.457378446665821845E-17, -1.000000000000000000 ) ) ;
#1663 = ORIENTED_EDGE ( 'NONE', *, *, #3270, .F. ) ;
#1664 = CARTESIAN_POINT ( 'NONE',  ( -7.400695287179103062E-13, -66.58591166940171036, 19.00000000000000000 ) ) ;
#1665 = EDGE_CURVE ( 'NONE', #3371, #3152, #2173, .T. ) ;
#1666 = CARTESIAN_POINT ( 'NONE',  ( -106.7540450781808232, -8.343603365539124184, 7.134082291631278494 ) ) ;
#1667 = CARTESIAN_POINT ( 'NONE',  ( -141.8000000000000114, -13.00000000000004441, 13.38477631085018515 ) ) ;
#1668 = CARTESIAN_POINT ( 'NONE',  ( -110.5639067947499967, 7.603453538639982412, 32.81275553314995364 ) ) ;
#1669 = ORIENTED_EDGE ( 'NONE', *, *, #2206, .F. ) ;
#1670 = ADVANCED_FACE ( 'NONE', ( #4946 ), #928, .T. ) ;
#1671 = DIRECTION ( 'NONE',  ( 1.071937337635886090E-14, 1.000000000000000000, 0.000000000000000000 ) ) ;
#1672 = CARTESIAN_POINT ( 'NONE',  ( -92.40282721070009586, -19.00246749018443992, 18.99999999999999645 ) ) ;
#1673 = CARTESIAN_POINT ( 'NONE',  ( -108.7999999999999972, 11.29999999999999183, 9.700000000000004619 ) ) ;
#1674 = ORIENTED_EDGE ( 'NONE', *, *, #2268, .T. ) ;
#1675 = ORIENTED_EDGE ( 'NONE', *, *, #4050, .F. ) ;
#1676 = EDGE_CURVE ( 'NONE', #553, #1315, #4083, .T. ) ;
#1677 = FACE_OUTER_BOUND ( 'NONE', #105, .T. ) ;
#1678 = CARTESIAN_POINT ( 'NONE',  ( -92.40282721069965532, 19.00246749018645076, 18.99999999999999645 ) ) ;
#1679 = DIRECTION ( 'NONE',  ( -3.054740849381649318E-17, 1.457378446665821845E-17, 1.000000000000000000 ) ) ;
#1680 = EDGE_LOOP ( 'NONE', ( #853, #3626, #4870, #2270, #126, #2392, #685 ) ) ;
#1681 = DIRECTION ( 'NONE',  ( -1.000000000000000000, -1.264818684629761841E-16, -1.040834085604003879E-17 ) ) ;
#1682 = CARTESIAN_POINT ( 'NONE',  ( -106.0992518847966863, -13.95794289032440716, 18.10548997221034284 ) ) ;
#1683 = CARTESIAN_POINT ( 'NONE',  ( -89.37751787895861355, -99.37142614914753835, 17.99999999999999645 ) ) ;
#1684 = EDGE_LOOP ( 'NONE', ( #1754, #4820, #4005, #120, #2796, #4253, #4839 ) ) ;
#1685 = CARTESIAN_POINT ( 'NONE',  ( -111.5000932241683103, -7.874188366066717570, 10.03394356082626260 ) ) ;
#1686 = B_SPLINE_CURVE_WITH_KNOTS ( 'NONE', 3,
 ( #3873, #4580, #2992, #323 ),
 .UNSPECIFIED., .F., .F.,
 ( 4, 4 ),
 ( 0.000000000000000000, 1.000000000000000000 ),
 .UNSPECIFIED. ) ;
#1687 = ORIENTED_EDGE ( 'NONE', *, *, #628, .T. ) ;
#1688 = LINE ( 'NONE', #1664, #396 ) ;
#1689 = CARTESIAN_POINT ( 'NONE',  ( 114.9999999999993037, -66.58591166940304618, 18.00000000000000355 ) ) ;
#1690 = B_SPLINE_CURVE_WITH_KNOTS ( 'NONE', 3,
 ( #4122, #2250, #621, #203, #3732, #4561, #2534, #236, #4920, #2582, #991, #2997, #676 ),
 .UNSPECIFIED., .F., .F.,
 ( 4, 2, 2, 1, 2, 2, 4 ),
 ( 0.000000000000000000, 0.2499999999998471778, 0.3749999999997936095, 0.4374999999997711830, 0.4687499999997599698, 0.4999999999997487565, 1.000000000000000000 ),
 .UNSPECIFIED. ) ;
#1691 = DIRECTION ( 'NONE',  ( 1.000000000000000000, 1.264818684629761841E-16, 1.040834085604003879E-17 ) ) ;
#1692 = CARTESIAN_POINT ( 'NONE',  ( -90.01824925138127753, -90.01824925137933064, -0.6971408340332584386 ) ) ;
#1693 = CIRCLE ( 'NONE', #2514, 3.000000000000000444 ) ;
#1694 = ORIENTED_EDGE ( 'NONE', *, *, #3321, .F. ) ;
#1695 = DIRECTION ( 'NONE',  ( 1.264818684629761841E-16, -1.000000000000000000, 0.000000000000000000 ) ) ;
#1696 = CIRCLE ( 'NONE', #4259, 2.660729094941999051 ) ;
#1697 = B_SPLINE_CURVE_WITH_KNOTS ( 'NONE', 3,
 ( #1530, #1098, #4349, #2374, #3126, #2280, #4321, #1190, #3864, #4249 ),
 .UNSPECIFIED., .F., .F.,
 ( 4, 2, 2, 2, 4 ),
 ( 0.000000000000000000, 0.5000000000000014433, 0.6250000000000007772, 0.7500000000000001110, 1.000000000000000000 ),
 .UNSPECIFIED. ) ;
#1698 = B_SPLINE_SURFACE_WITH_KNOTS ( 'NONE', 3, 3, ( 
 ( #3473, #2283, #2644, #3422, #1899 ),
 ( #335, #3073, #751, #4251, #1849 ),
 ( #4663, #2325, #683, #2258, #4691 ),
 ( #4644, #1120, #1100, #2664, #704 ) ),
 .UNSPECIFIED., .F., .F., .F.,
 ( 4, 4 ),
 ( 4, 1, 4 ),
 ( 1.544774100956999963, 1.918769484840000095 ),
 ( -0.009994383011132999817, 0.5714285714286000406, 1.009991947877999952 ),
 .UNSPECIFIED. ) ;
#1699 = PLANE ( 'NONE',  #3538 ) ;
#1700 = EDGE_CURVE ( 'NONE', #4320, #1224, #892, .T. ) ;
#1701 = FACE_OUTER_BOUND ( 'NONE', #2516, .T. ) ;
#1702 = AXIS2_PLACEMENT_3D ( 'NONE', #1795, #2480, #4065 ) ;
#1703 = AXIS2_PLACEMENT_3D ( 'NONE', #866, #1318, #2937 ) ;
#1704 = ORIENTED_EDGE ( 'NONE', *, *, #671, .T. ) ;
#1705 = ORIENTED_EDGE ( 'NONE', *, *, #369, .F. ) ;
#1706 = CARTESIAN_POINT ( 'NONE',  ( 84.99999999999421618, -91.00000000000346745, 18.00000000000000355 ) ) ;
#1707 = AXIS2_PLACEMENT_3D ( 'NONE', #3210, #4099, #1310 ) ;
#1708 = CARTESIAN_POINT ( 'NONE',  ( -111.5000000000000000, 2.835239607799976636, 34.19891724219994700 ) ) ;
#1709 = VECTOR ( 'NONE', #637, 1000.000000000000000 ) ;
#1710 = PLANE ( 'NONE',  #1229 ) ;
#1711 = EDGE_CURVE ( 'NONE', #674, #4560, #511, .T. ) ;
#1712 = VERTEX_POINT ( 'NONE', #3015 ) ;
#1713 = CARTESIAN_POINT ( 'NONE',  ( -111.5000000000000000, -1.632880357086818318E-14, 21.00000000000000355 ) ) ;
#1714 = CARTESIAN_POINT ( 'NONE',  ( -105.7999998503100016, 12.78091651219999214, 12.30911613937496263 ) ) ;
#1715 = DIRECTION ( 'NONE',  ( -0.1391731009600950530, -0.9902680687415662542, 7.465920033492741161E-19 ) ) ;
#1716 = AXIS2_PLACEMENT_3D ( 'NONE', #935, #1358, #2133 ) ;
#1717 = VERTEX_POINT ( 'NONE', #4241 ) ;
#1718 = CARTESIAN_POINT ( 'NONE',  ( -110.3605111572271937, 8.300000018030054605, 31.81749971706940272 ) ) ;
#1719 = CARTESIAN_POINT ( 'NONE',  ( -107.7318832417113867, -7.843519100808526545, 7.427885826188301621 ) ) ;
#1720 = EDGE_LOOP ( 'NONE', ( #3878, #1529, #2162 ) ) ;
#1721 = DIRECTION ( 'NONE',  ( -1.156482317316562255E-14, -1.000000000000000000, 1.457378446665787332E-17 ) ) ;
#1722 = CARTESIAN_POINT ( 'NONE',  ( -105.8000605027331460, 8.896718429590462662, 34.52064235281444127 ) ) ;
#1723 = CARTESIAN_POINT ( 'NONE',  ( -106.0992423229199915, -8.683551278330016387, 7.042046119259963710 ) ) ;
#1724 = DIRECTION ( 'NONE',  ( 0.000000000000000000, -1.000000000000000000, 0.000000000000000000 ) ) ;
#1725 = ORIENTED_EDGE ( 'NONE', *, *, #1544, .T. ) ;
#1726 = ORIENTED_EDGE ( 'NONE', *, *, #3999, .F. ) ;
#1727 = DIRECTION ( 'NONE',  ( -3.054740849381649318E-17, 1.457378446665821845E-17, 1.000000000000000000 ) ) ;
#1728 = AXIS2_PLACEMENT_3D ( 'NONE', #3498, #3914, #2262 ) ;
#1729 = CARTESIAN_POINT ( 'NONE',  ( 1.050458980873552614E-12, 99.33650537965679916, 19.00000000000000000 ) ) ;
#1730 = CARTESIAN_POINT ( 'NONE',  ( 72.00000000000096634, 89.99999999999923261, 216.0010000000000048 ) ) ;
#1731 = CIRCLE ( 'NONE', #3461, 80.06546480392294995 ) ;
#1732 = ORIENTED_EDGE ( 'NONE', *, *, #1049, .T. ) ;
#1733 = EDGE_CURVE ( 'NONE', #1423, #3660, #2638, .T. ) ;
#1734 = DIRECTION ( 'NONE',  ( 9.946540850021793809E-15, 1.000000000000000000, -1.457378446665791646E-17 ) ) ;
#1735 = DIRECTION ( 'NONE',  ( -1.000000000000000000, -1.264818684629761841E-16, -1.040834085604003879E-17 ) ) ;
#1736 = ORIENTED_EDGE ( 'NONE', *, *, #3882, .T. ) ;
#1737 = EDGE_LOOP ( 'NONE', ( #4900, #784 ) ) ;
#1738 = DIRECTION ( 'NONE',  ( -1.071937337635886090E-14, -1.000000000000000000, 1.457378446665789181E-17 ) ) ;
#1739 = EDGE_CURVE ( 'NONE', #4023, #3232, #648, .T. ) ;
#1740 = DIRECTION ( 'NONE',  ( -1.156482317316918189E-14, -1.000000000000000000, 0.000000000000000000 ) ) ;
#1741 = EDGE_CURVE ( 'NONE', #285, #1281, #4020, .T. ) ;
#1742 = B_SPLINE_CURVE_WITH_KNOTS ( 'NONE', 3,
 ( #4140, #1836, #593, #3751 ),
 .UNSPECIFIED., .F., .F.,
 ( 4, 4 ),
 ( 0.000000000000000000, 1.000000000000000000 ),
 .UNSPECIFIED. ) ;
#1743 = ORIENTED_EDGE ( 'NONE', *, *, #2643, .T. ) ;
#1744 = CARTESIAN_POINT ( 'NONE',  ( -111.5000000000000000, -10.76961495291983084, 29.14562645164928867 ) ) ;
#1745 = DIRECTION ( 'NONE',  ( 1.071937337635885932E-14, 1.000000000000000000, 0.000000000000000000 ) ) ;
#1746 = EDGE_LOOP ( 'NONE', ( #842, #4445, #4305, #938, #4582, #3642, #3705, #3922, #1145, #4862, #1102, #1822 ) ) ;
#1747 = CARTESIAN_POINT ( 'NONE',  ( -108.3837844293999950, 7.656060986519992007, 7.750007632889963638 ) ) ;
#1748 = ORIENTED_EDGE ( 'NONE', *, *, #3410, .F. ) ;
#1749 = CARTESIAN_POINT ( 'NONE',  ( -105.7999616277139125, 8.887851731145124390, 34.39247250565458813 ) ) ;
#1750 = EDGE_CURVE ( 'NONE', #54, #4634, #3044, .T. ) ;
#1751 = CARTESIAN_POINT ( 'NONE',  ( -111.2876335598604669, 3.258408661362578673, 34.22869656419783269 ) ) ;
#1752 = PLANE ( 'NONE',  #5017 ) ;
#1753 = ORIENTED_EDGE ( 'NONE', *, *, #1188, .T. ) ;
#1754 = ORIENTED_EDGE ( 'NONE', *, *, #1518, .T. ) ;
#1755 = DIRECTION ( 'NONE',  ( 1.071937337635886090E-14, 1.000000000000000000, -1.457378446665789181E-17 ) ) ;
#1756 = DIRECTION ( 'NONE',  ( -1.000000000000000000, -1.264818684629761841E-16, -1.040834085604003879E-17 ) ) ;
#1757 = DIRECTION ( 'NONE',  ( 3.054740849381649318E-17, -1.457378446665821845E-17, -1.000000000000000000 ) ) ;
#1758 = CARTESIAN_POINT ( 'NONE',  ( -105.8354903697199916, -8.683659688530017462, 33.76822147032995503 ) ) ;
#1759 = B_SPLINE_CURVE_WITH_KNOTS ( 'NONE', 3,
 ( #1449, #3405, #1063, #4992, #2989, #1428, #4673, #3040, #1835, #2223 ),
 .UNSPECIFIED., .F., .F.,
 ( 4, 2, 2, 2, 4 ),
 ( 0.000000000000000000, 0.4999999999999988898, 0.6250000000000028866, 0.7500000000000069944, 1.000000000000000000 ),
 .UNSPECIFIED. ) ;
#1760 = DIRECTION ( 'NONE',  ( 3.054740849381649318E-17, -1.457378446665821845E-17, -1.000000000000000000 ) ) ;
#1761 = FACE_OUTER_BOUND ( 'NONE', #3823, .T. ) ;
#1762 = VERTEX_POINT ( 'NONE', #3481 ) ;
#1763 = EDGE_LOOP ( 'NONE', ( #4911, #1968 ) ) ;
#1764 = CARTESIAN_POINT ( 'NONE',  ( -110.4338777373696701, 7.679206309406339415, 9.155896522098142754 ) ) ;
#1765 = CARTESIAN_POINT ( 'NONE',  ( -108.2959064596838772, -7.056320104771401702, 7.350777050054130513 ) ) ;
#1766 = ORIENTED_EDGE ( 'NONE', *, *, #433, .T. ) ;
#1767 = CARTESIAN_POINT ( 'NONE',  ( -109.4511784116378266, -12.53007851647354975, 28.65404034887933449 ) ) ;
#1768 = EDGE_CURVE ( 'NONE', #4857, #2859, #4220, .T. ) ;
#1769 = EDGE_LOOP ( 'NONE', ( #1624, #4292, #764, #2090 ) ) ;
#1770 = B_SPLINE_CURVE_WITH_KNOTS ( 'NONE', 3,
 ( #468, #1719, #3987, #1333, #2897, #2023, #855, #3597, #911, #4819, #1275, #2428, #107, #4066, #56, #1685 ),
 .UNSPECIFIED., .F., .F.,
 ( 4, 2, 2, 1, 1, 1, 1, 2, 2, 4 ),
 ( 0.000000000000000000, 0.2499999999999814593, 0.3749999999999721889, 0.4374999999999675815, 0.4687499999999612532, 0.4843749999999547029, 0.4921874999999554245, 0.4960937499999518163, 0.4999999999999482081, 1.000000000000000000 ),
 .UNSPECIFIED. ) ;
#1771 = CARTESIAN_POINT ( 'NONE',  ( -105.8002239401928364, 12.94175341232526755, 12.22910697106932076 ) ) ;
#1772 = CARTESIAN_POINT ( 'NONE',  ( -111.4200454578000006, 13.21015412029999148, 24.00272787117995321 ) ) ;
#1773 = CARTESIAN_POINT ( 'NONE',  ( -66.58591166940426831, 79.08591166939800132, 18.99999999999999645 ) ) ;
#1774 = CARTESIAN_POINT ( 'NONE',  ( -107.3430642052399975, -7.926845496270018110, 34.78335275890994893 ) ) ;
#1775 = EDGE_CURVE ( 'NONE', #3320, #3181, #3531, .T. ) ;
#1776 = EDGE_LOOP ( 'NONE', ( #973, #2640, #4298, #2841, #1115, #2931, #3300, #587, #3418, #4949 ) ) ;
#1777 = VERTEX_POINT ( 'NONE', #4289 ) ;
#1778 = DIRECTION ( 'NONE',  ( 0.000000000000000000, 0.9051901358225429295, 0.4250068446620199891 ) ) ;
#1779 = CARTESIAN_POINT ( 'NONE',  ( -112.0741640449099918, 10.25958020886999300, 29.25651407504595269 ) ) ;
#1780 = CARTESIAN_POINT ( 'NONE',  ( -1.038167088705184323E-12, -95.75000000000000000, 1.395439862682492593E-15 ) ) ;
#1781 = VECTOR ( 'NONE', #5053, 1000.000000000000000 ) ;
#1782 = CARTESIAN_POINT ( 'NONE',  ( -111.5000000000000000, 8.972675441469021962, 11.59302942376990231 ) ) ;
#1783 = AXIS2_PLACEMENT_3D ( 'NONE', #1916, #1146, #2713 ) ;
#1785 = CARTESIAN_POINT ( 'NONE',  ( -105.7999999999999972, 13.96072909494155212, 32.30000000000001137 ) ) ;
#1784 = VECTOR ( 'NONE', #4530, 1000.000000000000000 ) ;
#1786 = CIRCLE ( 'NONE', #786, 2.750000000000000888 ) ;
#1787 = CARTESIAN_POINT ( 'NONE',  ( -107.3431329869199971, -13.78335018648000876, 28.92686649941495247 ) ) ;
#1788 = VERTEX_POINT ( 'NONE', #1883 ) ;
#1789 = ORIENTED_EDGE ( 'NONE', *, *, #24, .T. ) ;
#1790 = DIRECTION ( 'NONE',  ( 0.000000000000000000, 1.000000000000000000, 0.000000000000000000 ) ) ;
#1791 = COLOUR_RGB ( '',0.4392156862745097978, 0.4392156862745097978, 0.4392156862745097978 ) ;
#1792 = DIRECTION ( 'NONE',  ( 3.054740849381649318E-17, -1.457378446665821845E-17, -1.000000000000000000 ) ) ;
#1793 = AXIS2_PLACEMENT_3D ( 'NONE', #3134, #417, #3111 ) ;
#1794 = CARTESIAN_POINT ( 'NONE',  ( -128.8000000000000114, 1.918380135463487975E-13, 21.00000000000000355 ) ) ;
#1795 = CARTESIAN_POINT ( 'NONE',  ( 84.99999999999428724, -85.00000000000092371, 3.835301401640188911E-15 ) ) ;
#1796 = CARTESIAN_POINT ( 'NONE',  ( -109.3699981830299919, -8.299572146270016049, 9.700000106929962840 ) ) ;
#1797 = ORIENTED_EDGE ( 'NONE', *, *, #1897, .F. ) ;
#1798 = CARTESIAN_POINT ( 'NONE',  ( -104.6612685358939387, -13.97066665387802509, 9.700000000000002842 ) ) ;
#1799 = DIRECTION ( 'NONE',  ( 0.03488755207513619810, -0.02616101293518402482, 0.9990487776442197321 ) ) ;
#1800 = EDGE_CURVE ( 'NONE', #3791, #3556, #3185, .T. ) ;
#1801 = EDGE_CURVE ( 'NONE', #1224, #401, #1686, .T. ) ;
#1802 = VECTOR ( 'NONE', #1306, 1000.000000000000114 ) ;
#1803 = CARTESIAN_POINT ( 'NONE',  ( -90.01824925138136280, -100.0121575215702308, -0.3481458670082473450 ) ) ;
#1804 = FACE_BOUND ( 'NONE', #2377, .T. ) ;
#1805 = VERTEX_POINT ( 'NONE', #3897 ) ;
#1806 = VERTEX_POINT ( 'NONE', #1134 ) ;
#1807 = CARTESIAN_POINT ( 'NONE',  ( -108.7381745231266592, 8.314724381167803102, 9.402894448487327139 ) ) ;
#1808 = EDGE_CURVE ( 'NONE', #1988, #1762, #4193, .T. ) ;
#1809 = DIRECTION ( 'NONE',  ( 1.071937337635886247E-14, 1.000000000000000000, -1.457378446665789181E-17 ) ) ;
#1810 = PLANE ( 'NONE',  #707 ) ;
#1811 = FACE_OUTER_BOUND ( 'NONE', #3646, .T. ) ;
#1812 = CARTESIAN_POINT ( 'NONE',  ( 1.026380000786360900E-12, 95.75000000000000000, -4.864886814636107768E-15 ) ) ;
#1813 = DIRECTION ( 'NONE',  ( 0.000000000000000000, -1.000000000000000000, 0.000000000000000000 ) ) ;
#1814 = CARTESIAN_POINT ( 'NONE',  ( -105.7999999999999972, -8.550000000000006040, 9.700000000000004619 ) ) ;
#1815 = CIRCLE ( 'NONE', #4698, 90.58458953736250407 ) ;
#1816 = ORIENTED_EDGE ( 'NONE', *, *, #2700, .T. ) ;
#1817 = ORIENTED_EDGE ( 'NONE', *, *, #3915, .T. ) ;
#1818 = CARTESIAN_POINT ( 'NONE',  ( -108.7999999999999972, 11.29999999999999183, 9.700000000000004619 ) ) ;
#1819 = CARTESIAN_POINT ( 'NONE',  ( -107.8926374629344593, -13.70593646868568172, 13.57537529748581484 ) ) ;
#1820 = CARTESIAN_POINT ( 'NONE',  ( -105.7999999999999972, 11.29999999999999183, 7.039270905058383931 ) ) ;
#1821 = CARTESIAN_POINT ( 'NONE',  ( -108.6470284947089766, -13.03737339001261653, 28.71133413174035098 ) ) ;
#1822 = ORIENTED_EDGE ( 'NONE', *, *, #146, .T. ) ;
#1823 = B_SPLINE_CURVE_WITH_KNOTS ( 'NONE', 3,
 ( #3366, #1458, #961, #1412 ),
 .UNSPECIFIED., .F., .F.,
 ( 4, 4 ),
 ( 0.000000000000000000, 0.7180583819761139353 ),
 .UNSPECIFIED. ) ;
#1824 = DIRECTION ( 'NONE',  ( -0.000000000000000000, -0.000000000000000000, 1.000000000000000000 ) ) ;
#1825 = CARTESIAN_POINT ( 'NONE',  ( -109.5746036768999971, 13.46951404857999179, 26.67296680592195202 ) ) ;
#1826 = CARTESIAN_POINT ( 'NONE',  ( -105.7521545957900031, -13.89323095775000638, 30.03922924782295212 ) ) ;
#1827 = DIRECTION ( 'NONE',  ( -1.000000000000000000, -1.264818684629761841E-16, -1.040834085604003879E-17 ) ) ;
#1828 = EDGE_CURVE ( 'NONE', #926, #1508, #275, .T. ) ;
#1829 = ORIENTED_EDGE ( 'NONE', *, *, #4828, .F. ) ;
#1830 = ORIENTED_EDGE ( 'NONE', *, *, #1980, .T. ) ;
#1831 = LINE ( 'NONE', #1475, #2524 ) ;
#1832 = DIRECTION ( 'NONE',  ( -1.000000000000000000, -1.264818684629761841E-16, -1.040834085604003879E-17 ) ) ;
#1833 = CARTESIAN_POINT ( 'NONE',  ( -111.5000000000000000, -8.418796537985587136, 33.13586279725569739 ) ) ;
#1834 = EDGE_CURVE ( 'NONE', #843, #4598, #2225, .T. ) ;
#1835 = CARTESIAN_POINT ( 'NONE',  ( -105.8000000000000114, -8.744415713478097985, 33.87548117963619632 ) ) ;
#1836 = CARTESIAN_POINT ( 'NONE',  ( -111.0708633632901723, -10.38263233088079218, 29.41650364011158203 ) ) ;
#1837 = CARTESIAN_POINT ( 'NONE',  ( -106.3842187886539108, -8.548487221771377875, 34.91789340379373385 ) ) ;
#1838 = CARTESIAN_POINT ( 'NONE',  ( -105.7999991222371392, -13.10657892355446030, 29.82945403999693923 ) ) ;
#1839 = ADVANCED_FACE ( 'NONE', ( #5062 ), #3083, .T. ) ;
#1840 = ORIENTED_EDGE ( 'NONE', *, *, #5085, .T. ) ;
#1841 = EDGE_LOOP ( 'NONE', ( #1334, #3854, #3048, #4243, #2099, #3058, #3075, #3161, #2293 ) ) ;
#1842 = LINE ( 'NONE', #182, #4336 ) ;
#1843 = FACE_OUTER_BOUND ( 'NONE', #879, .T. ) ;
#1844 = FACE_OUTER_BOUND ( 'NONE', #1235, .T. ) ;
#1845 = DIRECTION ( 'NONE',  ( 0.9999619230641713097, 1.264577080819662141E-16, -0.008726535498372741187 ) ) ;
#1846 = ORIENTED_EDGE ( 'NONE', *, *, #217, .T. ) ;
#1847 = DIRECTION ( 'NONE',  ( 1.000000000000000000, 1.264818684629761841E-16, 1.040834085604003879E-17 ) ) ;
#1848 = DIRECTION ( 'NONE',  ( 1.000000000000000000, 1.264818684629761841E-16, 1.040834085604003879E-17 ) ) ;
#1849 = CARTESIAN_POINT ( 'NONE',  ( -108.0344981150499990, -7.732871184160018174, 34.43699426608995395 ) ) ;
#1850 = CARTESIAN_POINT ( 'NONE',  ( -108.7999999999999972, -8.550000000000006040, 32.30000000000001137 ) ) ;
#1851 = ORIENTED_EDGE ( 'NONE', *, *, #3826, .T. ) ;
#1852 = CARTESIAN_POINT ( 'NONE',  ( -108.8025238052025117, 11.56810315145357215, 29.31200370248068765 ) ) ;
#1853 = LINE ( 'NONE', #2332, #2227 ) ;
#1854 = CARTESIAN_POINT ( 'NONE',  ( -108.3934604958217278, 6.937762159655855854, 7.364570866193777654 ) ) ;
#1855 = PLANE ( 'NONE',  #3920 ) ;
#1856 = EDGE_CURVE ( 'NONE', #5100, #2408, #344, .T. ) ;
#1857 = DIRECTION ( 'NONE',  ( 1.000000000000000000, -1.071937337635886247E-14, 3.054740849381664725E-17 ) ) ;
#1858 = CARTESIAN_POINT ( 'NONE',  ( 92.46713134024901137, -66.58591166940279038, 215.7131348875450385 ) ) ;
#1859 = CIRCLE ( 'NONE', #4420, 2.750000000000000888 ) ;
#1860 = AXIS2_PLACEMENT_3D ( 'NONE', #1116, #5124, #1937 ) ;
#1861 = ORIENTED_EDGE ( 'NONE', *, *, #1750, .T. ) ;
#1862 = ORIENTED_EDGE ( 'NONE', *, *, #3885, .F. ) ;
#1863 = CARTESIAN_POINT ( 'NONE',  ( -128.8000000000000114, 1.918380135463487975E-13, 21.00000000000000355 ) ) ;
#1864 = CARTESIAN_POINT ( 'NONE',  ( -109.0814625190423897, -13.53881449423702499, 14.78368065672978560 ) ) ;
#1865 = CIRCLE ( 'NONE', #4672, 3.000000000000000444 ) ;
#1866 = AXIS2_PLACEMENT_3D ( 'NONE', #2115, #2885, #2494 ) ;
#1867 = EDGE_CURVE ( 'NONE', #4771, #1259, #2825, .T. ) ;
#1868 = CARTESIAN_POINT ( 'NONE',  ( -109.3699981830299919, -8.299572146270016049, 9.700000106929962840 ) ) ;
#1869 = AXIS2_PLACEMENT_3D ( 'NONE', #518, #2563, #2076 ) ;
#1870 = CIRCLE ( 'NONE', #551, 80.91185967956498359 ) ;
#1871 = ORIENTED_EDGE ( 'NONE', *, *, #4419, .F. ) ;
#1872 = FACE_OUTER_BOUND ( 'NONE', #1446, .T. ) ;
#1873 = DIRECTION ( 'NONE',  ( 1.071937337635886090E-14, 1.000000000000000000, -1.457378446665789181E-17 ) ) ;
#1874 = AXIS2_PLACEMENT_3D ( 'NONE', #1191, #3865, #2760 ) ;
#1875 = CARTESIAN_POINT ( 'NONE',  ( -105.7999965915164040, -8.823968792250221682, 7.911090040850962346 ) ) ;
#1876 = LINE ( 'NONE', #705, #645 ) ;
#1877 = VECTOR ( 'NONE', #3701, 1000.000000000000000 ) ;
#1878 = VERTEX_POINT ( 'NONE', #2512 ) ;
#1879 = DIRECTION ( 'NONE',  ( -0.6246950475544342796, -0.7808688094430222826, -7.702601076150808197E-18 ) ) ;
#1880 = CIRCLE ( 'NONE', #4858, 3.000000000000002665 ) ;
#1881 = DIRECTION ( 'NONE',  ( 3.079316718299399703E-16, 0.02617694830787374582, -0.9996573249755572599 ) ) ;
#1882 = CARTESIAN_POINT ( 'NONE',  ( -112.8499999999999943, -5.619098901240018762, 34.90775781849995951 ) ) ;
#1883 = CARTESIAN_POINT ( 'NONE',  ( -111.5000000000000000, 2.835239607799976636, 7.801082757799963296 ) ) ;
#1884 =( BOUNDED_CURVE ( )  B_SPLINE_CURVE ( 3, ( #1683, #2452, #2895, #4478 ),
 .UNSPECIFIED., .F., .F. ) 
 B_SPLINE_CURVE_WITH_KNOTS ( ( 4, 4 ),
 ( 5.498396131367750073, 7.067974482991419727 ),
 .UNSPECIFIED. ) 
 CURVE ( )  GEOMETRIC_REPRESENTATION_ITEM ( )  RATIONAL_B_SPLINE_CURVE ( ( 1.000000000000000000, 0.8050248461936606592, 0.8050248461936606592, 1.000000000000000000 ) ) 
 REPRESENTATION_ITEM ( '' )  );
#1885 = CARTESIAN_POINT ( 'NONE',  ( -105.7999960339979140, -13.08198399538436796, 29.82181197360635494 ) ) ;
#1886 = ADVANCED_FACE ( 'NONE', ( #1280 ), #541, .T. ) ;
#1887 = EDGE_LOOP ( 'NONE', ( #971, #2808, #3119, #2694 ) ) ;
#1888 = ORIENTED_EDGE ( 'NONE', *, *, #3553, .F. ) ;
#1889 = CARTESIAN_POINT ( 'NONE',  ( -105.8354903697199916, -8.683659688530017462, 33.76822147032995503 ) ) ;
#1890 = CARTESIAN_POINT ( 'NONE',  ( -111.3059411411500008, -10.18094226523000856, 12.49207956060996239 ) ) ;
#1891 =( NAMED_UNIT ( * ) PLANE_ANGLE_UNIT ( ) SI_UNIT ( $, .RADIAN. ) );
#1892 = LINE ( 'NONE', #2299, #1626 ) ;
#1893 = ADVANCED_FACE ( 'NONE', ( #1643 ), #2905, .T. ) ;
#1894 = ORIENTED_EDGE ( 'NONE', *, *, #3237, .F. ) ;
#1895 = CARTESIAN_POINT ( 'NONE',  ( -106.7843220728138505, 13.86166255427069771, 12.67418860604970376 ) ) ;
#1896 = AXIS2_PLACEMENT_3D ( 'NONE', #2483, #138, #1721 ) ;
#1897 = EDGE_CURVE ( 'NONE', #2607, #3989, #2726, .T. ) ;
#1898 = DIRECTION ( 'NONE',  ( 1.040834085604003879E-17, 1.316466399071475981E-33, -1.000000000000000000 ) ) ;
#1899 = CARTESIAN_POINT ( 'NONE',  ( -109.0980182575899988, -7.661085004980018098, 33.76406032589996187 ) ) ;
#1900 = CARTESIAN_POINT ( 'NONE',  ( -109.7571436081444887, -5.450906671782275836, 34.44385532608145439 ) ) ;
#1901 = ORIENTED_EDGE ( 'NONE', *, *, #628, .F. ) ;
#1902 = DIRECTION ( 'NONE',  ( -0.008726535498373742122, -3.320390211084462532E-18, -0.9999619230641713097 ) ) ;
#1903 = ADVANCED_FACE ( 'NONE', ( #4824 ), #3264, .T. ) ;
#1904 = CARTESIAN_POINT ( 'NONE',  ( -110.1245377660315938, 8.324423681020407528, 10.08511709258703881 ) ) ;
#1905 = CARTESIAN_POINT ( 'NONE',  ( -107.3423351061199895, 7.927723328689982196, 34.78340328617996136 ) ) ;
#1906 = CARTESIAN_POINT ( 'NONE',  ( 84.99999999999435829, -78.99999999999837996, 18.00000000000000355 ) ) ;
#1907 = CARTESIAN_POINT ( 'NONE',  ( -111.5000000000000000, -8.483594598900019434, 31.26662658411995110 ) ) ;
#1908 = PLANE ( 'NONE',  #3261 ) ;
#1909 = VERTEX_POINT ( 'NONE', #4801 ) ;
#1910 = ORIENTED_EDGE ( 'NONE', *, *, #5085, .F. ) ;
#1911 = DIRECTION ( 'NONE',  ( 0.000000000000000000, -1.000000000000000000, 0.000000000000000000 ) ) ;
#1912 = CARTESIAN_POINT ( 'NONE',  ( -105.7999999999999972, -13.96072909494160896, 9.700000000000004619 ) ) ;
#1913 = PRODUCT_CONTEXT ( 'NONE', #4365, 'mechanical' ) ;
#1914 = CARTESIAN_POINT ( 'NONE',  ( -111.1419920498299945, -5.136771262670018601, 33.70775775974994559 ) ) ;
#1915 = EDGE_LOOP ( 'NONE', ( #2616, #3572, #3783, #4056 ) ) ;
#1916 = CARTESIAN_POINT ( 'NONE',  ( -5.549776310005766474E-15, 2.647728490505571102E-15, 181.6774837423334930 ) ) ;
#1917 = LINE ( 'NONE', #3517, #3584 ) ;
#1918 = EDGE_CURVE ( 'NONE', #401, #5064, #149, .T. ) ;
#1919 = CARTESIAN_POINT ( 'NONE',  ( -105.7999995730706928, -8.740584201940702513, 8.130925705366937706 ) ) ;
#1920 = DIRECTION ( 'NONE',  ( -1.000000000000000000, -1.264818684629761841E-16, -1.040834085604003879E-17 ) ) ;
#1921 = ORIENTED_EDGE ( 'NONE', *, *, #4104, .F. ) ;
#1922 = CARTESIAN_POINT ( 'NONE',  ( -103.6202482040831683, -18.46537009814606733, 39.51092189439118840 ) ) ;
#1923 = CARTESIAN_POINT ( 'NONE',  ( -111.6294401486599952, -7.981912393570017805, 10.18954389413996253 ) ) ;
#1924 = DIRECTION ( 'NONE',  ( -0.9999619230641713097, -1.275784758310160708E-14, 0.008726535498372741187 ) ) ;
#1925 = EDGE_CURVE ( 'NONE', #3784, #3791, #552, .T. ) ;
#1926 = DIRECTION ( 'NONE',  ( -9.946540850021795387E-15, -1.000000000000000000, 1.457378446665791646E-17 ) ) ;
#1927 = FACE_OUTER_BOUND ( 'NONE', #543, .T. ) ;
#1928 = CARTESIAN_POINT ( 'NONE',  ( -72.62469504755540584, -93.78086880944222514, 216.0010000000000048 ) ) ;
#1929 = FACE_OUTER_BOUND ( 'NONE', #4149, .T. ) ;
#1930 = ORIENTED_EDGE ( 'NONE', *, *, #313, .T. ) ;
#1931 = ORIENTED_EDGE ( 'NONE', *, *, #307, .T. ) ;
#1932 = FACE_OUTER_BOUND ( 'NONE', #1192, .T. ) ;
#1933 = CARTESIAN_POINT ( 'NONE',  ( -108.8218306412800018, -12.50117695691000641, 12.85980501453196290 ) ) ;
#1934 = DIRECTION ( 'NONE',  ( -0.6246950475544298387, -0.7808688094430258353, -7.702601076150623307E-18 ) ) ;
#1935 = AXIS2_PLACEMENT_3D ( 'NONE', #2502, #2073, #3983 ) ;
#1936 = VERTEX_POINT ( 'NONE', #4701 ) ;
#1937 = DIRECTION ( 'NONE',  ( 0.000000000000000000, 0.5833415005952953258, -0.8122269964013935084 ) ) ;
#1938 = CIRCLE ( 'NONE', #2513, 3.000000000000000444 ) ;
#1939 = DIRECTION ( 'NONE',  ( -1.000000000000000000, 1.084183805627359604E-14, -3.054740849381665342E-17 ) ) ;
#1940 = CIRCLE ( 'NONE', #361, 2.660729094942000827 ) ;
#1941 = VERTEX_POINT ( 'NONE', #1160 ) ;
#1942 = CARTESIAN_POINT ( 'NONE',  ( -105.9067316870523285, -13.95979766161960356, 29.78393335502918049 ) ) ;
#1943 = FACE_OUTER_BOUND ( 'NONE', #4718, .T. ) ;
#1944 = VECTOR ( 'NONE', #2172, 1000.000000000000000 ) ;
#1945 = MECHANICAL_DESIGN_GEOMETRIC_PRESENTATION_REPRESENTATION (  '', ( #3435 ), #40 ) ;
#1946 = ORIENTED_EDGE ( 'NONE', *, *, #2967, .F. ) ;
#1947 = DIRECTION ( 'NONE',  ( -0.008726535498373620692, -0.9999619230641713097, 2.125812940082251843E-18 ) ) ;
#1948 = EDGE_CURVE ( 'NONE', #4402, #1124, #220, .T. ) ;
#1949 = DIRECTION ( 'NONE',  ( -8.673617379884051249E-15, -1.000000000000000000, 0.000000000000000000 ) ) ;
#1950 = AXIS2_PLACEMENT_3D ( 'NONE', #946, #3694, #4466 ) ;
#1951 = CARTESIAN_POINT ( 'NONE',  ( -108.8181640199315297, 7.694850063074168744, 33.93229583781956649 ) ) ;
#1952 = EDGE_CURVE ( 'NONE', #2922, #3568, #3718, .T. ) ;
#1953 = VECTOR ( 'NONE', #1857, 1000.000000000000000 ) ;
#1954 = DIRECTION ( 'NONE',  ( -3.054740849381649318E-17, 1.457378446665821845E-17, 1.000000000000000000 ) ) ;
#1955 = ADVANCED_FACE ( 'NONE', ( #1472 ), #2166, .T. ) ;
#1956 = DIRECTION ( 'NONE',  ( 0.000000000000000000, -1.000000000000000000, 0.000000000000000000 ) ) ;
#1957 = CARTESIAN_POINT ( 'NONE',  ( -105.7999999999999972, 13.78360995552314705, 29.89328479265734018 ) ) ;
#1958 = AXIS2_PLACEMENT_3D ( 'NONE', #3452, #3520, #2352 ) ;
#1959 = CARTESIAN_POINT ( 'NONE',  ( -110.8413993649775762, 13.29161667262112267, 17.00043449615135671 ) ) ;
#1960 = VERTEX_POINT ( 'NONE', #3821 ) ;
#1961 = VERTEX_POINT ( 'NONE', #4232 ) ;
#1962 = CARTESIAN_POINT ( 'NONE',  ( -84.99999999999901945, 91.00000000001067235, -3.922744108440425508E-15 ) ) ;
#1963 = ADVANCED_FACE ( 'NONE', ( #3766 ), #4211, .F. ) ;
#1964 = CARTESIAN_POINT ( 'NONE',  ( -111.8839985719800012, -10.19308911407000728, 12.55527208851296272 ) ) ;
#1965 = CARTESIAN_POINT ( 'NONE',  ( -109.3700027464099946, 8.299570665929971724, 32.29999988787996301 ) ) ;
#1966 = CARTESIAN_POINT ( 'NONE',  ( -110.9006938105999893, -5.281358438050017590, 33.79919624191994387 ) ) ;
#1967 = CONICAL_SURFACE ( 'NONE', #4864, 80.91185967956498359, 0.02617993877991554863 ) ;
#1968 = ORIENTED_EDGE ( 'NONE', *, *, #2410, .F. ) ;
#1969 = LINE ( 'NONE', #3146, #2195 ) ;
#1970 = DIRECTION ( 'NONE',  ( -3.054740849381649318E-17, 1.457378446665821845E-17, 1.000000000000000000 ) ) ;
#1971 = AXIS2_PLACEMENT_3D ( 'NONE', #3271, #1261, #3158 ) ;
#1972 = ORIENTED_EDGE ( 'NONE', *, *, #1733, .F. ) ;
#1973 = CARTESIAN_POINT ( 'NONE',  ( -110.5070218551299916, -11.75138142088000848, 28.76043859013595494 ) ) ;
#1974 = FACE_OUTER_BOUND ( 'NONE', #4590, .T. ) ;
#1975 = TOROIDAL_SURFACE ( 'NONE', #4372, -59.32403451550180051, 150.0000000000000000 ) ;
#1976 = EDGE_LOOP ( 'NONE', ( #4519, #2832, #1355, #2608 ) ) ;
#1977 = CARTESIAN_POINT ( 'NONE',  ( -109.8359441429161905, -13.43242721002334683, 26.35570352457844479 ) ) ;
#1978 = DIRECTION ( 'NONE',  ( 1.040834085604003879E-17, -2.216726102179200101E-18, -1.000000000000000000 ) ) ;
#1979 = LINE ( 'NONE', #3550, #812 ) ;
#1980 = EDGE_CURVE ( 'NONE', #3837, #41, #684, .T. ) ;
#1981 = ORIENTED_EDGE ( 'NONE', *, *, #913, .F. ) ;
#1982 = CARTESIAN_POINT ( 'NONE',  ( -110.9047638138266763, -10.46470743781196155, 12.59342628802361475 ) ) ;
#1983 = B_SPLINE_CURVE_WITH_KNOTS ( 'NONE', 3,
 ( #2568, #4156, #2165, #3744 ),
 .UNSPECIFIED., .F., .F.,
 ( 4, 4 ),
 ( 0.000000000000000000, 1.000000000000000000 ),
 .UNSPECIFIED. ) ;
#1984 = DIRECTION ( 'NONE',  ( -0.000000000000000000, -0.000000000000000000, 1.000000000000000000 ) ) ;
#1985 = ADVANCED_FACE ( 'NONE', ( #2215 ), #3796, .F. ) ;
#1986 = DIRECTION ( 'NONE',  ( 0.000000000000000000, 1.000000000000000000, 0.000000000000000000 ) ) ;
#1987 = EDGE_CURVE ( 'NONE', #566, #3286, #2983, .T. ) ;
#1988 = VERTEX_POINT ( 'NONE', #4182 ) ;
#1989 = EDGE_LOOP ( 'NONE', ( #4656, #520, #901, #4520, #246 ) ) ;
#1990 = FACE_OUTER_BOUND ( 'NONE', #4029, .T. ) ;
#1991 = CARTESIAN_POINT ( 'NONE',  ( -105.7999999999999972, 11.29999999999999183, 9.700000000000004619 ) ) ;
#1992 = CARTESIAN_POINT ( 'NONE',  ( -107.7526002001683736, 8.389084619794223485, 33.02606640388447801 ) ) ;
#1993 = DIRECTION ( 'NONE',  ( 3.054740849381649318E-17, -1.457378446665821845E-17, -1.000000000000000000 ) ) ;
#1994 = ADVANCED_FACE ( 'NONE', ( #4986, #1804, #4596 ), #1752, .F. ) ;
#1995 = EDGE_LOOP ( 'NONE', ( #2229, #4379 ) ) ;
#1996 = CARTESIAN_POINT ( 'NONE',  ( -94.87820436841360561, 1.479205500047503050E-12, 3.313219904541318872 ) ) ;
#1997 = DIRECTION ( 'NONE',  ( 1.000000000000000000, -1.071937337635886090E-14, 3.054740849381664725E-17 ) ) ;
#1998 = CARTESIAN_POINT ( 'NONE',  ( -105.7999999999999972, -8.690976670070016397, 33.78087719405994704 ) ) ;
#1999 = ORIENTED_EDGE ( 'NONE', *, *, #767, .F. ) ;
#2000 = CARTESIAN_POINT ( 'NONE',  ( -111.5000000000000000, -10.02497946439000742, 12.41557040681996149 ) ) ;
#2001 = DIRECTION ( 'NONE',  ( 1.000000000000000000, 1.264818684629761841E-16, 1.040834085604003879E-17 ) ) ;
#2002 = VERTEX_POINT ( 'NONE', #2593 ) ;
#2003 = CARTESIAN_POINT ( 'NONE',  ( 100.0000000000008953, 95.86186342883414113, 1.657670713197622677E-15 ) ) ;
#2004 = CARTESIAN_POINT ( 'NONE',  ( -103.7785283966503442, -11.30000000000000604, 34.97837021036679772 ) ) ;
#2005 = CARTESIAN_POINT ( 'NONE',  ( -72.62469504755537741, -90.78086880944222514, 17.99999999999998934 ) ) ;
#2006 = ORIENTED_EDGE ( 'NONE', *, *, #3211, .T. ) ;
#2007 = DIRECTION ( 'NONE',  ( 1.071937337635886090E-14, 1.000000000000000000, -1.457378446665789181E-17 ) ) ;
#2008 = CYLINDRICAL_SURFACE ( 'NONE', #3122, 10.00000000000000533 ) ;
#2009 =( NAMED_UNIT ( * ) PLANE_ANGLE_UNIT ( ) SI_UNIT ( $, .RADIAN. ) );
#2010 = ORIENTED_EDGE ( 'NONE', *, *, #2183, .F. ) ;
#2011 = ORIENTED_EDGE ( 'NONE', *, *, #423, .F. ) ;
#2012 = EDGE_CURVE ( 'NONE', #1397, #2908, #970, .T. ) ;
#2013 = CARTESIAN_POINT ( 'NONE',  ( -107.6128379199721792, -12.08383908779326177, 29.40421035662144078 ) ) ;
#2014 = CARTESIAN_POINT ( 'NONE',  ( -110.1958850537441350, 12.01614993130092301, 28.66546954319554175 ) ) ;
#2015 = CARTESIAN_POINT ( 'NONE',  ( -108.7999999999999972, -11.30000000000000604, 32.30000000000001137 ) ) ;
#2016 = EDGE_LOOP ( 'NONE', ( #3488, #639, #2623 ) ) ;
#2017 = DIRECTION ( 'NONE',  ( 0.000000000000000000, 1.000000000000000000, 0.000000000000000000 ) ) ;
#2018 = LINE ( 'NONE', #2476, #208 ) ;
#2019 = FACE_OUTER_BOUND ( 'NONE', #2137, .T. ) ;
#2020 = EDGE_CURVE ( 'NONE', #4393, #1206, #441, .T. ) ;
#2021 = ORIENTED_EDGE ( 'NONE', *, *, #1584, .F. ) ;
#2022 = CARTESIAN_POINT ( 'NONE',  ( -109.9523511345899891, -11.02899198709000750, 29.26645252187095281 ) ) ;
#2023 = CARTESIAN_POINT ( 'NONE',  ( -109.0740996843741755, -7.674754805783672751, 8.227908599569442316 ) ) ;
#2024 = VERTEX_POINT ( 'NONE', #3423 ) ;
#2025 = ORIENTED_EDGE ( 'NONE', *, *, #3978, .T. ) ;
#2026 = CARTESIAN_POINT ( 'NONE',  ( -108.2068057116299968, 8.284782108379982191, 8.199053291889963901 ) ) ;
#2027 = B_SPLINE_SURFACE_WITH_KNOTS ( 'NONE', 3, 3, ( 
 ( #697, #1166, #1964, #5094, #2340 ),
 ( #1890, #2681, #4636, #5067, #3465 ),
 ( #3880, #2273, #3537, #1113, #2297 ),
 ( #3486, #2708, #1933, #328, #3857 ),
 ( #306, #3068, #3902, #4683, #3142 ),
 ( #5048, #3121, #4316, #2752, #743 ) ),
 .UNSPECIFIED., .F., .F., .F.,
 ( 4, 1, 1, 4 ),
 ( 4, 1, 4 ),
 ( 1.156144958860000127, 1.271186288663999964, 1.486743591773000084, 1.925247123574999941 ),
 ( -0.009987944235224000336, 0.5714285714286000406, 1.009991906530999906 ),
 .UNSPECIFIED. ) ;
#2028 = CARTESIAN_POINT ( 'NONE',  ( 79.08591166940070138, -66.58591166940266248, 216.5000000000000000 ) ) ;
#2029 = CIRCLE ( 'NONE', #1783, 80.91185967956498359 ) ;
#2030 = AXIS2_PLACEMENT_3D ( 'NONE', #4866, #16, #844 ) ;
#2031 = CIRCLE ( 'NONE', #2683, 3.000000000000001332 ) ;
#2032 = CARTESIAN_POINT ( 'NONE',  ( -136.4152236891497409, -7.615223689149742015, 7.999999999999937828 ) ) ;
#2033 = ORIENTED_EDGE ( 'NONE', *, *, #4828, .T. ) ;
#2035 = CARTESIAN_POINT ( 'NONE',  ( -108.8011791859994872, -11.56709156912234526, 12.68808674631934430 ) ) ;
#2034 = VECTOR ( 'NONE', #366, 1000.000000000000000 ) ;
#2036 = DIRECTION ( 'NONE',  ( -3.111374234256023837E-16, -0.02617694830787319418, 0.9996573249755573709 ) ) ;
#2037 = CARTESIAN_POINT ( 'NONE',  ( -111.5003757898123951, 7.874465535032831198, 31.96565589749659964 ) ) ;
#2038 = CIRCLE ( 'NONE', #3104, 3.000000000000002665 ) ;
#2039 = EDGE_LOOP ( 'NONE', ( #3746, #997, #3483, #4897 ) ) ;
#2040 = ORIENTED_EDGE ( 'NONE', *, *, #1584, .T. ) ;
#2041 = CYLINDRICAL_SURFACE ( 'NONE', #867, 95.75000000000000000 ) ;
#2042 = VECTOR ( 'NONE', #3123, 1000.000000000000114 ) ;
#2043 = CARTESIAN_POINT ( 'NONE',  ( -110.5871344512435570, 11.72910566609661309, 28.69363312277104683 ) ) ;
#2044 = DIRECTION ( 'NONE',  ( 1.000000000000000000, 4.625929269271481378E-15, 3.054740849381641922E-17 ) ) ;
#2045 = ADVANCED_FACE ( 'NONE', ( #5009 ), #3034, .T. ) ;
#2046 = VERTEX_POINT ( 'NONE', #4936 ) ;
#2047 = DIRECTION ( 'NONE',  ( 3.054740849381649318E-17, -1.457378446665821845E-17, -1.000000000000000000 ) ) ;
#2048 = DIRECTION ( 'NONE',  ( -3.054740849381649318E-17, 1.457378446665821845E-17, 1.000000000000000000 ) ) ;
#2049 = DIRECTION ( 'NONE',  ( 0.000000000000000000, 0.000000000000000000, 1.000000000000000000 ) ) ;
#2050 = ORIENTED_EDGE ( 'NONE', *, *, #4803, .F. ) ;
#2051 = CARTESIAN_POINT ( 'NONE',  ( -111.5000000000000284, -10.73671517020230048, 12.85822250545873402 ) ) ;
#2052 = CARTESIAN_POINT ( 'NONE',  ( -111.5000000000000000, 11.29999999999999183, 9.700000000000004619 ) ) ;
#2053 = EDGE_CURVE ( 'NONE', #2908, #4727, #2928, .T. ) ;
#2054 = VERTEX_POINT ( 'NONE', #976 ) ;
#2055 = DIRECTION ( 'NONE',  ( -3.054740849381649318E-17, 1.457378446665821845E-17, 1.000000000000000000 ) ) ;
#2056 = DIRECTION ( 'NONE',  ( 0.9999619230641713097, -0.008726535498373620692, 1.042728887733402354E-17 ) ) ;
#2057 = DIRECTION ( 'NONE',  ( 3.054740849381649318E-17, -1.457378446665821845E-17, -1.000000000000000000 ) ) ;
#2058 = CARTESIAN_POINT ( 'NONE',  ( -110.5076568589799990, 7.760678276019981503, 32.75060794288994970 ) ) ;
#2059 = CIRCLE ( 'NONE', #3947, 3.000000000000001776 ) ;
#2060 = EDGE_CURVE ( 'NONE', #730, #2922, #1213, .T. ) ;
#2061 = ORIENTED_EDGE ( 'NONE', *, *, #2676, .T. ) ;
#2062 = LINE ( 'NONE', #4492, #2855 ) ;
#2063 = AXIS2_PLACEMENT_3D ( 'NONE', #3395, #1847, #4567 ) ;
#2064 = DIRECTION ( 'NONE',  ( 0.03489949670250106634, -3.886656423120449736E-16, -0.9993908270190956511 ) ) ;
#2065 = SURFACE_STYLE_USAGE ( .BOTH. , #479 ) ;
#2066 = EDGE_LOOP ( 'NONE', ( #2010, #3832, #1726, #4222 ) ) ;
#2067 = ORIENTED_EDGE ( 'NONE', *, *, #4085, .T. ) ;
#2068 = CYLINDRICAL_SURFACE ( 'NONE', #2030, 0.1999999999999991507 ) ;
#2069 = CARTESIAN_POINT ( 'NONE',  ( -108.7999999999999972, -11.30000000000000604, 32.30000000000001137 ) ) ;
#2070 = FACE_BOUND ( 'NONE', #151, .T. ) ;
#2071 = VERTEX_POINT ( 'NONE', #192 ) ;
#2072 = CARTESIAN_POINT ( 'NONE',  ( -108.4228935053428984, 11.73869907266684542, 12.66849660023529900 ) ) ;
#2073 = DIRECTION ( 'NONE',  ( -1.000000000000000000, -1.264818684629761841E-16, -1.040834085604003879E-17 ) ) ;
#2074 = PLANE ( 'NONE',  #4090 ) ;
#2075 = ORIENTED_EDGE ( 'NONE', *, *, #2899, .T. ) ;
#2076 = DIRECTION ( 'NONE',  ( 0.000000000000000000, -1.000000000000000000, 0.000000000000000000 ) ) ;
#2077 = DIRECTION ( 'NONE',  ( 1.000000000000000000, 0.000000000000000000, 0.000000000000000000 ) ) ;
#2078 = EDGE_LOOP ( 'NONE', ( #1901, #416, #4501, #900, #4938, #2201 ) ) ;
#2079 = CARTESIAN_POINT ( 'NONE',  ( -105.7508124918999926, 9.039097415359982790, 7.109074052339963146 ) ) ;
#2080 = CARTESIAN_POINT ( 'NONE',  ( -107.0190988904359557, -8.186235470349874532, 7.171333175646668501 ) ) ;
#2081 = EDGE_CURVE ( 'NONE', #3320, #3889, #3727, .T. ) ;
#2082 =( BOUNDED_CURVE ( )  B_SPLINE_CURVE ( 3, ( #4756, #2393, #1625, #4030 ),
 .UNSPECIFIED., .F., .F. ) 
 B_SPLINE_CURVE_WITH_KNOTS ( ( 4, 4 ),
 ( 5.498396131367749184, 7.067974482991421503 ),
 .UNSPECIFIED. ) 
 CURVE ( )  GEOMETRIC_REPRESENTATION_ITEM ( )  RATIONAL_B_SPLINE_CURVE ( ( 1.000000000000000000, 0.8050248461936601041, 0.8050248461936601041, 1.000000000000000000 ) ) 
 REPRESENTATION_ITEM ( '' )  );
#2083 = DIRECTION ( 'NONE',  ( -3.054740849381649318E-17, 1.457378446665821845E-17, 1.000000000000000000 ) ) ;
#2084 = CARTESIAN_POINT ( 'NONE',  ( -111.0872967170399903, 8.418070099199972844, 31.36623461159995685 ) ) ;
#2085 = ORIENTED_EDGE ( 'NONE', *, *, #3124, .T. ) ;
#2086 = DIRECTION ( 'NONE',  ( 1.000000000000000000, -1.071937337635886090E-14, 3.054740849381664725E-17 ) ) ;
#2087 = ADVANCED_FACE ( 'NONE', ( #2306 ), #1549, .T. ) ;
#2088 = LINE ( 'NONE', #839, #70 ) ;
#2089 = DIRECTION ( 'NONE',  ( 1.264818684629761841E-16, -1.000000000000000000, 0.000000000000000000 ) ) ;
#2090 = ORIENTED_EDGE ( 'NONE', *, *, #3116, .F. ) ;
#2091 = ORIENTED_EDGE ( 'NONE', *, *, #4798, .F. ) ;
#2092 = CARTESIAN_POINT ( 'NONE',  ( -105.7999999999999972, -13.96062774451359267, 11.57512893613124128 ) ) ;
#2093 = CARTESIAN_POINT ( 'NONE',  ( -111.5000000000000000, -1.632880357086818318E-14, 21.00000000000000355 ) ) ;
#2094 = CARTESIAN_POINT ( 'NONE',  ( 99.33650537965749550, 66.58591166939993400, 19.00000000000000355 ) ) ;
#2095 = ORIENTED_EDGE ( 'NONE', *, *, #4264, .T. ) ;
#2096 = CARTESIAN_POINT ( 'NONE',  ( -107.6767306170459335, 12.05757561832935387, 12.60279716826018337 ) ) ;
#2097 = DIRECTION ( 'NONE',  ( 3.054740849381649318E-17, -1.457378446665821845E-17, -1.000000000000000000 ) ) ;
#2098 = DIRECTION ( 'NONE',  ( 1.000000000000000000, 1.264818684629761841E-16, 1.040834085604003879E-17 ) ) ;
#2099 = ORIENTED_EDGE ( 'NONE', *, *, #2426, .F. ) ;
#2100 = LINE ( 'NONE', #1416, #3433 ) ;
#2101 = CARTESIAN_POINT ( 'NONE',  ( -108.1059932573183175, 13.35937944100003705, 13.21996751620670629 ) ) ;
#2102 = ORIENTED_EDGE ( 'NONE', *, *, #3882, .F. ) ;
#2103 = CARTESIAN_POINT ( 'NONE',  ( -106.3627653120299925, 8.724454427279981772, 8.087650814149972334 ) ) ;
#2104 = ORIENTED_EDGE ( 'NONE', *, *, #3742, .F. ) ;
#2105 = CARTESIAN_POINT ( 'NONE',  ( -106.6205112364441305, -8.419607922997364824, 7.115315334052578322 ) ) ;
#2106 = CARTESIAN_POINT ( 'NONE',  ( -108.7999999999999972, -11.30000000000000604, 32.30000000000001137 ) ) ;
#2107 = CARTESIAN_POINT ( 'NONE',  ( -110.0906695060100020, 8.243311584879982945, 32.22224355933994389 ) ) ;
#2108 = CIRCLE ( 'NONE', #3844, 12.49999999999999645 ) ;
#2109 = ADVANCED_FACE ( 'NONE', ( #1943 ), #4024, .T. ) ;
#2110 = ORIENTED_EDGE ( 'NONE', *, *, #1800, .F. ) ;
#2111 = EDGE_LOOP ( 'NONE', ( #3125, #5024, #1946, #503, #1220, #4323 ) ) ;
#2112 = CARTESIAN_POINT ( 'NONE',  ( 8.518658131738432083E-13, 80.91185967956498359, 181.6774837423334930 ) ) ;
#2113 = CARTESIAN_POINT ( 'NONE',  ( -111.6635694916399899, 10.06798964708999122, 29.56427425937295439 ) ) ;
#2114 = B_SPLINE_CURVE_WITH_KNOTS ( 'NONE', 3,
 ( #2987, #3723, #4602, #3381 ),
 .UNSPECIFIED., .F., .F.,
 ( 4, 4 ),
 ( 0.2819569439571610325, 1.000000000000000000 ),
 .UNSPECIFIED. ) ;
#2115 = CARTESIAN_POINT ( 'NONE',  ( -111.5000000000000000, -1.632880357086818318E-14, 21.00000000000000355 ) ) ;
#2116 = EDGE_CURVE ( 'NONE', #4388, #3070, #1062, .T. ) ;
#2117 = AXIS2_PLACEMENT_3D ( 'NONE', #1673, #816, #1212 ) ;
#2118 = ADVANCED_FACE ( 'NONE', ( #5102 ), #3189, .F. ) ;
#2119 = ORIENTED_EDGE ( 'NONE', *, *, #2869, .F. ) ;
#2120 = CARTESIAN_POINT ( 'NONE',  ( 72.00000000000096634, 89.99999999999923261, 216.0010000000000048 ) ) ;
#2121 = AXIS2_PLACEMENT_3D ( 'NONE', #4076, #114, #2909 ) ;
#2122 = CARTESIAN_POINT ( 'NONE',  ( -107.6057213223393347, 8.405043842110632824, 33.08691182393972241 ) ) ;
#2123 = VECTOR ( 'NONE', #2631, 1000.000000000000000 ) ;
#2124 = CARTESIAN_POINT ( 'NONE',  ( -107.0201187059646770, -13.82852349862769081, 29.18565376018322866 ) ) ;
#2125 = EDGE_CURVE ( 'NONE', #944, #3547, #457, .T. ) ;
#2126 = VERTEX_POINT ( 'NONE', #4252 ) ;
#2127 = EDGE_LOOP ( 'NONE', ( #2892, #2900, #1410, #1215 ) ) ;
#2128 = DIRECTION ( 'NONE',  ( 0.03487826274237505741, 0.03487826274237434271, 0.9987827659587181772 ) ) ;
#2129 = LINE ( 'NONE', #3708, #1531 ) ;
#2130 = AXIS2_PLACEMENT_3D ( 'NONE', #1388, #186, #4152 ) ;
#2131 = ORIENTED_EDGE ( 'NONE', *, *, #4716, .F. ) ;
#2132 = DIRECTION ( 'NONE',  ( 1.000000000000000000, -1.033295711319032814E-14, 3.054740849381664109E-17 ) ) ;
#2133 = DIRECTION ( 'NONE',  ( -9.251858538542962756E-15, -1.000000000000000000, 0.000000000000000000 ) ) ;
#2134 = ORIENTED_EDGE ( 'NONE', *, *, #1856, .T. ) ;
#2135 = B_SPLINE_CURVE_WITH_KNOTS ( 'NONE', 3,
 ( #4512, #4068, #1277, #1335 ),
 .UNSPECIFIED., .F., .F.,
 ( 4, 4 ),
 ( 0.000000000000000000, 0.7180583819567549764 ),
 .UNSPECIFIED. ) ;
#2136 = CARTESIAN_POINT ( 'NONE',  ( -108.3543757923199848, 7.864575164719982858, 7.849169412339963792 ) ) ;
#2137 = EDGE_LOOP ( 'NONE', ( #792, #2414, #2902, #1851 ) ) ;
#2138 = CARTESIAN_POINT ( 'NONE',  ( -106.4263964744546911, -8.524171814963535709, 7.088034283374523348 ) ) ;
#2139 = CARTESIAN_POINT ( 'NONE',  ( -110.4692121634547561, 4.543820842068260646, 34.34410241023439880 ) ) ;
#2140 = CARTESIAN_POINT ( 'NONE',  ( -106.7964338845999919, 8.008455366769991812, 35.09985549141994454 ) ) ;
#2141 = EDGE_LOOP ( 'NONE', ( #2239, #3369, #3949, #1189 ) ) ;
#2142 = ORIENTED_EDGE ( 'NONE', *, *, #3801, .F. ) ;
#2143 = PLANE ( 'NONE',  #4434 ) ;
#2144 = AXIS2_PLACEMENT_3D ( 'NONE', #3191, #3217, #2440 ) ;
#2145 = CARTESIAN_POINT ( 'NONE',  ( -111.5000000000000000, 10.02497946872999179, 29.58442959125695282 ) ) ;
#2146 = CARTESIAN_POINT ( 'NONE',  ( -107.9523801531868799, -7.795732512971702555, 34.45274302559599988 ) ) ;
#2147 = VECTOR ( 'NONE', #3576, 1000.000000000000000 ) ;
#2148 = ORIENTED_EDGE ( 'NONE', *, *, #2221, .T. ) ;
#2149 = CARTESIAN_POINT ( 'NONE',  ( -105.7999999999999972, -13.96071033214478874, 31.60493127791695755 ) ) ;
#2150 = ADVANCED_FACE ( 'NONE', ( #776 ), #3934, .T. ) ;
#2151 = ADVANCED_FACE ( 'NONE', ( #1974 ), #3546, .F. ) ;
#2152 = CARTESIAN_POINT ( 'NONE',  ( -106.0992483709224388, 13.95794338416719249, 18.10547598829934302 ) ) ;
#2153 = FACE_OUTER_BOUND ( 'NONE', #1069, .T. ) ;
#2154 = ORIENTED_EDGE ( 'NONE', *, *, #1138, .F. ) ;
#2155 = ORIENTED_EDGE ( 'NONE', *, *, #3243, .T. ) ;
#2156 = CARTESIAN_POINT ( 'NONE',  ( -109.6720043199266570, -7.943302882610411508, 33.77510710672123651 ) ) ;
#2157 = CARTESIAN_POINT ( 'NONE',  ( 72.00000000000093792, 86.99999999999921840, 8.000000000000000000 ) ) ;
#2158 = ORIENTED_EDGE ( 'NONE', *, *, #3803, .F. ) ;
#2159 = ADVANCED_FACE ( 'NONE', ( #2 ), #1586, .T. ) ;
#2160 = CARTESIAN_POINT ( 'NONE',  ( 72.00000000000096634, 89.99999999999921840, 8.000000000000000000 ) ) ;
#2161 = CARTESIAN_POINT ( 'NONE',  ( -111.5000000000000000, -8.418796537985587136, 33.13586279725569739 ) ) ;
#2162 = ORIENTED_EDGE ( 'NONE', *, *, #2277, .T. ) ;
#2163 = DIRECTION ( 'NONE',  ( -1.000000000000000000, -1.264818684629761841E-16, -1.040834085604003879E-17 ) ) ;
#2164 = DIRECTION ( 'NONE',  ( 3.054740849381649318E-17, -1.457378446665821845E-17, -1.000000000000000000 ) ) ;
#2165 = CARTESIAN_POINT ( 'NONE',  ( -111.5000000000000000, 10.76830002823171739, 29.14623357803402826 ) ) ;
#2166 = PLANE ( 'NONE',  #790 ) ;
#2167 = VERTEX_POINT ( 'NONE', #1194 ) ;
#2168 = ORIENTED_EDGE ( 'NONE', *, *, #3704, .T. ) ;
#2169 = CARTESIAN_POINT ( 'NONE',  ( 72.00000000000093792, 86.79999999999924398, 216.0010000000000048 ) ) ;
#2170 = FACE_OUTER_BOUND ( 'NONE', #1746, .T. ) ;
#2171 = FACE_OUTER_BOUND ( 'NONE', #4715, .T. ) ;
#2172 = DIRECTION ( 'NONE',  ( -3.054740849381649318E-17, 1.457378446665821845E-17, 1.000000000000000000 ) ) ;
#2173 = LINE ( 'NONE', #2472, #3521 ) ;
#2174 = CARTESIAN_POINT ( 'NONE',  ( -106.6202385798506924, -13.88472298533265636, 29.41977381447979312 ) ) ;
#2175 = ADVANCED_FACE ( 'NONE', ( #4645 ), #2446, .T. ) ;
#2176 = ORIENTED_EDGE ( 'NONE', *, *, #1058, .T. ) ;
#2177 = VERTEX_POINT ( 'NONE', #3074 ) ;
#2178 = DIRECTION ( 'NONE',  ( 1.000000000000000000, 1.264818684629761841E-16, 1.040834085604003879E-17 ) ) ;
#2179 = VERTEX_POINT ( 'NONE', #2259 ) ;
#2180 = DIRECTION ( 'NONE',  ( -1.000000000000000000, 1.110578963952739050E-14, -3.054740849381665342E-17 ) ) ;
#2181 = ORIENTED_EDGE ( 'NONE', *, *, #305, .T. ) ;
#2182 = CARTESIAN_POINT ( 'NONE',  ( 72.00000000000093792, 86.79999999999922977, 8.000000000000000000 ) ) ;
#2183 = EDGE_CURVE ( 'NONE', #1960, #4857, #1876, .T. ) ;
#2184 = LINE ( 'NONE', #4207, #2938 ) ;
#2185 = CARTESIAN_POINT ( 'NONE',  ( -103.7785283966499748, 12.86885390242882288, 34.97837021036631455 ) ) ;
#2186 = DIRECTION ( 'NONE',  ( -1.000000000000000000, 1.071937337635886247E-14, -3.054740849381661644E-17 ) ) ;
#2187 = ORIENTED_EDGE ( 'NONE', *, *, #4480, .F. ) ;
#2188 = ORIENTED_EDGE ( 'NONE', *, *, #2244, .T. ) ;
#2189 = DIRECTION ( 'NONE',  ( -0.7808688094430222826, 0.6246950475544342796, -3.295768948258327896E-17 ) ) ;
#2190 = CARTESIAN_POINT ( 'NONE',  ( -112.1471817961400035, 10.27655309215999146, 29.16663724934595692 ) ) ;
#2191 = DIRECTION ( 'NONE',  ( 1.264818684629761841E-16, -1.000000000000000000, 0.000000000000000000 ) ) ;
#2192 = VECTOR ( 'NONE', #1898, 1000.000000000000000 ) ;
#2193 = DIRECTION ( 'NONE',  ( 3.054740849381649318E-17, -1.457378446665821845E-17, -1.000000000000000000 ) ) ;
#2194 = LINE ( 'NONE', #3307, #1536 ) ;
#2195 = VECTOR ( 'NONE', #3542, 1000.000000000000000 ) ;
#2197 = DIRECTION ( 'NONE',  ( -1.000000000000000000, -1.264818684629761841E-16, -1.040834085604003879E-17 ) ) ;
#2196 = CIRCLE ( 'NONE', #3593, 13.00000000000000000 ) ;
#2198 = VECTOR ( 'NONE', #1520, 1000.000000000000000 ) ;
#2199 = LINE ( 'NONE', #2531, #4208 ) ;
#2200 = ORIENTED_EDGE ( 'NONE', *, *, #4529, .F. ) ;
#2201 = ORIENTED_EDGE ( 'NONE', *, *, #4994, .T. ) ;
#2202 = CARTESIAN_POINT ( 'NONE',  ( -111.5000000000000000, -7.943315342210746977, 33.77510698908070452 ) ) ;
#2203 = CARTESIAN_POINT ( 'NONE',  ( -106.0992423229199915, -8.683551278330016387, 7.042046119259963710 ) ) ;
#2204 = VECTOR ( 'NONE', #1230, 1000.000000000000000 ) ;
#2205 = CARTESIAN_POINT ( 'NONE',  ( 99.37142614914769467, -79.08591166940287565, 18.00000000000000355 ) ) ;
#2206 = EDGE_CURVE ( 'NONE', #101, #1656, #1513, .T. ) ;
#2207 = CARTESIAN_POINT ( 'NONE',  ( -109.0778447908055711, -12.77041932271076163, 28.67333922827585013 ) ) ;
#2208 = CONICAL_SURFACE ( 'NONE', #1301, 80.91185967956498359, 0.02617993877991554863 ) ;
#2209 = ORIENTED_EDGE ( 'NONE', *, *, #1130, .T. ) ;
#2210 = DIRECTION ( 'NONE',  ( 0.000000000000000000, -1.000000000000000000, 0.000000000000000000 ) ) ;
#2211 = CARTESIAN_POINT ( 'NONE',  ( -105.7999971377347066, -13.96071033574168752, 10.39506871238874375 ) ) ;
#2212 = EDGE_CURVE ( 'NONE', #3747, #2509, #1476, .T. ) ;
#2213 = AXIS2_PLACEMENT_3D ( 'NONE', #3474, #5037, #3867 ) ;
#2214 = DIRECTION ( 'NONE',  ( 0.000000000000000000, 1.000000000000000000, 0.000000000000000000 ) ) ;
#2215 = FACE_OUTER_BOUND ( 'NONE', #3754, .T. ) ;
#2216 = EDGE_CURVE ( 'NONE', #5051, #5117, #795, .T. ) ;
#2217 = ORIENTED_EDGE ( 'NONE', *, *, #536, .F. ) ;
#2218 = ORIENTED_EDGE ( 'NONE', *, *, #2643, .F. ) ;
#2219 = CARTESIAN_POINT ( 'NONE',  ( -108.6707184148378929, 11.62813618784941383, 29.31790073199965008 ) ) ;
#2220 = CARTESIAN_POINT ( 'NONE',  ( -110.7840202180800020, 11.51787384459999153, 28.81638104455395322 ) ) ;
#2221 = EDGE_CURVE ( 'NONE', #4496, #1308, #5021, .T. ) ;
#2222 = CARTESIAN_POINT ( 'NONE',  ( -108.8233048984465512, -8.418807349946069607, 33.13590006200012539 ) ) ;
#2223 = CARTESIAN_POINT ( 'NONE',  ( -105.7999999999999972, -8.690976670070016397, 33.78087719405994704 ) ) ;
#2224 = DIRECTION ( 'NONE',  ( -1.071937337635886247E-14, -1.000000000000000000, 1.457378446665789181E-17 ) ) ;
#2225 = LINE ( 'NONE', #3809, #1545 ) ;
#2226 = DIRECTION ( 'NONE',  ( -9.946540850021795387E-15, -1.000000000000000000, 1.457378446665791646E-17 ) ) ;
#2227 = VECTOR ( 'NONE', #1924, 1000.000000000000114 ) ;
#2228 = ORIENTED_EDGE ( 'NONE', *, *, #2891, .T. ) ;
#2229 = ORIENTED_EDGE ( 'NONE', *, *, #783, .F. ) ;
#2230 = CARTESIAN_POINT ( 'NONE',  ( -108.2541633054272836, 7.739051431874919729, 7.715673857538696723 ) ) ;
#2231 = CARTESIAN_POINT ( 'NONE',  ( -71.37530495244647000, -89.21913119055624009, 216.0010000000000048 ) ) ;
#2232 = CARTESIAN_POINT ( 'NONE',  ( -107.9298346902899937, 12.29879467043999242, 12.60836031223696452 ) ) ;
#2233 = CARTESIAN_POINT ( 'NONE',  ( -100.0000000000009805, -90.00609172980793460, -1.309330598830987033E-15 ) ) ;
#2234 = VERTEX_POINT ( 'NONE', #4458 ) ;
#2235 = CARTESIAN_POINT ( 'NONE',  ( -105.8000195942722712, 13.19238483183925226, 12.14708530937514297 ) ) ;
#2236 = DIRECTION ( 'NONE',  ( -3.054740849381649318E-17, 1.457378446665821845E-17, 1.000000000000000000 ) ) ;
#2237 = DIRECTION ( 'NONE',  ( 3.054740849381649318E-17, -1.457378446665821845E-17, -1.000000000000000000 ) ) ;
#2238 = CARTESIAN_POINT ( 'NONE',  ( -105.9066649778627891, 13.95979824378184375, 12.21603490686813309 ) ) ;
#2239 = ORIENTED_EDGE ( 'NONE', *, *, #3697, .T. ) ;
#2240 = EDGE_CURVE ( 'NONE', #856, #1423, #1252, .T. ) ;
#2241 = CARTESIAN_POINT ( 'NONE',  ( -108.7907499723262532, 11.57350516469839086, 29.31249214200339637 ) ) ;
#2242 = CARTESIAN_POINT ( 'NONE',  ( -106.7065202989384716, 8.371074700696564008, 34.87259688051250350 ) ) ;
#2243 = CARTESIAN_POINT ( 'NONE',  ( -107.7683876997309227, -8.438202189767222805, 33.33976885488254993 ) ) ;
#2244 = EDGE_CURVE ( 'NONE', #2271, #2444, #1136, .T. ) ;
#2245 = CARTESIAN_POINT ( 'NONE',  ( -13.34589815775733079, -48.18596271076493309, 4.000000000000000000 ) ) ;
#2246 = CARTESIAN_POINT ( 'NONE',  ( -107.3413266081099948, 13.78301711568999188, 28.93009045154695613 ) ) ;
#2247 = CARTESIAN_POINT ( 'NONE',  ( -105.7999660651384772, -13.41413925308150468, 29.89009702242376321 ) ) ;
#2248 = EDGE_LOOP ( 'NONE', ( #5092, #2148, #620, #3731, #3453, #4145, #1140, #2188 ) ) ;
#2249 = ORIENTED_EDGE ( 'NONE', *, *, #3667, .F. ) ;
#2250 = CARTESIAN_POINT ( 'NONE',  ( -108.7040014651519755, -7.980566936982971704, 33.77464515568101433 ) ) ;
#2251 = CARTESIAN_POINT ( 'NONE',  ( 66.58591166940045980, -79.08591166940260564, 19.00000000000000355 ) ) ;
#2252 = B_SPLINE_CURVE_WITH_KNOTS ( 'NONE', 3,
 ( #2823, #3294, #2138, #2105, #4485, #1666, #4019, #4822, #1641, #2080, #473, #1255 ),
 .UNSPECIFIED., .F., .F.,
 ( 4, 1, 1, 1, 1, 2, 2, 4 ),
 ( 0.000000000000000000, 0.2499999999999272249, 0.3749999999998915867, 0.4374999999998613331, 0.4687499999998344102, 0.4843749999998340772, 0.4999999999998337441, 1.000000000000000000 ),
 .UNSPECIFIED. ) ;
#2253 = DIRECTION ( 'NONE',  ( 0.000000000000000000, 0.000000000000000000, 1.000000000000000000 ) ) ;
#2254 = CARTESIAN_POINT ( 'NONE',  ( -107.9017968108747993, -8.373913336220029535, 9.036406776717969436 ) ) ;
#2255 = ORIENTED_EDGE ( 'NONE', *, *, #1337, .F. ) ;
#2256 = PLANE ( 'NONE',  #3953 ) ;
#2257 = CARTESIAN_POINT ( 'NONE',  ( -105.7999971377348061, 13.96071033574185449, 31.60493128894270498 ) ) ;
#2258 = CARTESIAN_POINT ( 'NONE',  ( -106.9439047267999996, -8.192890941100017699, 34.90177689563994790 ) ) ;
#2259 = CARTESIAN_POINT ( 'NONE',  ( -128.8000000000000114, -49.99999999999980815, 8.000000000000005329 ) ) ;
#2260 = ORIENTED_EDGE ( 'NONE', *, *, #4837, .T. ) ;
#2261 = CARTESIAN_POINT ( 'NONE',  ( -108.8013381639276531, 8.312021152779516697, 9.431702377375449586 ) ) ;
#2262 = DIRECTION ( 'NONE',  ( 0.000000000000000000, 0.000000000000000000, 1.000000000000000000 ) ) ;
#2263 = EDGE_CURVE ( 'NONE', #4444, #4039, #3039, .T. ) ;
#2264 = CARTESIAN_POINT ( 'NONE',  ( -105.7999999999999972, -13.96072909494160896, 9.700000000000004619 ) ) ;
#2265 = CARTESIAN_POINT ( 'NONE',  ( -103.8172735598872691, -13.97803208644990747, 33.86885390242874649 ) ) ;
#2266 = EDGE_CURVE ( 'NONE', #4223, #561, #4200, .T. ) ;
#2267 = CARTESIAN_POINT ( 'NONE',  ( -105.8000123131242987, -13.48128907207519944, 29.89542597352363984 ) ) ;
#2268 = EDGE_CURVE ( 'NONE', #3203, #2386, #3652, .T. ) ;
#2269 = CIRCLE ( 'NONE', #4834, 6.000000000002544631 ) ;
#2270 = ORIENTED_EDGE ( 'NONE', *, *, #4625, .T. ) ;
#2271 = VERTEX_POINT ( 'NONE', #3571 ) ;
#2272 = DIRECTION ( 'NONE',  ( 1.000000000000000000, 1.264818684629761841E-16, 1.040834085604003879E-17 ) ) ;
#2273 = CARTESIAN_POINT ( 'NONE',  ( -110.6597139932000005, -10.87409184062000911, 12.71390711920296290 ) ) ;
#2274 = VECTOR ( 'NONE', #2237, 1000.000000000000000 ) ;
#2275 = AXIS2_PLACEMENT_3D ( 'NONE', #1882, #3457, #4260 ) ;
#2276 = CARTESIAN_POINT ( 'NONE',  ( -111.1830943039399955, -5.125729127100028037, 33.68662477664994981 ) ) ;
#2277 = EDGE_CURVE ( 'NONE', #4490, #1038, #1770, .T. ) ;
#2278 = AXIS2_PLACEMENT_3D ( 'NONE', #549, #4925, #3681 ) ;
#2279 = VERTEX_POINT ( 'NONE', #1636 ) ;
#2280 = CARTESIAN_POINT ( 'NONE',  ( -105.7999999999999972, -13.18219614840607790, 12.14892404973676143 ) ) ;
#2281 = CARTESIAN_POINT ( 'NONE',  ( -84.99999999999909051, 85.00000000000572697, 216.0010000000000048 ) ) ;
#2282 = VECTOR ( 'NONE', #3786, 1000.000000000000000 ) ;
#2283 = CARTESIAN_POINT ( 'NONE',  ( -108.6387936255499937, -8.361824944830017259, 32.93099491802995971 ) ) ;
#2284 = DIRECTION ( 'NONE',  ( 1.000000000000000000, 1.264818684629761841E-16, 1.040834085604003879E-17 ) ) ;
#2285 = AXIS2_PLACEMENT_3D ( 'NONE', #2544, #3745, #1002 ) ;
#2286 = EDGE_LOOP ( 'NONE', ( #4034, #2974, #3877, #4135 ) ) ;
#2287 = CARTESIAN_POINT ( 'NONE',  ( -111.2085311107533130, 8.470374565652644350, 10.73210330473889051 ) ) ;
#2288 = VECTOR ( 'NONE', #1845, 1000.000000000000114 ) ;
#2289 = CARTESIAN_POINT ( 'NONE',  ( -106.6696671690599771, 12.80797365403999244, 29.63722054901095504 ) ) ;
#2290 = CARTESIAN_POINT ( 'NONE',  ( 6.874489688611802379E-13, 66.58591166939740447, 19.00000000000000000 ) ) ;
#2291 = DIRECTION ( 'NONE',  ( -1.000000000000000000, -1.264818684629761841E-16, -1.040834085604003879E-17 ) ) ;
#2292 = FACE_OUTER_BOUND ( 'NONE', #1013, .T. ) ;
#2293 = ORIENTED_EDGE ( 'NONE', *, *, #1775, .F. ) ;
#2294 = ORIENTED_EDGE ( 'NONE', *, *, #835, .T. ) ;
#2295 = FACE_OUTER_BOUND ( 'NONE', #2960, .T. ) ;
#2296 = ADVANCED_FACE ( 'NONE', ( #519 ), #3256, .T. ) ;
#2297 = CARTESIAN_POINT ( 'NONE',  ( -111.1379598533599875, -11.35260306690000753, 13.29717191857796443 ) ) ;
#2298 = ADVANCED_FACE ( 'NONE', ( #2379 ), #3962, .T. ) ;
#2299 = CARTESIAN_POINT ( 'NONE',  ( -69.03269852411747820, -91.09321633321945910, 0.000000000000000000 ) ) ;
#2300 = EDGE_LOOP ( 'NONE', ( #3088, #487 ) ) ;
#2301 = CARTESIAN_POINT ( 'NONE',  ( -106.0992423229199915, 13.95795388073999277, 12.31644872166596372 ) ) ;
#2302 = AXIS2_PLACEMENT_3D ( 'NONE', #1588, #1947, #1199 ) ;
#2303 = DIRECTION ( 'NONE',  ( -1.084183805627359447E-14, -1.000000000000000000, 0.000000000000000000 ) ) ;
#2304 = EDGE_CURVE ( 'NONE', #4491, #181, #263, .T. ) ;
#2305 = CARTESIAN_POINT ( 'NONE',  ( -105.7999657102590163, -8.890087814618878426, 7.585849320457064060 ) ) ;
#2306 = FACE_OUTER_BOUND ( 'NONE', #166, .T. ) ;
#2307 = EDGE_LOOP ( 'NONE', ( #2826, #2706 ) ) ;
#2308 = CARTESIAN_POINT ( 'NONE',  ( -110.8413961670579084, -13.29161730072243586, 24.99956982397096183 ) ) ;
#2309 = CARTESIAN_POINT ( 'NONE',  ( -112.1490618375499935, -8.164614288000027642, 10.72324525576996201 ) ) ;
#2310 = CARTESIAN_POINT ( 'NONE',  ( -92.19096172975386594, 18.81916579784090615, 26.00000921721365899 ) ) ;
#2311 = DIRECTION ( 'NONE',  ( -1.000000000000000000, -1.264818684629761841E-16, -1.040834085604003879E-17 ) ) ;
#2312 = DIRECTION ( 'NONE',  ( 1.071937337635886563E-14, 1.000000000000000000, -1.457378446665786408E-17 ) ) ;
#2313 = CARTESIAN_POINT ( 'NONE',  ( -103.8720591453801916, -13.97755397988746928, 32.30000000000001137 ) ) ;
#2314 = CARTESIAN_POINT ( 'NONE',  ( -105.8000046723423395, -13.13108919429659238, 29.83670422708847525 ) ) ;
#2315 = EDGE_LOOP ( 'NONE', ( #517, #1303, #770, #4534, #162 ) ) ;
#2316 = ORIENTED_EDGE ( 'NONE', *, *, #4521, .T. ) ;
#2317 = CYLINDRICAL_SURFACE ( 'NONE', #2848, 6.000000000002544631 ) ;
#2318 = CARTESIAN_POINT ( 'NONE',  ( -107.3413266081099948, 13.78301711568999188, 28.93009045154695613 ) ) ;
#2319 = CARTESIAN_POINT ( 'NONE',  ( -111.5000000000000000, -13.19891724220000739, 23.83523960780195239 ) ) ;
#2320 = EDGE_CURVE ( 'NONE', #1445, #1805, #1880, .T. ) ;
#2321 = VERTEX_POINT ( 'NONE', #1796 ) ;
#2322 = CARTESIAN_POINT ( 'NONE',  ( -105.7999999999999972, 18.39544826718999104, 21.00000000000000355 ) ) ;
#2323 = CARTESIAN_POINT ( 'NONE',  ( -72.62469504755540584, -93.78086880944222514, 17.99999999999998934 ) ) ;
#2324 = ORIENTED_EDGE ( 'NONE', *, *, #745, .T. ) ;
#2325 = CARTESIAN_POINT ( 'NONE',  ( -106.5161514590100040, -8.682559276240016999, 33.85892736538995251 ) ) ;
#2326 = CARTESIAN_POINT ( 'NONE',  ( -111.5000000000000000, -2.835239607800018380, 34.19891724219994700 ) ) ;
#2327 = ADVANCED_FACE ( 'NONE', ( #4902 ), #210, .T. ) ;
#2328 = EDGE_CURVE ( 'NONE', #1607, #2950, #2619, .T. ) ;
#2329 = VERTEX_POINT ( 'NONE', #2233 ) ;
#2330 = DIRECTION ( 'NONE',  ( 1.000000000000000000, 0.000000000000000000, 0.000000000000000000 ) ) ;
#2331 = CARTESIAN_POINT ( 'NONE',  ( -104.7545018577474281, -11.29999999999995453, 7.030146980995494843 ) ) ;
#2332 = CARTESIAN_POINT ( 'NONE',  ( -101.2999999999999972, 11.29999999999999183, 7.000000000000003553 ) ) ;
#2333 = CARTESIAN_POINT ( 'NONE',  ( -71.78389472341613953, -84.92752522619360889, 17.99999999999999645 ) ) ;
#2334 = CARTESIAN_POINT ( 'NONE',  ( -107.7724587569099981, 12.03399886307999367, 12.67066984241096428 ) ) ;
#2335 = CARTESIAN_POINT ( 'NONE',  ( -106.6707295931899893, 8.705380595339974548, 34.52010643501996157 ) ) ;
#2336 =( LENGTH_UNIT ( ) NAMED_UNIT ( * ) SI_UNIT ( .MILLI., .METRE. ) );
#2337 = ORIENTED_EDGE ( 'NONE', *, *, #2861, .F. ) ;
#2338 = VERTEX_POINT ( 'NONE', #1020 ) ;
#2339 = LINE ( 'NONE', #4342, #2598 ) ;
#2340 = CARTESIAN_POINT ( 'NONE',  ( -112.1494226388299893, -10.27707048286000813, 12.83615928959596353 ) ) ;
#2341 = CARTESIAN_POINT ( 'NONE',  ( -141.7999999999999829, -13.00000000000001954, 21.00000000000000355 ) ) ;
#2342 = CARTESIAN_POINT ( 'NONE',  ( 90.00609172980793460, -100.0000000000009805, 4.206831297668196908E-15 ) ) ;
#2343 = CIRCLE ( 'NONE', #1455, 12.49999999999999645 ) ;
#2344 = EDGE_LOOP ( 'NONE', ( #461, #3811, #3245, #931 ) ) ;
#2345 = FACE_OUTER_BOUND ( 'NONE', #4170, .T. ) ;
#2346 = CIRCLE ( 'NONE', #291, 2.750000000000000888 ) ;
#2347 = CARTESIAN_POINT ( 'NONE',  ( 79.08591166940045980, -79.08591166940264827, 216.5000000000000000 ) ) ;
#2348 = EDGE_CURVE ( 'NONE', #4405, #259, #2370, .T. ) ;
#2349 = B_SPLINE_CURVE_WITH_KNOTS ( 'NONE', 3,
 ( #386, #4481, #1718, #1305 ),
 .UNSPECIFIED., .F., .F.,
 ( 4, 4 ),
 ( 0.000000000000000000, 1.000000000000000000 ),
 .UNSPECIFIED. ) ;
#2350 = VERTEX_POINT ( 'NONE', #165 ) ;
#2351 = CARTESIAN_POINT ( 'NONE',  ( -111.4999964474949934, -10.96501439005740686, 13.12488108980670276 ) ) ;
#2352 = DIRECTION ( 'NONE',  ( 0.000000000000000000, -1.000000000000000000, 0.000000000000000000 ) ) ;
#2353 = AXIS2_PLACEMENT_3D ( 'NONE', #4111, #982, #2089 ) ;
#2354 = ORIENTED_EDGE ( 'NONE', *, *, #3345, .T. ) ;
#2355 = CARTESIAN_POINT ( 'NONE',  ( -111.2876321485124720, -13.22869674136859253, 24.25841138862636726 ) ) ;
#2356 = CARTESIAN_POINT ( 'NONE',  ( -72.62469504755537741, -90.78086880944222514, 17.99999999999998934 ) ) ;
#2357 = EDGE_CURVE ( 'NONE', #2495, #259, #58, .T. ) ;
#2358 = AXIS2_PLACEMENT_3D ( 'NONE', #3800, #3824, #686 ) ;
#2359 = CARTESIAN_POINT ( 'NONE',  ( -111.5000000000000000, -11.30000000000000604, 32.30000000000001137 ) ) ;
#2360 = ORIENTED_EDGE ( 'NONE', *, *, #3288, .T. ) ;
#2361 = CIRCLE ( 'NONE', #1716, 6.000000000000005329 ) ;
#2362 = CARTESIAN_POINT ( 'NONE',  ( 100.0000000000009805, 90.00609172980803407, 1.743011467825187623E-15 ) ) ;
#2363 = ADVANCED_FACE ( 'NONE', ( #3001 ), #4589, .F. ) ;
#2364 = CARTESIAN_POINT ( 'NONE',  ( -110.5637999733399965, 11.81283117866999177, 13.39655374439196578 ) ) ;
#2365 = PLANE ( 'NONE',  #3511 ) ;
#2366 = VERTEX_POINT ( 'NONE', #4482 ) ;
#2367 = EDGE_LOOP ( 'NONE', ( #2200, #4982, #2546, #2155, #573, #2324, #3988 ) ) ;
#2368 = FACE_OUTER_BOUND ( 'NONE', #2741, .T. ) ;
#2369 = CARTESIAN_POINT ( 'NONE',  ( -111.5000000000000000, 11.29999999999999183, 9.700000000000004619 ) ) ;
#2370 = B_SPLINE_CURVE_WITH_KNOTS ( 'NONE', 3,
 ( #3760, #3393, #2952, #1821, #3416, #2207, #4174, #4540, #5003, #1767, #996, #3790, #2564, #4565, #4094, #3737, #3710, #239, #3370, #3341, #1417, #2586, #2978, #4204 ),
 .UNSPECIFIED., .F., .F.,
 ( 4, 2, 2, 1, 1, 1, 2, 2, 2, 1, 1, 1, 2, 2, 4 ),
 ( 0.000000000000000000, 0.2500000000001827982, 0.3750000000002777778, 0.4375000000003212985, 0.4687500000003430589, 0.4843750000003505529, 0.4921875000003502754, 0.5000000000003499423, 0.6250000000002569056, 0.6875000000002138290, 0.7187500000001956213, 0.7343750000001868505, 0.7421875000001820766, 0.7500000000001773026, 1.000000000000000000 ),
 .UNSPECIFIED. ) ;
#2371 = CARTESIAN_POINT ( 'NONE',  ( -106.6736281683781726, -13.87721956799658862, 12.58872260071730942 ) ) ;
#2372 = CARTESIAN_POINT ( 'NONE',  ( 0.000000000000000000, 0.000000000000000000, 0.000000000000000000 ) ) ;
#2373 = ORIENTED_EDGE ( 'NONE', *, *, #947, .T. ) ;
#2374 = CARTESIAN_POINT ( 'NONE',  ( -105.7999999999999829, -13.33493374100944528, 12.11859180743521769 ) ) ;
#2375 = LINE ( 'NONE', #353, #1781 ) ;
#2376 = VECTOR ( 'NONE', #1499, 1000.000000000000000 ) ;
#2377 = EDGE_LOOP ( 'NONE', ( #4314, #3798 ) ) ;
#2378 = CARTESIAN_POINT ( 'NONE',  ( -106.3629611002599944, -12.91224240177000659, 29.72438076608995416 ) ) ;
#2379 = FACE_OUTER_BOUND ( 'NONE', #338, .T. ) ;
#2380 = AXIS2_PLACEMENT_3D ( 'NONE', #890, #2055, #3319 ) ;
#2381 = VERTEX_POINT ( 'NONE', #2161 ) ;
#2382 = CARTESIAN_POINT ( 'NONE',  ( -90.00609172981006623, -99.99999999999903366, -1.292074404336618767E-15 ) ) ;
#2383 = CARTESIAN_POINT ( 'NONE',  ( -111.2161109052499910, -8.373467819070016915, 10.50756870338996407 ) ) ;
#2384 = LINE ( 'NONE', #4721, #2147 ) ;
#2385 = EDGE_CURVE ( 'NONE', #3350, #3948, #2361, .T. ) ;
#2386 = VERTEX_POINT ( 'NONE', #4926 ) ;
#2387 = CARTESIAN_POINT ( 'NONE',  ( -105.7999587026399979, -12.78101592978000589, 12.30915288311096312 ) ) ;
#2388 = DIRECTION ( 'NONE',  ( 0.000000000000000000, -1.000000000000000000, 0.000000000000000000 ) ) ;
#2389 = PRESENTATION_STYLE_ASSIGNMENT (( #2065 ) ) ;
#2390 = EDGE_CURVE ( 'NONE', #2366, #925, #300, .T. ) ;
#2391 = EDGE_LOOP ( 'NONE', ( #1246, #837 ) ) ;
#2392 = ORIENTED_EDGE ( 'NONE', *, *, #4578, .T. ) ;
#2393 = CARTESIAN_POINT ( 'NONE',  ( -99.37142614914748151, 95.23328957798474903, 17.99999999999999645 ) ) ;
#2394 = CARTESIAN_POINT ( 'NONE',  ( -107.6112118744679123, 8.404429623564334761, 33.08464869200548719 ) ) ;
#2395 = DIRECTION ( 'NONE',  ( -1.301042606982607530E-14, -1.000000000000000000, 0.000000000000000000 ) ) ;
#2396 = ORIENTED_EDGE ( 'NONE', *, *, #4865, .F. ) ;
#2397 = CARTESIAN_POINT ( 'NONE',  ( -109.0643820955500018, -7.676377351260017967, 33.77764329120995512 ) ) ;
#2398 = DIRECTION ( 'NONE',  ( -3.054740849381649318E-17, 1.457378446665821845E-17, 1.000000000000000000 ) ) ;
#2399 = EDGE_LOOP ( 'NONE', ( #535, #3507, #5038, #914 ) ) ;
#2400 = CARTESIAN_POINT ( 'NONE',  ( -107.7773952264099933, -12.03152817064000679, 29.32936387055395500 ) ) ;
#2401 = CARTESIAN_POINT ( 'NONE',  ( -111.5003764568290876, 10.96565693037379319, 13.12553606009812235 ) ) ;
#2402 = ORIENTED_EDGE ( 'NONE', *, *, #810, .F. ) ;
#2403 = ORIENTED_EDGE ( 'NONE', *, *, #2614, .F. ) ;
#2404 = PLANE ( 'NONE',  #2794 ) ;
#2405 = CARTESIAN_POINT ( 'NONE',  ( -112.0756043910899962, -8.255337380810017223, 10.74015953762996212 ) ) ;
#2406 = CARTESIAN_POINT ( 'NONE',  ( -109.5797738271136552, -12.44362682155665922, 13.34697943785410956 ) ) ;
#2407 = VECTOR ( 'NONE', #570, 1000.000000000000114 ) ;
#2408 = VERTEX_POINT ( 'NONE', #4508 ) ;
#2409 = CARTESIAN_POINT ( 'NONE',  ( -111.5001055264499996, 10.96535989391999344, 28.87532855341295246 ) ) ;
#2410 = EDGE_CURVE ( 'NONE', #1497, #2350, #3028, .T. ) ;
#2411 = B_SPLINE_CURVE_WITH_KNOTS ( 'NONE', 3,
 ( #974, #168, #2542, #3687, #139, #1722, #891, #87, #4883, #1339, #1749, #2903, #4131, #916, #1278, #4407, #939, #858, #3633, #4852, #2432, #3656, #2847, #3322, #2460, #4906, #4047 ),
 .UNSPECIFIED., .F., .F.,
 ( 4, 2, 2, 1, 1, 2, 2, 2, 2, 1, 1, 1, 2, 2, 2, 4 ),
 ( 0.000000000000000000, 0.2499999999992827959, 0.3749999999989153121, 0.4374999999987315702, 0.4687499999986315946, 0.4843749999985734744, 0.4999999999985152987, 0.6249999999979887200, 0.6874999999977254861, 0.7187499999976009191, 0.7343749999975390796, 0.7421874999975082154, 0.7460937499974997777, 0.7499999999974913401, 0.8749999999987456700, 1.000000000000000000 ),
 .UNSPECIFIED. ) ;
#2412 = PLANE ( 'NONE',  #2962 ) ;
#2413 = CARTESIAN_POINT ( 'NONE',  ( -109.1121899102371486, 13.53431634533380645, 14.77823933742390139 ) ) ;
#2414 = ORIENTED_EDGE ( 'NONE', *, *, #3661, .F. ) ;
#2415 = ORIENTED_EDGE ( 'NONE', *, *, #755, .T. ) ;
#2416 = CARTESIAN_POINT ( 'NONE',  ( -108.7999999999999972, -8.550000000000006040, 32.30000000000001137 ) ) ;
#2417 = EDGE_CURVE ( 'NONE', #4341, #818, #2775, .T. ) ;
#2418 = EDGE_CURVE ( 'NONE', #910, #2381, #1217, .T. ) ;
#2419 = LINE ( 'NONE', #2341, #36 ) ;
#2420 = CARTESIAN_POINT ( 'NONE',  ( 100.0000000000010800, 99.99999999999893419, 1.597362402715875680E-15 ) ) ;
#2421 = VERTEX_POINT ( 'NONE', #4247 ) ;
#2422 = CARTESIAN_POINT ( 'NONE',  ( -107.2232461143722020, 12.24445299072124627, 12.55199973832732496 ) ) ;
#2423 = FACE_BOUND ( 'NONE', #3388, .T. ) ;
#2424 = CARTESIAN_POINT ( 'NONE',  ( -108.7999999999999972, 8.549999999999991829, 9.700000000000004619 ) ) ;
#2425 = ORIENTED_EDGE ( 'NONE', *, *, #572, .F. ) ;
#2426 = EDGE_CURVE ( 'NONE', #1380, #560, #965, .T. ) ;
#2427 = CARTESIAN_POINT ( 'NONE',  ( -112.0760223746499946, -10.26000626004000793, 29.25490436640295044 ) ) ;
#2428 = CARTESIAN_POINT ( 'NONE',  ( -109.4795835282613723, -7.654371580448086299, 8.489345805136952805 ) ) ;
#2429 = VECTOR ( 'NONE', #4454, 1000.000000000000000 ) ;
#2430 = ORIENTED_EDGE ( 'NONE', *, *, #813, .T. ) ;
#2431 = FACE_OUTER_BOUND ( 'NONE', #4302, .T. ) ;
#2432 = CARTESIAN_POINT ( 'NONE',  ( -105.7999962194831056, 8.822850473946569849, 34.08535674768388901 ) ) ;
#2433 = VECTOR ( 'NONE', #1738, 1000.000000000000000 ) ;
#2434 = CIRCLE ( 'NONE', #3257, 3.199999999999994404 ) ;
#2435 = VECTOR ( 'NONE', #1161, 1000.000000000000114 ) ;
#2436 = DIRECTION ( 'NONE',  ( -1.000000000000000000, 0.000000000000000000, 0.000000000000000000 ) ) ;
#2437 = CARTESIAN_POINT ( 'NONE',  ( -111.5381315072200010, 8.604474900279983629, 30.98297538252895222 ) ) ;
#2438 = ORIENTED_EDGE ( 'NONE', *, *, #4837, .F. ) ;
#2439 = LINE ( 'NONE', #2169, #135 ) ;
#2440 = DIRECTION ( 'NONE',  ( 0.000000000000000000, 0.9776975734960267062, -0.2100177487261055131 ) ) ;
#2441 = LINE ( 'NONE', #2857, #547 ) ;
#2442 = AXIS2_PLACEMENT_3D ( 'NONE', #1692, #111, #4440 ) ;
#2443 = ORIENTED_EDGE ( 'NONE', *, *, #4865, .T. ) ;
#2444 = VERTEX_POINT ( 'NONE', #4318 ) ;
#2445 = CARTESIAN_POINT ( 'NONE',  ( -105.7999971377347066, -13.96071033574168752, 10.39506871238874375 ) ) ;
#2446 = CONICAL_SURFACE ( 'NONE', #2863, 95.00000000000000000, 0.03490658503988720851 ) ;
#2447 = DIRECTION ( 'NONE',  ( -1.000000000000000000, -1.264818684629761841E-16, -1.040834085604003879E-17 ) ) ;
#2448 = DIRECTION ( 'NONE',  ( 1.000000000000000000, 1.264818684629761841E-16, 1.040834085604003879E-17 ) ) ;
#2449 = ORIENTED_EDGE ( 'NONE', *, *, #1130, .F. ) ;
#2450 = DIRECTION ( 'NONE',  ( -1.000000000000000000, -1.264818684629761841E-16, -1.040834085604003879E-17 ) ) ;
#2451 = LINE ( 'NONE', #2839, #2433 ) ;
#2452 = CARTESIAN_POINT ( 'NONE',  ( -95.23328957798474903, -99.37142614914749572, 17.99999999999999645 ) ) ;
#2453 = ORIENTED_EDGE ( 'NONE', *, *, #4884, .F. ) ;
#2454 = CARTESIAN_POINT ( 'NONE',  ( -108.3875487093999936, -13.25030469687000867, 28.65090139241995359 ) ) ;
#2455 = DIRECTION ( 'NONE',  ( -3.054740849381649318E-17, 1.457378446665821845E-17, 1.000000000000000000 ) ) ;
#2456 = ORIENTED_EDGE ( 'NONE', *, *, #3733, .T. ) ;
#2457 = DIRECTION ( 'NONE',  ( 1.000000000000000000, -1.110578963952739523E-14, 3.054740849381665342E-17 ) ) ;
#2458 = AXIS2_PLACEMENT_3D ( 'NONE', #2420, #2865, #797 ) ;
#2459 = EDGE_CURVE ( 'NONE', #1717, #2679, #698, .T. ) ;
#2460 = CARTESIAN_POINT ( 'NONE',  ( -105.8002236005428642, 8.770852819189981275, 33.94165979775480935 ) ) ;
#2461 = DIRECTION ( 'NONE',  ( 0.000000000000000000, 0.4250068432727227563, -0.9051901364748488055 ) ) ;
#2462 = CARTESIAN_POINT ( 'NONE',  ( -105.2295407781699907, 8.803181963499973506, 33.96351710745995689 ) ) ;
#2463 = VECTOR ( 'NONE', #1881, 1000.000000000000114 ) ;
#2464 = ORIENTED_EDGE ( 'NONE', *, *, #3187, .T. ) ;
#2465 = CARTESIAN_POINT ( 'NONE',  ( -105.9055067951683782, 8.784626668882827616, 7.040191648910878008 ) ) ;
#2466 = CIRCLE ( 'NONE', #3206, 2.750000000000000888 ) ;
#2467 = FACE_OUTER_BOUND ( 'NONE', #4159, .T. ) ;
#2468 = FACE_OUTER_BOUND ( 'NONE', #1092, .T. ) ;
#2469 = ORIENTED_EDGE ( 'NONE', *, *, #783, .T. ) ;
#2470 = VERTEX_POINT ( 'NONE', #769 ) ;
#2471 = CYLINDRICAL_SURFACE ( 'NONE', #3428, 3.199999999999994404 ) ;
#2472 = CARTESIAN_POINT ( 'NONE',  ( -111.5000000000000000, -5.619098901240018762, 34.90775781849995951 ) ) ;
#2473 = CARTESIAN_POINT ( 'NONE',  ( -89.37751787895648192, 99.37142614914941419, 17.99999999999999645 ) ) ;
#2474 = ORIENTED_EDGE ( 'NONE', *, *, #2710, .T. ) ;
#2475 = CARTESIAN_POINT ( 'NONE',  ( -105.7999999999999972, 8.549999999999991829, 9.700000000000004619 ) ) ;
#2476 = CARTESIAN_POINT ( 'NONE',  ( -73.71791138077563232, -87.34504604789290738, 216.0010000000000048 ) ) ;
#2477 = DIRECTION ( 'NONE',  ( -1.511310491699965993E-14, -1.000000000000000000, 7.457124136677464365E-17 ) ) ;
#2478 = ORIENTED_EDGE ( 'NONE', *, *, #4430, .T. ) ;
#2479 = EDGE_CURVE ( 'NONE', #2656, #910, #4770, .T. ) ;
#2480 = DIRECTION ( 'NONE',  ( 3.054740849381649318E-17, -1.457378446665821845E-17, -1.000000000000000000 ) ) ;
#2481 = CARTESIAN_POINT ( 'NONE',  ( -108.6430855180942672, 13.03922846569457761, 13.28733039088275625 ) ) ;
#2482 = VERTEX_POINT ( 'NONE', #723 ) ;
#2483 = CARTESIAN_POINT ( 'NONE',  ( -85.00000000000572697, -84.99999999999428724, -1.357758042308711048E-15 ) ) ;
#2484 = ORIENTED_EDGE ( 'NONE', *, *, #947, .F. ) ;
#2485 = CARTESIAN_POINT ( 'NONE',  ( -115.7999999999999829, -13.00000000000001599, 21.00000000000000355 ) ) ;
#2486 = EDGE_CURVE ( 'NONE', #4583, #8, #3069, .T. ) ;
#2487 = CARTESIAN_POINT ( 'NONE',  ( -79.08591166940439621, 66.58591166939825712, 18.99999999999999645 ) ) ;
#2488 = CARTESIAN_POINT ( 'NONE',  ( -105.7999999999999829, 13.18224612525394157, 29.85102222140922379 ) ) ;
#2489 = EDGE_CURVE ( 'NONE', #1322, #4098, #1892, .T. ) ;
#2490 = ORIENTED_EDGE ( 'NONE', *, *, #2556, .F. ) ;
#2491 = CYLINDRICAL_SURFACE ( 'NONE', #2121, 6.000000000004945377 ) ;
#2492 = CARTESIAN_POINT ( 'NONE',  ( -84.99999999999901945, 91.00000000001067235, 17.99999999999999645 ) ) ;
#2493 = EDGE_CURVE ( 'NONE', #4817, #4611, #2949, .T. ) ;
#2494 = DIRECTION ( 'NONE',  ( 0.000000000000000000, -0.3746065934158975264, 0.9271838545667933085 ) ) ;
#2495 = VERTEX_POINT ( 'NONE', #2319 ) ;
#2496 = ORIENTED_EDGE ( 'NONE', *, *, #2240, .F. ) ;
#2497 = CARTESIAN_POINT ( 'NONE',  ( -107.6783949922777310, -12.05674088927783849, 29.39698512365642813 ) ) ;
#2498 = CARTESIAN_POINT ( 'NONE',  ( -107.3444359650899997, -13.78312891537002649, 13.07410121225196420 ) ) ;
#2499 = CARTESIAN_POINT ( 'NONE',  ( -66.58591166940264827, -115.0000000000030838, 216.5000000000000000 ) ) ;
#2500 = ORIENTED_EDGE ( 'NONE', *, *, #4150, .T. ) ;
#2501 = ORIENTED_EDGE ( 'NONE', *, *, #3876, .T. ) ;
#2502 = CARTESIAN_POINT ( 'NONE',  ( -141.7999999999999829, -2.016120418529620420E-14, 21.00000000000000355 ) ) ;
#2503 = CARTESIAN_POINT ( 'NONE',  ( -128.8000000000000114, 1.934822778363674845E-13, 8.000000000000003553 ) ) ;
#2504 = ORIENTED_EDGE ( 'NONE', *, *, #4150, .F. ) ;
#2505 = DIRECTION ( 'NONE',  ( -1.071937337635886090E-14, -1.000000000000000000, 1.457378446665789181E-17 ) ) ;
#2506 = CARTESIAN_POINT ( 'NONE',  ( -5.117950097003004071E-15, 2.441709634384620314E-15, 167.5412203309814743 ) ) ;
#2507 = VERTEX_POINT ( 'NONE', #380 ) ;
#2508 = CARTESIAN_POINT ( 'NONE',  ( -111.8832676259700065, 8.445108189589983994, 10.80734843209996399 ) ) ;
#2509 = VERTEX_POINT ( 'NONE', #350 ) ;
#2510 = DIRECTION ( 'NONE',  ( -1.000000000000000000, -1.264818684629761841E-16, -1.040834085604003879E-17 ) ) ;
#2511 = DIRECTION ( 'NONE',  ( 0.000000000000000000, -0.4936290131220121835, 0.8696725805751198690 ) ) ;
#2512 = CARTESIAN_POINT ( 'NONE',  ( -105.7999999999999972, 10.60493127665809254, 34.96071033181586074 ) ) ;
#2513 = AXIS2_PLACEMENT_3D ( 'NONE', #3793, #3420, #1468 ) ;
#2514 = AXIS2_PLACEMENT_3D ( 'NONE', #3707, #3648, #1658 ) ;
#2515 = ORIENTED_EDGE ( 'NONE', *, *, #2240, .T. ) ;
#2516 = EDGE_LOOP ( 'NONE', ( #1789, #4128, #4080, #2646, #108 ) ) ;
#2517 = EDGE_CURVE ( 'NONE', #1397, #831, #4226, .T. ) ;
#2518 = FACE_OUTER_BOUND ( 'NONE', #2391, .T. ) ;
#2519 = EDGE_CURVE ( 'NONE', #1712, #3275, #5096, .T. ) ;
#2520 = AXIS2_PLACEMENT_3D ( 'NONE', #4061, #488, #1221 ) ;
#2521 = VECTOR ( 'NONE', #4266, 1000.000000000000114 ) ;
#2522 = CARTESIAN_POINT ( 'NONE',  ( -108.0978463271199956, 11.90870433716999166, 29.28674738140995260 ) ) ;
#2523 = DIRECTION ( 'NONE',  ( -0.1391731009600952196, -1.979802692535329077E-17, -0.9902680687415661431 ) ) ;
#2524 = VECTOR ( 'NONE', #612, 1000.000000000000000 ) ;
#2525 = ORIENTED_EDGE ( 'NONE', *, *, #572, .T. ) ;
#2526 = EDGE_CURVE ( 'NONE', #2735, #1806, #4048, .T. ) ;
#2527 = CARTESIAN_POINT ( 'NONE',  ( -105.7999999999999972, 13.96071033183203269, 10.39506872328004228 ) ) ;
#2528 = VECTOR ( 'NONE', #4764, 1000.000000000000000 ) ;
#2529 = CYLINDRICAL_SURFACE ( 'NONE', #2615, 2.750000000000000888 ) ;
#2530 = AXIS2_PLACEMENT_3D ( 'NONE', #4073, #142, #1724 ) ;
#2531 = CARTESIAN_POINT ( 'NONE',  ( -1.038105993888196734E-12, -95.75000000000000000, -2.074007089271121793E-15 ) ) ;
#2532 = ORIENTED_EDGE ( 'NONE', *, *, #3973, .T. ) ;
#2533 = VERTEX_POINT ( 'NONE', #2342 ) ;
#2534 = CARTESIAN_POINT ( 'NONE',  ( -108.4781507660140392, -8.135367021634014151, 33.73499574862258754 ) ) ;
#2535 = DIRECTION ( 'NONE',  ( -1.000000000000000000, -1.264818684629761841E-16, -1.040834085604003879E-17 ) ) ;
#2536 = ORIENTED_EDGE ( 'NONE', *, *, #661, .F. ) ;
#2537 = CARTESIAN_POINT ( 'NONE',  ( -99.37142614914748151, 89.37751787895859934, 17.99999999999999645 ) ) ;
#2538 = DIRECTION ( 'NONE',  ( 3.054740849381649318E-17, -1.457378446665821845E-17, -1.000000000000000000 ) ) ;
#2539 = VERTEX_POINT ( 'NONE', #3861 ) ;
#2540 = PLANE ( 'NONE',  #3875 ) ;
#2541 = EDGE_LOOP ( 'NONE', ( #5056, #2924, #574, #3138 ) ) ;
#2542 = CARTESIAN_POINT ( 'NONE',  ( -105.8002467926543630, 8.880367559791132237, 34.79263953599733838 ) ) ;
#2543 = DIRECTION ( 'NONE',  ( -0.03487826274237505741, -0.03487826274237434271, -0.9987827659587181772 ) ) ;
#2544 = CARTESIAN_POINT ( 'NONE',  ( -1.221896339752659826E-15, 5.829513786663287626E-16, 40.00000000000000000 ) ) ;
#2545 = ORIENTED_EDGE ( 'NONE', *, *, #1808, .F. ) ;
#2546 = ORIENTED_EDGE ( 'NONE', *, *, #1918, .T. ) ;
#2547 = CARTESIAN_POINT ( 'NONE',  ( 84.99999999999421618, -91.00000000000345324, 216.0010000000000048 ) ) ;
#2548 = CIRCLE ( 'NONE', #3202, 3.000000000000000888 ) ;
#2549 = DIRECTION ( 'NONE',  ( -3.054740849381649318E-17, 1.457378446665821845E-17, 1.000000000000000000 ) ) ;
#2550 = EDGE_CURVE ( 'NONE', #2321, #491, #4723, .T. ) ;
#2551 = B_SPLINE_CURVE_WITH_KNOTS ( 'NONE', 3,
 ( #2445, #3221, #2092, #1291 ),
 .UNSPECIFIED., .F., .F.,
 ( 4, 4 ),
 ( 0.2819569443117445062, 1.000000000000000000 ),
 .UNSPECIFIED. ) ;
#2552 = CARTESIAN_POINT ( 'NONE',  ( -111.5000000000000000, 8.972675441469032620, 30.40697057623005506 ) ) ;
#2553 = CARTESIAN_POINT ( 'NONE',  ( -69.03269852411747820, -91.09321633321945910, 216.0010000000000048 ) ) ;
#2554 = CARTESIAN_POINT ( 'NONE',  ( 90.00609172981006623, 99.99999999999903366, 1.292074404336618767E-15 ) ) ;
#2555 = CARTESIAN_POINT ( 'NONE',  ( -104.9999999999634639, 19.50000000000112266, -3.491666688949467623E-15 ) ) ;
#2556 = EDGE_CURVE ( 'NONE', #3601, #2279, #469, .T. ) ;
#2557 = VERTEX_POINT ( 'NONE', #878 ) ;
#2558 = ORIENTED_EDGE ( 'NONE', *, *, #452, .T. ) ;
#2559 = CARTESIAN_POINT ( 'NONE',  ( -110.1950374657063350, 7.665053138398704391, 8.983004273630193381 ) ) ;
#2560 = CARTESIAN_POINT ( 'NONE',  ( -109.8123006842541969, -5.384158892933820439, 7.564248893259824413 ) ) ;
#2561 = B_SPLINE_CURVE_WITH_KNOTS ( 'NONE', 3,
 ( #3064, #1481, #3482, #3017 ),
 .UNSPECIFIED., .F., .F.,
 ( 4, 4 ),
 ( 0.000000000000000000, 1.000000000000000000 ),
 .UNSPECIFIED. ) ;
#2562 = VERTEX_POINT ( 'NONE', #3248 ) ;
#2563 = DIRECTION ( 'NONE',  ( -1.000000000000000000, -1.264818684629761841E-16, -1.040834085604003879E-17 ) ) ;
#2564 = CARTESIAN_POINT ( 'NONE',  ( -109.6763348258851494, -12.38184380454550571, 28.64722860254627790 ) ) ;
#2565 = VERTEX_POINT ( 'NONE', #405 ) ;
#2566 = CARTESIAN_POINT ( 'NONE',  ( -105.8000050750894161, 13.13110733923021201, 12.16331829129659425 ) ) ;
#2567 = CARTESIAN_POINT ( 'NONE',  ( 95.86186342883412692, -100.0000000000009805, 4.385709947804880180E-15 ) ) ;
#2568 = CARTESIAN_POINT ( 'NONE',  ( -111.5000000000000000, 10.02497946872999179, 29.58442959125695282 ) ) ;
#2569 = CARTESIAN_POINT ( 'NONE',  ( -108.3944768900534967, -6.936478269323749224, 34.63542030530040705 ) ) ;
#2570 = ORIENTED_EDGE ( 'NONE', *, *, #2489, .T. ) ;
#2571 = VERTEX_POINT ( 'NONE', #904 ) ;
#2572 = CARTESIAN_POINT ( 'NONE',  ( 66.58591166939854133, 79.08591166940028927, 19.00000000000000355 ) ) ;
#2573 = PLANE ( 'NONE',  #4781 ) ;
#2574 =( BOUNDED_CURVE ( )  B_SPLINE_CURVE ( 3, ( #999, #3344, #2567, #4155 ),
 .UNSPECIFIED., .F., .F. ) 
 B_SPLINE_CURVE_WITH_KNOTS ( ( 4, 4 ),
 ( 5.498396131367743855, 7.067974482991426832 ),
 .UNSPECIFIED. ) 
 CURVE ( )  GEOMETRIC_REPRESENTATION_ITEM ( )  RATIONAL_B_SPLINE_CURVE ( ( 1.000000000000000000, 0.8050248461936575506, 0.8050248461936575506, 1.000000000000000000 ) ) 
 REPRESENTATION_ITEM ( '' )  );
#2575 = CYLINDRICAL_SURFACE ( 'NONE', #3091, 6.000000000002544631 ) ;
#2576 = ADVANCED_FACE ( 'NONE', ( #4422 ), #3192, .F. ) ;
#2577 = CARTESIAN_POINT ( 'NONE',  ( -105.8000352449399912, -8.834706907580017088, 7.039403998089963643 ) ) ;
#2578 = LINE ( 'NONE', #1349, #5095 ) ;
#2579 = CARTESIAN_POINT ( 'NONE',  ( -106.7891409249037196, -13.86098530877571378, 29.32297285452225921 ) ) ;
#2580 = EDGE_LOOP ( 'NONE', ( #2973, #4475, #2453, #2158 ) ) ;
#2581 = VERTEX_POINT ( 'NONE', #4836 ) ;
#2582 = CARTESIAN_POINT ( 'NONE',  ( -108.4350048770433972, -8.163408902809063505, 33.72181563473227328 ) ) ;
#2583 = ADVANCED_FACE ( 'NONE', ( #1268, #2070, #1219, #2835, #4059, #1296, #846, #4759 ), #3955, .F. ) ;
#2584 = CARTESIAN_POINT ( 'NONE',  ( -111.1535044437771802, -13.24761401688054541, 17.43892371824036402 ) ) ;
#2585 = CARTESIAN_POINT ( 'NONE',  ( -106.0992511901999933, -13.95794810327000590, 29.68356405357495120 ) ) ;
#2586 = CARTESIAN_POINT ( 'NONE',  ( -110.8996688894973204, -11.49527199402343491, 28.72144594511275884 ) ) ;
#2587 = ORIENTED_EDGE ( 'NONE', *, *, #3561, .F. ) ;
#2588 = CARTESIAN_POINT ( 'NONE',  ( -105.7999993154900125, 13.10659828772868885, 12.17056973437693657 ) ) ;
#2589 = ADVANCED_FACE ( 'NONE', ( #3223 ), #1482, .T. ) ;
#2590 = DIRECTION ( 'NONE',  ( -0.03487826274237511293, -0.03487826274237432189, 0.9987827659587181772 ) ) ;
#2591 = ADVANCED_FACE ( 'NONE', ( #486 ), #100, .T. ) ;
#2592 = CARTESIAN_POINT ( 'NONE',  ( -105.8002468388132087, -8.880367041251234994, 7.207357507986507983 ) ) ;
#2593 = CARTESIAN_POINT ( 'NONE',  ( -66.58591166940225037, -79.08591166940469463, 18.99999999999999645 ) ) ;
#2594 = ORIENTED_EDGE ( 'NONE', *, *, #2459, .F. ) ;
#2595 = EDGE_LOOP ( 'NONE', ( #1386, #952, #2525 ) ) ;
#2596 = CARTESIAN_POINT ( 'NONE',  ( -109.3264536686487389, 8.297805985416891517, 9.677391422836908674 ) ) ;
#2597 = DIRECTION ( 'NONE',  ( 1.071937337635886090E-14, 1.000000000000000000, 0.000000000000000000 ) ) ;
#2598 = VECTOR ( 'NONE', #1184, 1000.000000000000000 ) ;
#2599 = CARTESIAN_POINT ( 'NONE',  ( -105.7999587026399979, -12.78101592978000589, 12.30915288311096312 ) ) ;
#2600 = VECTOR ( 'NONE', #4972, 1000.000000000000000 ) ;
#2601 = CARTESIAN_POINT ( 'NONE',  ( -108.1149665303699976, -8.339309982160015622, 33.57339814989995830 ) ) ;
#2602 = CARTESIAN_POINT ( 'NONE',  ( 99.37142614914924366, 66.58591166939993400, 18.00000000000000355 ) ) ;
#2604 = CARTESIAN_POINT ( 'NONE',  ( -106.9315579591855823, -8.234799263317032825, 34.84096989990189996 ) ) ;
#2603 = AXIS2_PLACEMENT_3D ( 'NONE', #3170, #4814, #1270 ) ;
#2605 = VECTOR ( 'NONE', #4527, 1000.000000000000227 ) ;
#2606 = CARTESIAN_POINT ( 'NONE',  ( 99.33650537965678495, -1.064548189162355662E-12, 19.00000000000000355 ) ) ;
#2607 = VERTEX_POINT ( 'NONE', #2094 ) ;
#2608 = ORIENTED_EDGE ( 'NONE', *, *, #666, .F. ) ;
#2609 = CARTESIAN_POINT ( 'NONE',  ( -109.0647772452114879, 7.654783441763360230, 8.207127881977216433 ) ) ;
#2610 = CARTESIAN_POINT ( 'NONE',  ( 72.00000000000099476, 93.19999999999922125, 216.0010000000000048 ) ) ;
#2611 = VECTOR ( 'NONE', #1516, 1000.000000000000000 ) ;
#2612 = LINE ( 'NONE', #4138, #2709 ) ;
#2613 = DIRECTION ( 'NONE',  ( -1.110223024625156856E-14, -1.000000000000000000, 0.000000000000000000 ) ) ;
#2614 = EDGE_CURVE ( 'NONE', #3145, #2386, #3797, .T. ) ;
#2615 = AXIS2_PLACEMENT_3D ( 'NONE', #985, #123, #3673 ) ;
#2616 = ORIENTED_EDGE ( 'NONE', *, *, #1768, .T. ) ;
#2617 = CARTESIAN_POINT ( 'NONE',  ( 9.990949334884504557E-13, 94.33650537965678495, 19.00000000000000000 ) ) ;
#2618 = CARTESIAN_POINT ( 'NONE',  ( -107.6519596014000086, 13.73972405177999434, 28.64474064954695365 ) ) ;
#2619 = CIRCLE ( 'NONE', #2130, 13.49999999999999289 ) ;
#2620 = CARTESIAN_POINT ( 'NONE',  ( -105.8000115918930391, -8.895418152996017014, 7.518715547896245077 ) ) ;
#2621 = DIRECTION ( 'NONE',  ( -9.251858538542962756E-15, -1.000000000000000000, 0.000000000000000000 ) ) ;
#2622 = EDGE_CURVE ( 'NONE', #2712, #1322, #1148, .T. ) ;
#2623 = ORIENTED_EDGE ( 'NONE', *, *, #2263, .T. ) ;
#2624 = CARTESIAN_POINT ( 'NONE',  ( -128.8000000000000114, 1.934822778363674845E-13, 8.000000000000003553 ) ) ;
#2625 = B_SPLINE_CURVE_WITH_KNOTS ( 'NONE', 3,
 ( #4974, #618, #124, #4118 ),
 .UNSPECIFIED., .F., .F.,
 ( 4, 4 ),
 ( 0.000000000000000000, 1.000000000000000000 ),
 .UNSPECIFIED. ) ;
#2626 = CARTESIAN_POINT ( 'NONE',  ( -91.76631300077472986, 18.45256313723352193, 39.99999999999999289 ) ) ;
#2627 = AXIS2_PLACEMENT_3D ( 'NONE', #1245, #2813, #2944 ) ;
#2628 = PLANE ( 'NONE',  #2275 ) ;
#2629 = AXIS2_PLACEMENT_3D ( 'NONE', #4026, #1211, #1317 ) ;
#2630 = DIRECTION ( 'NONE',  ( 0.000000000000000000, 1.000000000000000000, 0.000000000000000000 ) ) ;
#2631 = DIRECTION ( 'NONE',  ( 3.054740849381649318E-17, -1.457378446665821845E-17, -1.000000000000000000 ) ) ;
#2632 = CARTESIAN_POINT ( 'NONE',  ( -105.7999956508241866, -13.07505991243480636, 29.81960770352840484 ) ) ;
#2633 = AXIS2_PLACEMENT_3D ( 'NONE', #3632, #109, #2822 ) ;
#2634 = ORIENTED_EDGE ( 'NONE', *, *, #4352, .T. ) ;
#2635 = VERTEX_POINT ( 'NONE', #2473 ) ;
#2636 = DIRECTION ( 'NONE',  ( 0.000000000000000000, 0.000000000000000000, 1.000000000000000000 ) ) ;
#2637 = CARTESIAN_POINT ( 'NONE',  ( -104.7545018577470870, 11.29999999999994387, 7.030146980995491290 ) ) ;
#2638 =( BOUNDED_CURVE ( )  B_SPLINE_CURVE ( 3, ( #2313, #2265, #716, #1480 ),
 .UNSPECIFIED., .F., .F. ) 
 B_SPLINE_CURVE_WITH_KNOTS ( ( 4, 4 ),
 ( 4.712084231441023618, 6.283185307179586232 ),
 .UNSPECIFIED. ) 
 CURVE ( )  GEOMETRIC_REPRESENTATION_ITEM ( )  RATIONAL_B_SPLINE_CURVE ( ( 1.000000000000000000, 0.8046660186372374124, 0.8046660186372374124, 1.000000000000000000 ) ) 
 REPRESENTATION_ITEM ( '' )  );
#2639 = CARTESIAN_POINT ( 'NONE',  ( -111.0872749708299807, -5.156607347920018292, 33.73381191132995838 ) ) ;
#2640 = ORIENTED_EDGE ( 'NONE', *, *, #3588, .F. ) ;
#2641 = CARTESIAN_POINT ( 'NONE',  ( -105.7999954585582003, 13.07459308454854430, 12.18057302891334537 ) ) ;
#2642 = CARTESIAN_POINT ( 'NONE',  ( -111.5000000000000000, 13.19891724219999141, 23.83523960780195239 ) ) ;
#2643 = EDGE_CURVE ( 'NONE', #1397, #925, #5035, .T. ) ;
#2644 = CARTESIAN_POINT ( 'NONE',  ( -108.9040578507299983, -8.241569887900018543, 33.37339722093995675 ) ) ;
#2645 = DIRECTION ( 'NONE',  ( -1.264818684629761841E-16, 1.000000000000000000, -2.216726102179205108E-18 ) ) ;
#2646 = ORIENTED_EDGE ( 'NONE', *, *, #3937, .T. ) ;
#2647 = CARTESIAN_POINT ( 'NONE',  ( -108.7965583661379441, 8.312218358540709673, 9.429515122970123286 ) ) ;
#2648 = EDGE_CURVE ( 'NONE', #2950, #959, #1210, .T. ) ;
#2649 = EDGE_CURVE ( 'NONE', #5117, #5051, #5106, .T. ) ;
#2650 = CARTESIAN_POINT ( 'NONE',  ( -92.40282721069965532, 19.00246749018645076, 18.99999999999999645 ) ) ;
#2651 = CARTESIAN_POINT ( 'NONE',  ( -106.0992495973799947, -8.683558467670017933, 34.95794125928996010 ) ) ;
#2652 = FACE_OUTER_BOUND ( 'NONE', #1684, .T. ) ;
#2653 = ADVANCED_FACE ( 'NONE', ( #3979 ), #426, .T. ) ;
#2654 = DIRECTION ( 'NONE',  ( 3.054740849381649318E-17, -1.457378446665821845E-17, -1.000000000000000000 ) ) ;
#2655 = CARTESIAN_POINT ( 'NONE',  ( -94.93629273636804555, -12.45643694941019675, 1.649786687013077291 ) ) ;
#2656 = VERTEX_POINT ( 'NONE', #1628 ) ;
#2657 = ORIENTED_EDGE ( 'NONE', *, *, #1517, .T. ) ;
#2658 = CARTESIAN_POINT ( 'NONE',  ( 0.000000000000000000, 0.000000000000000000, 0.000000000000000000 ) ) ;
#2659 = CARTESIAN_POINT ( 'NONE',  ( -108.7999999999999972, -11.30000000000000604, 32.30000000000001137 ) ) ;
#2660 = CARTESIAN_POINT ( 'NONE',  ( -107.6385392573786248, -8.401390998471008231, 8.926628055606123269 ) ) ;
#2661 = ORIENTED_EDGE ( 'NONE', *, *, #3417, .F. ) ;
#2662 = CARTESIAN_POINT ( 'NONE',  ( -111.5000000000000000, -8.339787769686974883, 33.57351657870019324 ) ) ;
#2663 = CARTESIAN_POINT ( 'NONE',  ( -72.62469504755537741, -90.78086880944222514, 0.000000000000000000 ) ) ;
#2664 = CARTESIAN_POINT ( 'NONE',  ( -105.8819421442999982, -8.554749069650016580, 35.40197948631995928 ) ) ;
#2665 = CARTESIAN_POINT ( 'NONE',  ( -141.8000000000000114, -13.00000000000003553, 28.61522368914982550 ) ) ;
#2666 = ORIENTED_EDGE ( 'NONE', *, *, #1711, .T. ) ;
#2667 = CARTESIAN_POINT ( 'NONE',  ( -107.8485136695534692, 8.377194163185128772, 9.015437635800239491 ) ) ;
#2668 = CARTESIAN_POINT ( 'NONE',  ( -109.3470033894677584, 7.659235445208338433, 33.59735737256315957 ) ) ;
#2669 = ADVANCED_FACE ( 'NONE', ( #4786 ), #1314, .T. ) ;
#2670 = B_SPLINE_CURVE_WITH_KNOTS ( 'NONE', 3,
 ( #4971, #253, #1854, #1031, #2672, #3848, #5018, #4217, #3080, #3429, #689, #4238, #1450, #3013, #3827, #1478 ),
 .UNSPECIFIED., .F., .F.,
 ( 4, 2, 2, 1, 1, 1, 1, 2, 2, 4 ),
 ( 0.000000000000000000, 0.2500000000000278111, 0.3750000000000400235, 0.4375000000000461853, 0.4687500000000490719, 0.4843750000000506817, 0.4921875000000512923, 0.4960937500000499600, 0.5000000000000486278, 1.000000000000000000 ),
 .UNSPECIFIED. ) ;
#2671 = ADVANCED_FACE ( 'NONE', ( #3729 ), #1967, .T. ) ;
#2672 = CARTESIAN_POINT ( 'NONE',  ( -109.2972757795598113, 5.980693854531572207, 7.491562707164714396 ) ) ;
#2673 = CARTESIAN_POINT ( 'NONE',  ( -107.1634079503442365, -8.078546371720019437, 34.80838550861869862 ) ) ;
#2674 = LINE ( 'NONE', #1858, #2435 ) ;
#2675 = CIRCLE ( 'NONE', #1283, 150.0000000000000000 ) ;
#2676 = EDGE_CURVE ( 'NONE', #285, #1352, #1408, .T. ) ;
#2677 = VECTOR ( 'NONE', #3049, 1000.000000000000000 ) ;
#2678 = ORIENTED_EDGE ( 'NONE', *, *, #4000, .T. ) ;
#2679 = VERTEX_POINT ( 'NONE', #2555 ) ;
#2680 = DIRECTION ( 'NONE',  ( -1.000000000000000000, -1.264818684629761841E-16, -1.040834085604003879E-17 ) ) ;
#2681 = CARTESIAN_POINT ( 'NONE',  ( -111.4332286555099927, -10.28709990467000779, 12.53453179474196233 ) ) ;
#2682 = VECTOR ( 'NONE', #3509, 1000.000000000000000 ) ;
#2683 = AXIS2_PLACEMENT_3D ( 'NONE', #2699, #3062, #1106 ) ;
#2684 = B_SPLINE_CURVE_WITH_KNOTS ( 'NONE', 3,
 ( #4415, #5114, #2778, #1181 ),
 .UNSPECIFIED., .F., .F.,
 ( 4, 4 ),
 ( 0.2819569450040015357, 1.000000000000000000 ),
 .UNSPECIFIED. ) ;
#2685 = CARTESIAN_POINT ( 'NONE',  ( -107.6016258131219558, -8.405503004056036787, 8.911401537167520814 ) ) ;
#2686 = VECTOR ( 'NONE', #1357, 1000.000000000000000 ) ;
#2687 = VECTOR ( 'NONE', #785, 1000.000000000000000 ) ;
#2688 = ORIENTED_EDGE ( 'NONE', *, *, #4585, .F. ) ;
#2689 = CYLINDRICAL_SURFACE ( 'NONE', #3427, 3.000000000000002665 ) ;
#2690 = CARTESIAN_POINT ( 'NONE',  ( -105.7999999999999829, 8.881421607899319781, 7.665168140431492638 ) ) ;
#2691 = CARTESIAN_POINT ( 'NONE',  ( -105.7999993154905098, -8.829430265605530792, 7.893401712335280429 ) ) ;
#2692 = DIRECTION ( 'NONE',  ( -0.9999619230641713097, -0.008726535498373882635, -1.224704754162892651E-14 ) ) ;
#2693 = AXIS2_PLACEMENT_3D ( 'NONE', #2970, #4556, #1011 ) ;
#2694 = ORIENTED_EDGE ( 'NONE', *, *, #5122, .F. ) ;
#2695 = CARTESIAN_POINT ( 'NONE',  ( -111.1054048010200006, -13.25431120121457162, 24.57579392524046114 ) ) ;
#2696 = CARTESIAN_POINT ( 'NONE',  ( -108.3532107181699899, -7.862501278320027431, 7.846121349889963348 ) ) ;
#2697 = AXIS2_PLACEMENT_3D ( 'NONE', #3197, #4397, #3645 ) ;
#2698 = CARTESIAN_POINT ( 'NONE',  ( -109.2016375177970247, 7.666272667088652071, 33.69125766005748090 ) ) ;
#2699 = CARTESIAN_POINT ( 'NONE',  ( -105.7999999999999972, 11.29999999999999183, 32.30000000000001137 ) ) ;
#2700 = EDGE_CURVE ( 'NONE', #20, #4405, #3743, .T. ) ;
#2701 = CARTESIAN_POINT ( 'NONE',  ( -111.6980334147099967, 10.84641637287999316, 13.13469243634796513 ) ) ;
#2702 = CARTESIAN_POINT ( 'NONE',  ( -107.0818874772659939, 13.81984246395042781, 29.16283134640636732 ) ) ;
#2703 = CARTESIAN_POINT ( 'NONE',  ( -94.88223265040552690, -12.86338053455731512, 3.197865001130894669 ) ) ;
#2704 = AXIS2_PLACEMENT_3D ( 'NONE', #2372, #512, #4004 ) ;
#2705 = ORIENTED_EDGE ( 'NONE', *, *, #2304, .F. ) ;
#2706 = ORIENTED_EDGE ( 'NONE', *, *, #3116, .T. ) ;
#2707 = DIRECTION ( 'NONE',  ( 3.054740849381649318E-17, -1.457378446665821845E-17, -1.000000000000000000 ) ) ;
#2708 = CARTESIAN_POINT ( 'NONE',  ( -108.5571980588700001, -12.04043142413002876, 12.72267232652696300 ) ) ;
#2709 = VECTOR ( 'NONE', #3402, 1000.000000000000114 ) ;
#2710 = EDGE_CURVE ( 'NONE', #3101, #2482, #2199, .T. ) ;
#2711 = CARTESIAN_POINT ( 'NONE',  ( 99.92852815706051217, 19.49999999999892708, 2.768368772699750903E-15 ) ) ;
#2712 = VERTEX_POINT ( 'NONE', #3363 ) ;
#2713 = DIRECTION ( 'NONE',  ( 1.071937337635886090E-14, 1.000000000000000000, 0.000000000000000000 ) ) ;
#2714 = AXIS2_PLACEMENT_3D ( 'NONE', #1279, #859, #3634 ) ;
#2715 = DIRECTION ( 'NONE',  ( -3.054740849381649318E-17, 1.457378446665821845E-17, 1.000000000000000000 ) ) ;
#2716 = ORIENTED_EDGE ( 'NONE', *, *, #813, .F. ) ;
#2717 = CARTESIAN_POINT ( 'NONE',  ( -105.8000605316640161, -8.896718555859319366, 7.479356011518593306 ) ) ;
#2718 = CARTESIAN_POINT ( 'NONE',  ( -141.7999999999999829, -13.00000000000000711, 21.00000000000000355 ) ) ;
#2719 = B_SPLINE_CURVE_WITH_KNOTS ( 'NONE', 3,
 ( #1, #1562, #3545, #2819 ),
 .UNSPECIFIED., .F., .F.,
 ( 4, 4 ),
 ( 0.2819569441243429675, 1.000000000000000000 ),
 .UNSPECIFIED. ) ;
#2720 = ORIENTED_EDGE ( 'NONE', *, *, #1284, .T. ) ;
#2721 = CARTESIAN_POINT ( 'NONE',  ( -109.8123128034247742, -13.43574934330756143, 26.38414442421106898 ) ) ;
#2722 = CARTESIAN_POINT ( 'NONE',  ( -106.7962403596299907, -8.008513358020016071, 6.900049099399963026 ) ) ;
#2723 = CARTESIAN_POINT ( 'NONE',  ( 66.58591166939854133, 79.08591166940028927, 18.00000000000000355 ) ) ;
#2724 = CARTESIAN_POINT ( 'NONE',  ( 99.33650537965607441, -66.58591166940286143, 19.00000000000000355 ) ) ;
#2725 = CARTESIAN_POINT ( 'NONE',  ( -105.4200298400199927, 13.23249734032999214, 12.00722843772396331 ) ) ;
#2726 = LINE ( 'NONE', #3919, #4853 ) ;
#2727 = CARTESIAN_POINT ( 'NONE',  ( -90.00609172980793460, 100.0000000000009805, -4.206831297668196908E-15 ) ) ;
#2728 = EDGE_CURVE ( 'NONE', #2338, #3568, #2971, .T. ) ;
#2729 = ORIENTED_EDGE ( 'NONE', *, *, #499, .F. ) ;
#2730 = VERTEX_POINT ( 'NONE', #595 ) ;
#2731 = CARTESIAN_POINT ( 'NONE',  ( -74.96730147588449711, -88.90678366677894928, 0.000000000000000000 ) ) ;
#2732 = CARTESIAN_POINT ( 'NONE',  ( 66.58591166940024664, -100.0000000000006963, 2.685075086979410509E-15 ) ) ;
#2733 = CARTESIAN_POINT ( 'NONE',  ( -107.4849573476699902, -8.418566272540017437, 33.13599021268995415 ) ) ;
#2734 = EDGE_CURVE ( 'NONE', #1308, #71, #2625, .T. ) ;
#2735 = VERTEX_POINT ( 'NONE', #4917 ) ;
#2736 = DIRECTION ( 'NONE',  ( 1.040834085604003879E-17, 1.316466399071475981E-33, -1.000000000000000000 ) ) ;
#2737 = CARTESIAN_POINT ( 'NONE',  ( -105.7999999999999972, 13.96072909494077230, 9.700000000000004619 ) ) ;
#2738 = ORIENTED_EDGE ( 'NONE', *, *, #3018, .F. ) ;
#2739 = CARTESIAN_POINT ( 'NONE',  ( -108.7999999999999972, -14.05000000000000782, 32.30000000000001137 ) ) ;
#2740 = DIRECTION ( 'NONE',  ( -3.054740849381649318E-17, 1.457378446665821845E-17, 1.000000000000000000 ) ) ;
#2741 = EDGE_LOOP ( 'NONE', ( #144, #1390, #2757 ) ) ;
#2742 = DIRECTION ( 'NONE',  ( -3.054740849381649318E-17, 1.457378446665821845E-17, 1.000000000000000000 ) ) ;
#2743 = EDGE_CURVE ( 'NONE', #2607, #3399, #1034, .T. ) ;
#2744 = FACE_OUTER_BOUND ( 'NONE', #409, .T. ) ;
#2745 = CARTESIAN_POINT ( 'NONE',  ( -107.3422355419599938, 7.927635672709992143, 7.216747070369962991 ) ) ;
#2746 = LINE ( 'NONE', #1592, #3773 ) ;
#2747 = CARTESIAN_POINT ( 'NONE',  ( -106.7962403596299907, 14.09995090059999256, 12.99148664197796244 ) ) ;
#2748 = CARTESIAN_POINT ( 'NONE',  ( -110.8077964098031458, 13.29638637816738722, 16.94922144289834165 ) ) ;
#2749 = ORIENTED_EDGE ( 'NONE', *, *, #5112, .F. ) ;
#2750 = ORIENTED_EDGE ( 'NONE', *, *, #2479, .T. ) ;
#2751 = CARTESIAN_POINT ( 'NONE',  ( -111.5000000000000000, -1.632880357086818318E-14, 21.00000000000000355 ) ) ;
#2752 = CARTESIAN_POINT ( 'NONE',  ( -105.8500520697899958, -14.41698181882000718, 12.43435006031696410 ) ) ;
#2754 = CARTESIAN_POINT ( 'NONE',  ( -111.2751676307826472, 11.17634908340736111, 28.80344728461248849 ) ) ;
#2753 = AXIS2_PLACEMENT_3D ( 'NONE', #464, #1715, #1272 ) ;
#2755 = DIRECTION ( 'NONE',  ( 3.054740849381649318E-17, -1.457378446665821845E-17, -1.000000000000000000 ) ) ;
#2756 = CONICAL_SURFACE ( 'NONE', #5080, 14.70024373452000077, 0.5235987755981996727 ) ;
#2757 = ORIENTED_EDGE ( 'NONE', *, *, #418, .T. ) ;
#2758 = CARTESIAN_POINT ( 'NONE',  ( -106.2363998610247080, 13.93866799926753863, 12.38146397754418970 ) ) ;
#2759 = AXIS2_PLACEMENT_3D ( 'NONE', #2659, #4658, #4271 ) ;
#2760 = DIRECTION ( 'NONE',  ( 0.000000000000000000, 1.000000000000000000, 0.000000000000000000 ) ) ;
#2761 = EDGE_LOOP ( 'NONE', ( #1368, #3582 ) ) ;
#2762 = ADVANCED_FACE ( 'NONE', ( #3782 ), #4195, .T. ) ;
#2763 = DIRECTION ( 'NONE',  ( 0.000000000000000000, 1.000000000000000000, 0.000000000000000000 ) ) ;
#2764 = CARTESIAN_POINT ( 'NONE',  ( 0.000000000000000000, 0.000000000000000000, 0.000000000000000000 ) ) ;
#2765 = VECTOR ( 'NONE', #3519, 1000.000000000000000 ) ;
#2766 = VECTOR ( 'NONE', #673, 1000.000000000000227 ) ;
#2767 = ORIENTED_EDGE ( 'NONE', *, *, #2053, .T. ) ;
#2768 = FACE_OUTER_BOUND ( 'NONE', #4538, .T. ) ;
#2769 = CARTESIAN_POINT ( 'NONE',  ( -110.3321545533099908, -8.085393355340015020, 9.457913190329962916 ) ) ;
#2770 = AXIS2_PLACEMENT_3D ( 'NONE', #3552, #1954, #3578 ) ;
#2771 = CIRCLE ( 'NONE', #713, 6.000000000000005329 ) ;
#2772 = CARTESIAN_POINT ( 'NONE',  ( -99.99999999999893419, 100.0000000000010800, -4.512119296047454806E-15 ) ) ;
#2773 = ADVANCED_FACE ( 'NONE', ( #2153 ), #1710, .T. ) ;
#2774 = ORIENTED_EDGE ( 'NONE', *, *, #313, .F. ) ;
#2775 = CIRCLE ( 'NONE', #557, 6.000000000006791900 ) ;
#2776 = CARTESIAN_POINT ( 'NONE',  ( -105.7999999999999972, 11.29999999999999183, 32.30000000000001137 ) ) ;
#2777 = PLANE ( 'NONE',  #1152 ) ;
#2778 = CARTESIAN_POINT ( 'NONE',  ( -105.7999999999999972, -9.424871067917091949, 34.96062774452076383 ) ) ;
#2779 = VERTEX_POINT ( 'NONE', #1325 ) ;
#2780 = VERTEX_POINT ( 'NONE', #1814 ) ;
#2781 = CARTESIAN_POINT ( 'NONE',  ( -109.1319955061844240, -11.41572416500261866, 29.29999999666749133 ) ) ;
#2782 = CARTESIAN_POINT ( 'NONE',  ( -109.8603515503900923, 12.25117601814974400, 28.65602307265447735 ) ) ;
#2783 = DIRECTION ( 'NONE',  ( -3.054740849381649318E-17, 1.457378446665821845E-17, 1.000000000000000000 ) ) ;
#2784 = AXIS2_PLACEMENT_3D ( 'NONE', #2499, #649, #2226 ) ;
#2785 = EDGE_LOOP ( 'NONE', ( #3238, #5045, #3686, #2294, #741 ) ) ;
#2786 = DIRECTION ( 'NONE',  ( 3.435719359631880486E-16, 0.03489949670250105246, 0.9993908270190956511 ) ) ;
#2787 = CARTESIAN_POINT ( 'NONE',  ( -105.7999999999999972, 11.29999999999999183, 34.96072909494075986 ) ) ;
#2788 = CARTESIAN_POINT ( 'NONE',  ( -105.8000000000000114, 8.787962069999569081, 8.024524721461274268 ) ) ;
#2789 = VECTOR ( 'NONE', #3788, 1000.000000000000000 ) ;
#2790 = ORIENTED_EDGE ( 'NONE', *, *, #1107, .T. ) ;
#2791 = CARTESIAN_POINT ( 'NONE',  ( -111.5000000000000284, -10.53896167210600865, 12.71041106198937953 ) ) ;
#2792 = CARTESIAN_POINT ( 'NONE',  ( -109.4804030028564483, 12.51011517019708386, 13.34565396657138869 ) ) ;
#2793 = B_SPLINE_CURVE_WITH_KNOTS ( 'NONE', 3,
 ( #4950, #1015, #260, #3336 ),
 .UNSPECIFIED., .F., .F.,
 ( 4, 4 ),
 ( 0.000000000000000000, 1.000000000000000000 ),
 .UNSPECIFIED. ) ;
#2794 = AXIS2_PLACEMENT_3D ( 'NONE', #2797, #1902, #1125 ) ;
#2795 = ORIENTED_EDGE ( 'NONE', *, *, #2798, .T. ) ;
#2796 = ORIENTED_EDGE ( 'NONE', *, *, #305, .F. ) ;
#2797 = CARTESIAN_POINT ( 'NONE',  ( -101.2999999999999972, -11.30000000000000604, 7.000000000000003553 ) ) ;
#2798 = EDGE_CURVE ( 'NONE', #2470, #3541, #4778, .T. ) ;
#2799 = CARTESIAN_POINT ( 'NONE',  ( -110.5637999733399965, -7.603446255610018412, 9.187168821329963819 ) ) ;
#2800 = B_SPLINE_CURVE_WITH_KNOTS ( 'NONE', 3,
 ( #4694, #1154, #2355, #2695, #1539, #4719, #2308, #413, #3548, #1176, #4358, #3477, #4330, #339, #1977, #2721, #3106, #3523, #4306 ),
 .UNSPECIFIED., .F., .F.,
 ( 4, 2, 1, 2, 2, 2, 1, 1, 2, 2, 4 ),
 ( 0.000000000000000000, 0.1249999999999808487, 0.1874999999999694966, 0.2187499999999656664, 0.2499999999999618083, 0.3749999999999562017, 0.4374999999999533706, 0.4687499999999500400, 0.4843749999999509281, 0.4999999999999518163, 1.000000000000000000 ),
 .UNSPECIFIED. ) ;
#2801 = CARTESIAN_POINT ( 'NONE',  ( 66.58591166940024664, -99.37142614914922945, 18.00000000000000355 ) ) ;
#2802 = ORIENTED_EDGE ( 'NONE', *, *, #3211, .F. ) ;
#2803 = EDGE_CURVE ( 'NONE', #1960, #2581, #2915, .T. ) ;
#2804 = CARTESIAN_POINT ( 'NONE',  ( -107.3430642052399975, -7.926845496270018110, 34.78335275890994893 ) ) ;
#2805 = EDGE_CURVE ( 'NONE', #566, #2470, #3925, .T. ) ;
#2806 = FACE_OUTER_BOUND ( 'NONE', #3960, .T. ) ;
#2807 = CARTESIAN_POINT ( 'NONE',  ( -110.0986103944472063, 13.39566954101220553, 15.96785103344446100 ) ) ;
#2808 = ORIENTED_EDGE ( 'NONE', *, *, #362, .T. ) ;
#2809 = ORIENTED_EDGE ( 'NONE', *, *, #4558, .F. ) ;
#2810 = EDGE_CURVE ( 'NONE', #1788, #1440, #4895, .T. ) ;
#2811 = CARTESIAN_POINT ( 'NONE',  ( -107.6033413109288261, -12.08775417950047171, 29.40527311226689378 ) ) ;
#2812 = DIRECTION ( 'NONE',  ( 0.9993908270190954291, -1.529514710239003849E-14, -0.03489949670251143998 ) ) ;
#2813 = DIRECTION ( 'NONE',  ( 1.000000000000000000, 1.264818684629761841E-16, 1.040834085604003879E-17 ) ) ;
#2814 = ORIENTED_EDGE ( 'NONE', *, *, #424, .F. ) ;
#2815 = FACE_OUTER_BOUND ( 'NONE', #719, .T. ) ;
#2816 = DIRECTION ( 'NONE',  ( 0.000000000000000000, 1.000000000000000000, 0.000000000000000000 ) ) ;
#2817 = CARTESIAN_POINT ( 'NONE',  ( -110.6242843761968686, -4.325462799596824226, 7.677515487911859893 ) ) ;
#2818 = ORIENTED_EDGE ( 'NONE', *, *, #1741, .F. ) ;
#2819 = CARTESIAN_POINT ( 'NONE',  ( -105.7999785328200062, 13.96059585347999210, 29.83484095509395218 ) ) ;
#2820 = DIRECTION ( 'NONE',  ( 0.000000000000000000, -1.000000000000000000, 0.000000000000000000 ) ) ;
#2821 = ORIENTED_EDGE ( 'NONE', *, *, #4775, .F. ) ;
#2822 = DIRECTION ( 'NONE',  ( 0.000000000000000000, -1.000000000000000000, 0.000000000000000000 ) ) ;
#2823 = CARTESIAN_POINT ( 'NONE',  ( -106.0992423229199915, -8.683551278330016387, 7.042046119259963710 ) ) ;
#2824 = CARTESIAN_POINT ( 'NONE',  ( -109.5358349295770637, -12.47276962640445674, 13.34595977390003618 ) ) ;
#2825 = LINE ( 'NONE', #4410, #3859 ) ;
#2826 = ORIENTED_EDGE ( 'NONE', *, *, #2320, .T. ) ;
#2827 = FACE_OUTER_BOUND ( 'NONE', #2248, .T. ) ;
#2828 = CARTESIAN_POINT ( 'NONE',  ( 114.9999999999993037, -66.58591166940304618, 216.5000000000000000 ) ) ;
#2829 = ADVANCED_FACE ( 'NONE', ( #1761 ), #3333, .T. ) ;
#2830 = CARTESIAN_POINT ( 'NONE',  ( 79.08591166940045980, -79.08591166940264827, 18.00000000000000355 ) ) ;
#2831 = VERTEX_POINT ( 'NONE', #3409 ) ;
#2832 = ORIENTED_EDGE ( 'NONE', *, *, #722, .F. ) ;
#2833 = CARTESIAN_POINT ( 'NONE',  ( 85.00000000000092371, 84.99999999999910472, 216.0010000000000048 ) ) ;
#2834 = DIRECTION ( 'NONE',  ( -0.03489949670251143304, 3.595358292902935283E-16, -0.9993908270190953180 ) ) ;
#2835 = FACE_BOUND ( 'NONE', #1763, .T. ) ;
#2836 = EDGE_CURVE ( 'NONE', #979, #4357, #5089, .T. ) ;
#2837 = ORIENTED_EDGE ( 'NONE', *, *, #460, .T. ) ;
#2838 = CARTESIAN_POINT ( 'NONE',  ( -1.011808624946809945E-12, -94.33650537965678495, 19.00000000000000000 ) ) ;
#2839 = CARTESIAN_POINT ( 'NONE',  ( -99.99999999999893419, 100.0000000000010800, -4.512119296047454806E-15 ) ) ;
#2840 = CYLINDRICAL_SURFACE ( 'NONE', #4183, 3.000000000000002665 ) ;
#2841 = ORIENTED_EDGE ( 'NONE', *, *, #4665, .F. ) ;
#2842 = CARTESIAN_POINT ( 'NONE',  ( -111.4435122486199958, -10.68762707316000693, 29.22596621847095477 ) ) ;
#2843 = DIRECTION ( 'NONE',  ( 0.000000000000000000, -0.4250068446620199891, 0.9051901358225429295 ) ) ;
#2844 = CIRCLE ( 'NONE', #4522, 13.00000000000000000 ) ;
#2845 = VERTEX_POINT ( 'NONE', #2727 ) ;
#2846 = CARTESIAN_POINT ( 'NONE',  ( -110.5063148476799881, 7.762489481149981607, 9.250269290339964812 ) ) ;
#2847 = CARTESIAN_POINT ( 'NONE',  ( -105.7999954519518298, 8.819405908284071671, 34.07452830582386127 ) ) ;
#2848 = AXIS2_PLACEMENT_3D ( 'NONE', #402, #3558, #14 ) ;
#2849 = CIRCLE ( 'NONE', #3510, 12.99999999999999822 ) ;
#2850 = AXIS2_PLACEMENT_3D ( 'NONE', #4162, #4861, #3382 ) ;
#2851 = DIRECTION ( 'NONE',  ( -1.071937337635886090E-14, -1.000000000000000000, 1.457378446665789181E-17 ) ) ;
#2852 = CARTESIAN_POINT ( 'NONE',  ( -109.9534064866799952, 8.266117474519992570, 32.02877061701994421 ) ) ;
#2853 = EDGE_LOOP ( 'NONE', ( #2984, #2500, #3581, #2872, #3522, #2209, #3669, #2720, #1111, #1591 ) ) ;
#2855 = VECTOR ( 'NONE', #3327, 1000.000000000000000 ) ;
#2854 = CARTESIAN_POINT ( 'NONE',  ( -109.4211406806699927, -1.632880357086818318E-14, 21.00000000000000355 ) ) ;
#2856 = CARTESIAN_POINT ( 'NONE',  ( -92.19096172975429226, -18.81916579783889176, 26.00000921721382952 ) ) ;
#2857 = CARTESIAN_POINT ( 'NONE',  ( -99.37142614914746730, 100.0000000000010800, 17.99999999999999645 ) ) ;
#2858 = CIRCLE ( 'NONE', #297, 13.00000000000000000 ) ;
#2859 = VERTEX_POINT ( 'NONE', #4678 ) ;
#2860 = ORIENTED_EDGE ( 'NONE', *, *, #433, .F. ) ;
#2861 = EDGE_CURVE ( 'NONE', #2507, #4276, #4930, .T. ) ;
#2862 = CARTESIAN_POINT ( 'NONE',  ( -105.7999999999999972, 11.29999999999995275, 7.039270905058374161 ) ) ;
#2863 = AXIS2_PLACEMENT_3D ( 'NONE', #2764, #5055, #4355 ) ;
#2864 = CARTESIAN_POINT ( 'NONE',  ( -8.728742107908186761E-13, -80.91185967956498359, 181.6774837423334930 ) ) ;
#2865 = DIRECTION ( 'NONE',  ( 0.9993908270190957621, -1.071233480598282542E-14, 0.03489949670250107328 ) ) ;
#2866 = VERTEX_POINT ( 'NONE', #4242 ) ;
#2867 = DIRECTION ( 'NONE',  ( 0.000000000000000000, -3.194667600111934097E-14, 1.000000000000000000 ) ) ;
#2868 = CARTESIAN_POINT ( 'NONE',  ( -108.8804429405657430, -7.858548966439138361, 33.77591239291872682 ) ) ;
#2869 = EDGE_CURVE ( 'NONE', #3065, #2735, #2561, .T. ) ;
#2870 = CARTESIAN_POINT ( 'NONE',  ( 79.08591166940070138, -66.58591166940266248, 19.00000000000000355 ) ) ;
#2871 = ADVANCED_FACE ( 'NONE', ( #2292 ), #3460, .T. ) ;
#2872 = ORIENTED_EDGE ( 'NONE', *, *, #1165, .F. ) ;
#2873 = CARTESIAN_POINT ( 'NONE',  ( -107.7320532873189762, 13.57202203127825690, 13.15651760879662113 ) ) ;
#2874 = ORIENTED_EDGE ( 'NONE', *, *, #599, .T. ) ;
#2875 = CARTESIAN_POINT ( 'NONE',  ( -105.8387693965500063, 8.323860800289981654, 6.443420128909962408 ) ) ;
#2876 = CARTESIAN_POINT ( 'NONE',  ( -108.7999999999999972, -8.550000000000006040, 9.700000000000004619 ) ) ;
#2877 = ADVANCED_FACE ( 'NONE', ( #1929 ), #1908, .T. ) ;
#2878 = CARTESIAN_POINT ( 'NONE',  ( -107.3423351061199895, 7.927723328689982196, 34.78340328617996136 ) ) ;
#2879 = CARTESIAN_POINT ( 'NONE',  ( -108.8344645156957284, -12.93521252678957012, 13.32573578434800154 ) ) ;
#2880 = CARTESIAN_POINT ( 'NONE',  ( -105.8000000000000114, 12.87542918803800518, 29.74427521842048705 ) ) ;
#2881 = VECTOR ( 'NONE', #2312, 1000.000000000000000 ) ;
#2882 = EDGE_LOOP ( 'NONE', ( #2425, #1623, #3376, #1981, #2860, #180 ) ) ;
#2883 = CARTESIAN_POINT ( 'NONE',  ( -67.09868186675797119, -88.67569551152011798, 17.99999999999999645 ) ) ;
#2884 = FACE_OUTER_BOUND ( 'NONE', #2141, .T. ) ;
#2885 = DIRECTION ( 'NONE',  ( -1.000000000000000000, -1.264818684629761841E-16, -1.040834085604003879E-17 ) ) ;
#2886 = ORIENTED_EDGE ( 'NONE', *, *, #1461, .F. ) ;
#2887 = ORIENTED_EDGE ( 'NONE', *, *, #715, .T. ) ;
#2888 = CARTESIAN_POINT ( 'NONE',  ( -108.8659060048361766, -11.54013013477315575, 29.30667163137458786 ) ) ;
#2889 = CARTESIAN_POINT ( 'NONE',  ( 85.00000000000092371, 84.99999999999909051, 1.357758042308494308E-15 ) ) ;
#2890 = DIRECTION ( 'NONE',  ( 0.000000000000000000, -1.000000000000000000, 0.000000000000000000 ) ) ;
#2891 = EDGE_CURVE ( 'NONE', #3399, #4831, #2674, .T. ) ;
#2892 = ORIENTED_EDGE ( 'NONE', *, *, #3345, .F. ) ;
#2893 = ORIENTED_EDGE ( 'NONE', *, *, #5113, .F. ) ;
#2894 = FACE_OUTER_BOUND ( 'NONE', #4825, .T. ) ;
#2895 = CARTESIAN_POINT ( 'NONE',  ( -99.37142614914951366, -95.23328957798263161, 17.99999999999999645 ) ) ;
#2896 = ORIENTED_EDGE ( 'NONE', *, *, #1517, .F. ) ;
#2897 = CARTESIAN_POINT ( 'NONE',  ( -108.8175528967781389, -7.694911509311873843, 8.067330260502201256 ) ) ;
#2898 = EDGE_CURVE ( 'NONE', #2779, #3035, #1786, .T. ) ;
#2899 = EDGE_CURVE ( 'NONE', #1988, #2054, #4221, .T. ) ;
#2900 = ORIENTED_EDGE ( 'NONE', *, *, #1856, .F. ) ;
#2901 = CARTESIAN_POINT ( 'NONE',  ( 66.58591166940131245, -7.134823468846967003E-13, 19.00000000000000355 ) ) ;
#2902 = ORIENTED_EDGE ( 'NONE', *, *, #499, .T. ) ;
#2903 = CARTESIAN_POINT ( 'NONE',  ( -105.7999658060187897, 8.882233675947128759, 34.34305633817941583 ) ) ;
#2904 = CARTESIAN_POINT ( 'NONE',  ( -109.1121899079281548, 6.221760664841368360, 34.53431634587588661 ) ) ;
#2905 = CYLINDRICAL_SURFACE ( 'NONE', #2442, 10.00000000000000533 ) ;
#2906 = EDGE_CURVE ( 'NONE', #856, #3194, #3830, .T. ) ;
#2907 = VERTEX_POINT ( 'NONE', #3241 ) ;
#2908 = VERTEX_POINT ( 'NONE', #840 ) ;
#2909 = DIRECTION ( 'NONE',  ( -1.156482317316918189E-14, -1.000000000000000000, 0.000000000000000000 ) ) ;
#2910 = CARTESIAN_POINT ( 'NONE',  ( -111.8830821926599981, 10.19253921863999324, 29.44521080940195290 ) ) ;
#2911 = CYLINDRICAL_SURFACE ( 'NONE', #3430, 3.199999999999994404 ) ;
#2912 = ORIENTED_EDGE ( 'NONE', *, *, #3114, .T. ) ;
#2913 = CARTESIAN_POINT ( 'NONE',  ( -105.7999999999999972, 14.04999999999999361, 9.700000000000004619 ) ) ;
#2914 = CARTESIAN_POINT ( 'NONE',  ( -103.5499999999999829, 11.29999999999999183, 9.700000000000004619 ) ) ;
#2915 = LINE ( 'NONE', #1378, #2407 ) ;
#2916 = ORIENTED_EDGE ( 'NONE', *, *, #1083, .T. ) ;
#2917 = ORIENTED_EDGE ( 'NONE', *, *, #4521, .F. ) ;
#2918 = CARTESIAN_POINT ( 'NONE',  ( -79.08591166940439621, 66.58591166939825712, 17.99999999999999645 ) ) ;
#2919 = CARTESIAN_POINT ( 'NONE',  ( -109.7577685764183002, -13.44376609496289987, 15.54983392426285604 ) ) ;
#2920 = EDGE_LOOP ( 'NONE', ( #317, #2532, #3424, #2218 ) ) ;
#2921 = DIRECTION ( 'NONE',  ( 0.000000000000000000, -0.9776975734960267062, 0.2100177487261055131 ) ) ;
#2922 = VERTEX_POINT ( 'NONE', #3613 ) ;
#2923 = DIRECTION ( 'NONE',  ( -1.084183805627360078E-14, -1.000000000000000000, 0.000000000000000000 ) ) ;
#2924 = ORIENTED_EDGE ( 'NONE', *, *, #1634, .F. ) ;
#2925 = CYLINDRICAL_SURFACE ( 'NONE', #3023, 3.000000000000000000 ) ;
#2926 = ADVANCED_FACE ( 'NONE', ( #3159 ), #4674, .T. ) ;
#2927 = LINE ( 'NONE', #1803, #3683 ) ;
#2928 = LINE ( 'NONE', #4517, #4525 ) ;
#2929 = CIRCLE ( 'NONE', #703, 13.50000000000000178 ) ;
#2930 = VERTEX_POINT ( 'NONE', #789 ) ;
#2931 = ORIENTED_EDGE ( 'NONE', *, *, #163, .T. ) ;
#2932 = PLANE ( 'NONE',  #1950 ) ;
#2933 = AXIS2_PLACEMENT_3D ( 'NONE', #2369, #1095, #1506 ) ;
#2934 = AXIS2_PLACEMENT_3D ( 'NONE', #3357, #4943, #3775 ) ;
#2935 = EDGE_CURVE ( 'NONE', #4857, #4771, #1288, .T. ) ;
#2936 = CARTESIAN_POINT ( 'NONE',  ( -66.58591166940264827, -115.0000000000030980, 17.99999999999999645 ) ) ;
#2937 = DIRECTION ( 'NONE',  ( 0.000000000000000000, 1.000000000000000000, 0.000000000000000000 ) ) ;
#2938 = VECTOR ( 'NONE', #2590, 1000.000000000000227 ) ;
#2939 =( BOUNDED_CURVE ( )  B_SPLINE_CURVE ( 3, ( #4763, #463, #4062, #515 ),
 .UNSPECIFIED., .F., .F. ) 
 B_SPLINE_CURVE_WITH_KNOTS ( ( 4, 4 ),
 ( 5.498396131367750073, 7.067974482991422391 ),
 .UNSPECIFIED. ) 
 CURVE ( )  GEOMETRIC_REPRESENTATION_ITEM ( )  RATIONAL_B_SPLINE_CURVE ( ( 1.000000000000000000, 0.8050248461936601041, 0.8050248461936601041, 1.000000000000000000 ) ) 
 REPRESENTATION_ITEM ( '' )  );
#2940 = LINE ( 'NONE', #1812, #1944 ) ;
#2941 = AXIS2_PLACEMENT_3D ( 'NONE', #600, #204, #4225 ) ;
#2942 = CARTESIAN_POINT ( 'NONE',  ( -105.7999998499199990, 8.690883639979992026, 33.78091660130995422 ) ) ;
#2943 = AXIS2_PLACEMENT_3D ( 'NONE', #4995, #1522, #3502 ) ;
#2944 = DIRECTION ( 'NONE',  ( 0.000000000000000000, 1.000000000000000000, 0.000000000000000000 ) ) ;
#2945 = ORIENTED_EDGE ( 'NONE', *, *, #2935, .T. ) ;
#2946 = ORIENTED_EDGE ( 'NONE', *, *, #1459, .T. ) ;
#2947 = FACE_OUTER_BOUND ( 'NONE', #3169, .T. ) ;
#2948 = CARTESIAN_POINT ( 'NONE',  ( -111.5000000000000000, -8.584429592530018027, 10.97502053398996402 ) ) ;
#2949 = CIRCLE ( 'NONE', #3610, 13.00000000000000000 ) ;
#2950 = VERTEX_POINT ( 'NONE', #2037 ) ;
#2951 = CARTESIAN_POINT ( 'NONE',  ( 89.37751787895861355, 99.37142614914756678, 18.00000000000000355 ) ) ;
#2952 = CARTESIAN_POINT ( 'NONE',  ( -108.1098341748275686, -13.35751226447330176, 28.77883147916053730 ) ) ;
#2953 = ORIENTED_EDGE ( 'NONE', *, *, #1952, .F. ) ;
#2954 = CARTESIAN_POINT ( 'NONE',  ( -105.8000605316740490, 13.52064398856758487, 12.10328144414366847 ) ) ;
#2955 = DIRECTION ( 'NONE',  ( 3.054740849381649318E-17, -1.457378446665821845E-17, -1.000000000000000000 ) ) ;
#2956 = CARTESIAN_POINT ( 'NONE',  ( 99.37142614914783678, -66.58591166940286143, 18.00000000000000355 ) ) ;
#2957 = DIRECTION ( 'NONE',  ( 3.054740849381649318E-17, -1.457378446665821845E-17, -1.000000000000000000 ) ) ;
#2958 = ADVANCED_FACE ( 'NONE', ( #11, #3640 ), #2365, .F. ) ;
#2959 = ORIENTED_EDGE ( 'NONE', *, *, #3321, .T. ) ;
#2960 = EDGE_LOOP ( 'NONE', ( #3311, #3128, #4655, #3301, #3325 ) ) ;
#2961 = CARTESIAN_POINT ( 'NONE',  ( -108.6074925729818688, 11.65649862909314294, 29.32119253929321800 ) ) ;
#2962 = AXIS2_PLACEMENT_3D ( 'NONE', #2828, #419, #506 ) ;
#2963 = CARTESIAN_POINT ( 'NONE',  ( -111.5000000000000000, 11.29999999999999183, 32.30000000000001137 ) ) ;
#2964 = CARTESIAN_POINT ( 'NONE',  ( 72.00000000000096634, 89.99999999999923261, 0.000000000000000000 ) ) ;
#2965 = EDGE_CURVE ( 'NONE', #4687, #5100, #2441, .T. ) ;
#2966 = CIRCLE ( 'NONE', #4134, 49.99999999999998579 ) ;
#2967 = EDGE_CURVE ( 'NONE', #8, #4444, #1402, .T. ) ;
#2968 = FACE_OUTER_BOUND ( 'NONE', #4888, .T. ) ;
#2969 = CARTESIAN_POINT ( 'NONE',  ( -105.7999999999999972, 13.96062785809836981, 11.57521830273934249 ) ) ;
#2970 = CARTESIAN_POINT ( 'NONE',  ( 114.9999999999969162, 66.58591166939976347, 216.5000000000000000 ) ) ;
#2971 = LINE ( 'NONE', #4557, #3287 ) ;
#2972 = ADVANCED_FACE ( 'NONE', ( #4368 ), #4751, .T. ) ;
#2973 = ORIENTED_EDGE ( 'NONE', *, *, #472, .T. ) ;
#2974 = ORIENTED_EDGE ( 'NONE', *, *, #3408, .F. ) ;
#2975 = CARTESIAN_POINT ( 'NONE',  ( -84.99999999999916156, 79.00000000000078160, 17.99999999999999645 ) ) ;
#2976 = DIRECTION ( 'NONE',  ( 1.264818684629761841E-16, -1.000000000000000000, 0.000000000000000000 ) ) ;
#2977 = CARTESIAN_POINT ( 'NONE',  ( -111.2161109052499910, 10.49243129660997198, 12.62653218093296381 ) ) ;
#2978 = CARTESIAN_POINT ( 'NONE',  ( -111.2234444226752714, -11.22691947064630291, 28.78411343058930782 ) ) ;
#2979 = ORIENTED_EDGE ( 'NONE', *, *, #810, .T. ) ;
#2980 = DIRECTION ( 'NONE',  ( 1.071937337635886090E-14, 1.000000000000000000, -1.457378446665789181E-17 ) ) ;
#2981 = CYLINDRICAL_SURFACE ( 'NONE', #44, 2.750000000000000888 ) ;
#2982 = CARTESIAN_POINT ( 'NONE',  ( -108.2959064571580541, 7.056320107683644594, 34.64922295000555863 ) ) ;
#2983 = LINE ( 'NONE', #170, #4351 ) ;
#2984 = ORIENTED_EDGE ( 'NONE', *, *, #278, .F. ) ;
#2985 = VERTEX_POINT ( 'NONE', #373 ) ;
#2986 = CARTESIAN_POINT ( 'NONE',  ( -110.2239602351320542, 8.332139747804275132, 10.13946707747738607 ) ) ;
#2987 = CARTESIAN_POINT ( 'NONE',  ( -105.7999971377347066, 10.60493128894207260, 7.039289664258263635 ) ) ;
#2988 = CARTESIAN_POINT ( 'NONE',  ( -105.7999999999999972, -11.30000000000000604, 32.30000000000001137 ) ) ;
#2989 = CARTESIAN_POINT ( 'NONE',  ( -105.8000000000000114, -8.873009658461953109, 34.28370742588596443 ) ) ;
#2990 = CARTESIAN_POINT ( 'NONE',  ( -94.85422147900831646, 13.06671984896109606, 4.000000000000000000 ) ) ;
#2991 = EDGE_CURVE ( 'NONE', #3541, #2930, #2684, .T. ) ;
#2992 = CARTESIAN_POINT ( 'NONE',  ( -105.9054345837901963, 13.95980898126824776, 29.78466103129360221 ) ) ;
#2993 = CARTESIAN_POINT ( 'NONE',  ( -106.7104692360137221, -13.87204189359975359, 29.36884074488865792 ) ) ;
#2994 = ORIENTED_EDGE ( 'NONE', *, *, #330, .T. ) ;
#2995 = EDGE_LOOP ( 'NONE', ( #2716, #2501, #3684, #5074, #869, #3118, #347 ) ) ;
#2996 = MANIFOLD_SOLID_BREP ( 'Imported1', #392 ) ;
#2997 = CARTESIAN_POINT ( 'NONE',  ( -108.2346992274443807, -8.287424501643341657, 33.64240165292486040 ) ) ;
#2998 = CARTESIAN_POINT ( 'NONE',  ( -104.7158867978453145, 13.97019000752720252, 8.135937616875372314 ) ) ;
#2999 = ORIENTED_EDGE ( 'NONE', *, *, #1205, .F. ) ;
#3000 = EDGE_CURVE ( 'NONE', #4681, #4904, #4261, .T. ) ;
#3001 = FACE_OUTER_BOUND ( 'NONE', #3208, .T. ) ;
#3002 = VERTEX_POINT ( 'NONE', #591 ) ;
#3003 = CARTESIAN_POINT ( 'NONE',  ( -105.7999658054040708, 13.34305761149796865, 12.11776600675440285 ) ) ;
#3004 = CARTESIAN_POINT ( 'NONE',  ( -110.3605079930343180, 10.81750123157788224, 12.69999998280459153 ) ) ;
#3005 = CARTESIAN_POINT ( 'NONE',  ( -105.8001526067721727, -8.810291156910853516, 7.955570786308572728 ) ) ;
#3006 = CARTESIAN_POINT ( 'NONE',  ( -105.8000352449399912, 13.96059600190999284, 12.16529309241896328 ) ) ;
#3007 = ORIENTED_EDGE ( 'NONE', *, *, #806, .T. ) ;
#3008 = ORIENTED_EDGE ( 'NONE', *, *, #331, .F. ) ;
#3009 = CARTESIAN_POINT ( 'NONE',  ( -107.8569708231445077, 11.98166934172090237, 29.37651754348681621 ) ) ;
#3010 = DIRECTION ( 'NONE',  ( 1.264818684629761841E-16, -1.000000000000000000, 0.000000000000000000 ) ) ;
#3011 = AXIS2_PLACEMENT_3D ( 'NONE', #352, #3957, #771 ) ;
#3012 = CIRCLE ( 'NONE', #1614, 3.000000000000000444 ) ;
#3013 = CARTESIAN_POINT ( 'NONE',  ( -110.6826298952903045, 4.291022538336767944, 7.686207705421505665 ) ) ;
#3014 = CARTESIAN_POINT ( 'NONE',  ( -94.90958983048035691, 12.65995220024500512, 2.414457863390627068 ) ) ;
#3015 = CARTESIAN_POINT ( 'NONE',  ( -105.7999999999999972, 11.29999999999999183, 34.96072909494035486 ) ) ;
#3016 = AXIS2_PLACEMENT_3D ( 'NONE', #5063, #3874, #3503 ) ;
#3017 = CARTESIAN_POINT ( 'NONE',  ( -110.8812642739799941, -5.308398828810018344, 33.80014252260994567 ) ) ;
#3018 = EDGE_CURVE ( 'NONE', #926, #1717, #1372, .T. ) ;
#3019 = EDGE_LOOP ( 'NONE', ( #3963, #611, #78, #1021, #3494, #375, #1457 ) ) ;
#3020 = ORIENTED_EDGE ( 'NONE', *, *, #4618, .F. ) ;
#3021 = CARTESIAN_POINT ( 'NONE',  ( -107.3422355419599938, 7.927635672709992143, 7.216747070369962991 ) ) ;
#3022 = CARTESIAN_POINT ( 'NONE',  ( -105.7999999999999972, -11.30000000000000604, 7.039270905059173522 ) ) ;
#3023 = AXIS2_PLACEMENT_3D ( 'NONE', #3716, #1362, #4070 ) ;
#3024 = AXIS2_PLACEMENT_3D ( 'NONE', #3459, #2291, #5043 ) ;
#3025 = DIRECTION ( 'NONE',  ( 1.000000000000000000, 0.000000000000000000, 0.000000000000000000 ) ) ;
#3026 = DIRECTION ( 'NONE',  ( 1.000000000000000000, 1.264818684629761841E-16, 1.040834085604003879E-17 ) ) ;
#3027 = ADVANCED_FACE ( 'NONE', ( #2171 ), #1810, .F. ) ;
#3028 = CIRCLE ( 'NONE', #3698, 6.000000000000005329 ) ;
#3029 = ORIENTED_EDGE ( 'NONE', *, *, #3560, .T. ) ;
#3030 = CARTESIAN_POINT ( 'NONE',  ( -85.00000000000579803, -91.00000000000108002, 17.99999999999999645 ) ) ;
#3031 = EDGE_CURVE ( 'NONE', #818, #4341, #539, .T. ) ;
#3032 = CARTESIAN_POINT ( 'NONE',  ( 79.08591166939854133, 79.08591166940016137, 19.00000000000000355 ) ) ;
#3033 = CARTESIAN_POINT ( 'NONE',  ( -105.7999741186163334, -8.891982693223516421, 7.565577371100403070 ) ) ;
#3034 = PLANE ( 'NONE',  #53 ) ;
#3035 = VERTEX_POINT ( 'NONE', #3304 ) ;
#3036 = ADVANCED_FACE ( 'NONE', ( #2468 ), #2911, .F. ) ;
#3037 = FACE_OUTER_BOUND ( 'NONE', #2286, .T. ) ;
#3038 = CARTESIAN_POINT ( 'NONE',  ( -107.0164847274030535, 8.188144088723438685, 34.82903422100802970 ) ) ;
#3039 = B_SPLINE_CURVE_WITH_KNOTS ( 'NONE', 3,
 ( #4041, #2873, #2101, #2481, #4014, #494, #4769, #1226, #4879, #3230, #4404, #2792, #84, #4381, #887, #2401 ),
 .UNSPECIFIED., .F., .F.,
 ( 4, 2, 2, 1, 1, 1, 1, 2, 2, 4 ),
 ( 0.000000000000000000, 0.2500000000001444955, 0.3750000000002128298, 0.4375000000002509104, 0.4687500000002660649, 0.4843750000002701728, 0.4921875000002720046, 0.4960937500002725598, 0.5000000000002731149, 1.000000000000000000 ),
 .UNSPECIFIED. ) ;
#3040 = CARTESIAN_POINT ( 'NONE',  ( -105.8000000000000114, -8.787943020666984850, 33.97538606746898182 ) ) ;
#3041 = CIRCLE ( 'NONE', #4455, 2.660729094942000827 ) ;
#3042 = CARTESIAN_POINT ( 'NONE',  ( -79.08591166940210826, -66.58591166940455253, 18.99999999999999645 ) ) ;
#3043 = B_SPLINE_CURVE_WITH_KNOTS ( 'NONE', 3,
 ( #2601, #4651, #669, #2243, #3480, #273 ),
 .UNSPECIFIED., .F., .F.,
 ( 4, 2, 4 ),
 ( 0.000000000000000000, 0.5000000000000000000, 1.000000000000000000 ),
 .UNSPECIFIED. ) ;
#3044 = LINE ( 'NONE', #4653, #4194 ) ;
#3045 = CARTESIAN_POINT ( 'NONE',  ( -105.8001549610642940, -13.59817812442367035, 29.89725390959085161 ) ) ;
#3046 = AXIS2_PLACEMENT_3D ( 'NONE', #2359, #4332, #2461 ) ;
#3047 = ORIENTED_EDGE ( 'NONE', *, *, #1103, .F. ) ;
#3048 = ORIENTED_EDGE ( 'NONE', *, *, #1171, .T. ) ;
#3049 = DIRECTION ( 'NONE',  ( 1.000000000000000000, 1.264818684629761841E-16, 1.040834085604003879E-17 ) ) ;
#3050 = DIRECTION ( 'NONE',  ( -1.264818684629761841E-16, 1.000000000000000000, -2.216726102179205108E-18 ) ) ;
#3051 = CARTESIAN_POINT ( 'NONE',  ( -107.6193706853760261, -8.403518493516347831, 8.918716126223605656 ) ) ;
#3052 = ORIENTED_EDGE ( 'NONE', *, *, #1263, .F. ) ;
#3053 = CARTESIAN_POINT ( 'NONE',  ( -105.8000352449399912, 13.96059600190999284, 12.16529309241896328 ) ) ;
#3054 = DIRECTION ( 'NONE',  ( 1.000000000000000000, 1.264818684629761841E-16, 1.040834085604003879E-17 ) ) ;
#3055 = ADVANCED_FACE ( 'NONE', ( #507 ), #197, .T. ) ;
#3056 = CARTESIAN_POINT ( 'NONE',  ( -5.804007613825133334E-16, 2.769019048665061228E-16, 19.00000000000000000 ) ) ;
#3057 = CARTESIAN_POINT ( 'NONE',  ( -141.7999999999999829, -2.016120418529620420E-14, 21.00000000000000355 ) ) ;
#3058 = ORIENTED_EDGE ( 'NONE', *, *, #4593, .F. ) ;
#3059 = CARTESIAN_POINT ( 'NONE',  ( -106.4976080823715137, 8.549094770407368316, 8.469080947028775341 ) ) ;
#3060 = CARTESIAN_POINT ( 'NONE',  ( -108.6431003254964764, 7.712666343064453756, 34.03922046663335266 ) ) ;
#3061 = EDGE_CURVE ( 'NONE', #3065, #3320, #897, .T. ) ;
#3062 = DIRECTION ( 'NONE',  ( -1.000000000000000000, -1.264818684629761841E-16, -1.040834085604003879E-17 ) ) ;
#3063 = DIRECTION ( 'NONE',  ( 1.000000000000000000, -1.071937337635886090E-14, 3.054740849381665958E-17 ) ) ;
#3064 = CARTESIAN_POINT ( 'NONE',  ( -109.0643820955500018, -7.676377351260017967, 33.77764329120995512 ) ) ;
#3065 = VERTEX_POINT ( 'NONE', #4054 ) ;
#3066 = ORIENTED_EDGE ( 'NONE', *, *, #1605, .F. ) ;
#3067 = DIRECTION ( 'NONE',  ( 1.000000000000000000, 1.264818684629761841E-16, 1.040834085604003879E-17 ) ) ;
#3068 = CARTESIAN_POINT ( 'NONE',  ( -106.6699265487300039, -12.80791112731000680, 12.36290553718096419 ) ) ;
#3069 = LINE ( 'NONE', #3540, #3862 ) ;
#3070 = VERTEX_POINT ( 'NONE', #2552 ) ;
#3071 = CARTESIAN_POINT ( 'NONE',  ( -107.0190988904515024, 13.82866682435112793, 12.81376452966242496 ) ) ;
#3072 = DIRECTION ( 'NONE',  ( -1.156482317316562255E-14, -1.000000000000000000, 0.000000000000000000 ) ) ;
#3073 = CARTESIAN_POINT ( 'NONE',  ( -107.5861976873400039, -8.468441537560018162, 33.43059328755995807 ) ) ;
#3074 = CARTESIAN_POINT ( 'NONE',  ( -99.37142614914952787, -89.37751787895649613, 17.99999999999999645 ) ) ;
#3075 = ORIENTED_EDGE ( 'NONE', *, *, #3178, .F. ) ;
#3076 = DIRECTION ( 'NONE',  ( 1.071937337635886090E-14, 1.000000000000000000, -1.457378446665789181E-17 ) ) ;
#3077 = ADVANCED_FACE ( 'NONE', ( #3724 ), #3329, .T. ) ;
#3078 = CARTESIAN_POINT ( 'NONE',  ( -108.8029502202591772, 11.56790781311567429, 29.31198573296221710 ) ) ;
#3079 = DIRECTION ( 'NONE',  ( 3.054740849381649318E-17, -1.457378446665821845E-17, -1.000000000000000000 ) ) ;
#3080 = CARTESIAN_POINT ( 'NONE',  ( -110.0068274837509392, 5.145441939387634278, 7.591232270625603462 ) ) ;
#3081 = ADVANCED_FACE ( 'NONE', ( #1701 ), #4139, .F. ) ;
#3082 = CARTESIAN_POINT ( 'NONE',  ( -105.8499663844599894, 14.41573221294999385, 12.43332557383096315 ) ) ;
#3083 = PLANE ( 'NONE',  #3607 ) ;
#3084 = CARTESIAN_POINT ( 'NONE',  ( -105.7999998889399933, -12.78090468252002765, 29.69089831115895350 ) ) ;
#3085 = AXIS2_PLACEMENT_3D ( 'NONE', #4737, #334, #1582 ) ;
#3086 = AXIS2_PLACEMENT_3D ( 'NONE', #429, #4400, #881 ) ;
#3087 = ORIENTED_EDGE ( 'NONE', *, *, #536, .T. ) ;
#3088 = ORIENTED_EDGE ( 'NONE', *, *, #3725, .F. ) ;
#3089 = CARTESIAN_POINT ( 'NONE',  ( -104.7545018577470870, 11.29999999999994387, 7.030146980995491290 ) ) ;
#3090 = CARTESIAN_POINT ( 'NONE',  ( -85.00000000000565592, -78.99999999998749445, 17.99999999999999645 ) ) ;
#3091 = AXIS2_PLACEMENT_3D ( 'NONE', #4163, #2047, #3621 ) ;
#3092 = AXIS2_PLACEMENT_3D ( 'NONE', #646, #3611, #2007 ) ;
#3093 =( NAMED_UNIT ( * ) SI_UNIT ( $, .STERADIAN. ) SOLID_ANGLE_UNIT ( ) );
#3094 = CARTESIAN_POINT ( 'NONE',  ( -106.5753136790869462, -8.534592361199468513, 33.50227635733930498 ) ) ;
#3095 = VECTOR ( 'NONE', #493, 1000.000000000000000 ) ;
#3096 = CIRCLE ( 'NONE', #1385, 12.49999999999999645 ) ;
#3097 = ORIENTED_EDGE ( 'NONE', *, *, #1676, .F. ) ;
#3098 = B_SPLINE_CURVE_WITH_KNOTS ( 'NONE', 3,
 ( #768, #2754, #845, #2043, #4811, #2014, #3977, #3222, #2782, #1654, #485, #3617, #4003 ),
 .UNSPECIFIED., .F., .F.,
 ( 4, 2, 2, 1, 2, 2, 4 ),
 ( 0.000000000000000000, 0.2499999999999663602, 0.3749999999999532596, 0.4374999999999466538, 0.4687499999999472089, 0.4999999999999477085, 1.000000000000000000 ),
 .UNSPECIFIED. ) ;
#3099 = CARTESIAN_POINT ( 'NONE',  ( 100.0000000000010800, 99.99999999999893419, 1.597362402715875680E-15 ) ) ;
#3100 = DIRECTION ( 'NONE',  ( -0.8660254037844193897, 0.1873032967080040800, -0.4635919272834103100 ) ) ;
#3101 = VERTEX_POINT ( 'NONE', #1780 ) ;
#3102 = CARTESIAN_POINT ( 'NONE',  ( -105.7999959598539874, -8.821791818079489644, 7.917980022151138719 ) ) ;
#3103 = DIRECTION ( 'NONE',  ( 1.000000000000000000, 1.264818684629761841E-16, 1.040834085604003879E-17 ) ) ;
#3104 = AXIS2_PLACEMENT_3D ( 'NONE', #1579, #3247, #1244 ) ;
#3105 = ORIENTED_EDGE ( 'NONE', *, *, #3890, .T. ) ;
#3106 = CARTESIAN_POINT ( 'NONE',  ( -109.1126452223668934, -13.53425323553372372, 27.22121704407341269 ) ) ;
#3107 = DIRECTION ( 'NONE',  ( 3.054740849381649318E-17, -1.457378446665821845E-17, -1.000000000000000000 ) ) ;
#3108 = AXIS2_PLACEMENT_3D ( 'NONE', #3682, #133, #803 ) ;
#3109 = CARTESIAN_POINT ( 'NONE',  ( -106.0992422247299913, 8.683551245939982621, 34.95795359869995167 ) ) ;
#3110 = EDGE_CURVE ( 'NONE', #4727, #1762, #3688, .T. ) ;
#3111 = DIRECTION ( 'NONE',  ( 0.000000000000000000, 0.8696744433105310090, 0.4936257313517175560 ) ) ;
#3112 = CARTESIAN_POINT ( 'NONE',  ( -106.6705445195100026, 13.52018368073997223, 12.29455246978996463 ) ) ;
#3113 = CARTESIAN_POINT ( 'NONE',  ( -105.7999999999999972, 12.78087752817999245, 29.69097685971695455 ) ) ;
#3114 = EDGE_CURVE ( 'NONE', #3350, #1497, #1401, .T. ) ;
#3115 = DIRECTION ( 'NONE',  ( -0.03489949670251144692, 4.529139406341574700E-16, -0.9993908270190954291 ) ) ;
#3116 = EDGE_CURVE ( 'NONE', #1805, #1445, #3174, .T. ) ;
#3117 = AXIS2_PLACEMENT_3D ( 'NONE', #3674, #3144, #4732 ) ;
#3118 = ORIENTED_EDGE ( 'NONE', *, *, #2221, .F. ) ;
#3119 = ORIENTED_EDGE ( 'NONE', *, *, #1035, .T. ) ;
#3120 = DIRECTION ( 'NONE',  ( -1.000000000000000000, -1.264818684629761841E-16, -1.040834085604003879E-17 ) ) ;
#3121 = CARTESIAN_POINT ( 'NONE',  ( -105.4198872756799972, -13.23253337272000962, 12.00719175976796471 ) ) ;
#3122 = AXIS2_PLACEMENT_3D ( 'NONE', #10, #448, #3240 ) ;
#3123 = DIRECTION ( 'NONE',  ( 4.003555799461875757E-16, 0.03489949670250157288, -0.9993908270190956511 ) ) ;
#3124 = EDGE_CURVE ( 'NONE', #1175, #1878, #3594, .T. ) ;
#3125 = ORIENTED_EDGE ( 'NONE', *, *, #1601, .T. ) ;
#3126 = CARTESIAN_POINT ( 'NONE',  ( -105.8000000000000114, -13.28393343259386228, 12.12699065699201206 ) ) ;
#3127 = LINE ( 'NONE', #3930, #1117 ) ;
#3128 = ORIENTED_EDGE ( 'NONE', *, *, #2798, .F. ) ;
#3129 = DIRECTION ( 'NONE',  ( 1.000000000000000000, 1.264818684629761841E-16, 1.040834085604003879E-17 ) ) ;
#3130 = ORIENTED_EDGE ( 'NONE', *, *, #2493, .T. ) ;
#3131 = CARTESIAN_POINT ( 'NONE',  ( -101.2999999999999972, 11.29999999999999183, 35.00000000000000000 ) ) ;
#3132 = FACE_OUTER_BOUND ( 'NONE', #2111, .T. ) ;
#3133 = LINE ( 'NONE', #3870, #2376 ) ;
#3134 = CARTESIAN_POINT ( 'NONE',  ( -105.7999999999999972, -11.30000000000000604, 32.30000000000001137 ) ) ;
#3135 = LINE ( 'NONE', #2205, #2881 ) ;
#3136 = DIRECTION ( 'NONE',  ( 3.054740849381649318E-17, -1.457378446665821845E-17, -1.000000000000000000 ) ) ;
#3137 = EDGE_LOOP ( 'NONE', ( #777, #1253 ) ) ;
#3138 = ORIENTED_EDGE ( 'NONE', *, *, #2622, .T. ) ;
#3139 = DIRECTION ( 'NONE',  ( -0.03487826274237435659, 0.03487826274237509905, 0.9987827659587181772 ) ) ;
#3140 = EDGE_CURVE ( 'NONE', #3371, #3889, #1465, .T. ) ;
#3141 = EDGE_CURVE ( 'NONE', #4548, #3282, #4079, .T. ) ;
#3142 = CARTESIAN_POINT ( 'NONE',  ( -107.1086795135000074, -13.95108650993000765, 13.09474027175896360 ) ) ;
#3143 = CARTESIAN_POINT ( 'NONE',  ( -108.2683569217269337, 8.342228708094864942, 32.80656243279607764 ) ) ;
#3144 = DIRECTION ( 'NONE',  ( 1.000000000000000000, -1.071937337635886090E-14, 3.054740849381664725E-17 ) ) ;
#3145 = VERTEX_POINT ( 'NONE', #4991 ) ;
#3146 = CARTESIAN_POINT ( 'NONE',  ( -108.7999999999999972, -8.550000000000006040, 9.700000000000004619 ) ) ;
#3147 = CARTESIAN_POINT ( 'NONE',  ( -79.08591166940225037, -79.08591166940455253, 216.5000000000000000 ) ) ;
#3148 = EDGE_CURVE ( 'NONE', #1315, #2712, #1030, .T. ) ;
#3149 = VERTEX_POINT ( 'NONE', #2599 ) ;
#3150 = CARTESIAN_POINT ( 'NONE',  ( -105.8000352421399839, -13.96059600412000812, 29.83470690886195342 ) ) ;
#3151 = CARTESIAN_POINT ( 'NONE',  ( -109.4210310213900073, -1.632880357086818318E-14, 21.00000000000000355 ) ) ;
#3152 = VERTEX_POINT ( 'NONE', #252 ) ;
#3153 = FACE_OUTER_BOUND ( 'NONE', #2853, .T. ) ;
#3154 = CARTESIAN_POINT ( 'NONE',  ( -105.7517788386100079, -9.039170763560015587, 7.107508157359962553 ) ) ;
#3155 = CARTESIAN_POINT ( 'NONE',  ( -141.7999999999999829, -13.00000000000000711, 21.00000000000000355 ) ) ;
#3156 = ORIENTED_EDGE ( 'NONE', *, *, #399, .T. ) ;
#3157 = CARTESIAN_POINT ( 'NONE',  ( -111.5000000000000000, -2.835239607800018380, 34.19891724219994700 ) ) ;
#3158 = DIRECTION ( 'NONE',  ( 1.000000000000000000, 0.000000000000000000, 3.677735292388500788E-17 ) ) ;
#3159 = FACE_OUTER_BOUND ( 'NONE', #4121, .T. ) ;
#3160 = ORIENTED_EDGE ( 'NONE', *, *, #2206, .T. ) ;
#3161 = ORIENTED_EDGE ( 'NONE', *, *, #1284, .F. ) ;
#3162 = FACE_BOUND ( 'NONE', #1004, .T. ) ;
#3163 = CARTESIAN_POINT ( 'NONE',  ( -108.0271824984559856, -11.91006464097808148, 29.36247148325669798 ) ) ;
#3165 = CARTESIAN_POINT ( 'NONE',  ( -107.6386108270815782, 8.401383304627344728, 33.07334310660839805 ) ) ;
#3164 = AXIS2_PLACEMENT_3D ( 'NONE', #2281, #4662, #1740 ) ;
#3166 = CARTESIAN_POINT ( 'NONE',  ( -111.5000000000000000, 8.584429593469982578, 31.02497946384995231 ) ) ;
#3167 = EDGE_CURVE ( 'NONE', #560, #2381, #3672, .T. ) ;
#3168 = AXIS2_PLACEMENT_3D ( 'NONE', #1575, #2680, #1505 ) ;
#3169 = EDGE_LOOP ( 'NONE', ( #3998, #466, #4394, #2255 ) ) ;
#3170 = CARTESIAN_POINT ( 'NONE',  ( -84.99999999999909051, 85.00000000000572697, -3.835301401640406636E-15 ) ) ;
#3171 = CARTESIAN_POINT ( 'NONE',  ( -128.8000000000000114, 1.918380135463487975E-13, 34.00000000000000000 ) ) ;
#3172 = CIRCLE ( 'NONE', #3353, 2.750000000000000888 ) ;
#3173 = DIRECTION ( 'NONE',  ( -9.251858538539046850E-15, -1.000000000000000000, 0.000000000000000000 ) ) ;
#3174 = CIRCLE ( 'NONE', #1203, 3.000000000000002665 ) ;
#3175 = ORIENTED_EDGE ( 'NONE', *, *, #2517, .F. ) ;
#3176 = LINE ( 'NONE', #4380, #4262 ) ;
#3177 = CARTESIAN_POINT ( 'NONE',  ( -111.5000000000000000, -11.30000000000000604, 9.700000000000004619 ) ) ;
#3178 = EDGE_CURVE ( 'NONE', #2930, #3932, #1759, .T. ) ;
#3179 = AXIS2_PLACEMENT_3D ( 'NONE', #1493, #5006, #1873 ) ;
#3180 = EDGE_CURVE ( 'NONE', #4196, #4787, #1377, .T. ) ;
#3181 = VERTEX_POINT ( 'NONE', #2651 ) ;
#3182 = DIRECTION ( 'NONE',  ( 0.000000000000000000, -0.8024090752539165816, 0.5967743928405059295 ) ) ;
#3183 = CARTESIAN_POINT ( 'NONE',  ( -111.6980334147099967, -7.865307563650017819, 10.15358362711996243 ) ) ;
#3184 = AXIS2_PLACEMENT_3D ( 'NONE', #2231, #1792, #3367 ) ;
#3185 = CIRCLE ( 'NONE', #3024, 13.00000000000000000 ) ;
#3186 = CARTESIAN_POINT ( 'NONE',  ( -107.0853068044754082, 8.161117700991759705, 7.180638091149680768 ) ) ;
#3187 = EDGE_CURVE ( 'NONE', #2167, #1788, #2670, .T. ) ;
#3188 = ORIENTED_EDGE ( 'NONE', *, *, #4529, .T. ) ;
#3189 = TOROIDAL_SURFACE ( 'NONE', #3525, 130.8947259283430071, 50.00000000000000000 ) ;
#3190 = CARTESIAN_POINT ( 'NONE',  ( -111.5000000000000000, -5.057189011110018839, 33.51698203664994935 ) ) ;
#3191 = CARTESIAN_POINT ( 'NONE',  ( -111.5000000000000000, -1.632880357086818318E-14, 21.00000000000000355 ) ) ;
#3192 = TOROIDAL_SURFACE ( 'NONE', #650, 130.8947259283430071, 50.00000000000000000 ) ;
#3193 = CARTESIAN_POINT ( 'NONE',  ( -110.6242843762826880, 13.32248451206486628, 16.67453720049581278 ) ) ;
#3194 = VERTEX_POINT ( 'NONE', #2264 ) ;
#3195 = VERTEX_POINT ( 'NONE', #4606 ) ;
#3196 = CARTESIAN_POINT ( 'NONE',  ( -107.0886807855968499, -13.81888772672725274, 12.84127202762530828 ) ) ;
#3197 = CARTESIAN_POINT ( 'NONE',  ( -108.7999999999999972, 11.29999999999999183, 32.30000000000001137 ) ) ;
#3198 = EDGE_LOOP ( 'NONE', ( #4075, #1014 ) ) ;
#3199 = DIRECTION ( 'NONE',  ( -1.000000000000000000, -1.264818684629761841E-16, -1.040834085604003879E-17 ) ) ;
#3200 = FACE_BOUND ( 'NONE', #4411, .T. ) ;
#3201 = CARTESIAN_POINT ( 'NONE',  ( -111.1054070605649429, -3.575790126397430768, 7.745689127529105988 ) ) ;
#3202 = AXIS2_PLACEMENT_3D ( 'NONE', #1006, #563, #4078 ) ;
#3203 = VERTEX_POINT ( 'NONE', #1906 ) ;
#3204 = DIRECTION ( 'NONE',  ( 1.000000000000000000, 1.264818684629761841E-16, 1.040834085604003879E-17 ) ) ;
#3205 = CARTESIAN_POINT ( 'NONE',  ( 72.00000000000096634, 89.99999999999921840, 18.00000000000000355 ) ) ;
#3206 = AXIS2_PLACEMENT_3D ( 'NONE', #1022, #4956, #2210 ) ;
#3207 = ORIENTED_EDGE ( 'NONE', *, *, #1511, .T. ) ;
#3208 = EDGE_LOOP ( 'NONE', ( #3156, #2217, #2893, #528 ) ) ;
#3209 = CARTESIAN_POINT ( 'NONE',  ( -99.99999999999894840, 99.37142614914961314, 17.99999999999999645 ) ) ;
#3210 = CARTESIAN_POINT ( 'NONE',  ( -84.99999999999909051, 85.00000000000572697, -3.835301401640406636E-15 ) ) ;
#3211 = EDGE_CURVE ( 'NONE', #4086, #1241, #322, .T. ) ;
#3212 = CARTESIAN_POINT ( 'NONE',  ( -111.4999964474949934, -10.96501439005740686, 13.12488108980670276 ) ) ;
#3213 = CARTESIAN_POINT ( 'NONE',  ( -105.4200298568599976, 8.992771549739991599, 34.23249738451994517 ) ) ;
#3214 = EDGE_LOOP ( 'NONE', ( #4424, #3650, #1039, #4012 ) ) ;
#3215 = CARTESIAN_POINT ( 'NONE',  ( -111.2529763176530508, -10.23085498350273603, 12.51223352911541298 ) ) ;
#3216 = ADVANCED_FACE ( 'NONE', ( #3806 ), #2628, .T. ) ;
#3217 = DIRECTION ( 'NONE',  ( -1.000000000000000000, -1.264818684629761841E-16, -1.040834085604003879E-17 ) ) ;
#3218 = CARTESIAN_POINT ( 'NONE',  ( -111.3989171508503233, 13.21312351018679543, 17.95301268663728322 ) ) ;
#3219 = ORIENTED_EDGE ( 'NONE', *, *, #3735, .F. ) ;
#3220 = ORIENTED_EDGE ( 'NONE', *, *, #4551, .T. ) ;
#3221 = CARTESIAN_POINT ( 'NONE',  ( -105.7999999999999972, -13.96065963554907796, 10.98509882427247675 ) ) ;
#3222 = CARTESIAN_POINT ( 'NONE',  ( -109.9460799577805687, 12.19196954964885293, 28.65730031766891628 ) ) ;
#3223 = FACE_OUTER_BOUND ( 'NONE', #1466, .T. ) ;
#3224 = ORIENTED_EDGE ( 'NONE', *, *, #363, .T. ) ;
#3225 = CARTESIAN_POINT ( 'NONE',  ( -100.0000000000010800, -99.99999999999893419, -1.597362402715875680E-15 ) ) ;
#3226 = LINE ( 'NONE', #544, #4594 ) ;
#3227 = CARTESIAN_POINT ( 'NONE',  ( -110.0986103943347985, -5.032148966680804136, 7.604330458965783635 ) ) ;
#3228 = ORIENTED_EDGE ( 'NONE', *, *, #2836, .T. ) ;
#3229 = CARTESIAN_POINT ( 'NONE',  ( -111.2172410421799924, -10.49142312183000669, 29.37387744018995406 ) ) ;
#3230 = CARTESIAN_POINT ( 'NONE',  ( -109.4548600619107788, 12.52690060026971253, 13.34483474462226837 ) ) ;
#3231 = UNCERTAINTY_MEASURE_WITH_UNIT (LENGTH_MEASURE( 1.000000000000000082E-05 ), #2336, 'distance_accuracy_value', 'NONE');
#3232 = VERTEX_POINT ( 'NONE', #5042 ) ;
#3233 = CARTESIAN_POINT ( 'NONE',  ( -111.4417559752800031, 8.226133862179981548, 10.31212024933996219 ) ) ;
#3234 = DIRECTION ( 'NONE',  ( 1.000000000000000000, -5.768063339871700259E-14, 1.040834085604015897E-17 ) ) ;
#3235 = LINE ( 'NONE', #2772, #5040 ) ;
#3236 = CARTESIAN_POINT ( 'NONE',  ( -106.1869718331200119, 8.584685273629991897, 33.63499231977995407 ) ) ;
#3237 = EDGE_CURVE ( 'NONE', #5091, #41, #4630, .T. ) ;
#3238 = ORIENTED_EDGE ( 'NONE', *, *, #1018, .F. ) ;
#3239 = DIRECTION ( 'NONE',  ( -3.054740849381649318E-17, 1.457378446665821845E-17, 1.000000000000000000 ) ) ;
#3240 = DIRECTION ( 'NONE',  ( -0.9993908270190956511, 1.110223024625155909E-14, 0.03489949670250100389 ) ) ;
#3241 = CARTESIAN_POINT ( 'NONE',  ( -111.5000000000000000, -10.02497947018000701, 29.58442959057495258 ) ) ;
#3242 = EDGE_CURVE ( 'NONE', #895, #560, #3043, .T. ) ;
#3243 = EDGE_CURVE ( 'NONE', #5064, #2565, #2031, .T. ) ;
#3244 = EDGE_LOOP ( 'NONE', ( #3799, #438, #1250, #4782, #3220, #601, #921, #394 ) ) ;
#3245 = ORIENTED_EDGE ( 'NONE', *, *, #4209, .F. ) ;
#3246 = LINE ( 'NONE', #4832, #706 ) ;
#3247 = DIRECTION ( 'NONE',  ( 3.054740849381649318E-17, -1.457378446665821845E-17, -1.000000000000000000 ) ) ;
#3248 = CARTESIAN_POINT ( 'NONE',  ( 99.37142614914941419, 89.37751787895658140, 18.00000000000000355 ) ) ;
#3249 = EDGE_LOOP ( 'NONE', ( #5010, #326, #4808, #3342 ) ) ;
#3250 = CARTESIAN_POINT ( 'NONE',  ( -108.2682977241448015, 11.80658674314122969, 12.65776716806586144 ) ) ;
#3251 = PLANE ( 'NONE',  #3086 ) ;
#3252 = CARTESIAN_POINT ( 'NONE',  ( -110.8413993649526219, -3.999565503901745700, 7.708383327379886296 ) ) ;
#3253 = ORIENTED_EDGE ( 'NONE', *, *, #1665, .T. ) ;
#3254 = AXIS2_PLACEMENT_3D ( 'NONE', #4682, #2707, #4294 ) ;
#3255 = CARTESIAN_POINT ( 'NONE',  ( -111.5000000000000000, -10.02497947018000701, 29.58442959057495258 ) ) ;
#3256 = PLANE ( 'NONE',  #3108 ) ;
#3257 = AXIS2_PLACEMENT_3D ( 'NONE', #4893, #1348, #4579 ) ;
#3258 = ORIENTED_EDGE ( 'NONE', *, *, #564, .F. ) ;
#3259 = CARTESIAN_POINT ( 'NONE',  ( -105.4198966613999886, 8.992816740529971042, 7.767419783229962960 ) ) ;
#3260 = DIRECTION ( 'NONE',  ( 0.000000000000000000, -1.000000000000000000, 0.000000000000000000 ) ) ;
#3261 = AXIS2_PLACEMENT_3D ( 'NONE', #5090, #5022, #738 ) ;
#3262 = CARTESIAN_POINT ( 'NONE',  ( -105.7999999999999972, 11.29999999999999183, 9.700000000000004619 ) ) ;
#3263 = CARTESIAN_POINT ( 'NONE',  ( -109.5043041205415335, -12.49361095014545953, 13.34512507105168311 ) ) ;
#3264 = PLANE ( 'NONE',  #225 ) ;
#3265 = ORIENTED_EDGE ( 'NONE', *, *, #4975, .F. ) ;
#3266 = VECTOR ( 'NONE', #1387, 1000.000000000000114 ) ;
#3268 = AXIS2_PLACEMENT_3D ( 'NONE', #1344, #3662, #504 ) ;
#3267 = CARTESIAN_POINT ( 'NONE',  ( 1.397519682015409956E-12, 130.8947259283430071, 182.9863311577269940 ) ) ;
#3269 = CIRCLE ( 'NONE', #1051, 2.750000000000000888 ) ;
#3270 = EDGE_CURVE ( 'NONE', #4771, #3195, #714, .T. ) ;
#3271 = CARTESIAN_POINT ( 'NONE',  ( -5.804007613825133334E-16, 2.769019048665061228E-16, 19.00000000000000000 ) ) ;
#3272 = CARTESIAN_POINT ( 'NONE',  ( 85.00000000000099476, 90.99999999999910472, 216.0010000000000048 ) ) ;
#3273 = VECTOR ( 'NONE', #2654, 1000.000000000000000 ) ;
#3274 = ORIENTED_EDGE ( 'NONE', *, *, #3808, .F. ) ;
#3275 = VERTEX_POINT ( 'NONE', #3871 ) ;
#3276 = DIRECTION ( 'NONE',  ( -8.673617379884051249E-15, -1.000000000000000000, 0.000000000000000000 ) ) ;
#3277 = EDGE_CURVE ( 'NONE', #3948, #2350, #5061, .T. ) ;
#3278 = AXIS2_PLACEMENT_3D ( 'NONE', #627, #4981, #2921 ) ;
#3279 = ADVANCED_FACE ( 'NONE', ( #1811 ), #4010, .T. ) ;
#3280 = CARTESIAN_POINT ( 'NONE',  ( -107.2233243048954705, 8.447990164219485010, 33.24442208193963211 ) ) ;
#3281 = DIRECTION ( 'NONE',  ( -1.000000000000000000, -1.264818684629761841E-16, -1.040834085604003879E-17 ) ) ;
#3282 = VERTEX_POINT ( 'NONE', #4191 ) ;
#3283 = CARTESIAN_POINT ( 'NONE',  ( -104.7158867978457550, -13.97019000752721496, 8.135937616875397183 ) ) ;
#3284 = CARTESIAN_POINT ( 'NONE',  ( -105.8000352452399966, 8.834706907529980668, 34.96059600177994753 ) ) ;
#3285 = FACE_OUTER_BOUND ( 'NONE', #753, .T. ) ;
#3286 = VERTEX_POINT ( 'NONE', #735 ) ;
#3287 = VECTOR ( 'NONE', #1012, 1000.000000000000000 ) ;
#3288 = EDGE_CURVE ( 'NONE', #101, #1241, #3970, .T. ) ;
#3289 = FACE_OUTER_BOUND ( 'NONE', #1162, .T. ) ;
#3290 = CARTESIAN_POINT ( 'NONE',  ( 84.99999999999435829, -78.99999999999836575, 216.0010000000000048 ) ) ;
#3291 = EDGE_LOOP ( 'NONE', ( #258, #4896, #3714, #171, #3463 ) ) ;
#3292 = CARTESIAN_POINT ( 'NONE',  ( -108.7999999999999972, -14.05000000000000782, 32.30000000000001137 ) ) ;
#3293 = AXIS2_PLACEMENT_3D ( 'NONE', #4827, #1984, #397 ) ;
#3294 = CARTESIAN_POINT ( 'NONE',  ( -106.2363998609839228, -8.618536022476893876, 7.061332000726700642 ) ) ;
#3295 = B_SPLINE_CURVE_WITH_KNOTS ( 'NONE', 3,
 ( #4214, #3059, #3772, #2667, #319, #1005, #4647, #665, #4254, #1807, #1085, #1104, #2647, #2261, #4573, #3379, #2596, #4549, #4989, #4966, #1425, #3843, #1904, #2986, #4600, #2287, #1027 ),
 .UNSPECIFIED., .F., .F.,
 ( 4, 2, 2, 2, 1, 1, 1, 1, 2, 2, 2, 2, 2, 1, 2, 4 ),
 ( 0.000000000000000000, 0.2500000000003000933, 0.3750000000004532485, 0.4375000000005298539, 0.4687500000005719314, 0.4843750000005927481, 0.4921875000006029066, 0.4960937500006082912, 0.4980468750006109557, 0.5000000000006136203, 0.6250000000004586331, 0.6875000000003813616, 0.7031250000003622658, 0.7187500000003431699, 0.7500000000003049783, 1.000000000000000000 ),
 .UNSPECIFIED. ) ;
#3296 = B_SPLINE_CURVE_WITH_KNOTS ( 'NONE', 3,
 ( #3212, #4362, #4774, #1233, #808, #3967, #836, #4800, #2406, #2824, #1256, #3263, #4855, #2879, #1312, #4463 ),
 .UNSPECIFIED., .F., .F.,
 ( 4, 2, 2, 1, 1, 1, 1, 2, 2, 4 ),
 ( 0.000000000000000000, 0.2500000000000205946, 0.3750000000000308642, 0.4375000000000357492, 0.4687500000000381917, 0.4843750000000394129, 0.4921875000000369704, 0.4960937500000358047, 0.5000000000000346390, 1.000000000000000000 ),
 .UNSPECIFIED. ) ;
#3297 = CARTESIAN_POINT ( 'NONE',  ( -109.9466552412532820, 5.221054170308391917, 34.41689817618721037 ) ) ;
#3298 = DIRECTION ( 'NONE',  ( 3.054740849381649318E-17, -1.457378446665821845E-17, -1.000000000000000000 ) ) ;
#3299 = VECTOR ( 'NONE', #632, 1000.000000000000000 ) ;
#3300 = ORIENTED_EDGE ( 'NONE', *, *, #4699, .T. ) ;
#3301 = ORIENTED_EDGE ( 'NONE', *, *, #1987, .T. ) ;
#3302 = DIRECTION ( 'NONE',  ( 1.071937337635886563E-14, 1.000000000000000000, 0.000000000000000000 ) ) ;
#3303 = CARTESIAN_POINT ( 'NONE',  ( -111.5000000000000000, -8.483594598900019434, 31.26662658411995110 ) ) ;
#3304 = CARTESIAN_POINT ( 'NONE',  ( -105.7999999999999972, -14.05000000000000782, 9.700000000000004619 ) ) ;
#3305 =( BOUNDED_CURVE ( )  B_SPLINE_CURVE ( 3, ( #2990, #3779, #3014, #1452 ),
 .UNSPECIFIED., .F., .F. ) 
 B_SPLINE_CURVE_WITH_KNOTS ( ( 4, 4 ),
 ( 3.004698439155823131, 3.011129538188110022 ),
 .UNSPECIFIED. ) 
 CURVE ( )  GEOMETRIC_REPRESENTATION_ITEM ( )  RATIONAL_B_SPLINE_CURVE ( ( 1.000000000000000000, 0.9999965534167394310, 0.9999965534167394310, 1.000000000000000000 ) ) 
 REPRESENTATION_ITEM ( '' )  );
#3306 = EDGE_LOOP ( 'NONE', ( #4124, #2814, #1273, #1862 ) ) ;
#3307 = CARTESIAN_POINT ( 'NONE',  ( -99.33650537965573335, 100.0000000000010800, 18.99999999999999645 ) ) ;
#3308 = DIRECTION ( 'NONE',  ( 3.054740849381649318E-17, -1.457378446665821845E-17, -1.000000000000000000 ) ) ;
#3309 = DIRECTION ( 'NONE',  ( 0.000000000000000000, -1.000000000000000000, 0.000000000000000000 ) ) ;
#3310 = EDGE_CURVE ( 'NONE', #3149, #809, #4604, .T. ) ;
#3311 = ORIENTED_EDGE ( 'NONE', *, *, #4042, .T. ) ;
#3312 = ORIENTED_EDGE ( 'NONE', *, *, #112, .T. ) ;
#3313 = CARTESIAN_POINT ( 'NONE',  ( -105.7999999999999972, -8.339787769686974883, 33.57351657870019324 ) ) ;
#3314 = CARTESIAN_POINT ( 'NONE',  ( -111.5000000000000000, -2.835239607800018380, 7.801082757799963296 ) ) ;
#3315 = EDGE_LOOP ( 'NONE', ( #3981, #3551 ) ) ;
#3316 = DIRECTION ( 'NONE',  ( 3.054740849381649318E-17, -1.457378446665821845E-17, -1.000000000000000000 ) ) ;
#3317 = DIRECTION ( 'NONE',  ( -3.054740849381649318E-17, 1.457378446665821845E-17, 1.000000000000000000 ) ) ;
#3318 = EDGE_LOOP ( 'NONE', ( #5031, #513, #3997, #889, #2168, #4096 ) ) ;
#3319 = DIRECTION ( 'NONE',  ( -1.110223024625156856E-14, -1.000000000000000000, 0.000000000000000000 ) ) ;
#3320 = VERTEX_POINT ( 'NONE', #2804 ) ;
#3321 = EDGE_CURVE ( 'NONE', #2002, #1110, #2746, .T. ) ;
#3322 = CARTESIAN_POINT ( 'NONE',  ( -105.8001524687551296, 8.810257371331056575, 34.04433263365534401 ) ) ;
#3323 = CYLINDRICAL_SURFACE ( 'NONE', #4509, 2.750000000000000888 ) ;
#3324 = CARTESIAN_POINT ( 'NONE',  ( -106.0064007606369927, 13.95892786279156716, 12.26642011661713205 ) ) ;
#3325 = ORIENTED_EDGE ( 'NONE', *, *, #1337, .T. ) ;
#3326 = ORIENTED_EDGE ( 'NONE', *, *, #1828, .F. ) ;
#3327 = DIRECTION ( 'NONE',  ( 3.054740849381649318E-17, -1.457378446665821845E-17, -1.000000000000000000 ) ) ;
#3328 = CARTESIAN_POINT ( 'NONE',  ( -111.4415821552999972, 10.68760186401997103, 29.22634954620295389 ) ) ;
#3329 = PLANE ( 'NONE',  #131 ) ;
#3330 = CARTESIAN_POINT ( 'NONE',  ( -111.5000000000000000, 12.99999999999998401, 21.00000000000000355 ) ) ;
#3331 = CARTESIAN_POINT ( 'NONE',  ( -106.0992557484010774, 13.95794234733018513, 23.89450325493267613 ) ) ;
#3332 =( BOUNDED_CURVE ( )  B_SPLINE_CURVE ( 3, ( #462, #4452, #3283, #4840 ),
 .UNSPECIFIED., .F., .F. ) 
 B_SPLINE_CURVE_WITH_KNOTS ( ( 4, 4 ),
 ( 3.141592653589351247, 4.712084231441023618 ),
 .UNSPECIFIED. ) 
 CURVE ( )  GEOMETRIC_REPRESENTATION_ITEM ( )  RATIONAL_B_SPLINE_CURVE ( ( 1.000000000000000000, 0.8048096786663277991, 0.8048096786663277991, 1.000000000000000000 ) ) 
 REPRESENTATION_ITEM ( '' )  );
#3333 = PLANE ( 'NONE',  #5013 ) ;
#3334 = EDGE_LOOP ( 'NONE', ( #4348, #3721, #4813, #1227, #1336, #3544 ) ) ;
#3335 = ORIENTED_EDGE ( 'NONE', *, *, #4593, .T. ) ;
#3336 = CARTESIAN_POINT ( 'NONE',  ( -111.5000000000000000, -8.584429592530018027, 10.97502053398996402 ) ) ;
#3337 = CARTESIAN_POINT ( 'NONE',  ( -110.0835904663221356, -13.39798060731005691, 15.95098805807122844 ) ) ;
#3338 = ORIENTED_EDGE ( 'NONE', *, *, #423, .T. ) ;
#3339 = ADVANCED_FACE ( 'NONE', ( #33 ), #4286, .F. ) ;
#3340 = CARTESIAN_POINT ( 'NONE',  ( 100.1110668972829814, -19.50000000000107292, 3.342322452362944290E-15 ) ) ;
#3341 = CARTESIAN_POINT ( 'NONE',  ( -110.5084020412490275, -11.79011164649788590, 28.68300264437823088 ) ) ;
#3342 = ORIENTED_EDGE ( 'NONE', *, *, #1645, .T. ) ;
#3343 = CARTESIAN_POINT ( 'NONE',  ( -105.8001538625669866, 13.59815376902068706, 12.10274924851161416 ) ) ;
#3344 = CARTESIAN_POINT ( 'NONE',  ( 99.99999999999901945, -95.86186342883617328, 4.451810985565702287E-15 ) ) ;
#3345 = EDGE_CURVE ( 'NONE', #2408, #2845, #3702, .T. ) ;
#3346 = CARTESIAN_POINT ( 'NONE',  ( -107.8914974854506141, -7.425602346364013506, 34.70615494424411196 ) ) ;
#3347 = VECTOR ( 'NONE', #2477, 1000.000000000000000 ) ;
#3348 = VECTOR ( 'NONE', #2736, 1000.000000000000000 ) ;
#3349 = B_SPLINE_CURVE_WITH_KNOTS ( 'NONE', 3,
 ( #3314, #1632, #4899, #3201, #3623, #104, #3252, #1354, #2817, #4401, #851, #3227, #4816, #4427, #882, #2560, #4172, #1765, #5000 ),
 .UNSPECIFIED., .F., .F.,
 ( 4, 2, 1, 2, 2, 2, 1, 1, 2, 2, 4 ),
 ( 0.000000000000000000, 0.1250000000000190958, 0.1875000000000268674, 0.2187500000000289213, 0.2500000000000311418, 0.3750000000000430767, 0.4375000000000490719, 0.4687500000000519029, 0.4843750000000515143, 0.5000000000000510703, 1.000000000000000000 ),
 .UNSPECIFIED. ) ;
#3350 = VERTEX_POINT ( 'NONE', #4364 ) ;
#3351 = VERTEX_POINT ( 'NONE', #2409 ) ;
#3352 = CARTESIAN_POINT ( 'NONE',  ( 85.00000000000092371, 84.99999999999909051, 18.00000000000000355 ) ) ;
#3353 = AXIS2_PLACEMENT_3D ( 'NONE', #1032, #4993, #1429 ) ;
#3354 = PRESENTATION_LAYER_ASSIGNMENT (  '', '', ( #3435 ) ) ;
#3355 = CARTESIAN_POINT ( 'NONE',  ( -91.76631300077512776, -18.45256313723150754, 39.99999999999999289 ) ) ;
#3356 = EDGE_CURVE ( 'NONE', #3932, #4357, #4428, .T. ) ;
#3357 = CARTESIAN_POINT ( 'NONE',  ( -5.804007613825133334E-16, 2.769019048665061228E-16, 19.00000000000000000 ) ) ;
#3358 = VECTOR ( 'NONE', #4457, 1000.000000000000000 ) ;
#3359 = CONICAL_SURFACE ( 'NONE', #3777, 14.70022998762000022, 0.5235987755981996727 ) ;
#3360 = LINE ( 'NONE', #2553, #2600 ) ;
#3361 = DIRECTION ( 'NONE',  ( 0.000000000000000000, 0.000000000000000000, -1.000000000000000000 ) ) ;
#3362 = CIRCLE ( 'NONE', #4765, 3.000000000000002665 ) ;
#3363 = CARTESIAN_POINT ( 'NONE',  ( -73.71791138077556127, -87.34504604789296422, 0.000000000000000000 ) ) ;
#3364 = EDGE_LOOP ( 'NONE', ( #3993, #4998, #906, #4106, #2373 ) ) ;
#3365 = ORIENTED_EDGE ( 'NONE', *, *, #117, .F. ) ;
#3366 = CARTESIAN_POINT ( 'NONE',  ( -105.8000352449399912, -8.834706907580017088, 7.039403998089963643 ) ) ;
#3367 = DIRECTION ( 'NONE',  ( -9.251858538542962756E-15, -1.000000000000000000, 0.000000000000000000 ) ) ;
#3368 = AXIS2_PLACEMENT_3D ( 'NONE', #3512, #1528, #3903 ) ;
#3369 = ORIENTED_EDGE ( 'NONE', *, *, #3704, .F. ) ;
#3370 = CARTESIAN_POINT ( 'NONE',  ( -110.4881777400012908, -11.80528288281023030, 28.68110212845072127 ) ) ;
#3371 = VERTEX_POINT ( 'NONE', #3190 ) ;
#3372 = LINE ( 'NONE', #1048, #3299 ) ;
#3373 = CARTESIAN_POINT ( 'NONE',  ( -121.1847763108502676, -7.615223689149734909, 34.00000000000007816 ) ) ;
#3374 = DIRECTION ( 'NONE',  ( -1.000000000000000000, -1.264818684629761841E-16, -1.040834085604003879E-17 ) ) ;
#3375 = DIRECTION ( 'NONE',  ( 3.054740849381649318E-17, -1.457378446665821845E-17, -1.000000000000000000 ) ) ;
#3376 = ORIENTED_EDGE ( 'NONE', *, *, #3310, .F. ) ;
#3377 = ORIENTED_EDGE ( 'NONE', *, *, #3408, .T. ) ;
#3378 = EDGE_CURVE ( 'NONE', #925, #2366, #710, .T. ) ;
#3379 = CARTESIAN_POINT ( 'NONE',  ( -109.0747684094022389, 8.300866146028164749, 9.556952970179644069 ) ) ;
#3380 = CIRCLE ( 'NONE', #3293, 95.75000000000000000 ) ;
#3381 = CARTESIAN_POINT ( 'NONE',  ( -105.7999785328200062, 8.834840953629981897, 7.039404146519963490 ) ) ;
#3382 = DIRECTION ( 'NONE',  ( 0.000000000000000000, 1.000000000000000000, 2.523234146875354913E-15 ) ) ;
#3383 = CIRCLE ( 'NONE', #3046, 3.000000000000000444 ) ;
#3384 = EDGE_CURVE ( 'NONE', #4496, #2444, #372, .T. ) ;
#3385 = CARTESIAN_POINT ( 'NONE',  ( -105.8118313506287791, -8.688573035395403821, 33.77664246361923972 ) ) ;
#3386 = LINE ( 'NONE', #594, #1877 ) ;
#3387 = CARTESIAN_POINT ( 'NONE',  ( -105.7999999999999972, -11.30000000000000604, 32.30000000000001137 ) ) ;
#3388 = EDGE_LOOP ( 'NONE', ( #4185, #1068 ) ) ;
#3389 = ORIENTED_EDGE ( 'NONE', *, *, #5122, .T. ) ;
#3390 = CARTESIAN_POINT ( 'NONE',  ( -111.5000999486649960, 7.875425961082411774, 10.03409197946634279 ) ) ;
#3391 = DIRECTION ( 'NONE',  ( -1.000000000000000000, -1.264818684629761841E-16, -1.040834085604003879E-17 ) ) ;
#3392 = LINE ( 'NONE', #3896, #571 ) ;
#3393 = CARTESIAN_POINT ( 'NONE',  ( -107.7348589911020866, -13.57075417136785767, 28.84244068014576357 ) ) ;
#3394 = EDGE_LOOP ( 'NONE', ( #597, #4186, #3755, #4766, #578, #2011, #2449 ) ) ;
#3395 = CARTESIAN_POINT ( 'NONE',  ( -111.5000000000000000, 11.29999999999999183, 9.700000000000004619 ) ) ;
#3396 = CARTESIAN_POINT ( 'NONE',  ( -108.2273269912399911, 13.65886143855999357, 28.09983029909695063 ) ) ;
#3397 = CARTESIAN_POINT ( 'NONE',  ( -105.8501898078600050, -14.41691406228000716, 29.56560569844295472 ) ) ;
#3398 = DIRECTION ( 'NONE',  ( -1.040834085604003879E-17, -1.316466399071475981E-33, 1.000000000000000000 ) ) ;
#3399 = VERTEX_POINT ( 'NONE', #2724 ) ;
#3400 = ORIENTED_EDGE ( 'NONE', *, *, #1431, .F. ) ;
#3401 = CARTESIAN_POINT ( 'NONE',  ( -107.1051763592397492, 12.29113507002792360, 29.46039750442232474 ) ) ;
#3402 = DIRECTION ( 'NONE',  ( -0.9999619230641713097, -1.264963967600080342E-16, -0.008726535498372762004 ) ) ;
#3403 = EDGE_CURVE ( 'NONE', #3889, #1607, #4722, .T. ) ;
#3404 = CARTESIAN_POINT ( 'NONE',  ( -73.71791138077563232, -87.34504604789290738, 0.000000000000000000 ) ) ;
#3405 = CARTESIAN_POINT ( 'NONE',  ( -105.7999999999999829, -8.893281928861428653, 34.78361863755700512 ) ) ;
#3406 = CARTESIAN_POINT ( 'NONE',  ( -107.3423351449799981, -7.927723360700017707, 7.216596656149962818 ) ) ;
#3407 = CARTESIAN_POINT ( 'NONE',  ( -100.0121575215702308, 90.01824925138136280, -0.3481458670082503426 ) ) ;
#3408 = EDGE_CURVE ( 'NONE', #553, #2571, #838, .T. ) ;
#3409 = CARTESIAN_POINT ( 'NONE',  ( -84.99999999999916156, 79.00000000000078160, -3.747858694840386975E-15 ) ) ;
#3410 = EDGE_CURVE ( 'NONE', #2562, #4598, #3528, .T. ) ;
#3411 = VERTEX_POINT ( 'NONE', #2362 ) ;
#3412 = ORIENTED_EDGE ( 'NONE', *, *, #3972, .F. ) ;
#3413 = DIRECTION ( 'NONE',  ( 1.000000000000000000, 1.264818684629761841E-16, 1.040834085604003879E-17 ) ) ;
#3414 = DIRECTION ( 'NONE',  ( 0.000000000000000000, 1.000000000000000000, 0.000000000000000000 ) ) ;
#3415 = PLANE ( 'NONE',  #1072 ) ;
#3416 = CARTESIAN_POINT ( 'NONE',  ( -108.8218818587183279, -12.93060634927811847, 28.69349079114000745 ) ) ;
#3417 = EDGE_CURVE ( 'NONE', #4213, #2557, #2062, .T. ) ;
#3418 = ORIENTED_EDGE ( 'NONE', *, *, #117, .T. ) ;
#3419 = CARTESIAN_POINT ( 'NONE',  ( -105.7999965915160203, 13.08890995916867972, 12.17603120774544756 ) ) ;
#3420 = DIRECTION ( 'NONE',  ( 1.000000000000000000, 1.264818684629761841E-16, 1.040834085604003879E-17 ) ) ;
#3421 = B_SPLINE_CURVE_WITH_KNOTS ( 'NONE', 3,
 ( #709, #4187, #3401, #3009, #4236, #3478, #1399, #2961, #2219, #641, #1447, #2241, #270, #1852, #3078, #390, #1126, #4307, #4720, #4331, #30, #440, #5104, #3524, #414, #1540, #3575 ),
 .UNSPECIFIED., .F., .F.,
 ( 4, 2, 2, 2, 1, 1, 1, 1, 2, 2, 2, 2, 2, 1, 2, 4 ),
 ( 0.000000000000000000, 0.2500000000003685385, 0.3750000000005500045, 0.4375000000006408207, 0.4687500000006862289, 0.4843750000007042700, 0.4921875000007133183, 0.4960937500007177592, 0.4980468750007155943, 0.5000000000007134293, 0.6250000000005294654, 0.6875000000004374279, 0.7031250000004162226, 0.7187500000003951284, 0.7500000000003479439, 1.000000000000000000 ),
 .UNSPECIFIED. ) ;
#3422 = CARTESIAN_POINT ( 'NONE',  ( -109.0603532804500020, -7.853420824020017399, 33.67734004376995927 ) ) ;
#3423 = CARTESIAN_POINT ( 'NONE',  ( -111.5000000000000000, 10.02497946381999228, 12.41557040651496280 ) ) ;
#3424 = ORIENTED_EDGE ( 'NONE', *, *, #3378, .F. ) ;
#3425 = FACE_OUTER_BOUND ( 'NONE', #3306, .T. ) ;
#3426 = CARTESIAN_POINT ( 'NONE',  ( -106.7497233285347988, 8.346117998094712220, 34.86652509067134531 ) ) ;
#3427 = AXIS2_PLACEMENT_3D ( 'NONE', #3929, #700, #1509 ) ;
#3428 = AXIS2_PLACEMENT_3D ( 'NONE', #2120, #1598, #3276 ) ;
#3430 = AXIS2_PLACEMENT_3D ( 'NONE', #1730, #565, #614 ) ;
#3429 = CARTESIAN_POINT ( 'NONE',  ( -110.0474182747516210, 5.094606181447943527, 7.596936063172714526 ) ) ;
#3431 = EDGE_CURVE ( 'NONE', #3002, #2656, #3722, .T. ) ;
#3432 = DIRECTION ( 'NONE',  ( -1.000000000000000000, 0.000000000000000000, -0.000000000000000000 ) ) ;
#3434 = CARTESIAN_POINT ( 'NONE',  ( -106.6678496149083344, 13.87803169072457976, 29.41397803641270414 ) ) ;
#3433 = VECTOR ( 'NONE', #2132, 1000.000000000000000 ) ;
#3435 = STYLED_ITEM ( 'NONE', ( #2389 ), #2996 ) ;
#3436 = CARTESIAN_POINT ( 'NONE',  ( -101.2999999999999972, -14.00000000000000711, 9.700000000000004619 ) ) ;
#3437 = ORIENTED_EDGE ( 'NONE', *, *, #112, .F. ) ;
#3438 = ORIENTED_EDGE ( 'NONE', *, *, #354, .T. ) ;
#3439 = CARTESIAN_POINT ( 'NONE',  ( -109.4211168703399863, -1.632880357086818318E-14, 21.00000000000000355 ) ) ;
#3440 = EDGE_CURVE ( 'NONE', #1961, #2985, #4848, .T. ) ;
#3441 = DIRECTION ( 'NONE',  ( 0.000000000000000000, -1.000000000000000000, 0.000000000000000000 ) ) ;
#3442 = EDGE_CURVE ( 'NONE', #4787, #4196, #1293, .T. ) ;
#3443 = AXIS2_PLACEMENT_3D ( 'NONE', #1054, #4133, #1444 ) ;
#3444 = CARTESIAN_POINT ( 'NONE',  ( -109.1318938785307466, -8.299999995866478741, 9.584014372037945151 ) ) ;
#3445 = AXIS2_PLACEMENT_3D ( 'NONE', #2052, #1609, #2843 ) ;
#3446 = EDGE_LOOP ( 'NONE', ( #1999, #664, #1646, #2661 ) ) ;
#3447 = CARTESIAN_POINT ( 'NONE',  ( -105.8002066919177082, 13.64820975750541621, 12.10515301266692312 ) ) ;
#3448 = EDGE_CURVE ( 'NONE', #1909, #3699, #922, .T. ) ;
#3449 = CARTESIAN_POINT ( 'NONE',  ( -110.9259661052700068, 13.27959244490999247, 24.87911844336295175 ) ) ;
#3450 = EDGE_CURVE ( 'NONE', #5051, #885, #2439, .T. ) ;
#3451 = CARTESIAN_POINT ( 'NONE',  ( -105.7999962200362347, -8.822850752507196859, 7.914643724047211393 ) ) ;
#3452 = CARTESIAN_POINT ( 'NONE',  ( -103.5499999999999829, -11.30000000000000604, 9.700000000000004619 ) ) ;
#3453 = ORIENTED_EDGE ( 'NONE', *, *, #2810, .T. ) ;
#3454 = CARTESIAN_POINT ( 'NONE',  ( -115.7999999999999687, -13.00000000000004086, 13.38477631085018515 ) ) ;
#3455 = CARTESIAN_POINT ( 'NONE',  ( -107.1080259941499975, 13.94730807586999255, 28.91270724981395190 ) ) ;
#3456 = VECTOR ( 'NONE', #3753, 1000.000000000000000 ) ;
#3457 = DIRECTION ( 'NONE',  ( -1.211709794455050606E-16, 0.9271838545667933085, 0.3746065934158975819 ) ) ;
#3458 = AXIS2_PLACEMENT_3D ( 'NONE', #1794, #1956, #4588 ) ;
#3459 = CARTESIAN_POINT ( 'NONE',  ( -111.5000000000000000, -1.632880357086818318E-14, 21.00000000000000355 ) ) ;
#3460 = PLANE ( 'NONE',  #3016 ) ;
#3461 = AXIS2_PLACEMENT_3D ( 'NONE', #833, #2742, #2330 ) ;
#3462 = VERTEX_POINT ( 'NONE', #2112 ) ;
#3463 = ORIENTED_EDGE ( 'NONE', *, *, #2869, .T. ) ;
#3464 = DIRECTION ( 'NONE',  ( -1.071937337635886247E-14, -1.000000000000000000, 1.457378446665789181E-17 ) ) ;
#3465 = CARTESIAN_POINT ( 'NONE',  ( -111.9173756634799872, -10.57120503003000600, 12.99117930684996480 ) ) ;
#3466 = CARTESIAN_POINT ( 'NONE',  ( 0.000000000000000000, 0.000000000000000000, 0.000000000000000000 ) ) ;
#3467 = CARTESIAN_POINT ( 'NONE',  ( -108.2682977236415240, -8.342232831976536644, 9.193413256617535723 ) ) ;
#3468 = EDGE_CURVE ( 'NONE', #3462, #925, #218, .T. ) ;
#3469 = ORIENTED_EDGE ( 'NONE', *, *, #4970, .T. ) ;
#3470 =( BOUNDED_CURVE ( )  B_SPLINE_CURVE ( 3, ( #2485, #4592, #3373, #3764 ),
 .UNSPECIFIED., .F., .F. ) 
 B_SPLINE_CURVE_WITH_KNOTS ( ( 4, 4 ),
 ( 0.000000000000000000, 1.570796326794904996 ),
 .UNSPECIFIED. ) 
 CURVE ( )  GEOMETRIC_REPRESENTATION_ITEM ( )  RATIONAL_B_SPLINE_CURVE ( ( 1.000000000000000000, 0.8047378541243630501, 0.8047378541243630501, 1.000000000000000000 ) ) 
 REPRESENTATION_ITEM ( '' )  );
#3471 = CARTESIAN_POINT ( 'NONE',  ( -107.2011161537565869, 13.80308596623598305, 12.94409979387638110 ) ) ;
#3472 = CARTESIAN_POINT ( 'NONE',  ( -111.5003764568290876, 10.96565693037379319, 13.12553606009812235 ) ) ;
#3473 = CARTESIAN_POINT ( 'NONE',  ( -108.4876013645099988, -8.325745431770018357, 32.69309700308994593 ) ) ;
#3474 = CARTESIAN_POINT ( 'NONE',  ( -105.7999999999999972, -11.30000000000000604, 9.700000000000004619 ) ) ;
#3475 = EDGE_CURVE ( 'NONE', #2234, #2421, #4889, .T. ) ;
#3476 = ORIENTED_EDGE ( 'NONE', *, *, #424, .T. ) ;
#3477 = CARTESIAN_POINT ( 'NONE',  ( -110.0986204744347674, -13.39566794928704674, 26.03213652264729205 ) ) ;
#3478 = CARTESIAN_POINT ( 'NONE',  ( -108.3825481670419038, 11.75610430987107513, 29.33454841225246312 ) ) ;
#3479 = CARTESIAN_POINT ( 'NONE',  ( -109.4548881259974138, 7.655162851447802730, 33.52688308065028622 ) ) ;
#3480 = CARTESIAN_POINT ( 'NONE',  ( -107.6390265464508786, -8.449453637395949457, 33.24408013048564925 ) ) ;
#3481 = CARTESIAN_POINT ( 'NONE',  ( -92.40282721070009586, -19.00246749018443992, 18.99999999999999645 ) ) ;
#3482 = CARTESIAN_POINT ( 'NONE',  ( -110.3881992878496447, -6.068938968896146591, 33.79291628680485360 ) ) ;
#3483 = ORIENTED_EDGE ( 'NONE', *, *, #4994, .F. ) ;
#3484 = ORIENTED_EDGE ( 'NONE', *, *, #3850, .F. ) ;
#3485 = DIRECTION ( 'NONE',  ( 0.000000000000000000, 0.000000000000000000, -1.000000000000000000 ) ) ;
#3486 = CARTESIAN_POINT ( 'NONE',  ( -108.4063613826499903, -11.78495806765000786, 12.75388706627296287 ) ) ;
#3487 = CARTESIAN_POINT ( 'NONE',  ( -108.4228935047938620, -8.331503399803787957, 9.261300927068726097 ) ) ;
#3488 = ORIENTED_EDGE ( 'NONE', *, *, #189, .F. ) ;
#3489 = CARTESIAN_POINT ( 'NONE',  ( -106.4263964745260722, 13.91196571661541626, 12.47582818507697056 ) ) ;
#3490 = CARTESIAN_POINT ( 'NONE',  ( 84.99999999999428724, -85.00000000000092371, 18.00000000000000355 ) ) ;
#3491 = ADVANCED_FACE ( 'NONE', ( #2827 ), #2932, .T. ) ;
#3492 = CARTESIAN_POINT ( 'NONE',  ( -66.58591166940225037, -79.08591166940468042, 216.5000000000000000 ) ) ;
#3493 = CARTESIAN_POINT ( 'NONE',  ( -109.9249111173350002, -5.246995206752320229, 34.42027988545591199 ) ) ;
#3494 = ORIENTED_EDGE ( 'NONE', *, *, #4873, .F. ) ;
#3495 = CARTESIAN_POINT ( 'NONE',  ( -108.7999999999999972, 14.04999999999999361, 9.700000000000004619 ) ) ;
#3496 = CARTESIAN_POINT ( 'NONE',  ( -70.28208861922637141, -92.65495395210555785, 17.99999999999999645 ) ) ;
#3497 = ADVANCED_FACE ( 'NONE', ( #3748 ), #2491, .F. ) ;
#3498 = CARTESIAN_POINT ( 'NONE',  ( -128.8000000000000114, -49.99999999999980815, 21.00000000000000355 ) ) ;
#3499 = CARTESIAN_POINT ( 'NONE',  ( -108.7987619305230425, -11.56820036935901364, 12.68798742830374771 ) ) ;
#3500 = ADVANCED_FACE ( 'NONE', ( #2518 ), #145, .T. ) ;
#3501 = CARTESIAN_POINT ( 'NONE',  ( 99.92852815706051217, 19.55509408712142871, -2.103958303583802536 ) ) ;
#3502 = DIRECTION ( 'NONE',  ( -9.251858538535345515E-15, -1.000000000000000000, 0.000000000000000000 ) ) ;
#3503 = DIRECTION ( 'NONE',  ( 0.03489949670250100389, -3.595358292901818552E-16, 0.9993908270190956511 ) ) ;
#3504 = CIRCLE ( 'NONE', #2941, 95.75000000000000000 ) ;
#3505 = AXIS2_PLACEMENT_3D ( 'NONE', #103, #4088, #2816 ) ;
#3506 = ORIENTED_EDGE ( 'NONE', *, *, #3468, .F. ) ;
#3507 = ORIENTED_EDGE ( 'NONE', *, *, #472, .F. ) ;
#3508 = LINE ( 'NONE', #327, #4423 ) ;
#3509 = DIRECTION ( 'NONE',  ( 1.000000000000000000, 1.264818684629761841E-16, 1.040834085604003879E-17 ) ) ;
#3510 = AXIS2_PLACEMENT_3D ( 'NONE', #825, #2017, #4885 ) ;
#3511 = AXIS2_PLACEMENT_3D ( 'NONE', #2830, #4780, #1240 ) ;
#3512 = CARTESIAN_POINT ( 'NONE',  ( -111.5000000000000000, -7.938583232060017814, 33.27512938227994255 ) ) ;
#3513 =( GEOMETRIC_REPRESENTATION_CONTEXT ( 3 ) GLOBAL_UNCERTAINTY_ASSIGNED_CONTEXT ( ( #1637 ) ) GLOBAL_UNIT_ASSIGNED_CONTEXT ( ( #4637, #1891, #3093 ) ) REPRESENTATION_CONTEXT ( 'NONE', 'WORKASPACE' ) );
#3514 = AXIS2_PLACEMENT_3D ( 'NONE', #4697, #4389, #1158 ) ;
#3515 = EDGE_LOOP ( 'NONE', ( #2021, #96, #4734, #4158 ) ) ;
#3516 = CARTESIAN_POINT ( 'NONE',  ( -108.7999999999999972, -11.30000000000000604, 9.700000000000004619 ) ) ;
#3517 = CARTESIAN_POINT ( 'NONE',  ( -85.00000000000579803, -91.00000000000108002, 216.0010000000000048 ) ) ;
#3518 = ORIENTED_EDGE ( 'NONE', *, *, #1741, .T. ) ;
#3519 = DIRECTION ( 'NONE',  ( 1.000000000000000000, 1.264818684629761841E-16, 1.040834085604003879E-17 ) ) ;
#3520 = DIRECTION ( 'NONE',  ( 1.000000000000000000, 1.264818684629761841E-16, 1.040834085604003879E-17 ) ) ;
#3521 = VECTOR ( 'NONE', #3752, 1000.000000000000227 ) ;
#3522 = ORIENTED_EDGE ( 'NONE', *, *, #745, .F. ) ;
#3523 = CARTESIAN_POINT ( 'NONE',  ( -108.2966210272752079, -13.64919244045237434, 28.05548344753118784 ) ) ;
#3524 = CARTESIAN_POINT ( 'NONE',  ( -110.2244265450993339, 10.86068644152660667, 29.33211816219969137 ) ) ;
#3525 = AXIS2_PLACEMENT_3D ( 'NONE', #1174, #2740, #290 ) ;
#3526 = CARTESIAN_POINT ( 'NONE',  ( -107.0959251625600075, 13.82711486192999217, 29.14216943297195428 ) ) ;
#3527 = EDGE_CURVE ( 'NONE', #3948, #3350, #4108, .T. ) ;
#3528 = LINE ( 'NONE', #4335, #2687 ) ;
#3529 = CARTESIAN_POINT ( 'NONE',  ( -111.0872243317700026, 10.36629443303999309, 12.58195809232596396 ) ) ;
#3530 = CARTESIAN_POINT ( 'NONE',  ( -107.9300318766999851, 8.391612132049981909, 33.29870647338994871 ) ) ;
#3531 = B_SPLINE_CURVE_WITH_KNOTS ( 'NONE', 3,
 ( #691, #3852, #2673, #3829, #2604, #4608, #4263, #1033, #1837, #299 ),
 .UNSPECIFIED., .F., .F.,
 ( 4, 1, 1, 2, 2, 4 ),
 ( 0.000000000000000000, 0.2500000000000354716, 0.3750000000000519584, 0.4375000000000602296, 0.5000000000000685008, 1.000000000000000000 ),
 .UNSPECIFIED. ) ;
#3532 = CARTESIAN_POINT ( 'NONE',  ( -111.1054070606447937, 13.25431087246858652, 17.42420987377105135 ) ) ;
#3533 = ADVANCED_FACE ( 'NONE', ( #562 ), #2143, .F. ) ;
#3534 = ORIENTED_EDGE ( 'NONE', *, *, #3885, .T. ) ;
#3535 = ORIENTED_EDGE ( 'NONE', *, *, #2390, .F. ) ;
#3536 = DIRECTION ( 'NONE',  ( -1.000000000000000000, -1.264818684629761841E-16, -1.040834085604003879E-17 ) ) ;
#3537 = CARTESIAN_POINT ( 'NONE',  ( -110.8936277572600062, -11.13499560419000645, 12.87063934376596386 ) ) ;
#3538 = AXIS2_PLACEMENT_3D ( 'NONE', #37, #1593, #1239 ) ;
#3539 = CARTESIAN_POINT ( 'NONE',  ( -108.8653922523485420, 8.306701496519432126, 32.54057951862994003 ) ) ;
#3540 = CARTESIAN_POINT ( 'NONE',  ( -111.5000000000000000, 13.19891724219999141, 23.83523960780195239 ) ) ;
#3541 = VERTEX_POINT ( 'NONE', #92 ) ;
#3542 = DIRECTION ( 'NONE',  ( 1.000000000000000000, 1.264818684629761841E-16, 1.040834085604003879E-17 ) ) ;
#3543 = CARTESIAN_POINT ( 'NONE',  ( 6.394790492938233038E-13, 59.32403451550180051, 121.2058878507451993 ) ) ;
#3544 = ORIENTED_EDGE ( 'NONE', *, *, #3735, .T. ) ;
#3545 = CARTESIAN_POINT ( 'NONE',  ( -105.7999999999999972, 13.96062774451456256, 30.42487106636860972 ) ) ;
#3546 = CYLINDRICAL_SURFACE ( 'NONE', #2213, 3.000000000000000888 ) ;
#3547 = VERTEX_POINT ( 'NONE', #980 ) ;
#3548 = CARTESIAN_POINT ( 'NONE',  ( -110.6242804524500514, -13.32248549884780253, 25.32546709227829496 ) ) ;
#3549 = CARTESIAN_POINT ( 'NONE',  ( -106.6705445195100026, -8.705447530210017604, 7.479816319259962931 ) ) ;
#3550 = CARTESIAN_POINT ( 'NONE',  ( -99.99999999999893419, 100.0000000000010800, -4.512119296047454806E-15 ) ) ;
#3551 = ORIENTED_EDGE ( 'NONE', *, *, #3951, .F. ) ;
#3552 = CARTESIAN_POINT ( 'NONE',  ( -5.117950097003004071E-15, 2.441709634384620314E-15, 167.5412203309814743 ) ) ;
#3553 = EDGE_CURVE ( 'NONE', #4476, #3145, #4940, .T. ) ;
#3554 = DIRECTION ( 'NONE',  ( 1.000000000000000000, 1.264818684629761841E-16, 1.040834085604003879E-17 ) ) ;
#3555 = CARTESIAN_POINT ( 'NONE',  ( -111.2876335598691355, 13.22869656419628548, 17.74159133866083593 ) ) ;
#3556 = VERTEX_POINT ( 'NONE', #589 ) ;
#3557 = ORIENTED_EDGE ( 'NONE', *, *, #599, .F. ) ;
#3558 = DIRECTION ( 'NONE',  ( 3.054740849381649318E-17, -1.457378446665821845E-17, -1.000000000000000000 ) ) ;
#3559 = CARTESIAN_POINT ( 'NONE',  ( -141.7999999999999829, 12.99999999999997868, 21.00000000000000355 ) ) ;
#3560 = EDGE_CURVE ( 'NONE', #2444, #3784, #876, .T. ) ;
#3561 = EDGE_CURVE ( 'NONE', #1633, #3462, #1870, .T. ) ;
#3562 = DIRECTION ( 'NONE',  ( 3.054740849381649318E-17, -1.457378446665821845E-17, -1.000000000000000000 ) ) ;
#3563 = CARTESIAN_POINT ( 'NONE',  ( 72.00000000000096634, 89.99999999999921840, 18.00000000000000355 ) ) ;
#3564 = ORIENTED_EDGE ( 'NONE', *, *, #3440, .T. ) ;
#3565 = CARTESIAN_POINT ( 'NONE',  ( -107.6111399633417989, 12.08467762808801105, 12.59556253511581758 ) ) ;
#3566 = CARTESIAN_POINT ( 'NONE',  ( -105.8000352421399839, -13.96059600412000812, 29.83470690886195342 ) ) ;
#3567 = LINE ( 'NONE', #2737, #2192 ) ;
#3568 = VERTEX_POINT ( 'NONE', #4826 ) ;
#3569 = ADVANCED_FACE ( 'NONE', ( #1282 ), #3359, .T. ) ;
#3570 = CARTESIAN_POINT ( 'NONE',  ( -111.5000000000000426, -10.13323753767474145, 12.46639997340550288 ) ) ;
#3571 = CARTESIAN_POINT ( 'NONE',  ( -111.5000000000000000, -8.584429592530018027, 10.97502053398996402 ) ) ;
#3572 = ORIENTED_EDGE ( 'NONE', *, *, #1107, .F. ) ;
#3573 = DIRECTION ( 'NONE',  ( -3.054740849381649318E-17, 1.457378446665821845E-17, 1.000000000000000000 ) ) ;
#3574 = AXIS2_PLACEMENT_3D ( 'NONE', #3387, #3281, #2890 ) ;
#3575 = CARTESIAN_POINT ( 'NONE',  ( -111.5000000000000000, 10.02497946872999179, 29.58442959125695282 ) ) ;
#3576 = DIRECTION ( 'NONE',  ( 3.054740849381649318E-17, -1.457378446665821845E-17, -1.000000000000000000 ) ) ;
#3577 = ORIENTED_EDGE ( 'NONE', *, *, #3588, .T. ) ;
#3578 = DIRECTION ( 'NONE',  ( 1.071937337635885932E-14, 1.000000000000000000, 0.000000000000000000 ) ) ;
#3579 = ADVANCED_BREP_SHAPE_REPRESENTATION ( 'CRB15000_12kg-127_Omnicore_rev00_LINK00_CAD', ( #2996, #3776 ), #4100 ) ;
#3580 = FACE_OUTER_BOUND ( 'NONE', #1680, .T. ) ;
#3581 = ORIENTED_EDGE ( 'NONE', *, *, #2519, .F. ) ;
#3582 = ORIENTED_EDGE ( 'NONE', *, *, #221, .F. ) ;
#3583 = CARTESIAN_POINT ( 'NONE',  ( -111.5000000000000000, -8.972675441469075253, 30.40697057623000532 ) ) ;
#3585 = DIRECTION ( 'NONE',  ( 0.000000000000000000, -1.000000000000000000, 0.000000000000000000 ) ) ;
#3584 = VECTOR ( 'NONE', #3886, 1000.000000000000000 ) ;
#3586 = DIRECTION ( 'NONE',  ( 1.000000000000000000, 1.264818684629761841E-16, 1.040834085604003879E-17 ) ) ;
#3587 = CIRCLE ( 'NONE', #1935, 13.00000000000000000 ) ;
#3588 = EDGE_CURVE ( 'NONE', #4146, #374, #4233, .T. ) ;
#3589 = ORIENTED_EDGE ( 'NONE', *, *, #4489, .T. ) ;
#3590 = DIRECTION ( 'NONE',  ( 0.000000000000000000, 1.000000000000000000, 0.000000000000000000 ) ) ;
#3591 = CARTESIAN_POINT ( 'NONE',  ( -79.08591166940426831, 79.08591166939814343, 17.99999999999999645 ) ) ;
#3592 = ADVANCED_FACE ( 'NONE', ( #3425 ), #3869, .T. ) ;
#3593 = AXIS2_PLACEMENT_3D ( 'NONE', #4871, #2450, #3647 ) ;
#3594 = CIRCLE ( 'NONE', #2850, 2.750000000000000888 ) ;
#3595 = VERTEX_POINT ( 'NONE', #5011 ) ;
#3596 = CARTESIAN_POINT ( 'NONE',  ( -141.7999999999999829, -2.016120418529620420E-14, 21.00000000000000355 ) ) ;
#3597 = CARTESIAN_POINT ( 'NONE',  ( -109.3462010423530870, -7.659273146309134361, 8.402123430434700779 ) ) ;
#3598 = AXIS2_PLACEMENT_3D ( 'NONE', #1019, #3759, #579 ) ;
#3599 = CONICAL_SURFACE ( 'NONE', #4748, 14.70022968297999988, 0.5235987755981996727 ) ;
#3600 = AXIS2_PLACEMENT_3D ( 'NONE', #2069, #45, #425 ) ;
#3601 = VERTEX_POINT ( 'NONE', #1498 ) ;
#3602 = ORIENTED_EDGE ( 'NONE', *, *, #4577, .T. ) ;
#3603 = CARTESIAN_POINT ( 'NONE',  ( -106.6700404441899934, 8.705368677439972558, 7.481401769759963294 ) ) ;
#3604 = EDGE_CURVE ( 'NONE', #1806, #3152, #1831, .T. ) ;
#3605 = DIRECTION ( 'NONE',  ( -1.000000000000000000, 1.110578963952739523E-14, -3.054740849381665342E-17 ) ) ;
#3606 = VECTOR ( 'NONE', #3952, 1000.000000000000000 ) ;
#3607 = AXIS2_PLACEMENT_3D ( 'NONE', #1907, #1430, #4676 ) ;
#3608 = DIRECTION ( 'NONE',  ( 0.03487826274237511293, 0.03487826274237432189, -0.9987827659587181772 ) ) ;
#3609 = EDGE_LOOP ( 'NONE', ( #4470, #509 ) ) ;
#3610 = AXIS2_PLACEMENT_3D ( 'NONE', #3881, #3927, #5121 ) ;
#3611 = DIRECTION ( 'NONE',  ( -3.054740849381649318E-17, 1.457378446665821845E-17, 1.000000000000000000 ) ) ;
#3612 = DIRECTION ( 'NONE',  ( 0.03487826274237435659, -0.03487826274237509905, -0.9987827659587181772 ) ) ;
#3613 = CARTESIAN_POINT ( 'NONE',  ( -91.76631300077472986, 18.45256313723352193, 39.99999999999999289 ) ) ;
#3614 = ORIENTED_EDGE ( 'NONE', *, *, #3140, .F. ) ;
#3615 = ORIENTED_EDGE ( 'NONE', *, *, #3999, .T. ) ;
#3616 = CARTESIAN_POINT ( 'NONE',  ( -108.7999999999999972, 11.29999999999999183, 9.700000000000004619 ) ) ;
#3617 = CARTESIAN_POINT ( 'NONE',  ( -108.2430931290454339, 13.29215101660865805, 28.73827218068004541 ) ) ;
#3618 = CARTESIAN_POINT ( 'NONE',  ( -103.5499999999999829, 11.29999999999999183, 32.30000000000001137 ) ) ;
#3619 = AXIS2_PLACEMENT_3D ( 'NONE', #76, #2755, #4448 ) ;
#3620 = EDGE_LOOP ( 'NONE', ( #3312, #3712, #3534, #3691, #695, #1183, #2228, #3985 ) ) ;
#3621 = DIRECTION ( 'NONE',  ( -1.156482317317380935E-14, -1.000000000000000000, 0.000000000000000000 ) ) ;
#3622 = CARTESIAN_POINT ( 'NONE',  ( -105.7999999999999972, -8.550000000000006040, 32.30000000000001137 ) ) ;
#3623 = CARTESIAN_POINT ( 'NONE',  ( -111.0104685327745955, -3.734542416934195863, 7.732319341497402299 ) ) ;
#3624 = AXIS2_PLACEMENT_3D ( 'NONE', #4550, #3696, #613 ) ;
#3625 = ADVANCED_FACE ( 'NONE', ( #3037 ), #4160, .F. ) ;
#3626 = ORIENTED_EDGE ( 'NONE', *, *, #284, .T. ) ;
#3627 = EDGE_CURVE ( 'NONE', #2071, #1308, #3295, .T. ) ;
#3628 = CARTESIAN_POINT ( 'NONE',  ( -111.5000000000000426, -10.86592220098052941, 12.98692294798815894 ) ) ;
#3629 = DIRECTION ( 'NONE',  ( 0.000000000000000000, 0.9051901358225429295, 0.4250068446620199891 ) ) ;
#3630 = AXIS2_PLACEMENT_3D ( 'NONE', #286, #4640, #4154 ) ;
#3631 = VERTEX_POINT ( 'NONE', #2572 ) ;
#3632 = CARTESIAN_POINT ( 'NONE',  ( -108.7999999999999972, 11.29999999999999183, 9.700000000000004619 ) ) ;
#3633 = CARTESIAN_POINT ( 'NONE',  ( -105.7999972413028189, 8.825632970311383829, 34.09423298214947806 ) ) ;
#3634 = DIRECTION ( 'NONE',  ( -9.251858538542962756E-15, -1.000000000000000000, 0.000000000000000000 ) ) ;
#3635 = CARTESIAN_POINT ( 'NONE',  ( 66.58591166939893924, 114.9999999999993037, 216.5000000000000000 ) ) ;
#3636 = EDGE_CURVE ( 'NONE', #5064, #302, #3421, .T. ) ;
#3637 = ORIENTED_EDGE ( 'NONE', *, *, #3973, .F. ) ;
#3638 = DIRECTION ( 'NONE',  ( -3.054740849381649318E-17, 1.457378446665821845E-17, 1.000000000000000000 ) ) ;
#3639 = CARTESIAN_POINT ( 'NONE',  ( 0.000000000000000000, 0.000000000000000000, 0.000000000000000000 ) ) ;
#3640 = FACE_OUTER_BOUND ( 'NONE', #3318, .T. ) ;
#3641 = ORIENTED_EDGE ( 'NONE', *, *, #2550, .F. ) ;
#3642 = ORIENTED_EDGE ( 'NONE', *, *, #806, .F. ) ;
#3643 = CARTESIAN_POINT ( 'NONE',  ( -94.93629273636764765, 12.45643694941315971, 1.649786687013075737 ) ) ;
#3644 = DIRECTION ( 'NONE',  ( 1.000000000000000000, 1.264818684629761841E-16, 1.040834085604003879E-17 ) ) ;
#3645 = DIRECTION ( 'NONE',  ( 0.000000000000000000, -1.000000000000000000, 0.000000000000000000 ) ) ;
#3646 = EDGE_LOOP ( 'NONE', ( #3637, #4500, #1743, #3535 ) ) ;
#3647 = DIRECTION ( 'NONE',  ( 0.000000000000000000, -1.000000000000000000, 0.000000000000000000 ) ) ;
#3648 = DIRECTION ( 'NONE',  ( 1.000000000000000000, 1.264818684629761841E-16, 1.040834085604003879E-17 ) ) ;
#3649 = CARTESIAN_POINT ( 'NONE',  ( -108.7999999999999972, 8.549999999999991829, 9.700000000000004619 ) ) ;
#3650 = ORIENTED_EDGE ( 'NONE', *, *, #1035, .F. ) ;
#3651 = CARTESIAN_POINT ( 'NONE',  ( 66.58591166939854133, 79.08591166940028927, 216.5000000000000000 ) ) ;
#3652 = LINE ( 'NONE', #3290, #229 ) ;
#3653 = ORIENTED_EDGE ( 'NONE', *, *, #3167, .T. ) ;
#3654 = DIRECTION ( 'NONE',  ( 1.071937337635886090E-14, 1.000000000000000000, -1.457378446665789181E-17 ) ) ;
#3655 = EDGE_CURVE ( 'NONE', #4680, #885, #635, .T. ) ;
#3656 = CARTESIAN_POINT ( 'NONE',  ( -105.7999959589521666, 8.821792223688161627, 34.08202260587020049 ) ) ;
#3657 = CARTESIAN_POINT ( 'NONE',  ( -107.4849573476699902, -8.418566272540017437, 33.13599021268995415 ) ) ;
#3658 = CARTESIAN_POINT ( 'NONE',  ( -111.8839656882799858, 8.444893271789991829, 31.19278483251995482 ) ) ;
#3659 = B_SPLINE_CURVE_WITH_KNOTS ( 'NONE', 3,
 ( #4543, #1420, #190, #4179 ),
 .UNSPECIFIED., .F., .F.,
 ( 4, 4 ),
 ( 0.000000000000000000, 1.000000000000000000 ),
 .UNSPECIFIED. ) ;
#3660 = VERTEX_POINT ( 'NONE', #2004 ) ;
#3661 = EDGE_CURVE ( 'NONE', #3699, #4023, #1208, .T. ) ;
#3662 = DIRECTION ( 'NONE',  ( 3.054740849381649318E-17, -1.457378446665821845E-17, -1.000000000000000000 ) ) ;
#3663 = ADVANCED_FACE ( 'NONE', ( #3132 ), #1177, .T. ) ;
#3664 = LINE ( 'NONE', #4390, #1234 ) ;
#3665 = CARTESIAN_POINT ( 'NONE',  ( -108.5261774667656738, -7.715057975975559756, 34.11690118776752456 ) ) ;
#3666 =( BOUNDED_CURVE ( )  B_SPLINE_CURVE ( 3, ( #2382, #4667, #1611, #4384 ),
 .UNSPECIFIED., .F., .F. ) 
 B_SPLINE_CURVE_WITH_KNOTS ( ( 4, 4 ),
 ( 5.498396131367743855, 7.067974482991426832 ),
 .UNSPECIFIED. ) 
 CURVE ( )  GEOMETRIC_REPRESENTATION_ITEM ( )  RATIONAL_B_SPLINE_CURVE ( ( 1.000000000000000000, 0.8050248461936575506, 0.8050248461936575506, 1.000000000000000000 ) ) 
 REPRESENTATION_ITEM ( '' )  );
#3667 = EDGE_CURVE ( 'NONE', #1396, #181, #1613, .T. ) ;
#3668 = ORIENTED_EDGE ( 'NONE', *, *, #3801, .T. ) ;
#3669 = ORIENTED_EDGE ( 'NONE', *, *, #4876, .F. ) ;
#3670 = ADVANCED_FACE ( 'NONE', ( #2744 ), #4467, .T. ) ;
#3671 = LINE ( 'NONE', #4418, #630 ) ;
#3672 = B_SPLINE_CURVE_WITH_KNOTS ( 'NONE', 3,
 ( #4189, #2222, #3805, #1833 ),
 .UNSPECIFIED., .F., .F.,
 ( 4, 4 ),
 ( 0.000000000000000000, 0.5979176693593289960 ),
 .UNSPECIFIED. ) ;
#3673 = DIRECTION ( 'NONE',  ( 0.000000000000000000, 1.000000000000000000, 0.000000000000000000 ) ) ;
#3674 = CARTESIAN_POINT ( 'NONE',  ( -6.396190019316965306E-13, -59.32403451550180051, 121.2058878507451993 ) ) ;
#3675 = ORIENTED_EDGE ( 'NONE', *, *, #3553, .T. ) ;
#3676 = CARTESIAN_POINT ( 'NONE',  ( -107.6385392574179747, 12.07337194437592487, 12.59860900153380392 ) ) ;
#3677 = FACE_OUTER_BOUND ( 'NONE', #4754, .T. ) ;
#3678 = PLANE ( 'NONE',  #2753 ) ;
#3679 = ORIENTED_EDGE ( 'NONE', *, *, #227, .F. ) ;
#3680 = VECTOR ( 'NONE', #4377, 1000.000000000000000 ) ;
#3681 = DIRECTION ( 'NONE',  ( 0.03489949670250100389, -3.595358292901818552E-16, 0.9993908270190956511 ) ) ;
#3682 = CARTESIAN_POINT ( 'NONE',  ( -5.804007613825133334E-16, 2.769019048665061228E-16, 19.00000000000000000 ) ) ;
#3683 = VECTOR ( 'NONE', #2543, 1000.000000000000227 ) ;
#3684 = ORIENTED_EDGE ( 'NONE', *, *, #4716, .T. ) ;
#3685 = DIRECTION ( 'NONE',  ( 0.6246950475544303938, 0.7808688094430255022, 7.702601076150643337E-18 ) ) ;
#3686 = ORIENTED_EDGE ( 'NONE', *, *, #4168, .T. ) ;
#3687 = CARTESIAN_POINT ( 'NONE',  ( -105.8002066391182012, 8.894847145416251877, 34.64820691691237187 ) ) ;
#3688 = CIRCLE ( 'NONE', #2934, 94.33650537965678495 ) ;
#3689 = DIRECTION ( 'NONE',  ( 3.054740849381649318E-17, -1.457378446665821845E-17, -1.000000000000000000 ) ) ;
#3690 = CARTESIAN_POINT ( 'NONE',  ( -105.8000000000000256, 13.33495565955564288, 29.88137399027642260 ) ) ;
#3691 = ORIENTED_EDGE ( 'NONE', *, *, #3410, .T. ) ;
#3692 = ORIENTED_EDGE ( 'NONE', *, *, #1551, .T. ) ;
#3694 = DIRECTION ( 'NONE',  ( -1.000000000000000000, -1.264818684629761841E-16, -1.040834085604003879E-17 ) ) ;
#3693 = CIRCLE ( 'NONE', #1470, 3.000000000000002665 ) ;
#3695 = VECTOR ( 'NONE', #244, 1000.000000000000114 ) ;
#3696 = DIRECTION ( 'NONE',  ( -1.000000000000000000, -1.264818684629761841E-16, -1.040834085604003879E-17 ) ) ;
#3697 = EDGE_CURVE ( 'NONE', #4067, #172, #3991, .T. ) ;
#3698 = AXIS2_PLACEMENT_3D ( 'NONE', #968, #2538, #4127 ) ;
#3699 = VERTEX_POINT ( 'NONE', #3496 ) ;
#3700 = CARTESIAN_POINT ( 'NONE',  ( -105.7999999999999972, -13.96062785978019072, 30.42478169851369785 ) ) ;
#3701 = DIRECTION ( 'NONE',  ( 3.054740849381649318E-17, -1.457378446665821845E-17, -1.000000000000000000 ) ) ;
#3702 =( BOUNDED_CURVE ( )  B_SPLINE_CURVE ( 3, ( #3916, #5108, #1546, #1179 ),
 .UNSPECIFIED., .F., .F. ) 
 B_SPLINE_CURVE_WITH_KNOTS ( ( 4, 4 ),
 ( 5.498396131367743855, 7.067974482991426832 ),
 .UNSPECIFIED. ) 
 CURVE ( )  GEOMETRIC_REPRESENTATION_ITEM ( )  RATIONAL_B_SPLINE_CURVE ( ( 1.000000000000000000, 0.8050248461936575506, 0.8050248461936575506, 1.000000000000000000 ) ) 
 REPRESENTATION_ITEM ( '' )  );
#3703 = CARTESIAN_POINT ( 'NONE',  ( -84.99999999999901945, 91.00000000001067235, 216.0010000000000048 ) ) ;
#3704 = EDGE_CURVE ( 'NONE', #4831, #172, #5077, .T. ) ;
#3705 = ORIENTED_EDGE ( 'NONE', *, *, #1665, .F. ) ;
#3706 = ORIENTED_EDGE ( 'NONE', *, *, #4255, .F. ) ;
#3707 = CARTESIAN_POINT ( 'NONE',  ( -111.5000000000000000, -11.30000000000000604, 32.30000000000001137 ) ) ;
#3708 = CARTESIAN_POINT ( 'NONE',  ( -103.7785283966500032, 11.30000000000003091, 34.97837021036679772 ) ) ;
#3709 = ORIENTED_EDGE ( 'NONE', *, *, #1049, .F. ) ;
#3710 = CARTESIAN_POINT ( 'NONE',  ( -110.3863460785707247, -11.88113492814111360, 28.67221222389247615 ) ) ;
#3711 = UNCERTAINTY_MEASURE_WITH_UNIT (LENGTH_MEASURE( 1.000000000000000082E-05 ), #185, 'distance_accuracy_value', 'NONE');
#3712 = ORIENTED_EDGE ( 'NONE', *, *, #905, .T. ) ;
#3713 = CARTESIAN_POINT ( 'NONE',  ( -110.0902078181199926, 8.243471880219972903, 9.777622999809963744 ) ) ;
#3714 = ORIENTED_EDGE ( 'NONE', *, *, #1188, .F. ) ;
#3715 = CIRCLE ( 'NONE', #659, 95.75000000000000000 ) ;
#3716 = CARTESIAN_POINT ( 'NONE',  ( -105.7999999999999972, 11.29999999999999183, 9.700000000000004619 ) ) ;
#3717 = CARTESIAN_POINT ( 'NONE',  ( 66.58591166940024664, -99.33650537965748128, 19.00000000000000355 ) ) ;
#3718 = LINE ( 'NONE', #663, #4605 ) ;
#3719 = CIRCLE ( 'NONE', #4546, 12.49999999999999645 ) ;
#3720 = ORIENTED_EDGE ( 'NONE', *, *, #5002, .T. ) ;
#3721 = ORIENTED_EDGE ( 'NONE', *, *, #2810, .F. ) ;
#3722 = LINE ( 'NONE', #4412, #456 ) ;
#3723 = CARTESIAN_POINT ( 'NONE',  ( -105.7999999999999972, 10.01490117715476202, 7.039340364450907828 ) ) ;
#3724 = FACE_OUTER_BOUND ( 'NONE', #3334, .T. ) ;
#3725 = EDGE_CURVE ( 'NONE', #2831, #1352, #4101, .T. ) ;
#3726 = CARTESIAN_POINT ( 'NONE',  ( -111.5000000000000000, -13.19891724220000739, 18.16476039219795169 ) ) ;
#3727 = B_SPLINE_CURVE_WITH_KNOTS ( 'NONE', 3,
 ( #1774, #3346, #2569, #4157, #4304, #1495, #1900, #3493, #1101, #4325, #357, #1535, #728, #4740, #5073, #2326 ),
 .UNSPECIFIED., .F., .F.,
 ( 4, 2, 2, 1, 1, 1, 1, 2, 2, 4 ),
 ( 0.000000000000000000, 0.2500000000000611178, 0.3750000000000899836, 0.4375000000001043055, 0.4687500000001098566, 0.4843750000001126321, 0.4921875000001140754, 0.4960937500001147415, 0.5000000000001153522, 1.000000000000000000 ),
 .UNSPECIFIED. ) ;
#3728 = CARTESIAN_POINT ( 'NONE',  ( -106.0992639295999993, 13.95794702925997299, 29.68353052156595240 ) ) ;
#3729 = FACE_OUTER_BOUND ( 'NONE', #1887, .T. ) ;
#3730 = EDGE_LOOP ( 'NONE', ( #2102, #3437, #2916, #85 ) ) ;
#3731 = ORIENTED_EDGE ( 'NONE', *, *, #1010, .T. ) ;
#3732 = CARTESIAN_POINT ( 'NONE',  ( -108.5403814409538654, -8.093765142615580999, 33.75081350027027582 ) ) ;
#3733 = EDGE_CURVE ( 'NONE', #3002, #2735, #498, .T. ) ;
#3734 = CARTESIAN_POINT ( 'NONE',  ( -110.0652871400420594, -13.40055286904727438, 15.92788813917758439 ) ) ;
#3735 = EDGE_CURVE ( 'NONE', #4234, #4490, #2252, .T. ) ;
#3736 = ORIENTED_EDGE ( 'NONE', *, *, #3242, .F. ) ;
#3737 = CARTESIAN_POINT ( 'NONE',  ( -110.2415688173573187, -11.98732002321956180, 28.66169005690845495 ) ) ;
#3738 = ORIENTED_EDGE ( 'NONE', *, *, #4257, .F. ) ;
#3739 = B_SPLINE_CURVE_WITH_KNOTS ( 'NONE', 3,
 ( #2745, #3186, #31, #4386 ),
 .UNSPECIFIED., .F., .F.,
 ( 4, 4 ),
 ( 0.000000000000000000, 1.000000000000000000 ),
 .UNSPECIFIED. ) ;
#3740 = CARTESIAN_POINT ( 'NONE',  ( -105.7999959598535895, 13.08201997784890125, 12.17820818192229559 ) ) ;
#3741 = DIRECTION ( 'NONE',  ( 0.000000000000000000, 1.000000000000000000, 0.000000000000000000 ) ) ;
#3742 = EDGE_CURVE ( 'NONE', #3286, #1423, #4514, .T. ) ;
#3743 = B_SPLINE_CURVE_WITH_KNOTS ( 'NONE', 3,
 ( #4868, #540, #4532, #2174, #2993, #4144, #929, #4499, #2579, #2124, #200, #1787 ),
 .UNSPECIFIED., .F., .F.,
 ( 4, 1, 1, 1, 1, 2, 2, 4 ),
 ( 0.000000000000000000, 0.2500000000000406897, 0.3750000000000607847, 0.4375000000000568434, 0.4687500000000420219, 0.4843750000000346390, 0.5000000000000272005, 1.000000000000000000 ),
 .UNSPECIFIED. ) ;
#3744 = CARTESIAN_POINT ( 'NONE',  ( -111.5001055264499996, 10.96535989391999344, 28.87532855341295246 ) ) ;
#3745 = DIRECTION ( 'NONE',  ( 3.054740849381649318E-17, -1.457378446665821845E-17, -1.000000000000000000 ) ) ;
#3746 = ORIENTED_EDGE ( 'NONE', *, *, #1952, .T. ) ;
#3747 = VERTEX_POINT ( 'NONE', #2876 ) ;
#3748 = FACE_OUTER_BOUND ( 'NONE', #382, .T. ) ;
#3749 = CARTESIAN_POINT ( 'NONE',  ( -110.6060604707099913, 11.33095211939997249, 29.11971711924895345 ) ) ;
#3750 = DIRECTION ( 'NONE',  ( -1.000000000000000000, -1.264818684629761841E-16, -1.040834085604003879E-17 ) ) ;
#3751 = CARTESIAN_POINT ( 'NONE',  ( -109.3695577068200038, -11.29999991360002909, 29.29969562901295177 ) ) ;
#3752 = DIRECTION ( 'NONE',  ( 3.773049627924494916E-17, -0.3746065934158975264, 0.9271838545667931974 ) ) ;
#3753 = DIRECTION ( 'NONE',  ( 3.054740849381649318E-17, -1.457378446665821845E-17, -1.000000000000000000 ) ) ;
#3754 = EDGE_LOOP ( 'NONE', ( #1484, #5097 ) ) ;
#3755 = ORIENTED_EDGE ( 'NONE', *, *, #5030, .F. ) ;
#3756 = FACE_OUTER_BOUND ( 'NONE', #2016, .T. ) ;
#3757 = DIRECTION ( 'NONE',  ( 0.000000000000000000, -1.000000000000000000, 0.000000000000000000 ) ) ;
#3758 = ORIENTED_EDGE ( 'NONE', *, *, #4873, .T. ) ;
#3759 = DIRECTION ( 'NONE',  ( -1.000000000000000000, -1.264818684629761841E-16, -1.040834085604003879E-17 ) ) ;
#3760 = CARTESIAN_POINT ( 'NONE',  ( -107.3431329869199971, -13.78335018648000876, 28.92686649941495247 ) ) ;
#3761 = EDGE_CURVE ( 'NONE', #2780, #2779, #4016, .T. ) ;
#3762 = ORIENTED_EDGE ( 'NONE', *, *, #1834, .F. ) ;
#3763 = CARTESIAN_POINT ( 'NONE',  ( -108.1149665303699976, -8.339309982160015622, 33.57339814989995830 ) ) ;
#3764 = CARTESIAN_POINT ( 'NONE',  ( -128.8000000000000114, 1.918380135463487975E-13, 34.00000000000000000 ) ) ;
#3765 = CARTESIAN_POINT ( 'NONE',  ( -103.8172735598868428, 13.97803208644991280, 33.86885390242762384 ) ) ;
#3766 = FACE_OUTER_BOUND ( 'NONE', #1769, .T. ) ;
#3767 = CIRCLE ( 'NONE', #1621, 2.750000000000000888 ) ;
#3768 = ADVANCED_FACE ( 'NONE', ( #524 ), #2925, .F. ) ;
#3769 = VECTOR ( 'NONE', #2178, 1000.000000000000000 ) ;
#3770 = EDGE_LOOP ( 'NONE', ( #3066, #2181 ) ) ;
#3771 = ORIENTED_EDGE ( 'NONE', *, *, #2304, .T. ) ;
#3772 = CARTESIAN_POINT ( 'NONE',  ( -107.0969682122063773, 8.461367142919826279, 8.706097658974501385 ) ) ;
#3773 = VECTOR ( 'NONE', #1926, 1000.000000000000000 ) ;
#3774 = CARTESIAN_POINT ( 'NONE',  ( 100.1110668972829814, -19.41821436756457331, 3.123267295382208708 ) ) ;
#3775 = DIRECTION ( 'NONE',  ( 1.000000000000000000, 0.000000000000000000, 3.677735292388500788E-17 ) ) ;
#3776 = AXIS2_PLACEMENT_3D ( 'NONE', #3466, #2253, #3025 ) ;
#3777 = AXIS2_PLACEMENT_3D ( 'NONE', #2854, #294, #1059 ) ;
#3778 = CARTESIAN_POINT ( 'NONE',  ( 79.08591166939875450, 99.37142614914772309, 18.00000000000000355 ) ) ;
#3779 = CARTESIAN_POINT ( 'NONE',  ( -94.88223265040508636, 12.86338053456034913, 3.197865001131665164 ) ) ;
#3780 = DIRECTION ( 'NONE',  ( -1.156482317316562255E-14, -1.000000000000000000, 1.457378446665787332E-17 ) ) ;
#3781 = AXIS2_PLACEMENT_3D ( 'NONE', #2914, #4117, #3361 ) ;
#3782 = FACE_OUTER_BOUND ( 'NONE', #4244, .T. ) ;
#3783 = ORIENTED_EDGE ( 'NONE', *, *, #1867, .F. ) ;
#3784 = VERTEX_POINT ( 'NONE', #4437 ) ;
#3785 = CARTESIAN_POINT ( 'NONE',  ( -106.0992423229199915, 13.95795388073999277, 12.31644872166596372 ) ) ;
#3786 = DIRECTION ( 'NONE',  ( -1.530396124433795092E-14, -1.000000000000000000, 1.457378446665775314E-17 ) ) ;
#3787 = AXIS2_PLACEMENT_3D ( 'NONE', #3057, #3841, #4664 ) ;
#3788 = DIRECTION ( 'NONE',  ( 1.264818684629761841E-16, -1.000000000000000000, 0.000000000000000000 ) ) ;
#3789 = B_SPLINE_CURVE_WITH_KNOTS ( 'NONE', 3,
 ( #984, #3700, #4945, #2149 ),
 .UNSPECIFIED., .F., .F.,
 ( 4, 4 ),
 ( 0.000000000000000000, 0.7180583823150680223 ),
 .UNSPECIFIED. ) ;
#3790 = CARTESIAN_POINT ( 'NONE',  ( -109.4802829887568265, -12.51096472250941716, 28.65309086446034215 ) ) ;
#3791 = VERTEX_POINT ( 'NONE', #584 ) ;
#3792 = CARTESIAN_POINT ( 'NONE',  ( -105.8002468388195894, 13.79264249214237736, 12.11963295877589530 ) ) ;
#3793 = CARTESIAN_POINT ( 'NONE',  ( -111.5000000000000000, -11.30000000000000604, 32.30000000000001137 ) ) ;
#3794 = EDGE_CURVE ( 'NONE', #1514, #2565, #2411, .T. ) ;
#3795 = CARTESIAN_POINT ( 'NONE',  ( -106.0992449045776169, 2.894522430776659050, 7.042056128669789139 ) ) ;
#3796 = PLANE ( 'NONE',  #1473 ) ;
#3797 = CIRCLE ( 'NONE', #3619, 6.000000000002544631 ) ;
#3798 = ORIENTED_EDGE ( 'NONE', *, *, #2385, .F. ) ;
#3799 = ORIENTED_EDGE ( 'NONE', *, *, #2710, .F. ) ;
#3800 = CARTESIAN_POINT ( 'NONE',  ( 89.77495060899605051, 89.77495060899413204, 6.270020712699531096 ) ) ;
#3801 = EDGE_CURVE ( 'NONE', #374, #944, #3470, .T. ) ;
#3802 = VECTOR ( 'NONE', #1438, 1000.000000000000000 ) ;
#3803 = EDGE_CURVE ( 'NONE', #4634, #2002, #3096, .T. ) ;
#3804 = CYLINDRICAL_SURFACE ( 'NONE', #3624, 3.000000000000002665 ) ;
#3805 = CARTESIAN_POINT ( 'NONE',  ( -110.1616524492230695, -8.418801942670484095, 33.13588142389768620 ) ) ;
#3806 = FACE_OUTER_BOUND ( 'NONE', #25, .T. ) ;
#3807 = CARTESIAN_POINT ( 'NONE',  ( -107.2218462770460832, -12.24495168311789861, 29.44808760906236955 ) ) ;
#3808 = EDGE_CURVE ( 'NONE', #2679, #3568, #660, .T. ) ;
#3809 = CARTESIAN_POINT ( 'NONE',  ( 114.9999999999969162, 66.58591166939976347, 18.00000000000000355 ) ) ;
#3810 = CARTESIAN_POINT ( 'NONE',  ( -105.7999657375517017, -13.34304153891581102, 29.88224535849409236 ) ) ;
#3811 = ORIENTED_EDGE ( 'NONE', *, *, #4267, .T. ) ;
#3812 = ORIENTED_EDGE ( 'NONE', *, *, #154, .F. ) ;
#3813 = LINE ( 'NONE', #3313, #3769 ) ;
#3814 = DIRECTION ( 'NONE',  ( 3.054740849381649318E-17, -1.457378446665821845E-17, -1.000000000000000000 ) ) ;
#3815 = CARTESIAN_POINT ( 'NONE',  ( -85.00000000000565592, -78.99999999998749445, -1.445200749108757333E-15 ) ) ;
#3816 = DIRECTION ( 'NONE',  ( -1.110578963952739050E-14, -1.000000000000000000, 1.457378446665787949E-17 ) ) ;
#3817 = EDGE_LOOP ( 'NONE', ( #1840, #4281 ) ) ;
#3818 = DIRECTION ( 'NONE',  ( 0.000000000000000000, -1.000000000000000000, 0.000000000000000000 ) ) ;
#3819 = CARTESIAN_POINT ( 'NONE',  ( -107.3413266081099948, 13.78301711568999188, 28.93009045154695613 ) ) ;
#3820 = CARTESIAN_POINT ( 'NONE',  ( -105.8002066919062401, -8.894846987347607481, 7.351790242624232974 ) ) ;
#3821 = CARTESIAN_POINT ( 'NONE',  ( -66.58591166940401251, 99.33650537965750971, 18.99999999999999645 ) ) ;
#3822 = EDGE_CURVE ( 'NONE', #4320, #4583, #4092, .T. ) ;
#3823 = EDGE_LOOP ( 'NONE', ( #1026, #994 ) ) ;
#3824 = DIRECTION ( 'NONE',  ( 0.03487826274237511986, 0.03487826274237432883, -0.9987827659587183993 ) ) ;
#3825 = CARTESIAN_POINT ( 'NONE',  ( -110.3097669313433897, 7.629403776307777107, 32.96395589565284467 ) ) ;
#3826 = EDGE_CURVE ( 'NONE', #4098, #3232, #3693, .T. ) ;
#3827 = CARTESIAN_POINT ( 'NONE',  ( -111.1533968921715001, 3.561301580185190385, 7.752370867724415859 ) ) ;
#3828 = FACE_OUTER_BOUND ( 'NONE', #2344, .T. ) ;
#3829 = CARTESIAN_POINT ( 'NONE',  ( -107.0049836428176349, -8.187586011111740447, 34.83065059303564936 ) ) ;
#3830 = LINE ( 'NONE', #3436, #2521 ) ;
#3831 = EDGE_CURVE ( 'NONE', #495, #3101, #295, .T. ) ;
#3832 = ORIENTED_EDGE ( 'NONE', *, *, #2803, .T. ) ;
#3833 = ORIENTED_EDGE ( 'NONE', *, *, #3937, .F. ) ;
#3834 = CARTESIAN_POINT ( 'NONE',  ( -110.5860021599633143, -7.943309112079454337, 33.77510704787797380 ) ) ;
#3835 = CYLINDRICAL_SURFACE ( 'NONE', #712, 2.750000000000000888 ) ;
#3836 = CARTESIAN_POINT ( 'NONE',  ( -111.0386822260999935, -5.178839085210017679, 33.75507206915995084 ) ) ;
#3837 = VERTEX_POINT ( 'NONE', #5034 ) ;
#3838 = PLANE ( 'NONE',  #3630 ) ;
#3839 = CARTESIAN_POINT ( 'NONE',  ( 89.37751787895649613, -99.37142614914952787, 18.00000000000000355 ) ) ;
#3840 = CARTESIAN_POINT ( 'NONE',  ( -105.8000107766495717, -8.842328935641736720, 7.848279676443074671 ) ) ;
#3841 = DIRECTION ( 'NONE',  ( -1.000000000000000000, -1.264818684629761841E-16, -1.040834085604003879E-17 ) ) ;
#3842 = ORIENTED_EDGE ( 'NONE', *, *, #3356, .F. ) ;
#3843 = CARTESIAN_POINT ( 'NONE',  ( -110.0211648217222091, 8.318168028221990085, 10.03018085328445785 ) ) ;
#3844 = AXIS2_PLACEMENT_3D ( 'NONE', #3032, #4621, #1079 ) ;
#3845 = CARTESIAN_POINT ( 'NONE',  ( -108.6734167322900078, 12.97957218348999220, 28.80094987792995198 ) ) ;
#3846 = CONICAL_SURFACE ( 'NONE', #5007, 95.00000000000000000, 0.03490658503988720851 ) ;
#3847 = AXIS2_PLACEMENT_3D ( 'NONE', #3225, #1007, #2786 ) ;
#3849 = VECTOR ( 'NONE', #4575, 1000.000000000000000 ) ;
#3848 = CARTESIAN_POINT ( 'NONE',  ( -109.6064410968014755, 5.627330942957910587, 7.534988292392084119 ) ) ;
#3850 = EDGE_CURVE ( 'NONE', #4039, #2024, #3659, .T. ) ;
#3851 = ADVANCED_FACE ( 'NONE', ( #4984 ), #2981, .T. ) ;
#3852 = CARTESIAN_POINT ( 'NONE',  ( -107.2770820065985902, -7.987011736391058214, 34.79240966186870310 ) ) ;
#3853 = CARTESIAN_POINT ( 'NONE',  ( -105.8000070712212874, -13.29531882464373460, 29.87492457205523877 ) ) ;
#3854 = ORIENTED_EDGE ( 'NONE', *, *, #1036, .F. ) ;
#3855 = ORIENTED_EDGE ( 'NONE', *, *, #1601, .F. ) ;
#3856 = CARTESIAN_POINT ( 'NONE',  ( -111.4999964474949934, -10.96501439005740686, 13.12488108980670276 ) ) ;
#3857 = CARTESIAN_POINT ( 'NONE',  ( -109.0167544336100036, -12.90215097901000796, 13.46371370713996285 ) ) ;
#3858 = AXIS2_PLACEMENT_3D ( 'NONE', #2347, #772, #1532 ) ;
#3859 = VECTOR ( 'NONE', #3298, 1000.000000000000000 ) ;
#3860 = ADVANCED_FACE ( 'NONE', ( #4250 ), #3599, .T. ) ;
#3861 = CARTESIAN_POINT ( 'NONE',  ( -111.5000000000000000, 9.406970576230051506, 12.02732455853092297 ) ) ;
#3862 = VECTOR ( 'NONE', #309, 1000.000000000000000 ) ;
#3863 = ORIENTED_EDGE ( 'NONE', *, *, #2410, .T. ) ;
#3864 = CARTESIAN_POINT ( 'NONE',  ( -105.7999999999999829, -12.87552366289050809, 12.25562441889217524 ) ) ;
#3865 = DIRECTION ( 'NONE',  ( -1.000000000000000000, -1.264818684629761841E-16, -1.040834085604003879E-17 ) ) ;
#3866 = CARTESIAN_POINT ( 'NONE',  ( -105.7999954585585982, -8.819426971080009281, 7.925406915477904768 ) ) ;
#3867 = DIRECTION ( 'NONE',  ( 0.000000000000000000, -1.000000000000000000, 0.000000000000000000 ) ) ;
#3868 = ORIENTED_EDGE ( 'NONE', *, *, #2519, .T. ) ;
#3869 = CYLINDRICAL_SURFACE ( 'NONE', #2358, 10.00000000000000533 ) ;
#3870 = CARTESIAN_POINT ( 'NONE',  ( 79.08591166939841344, 66.58591166940016137, 216.5000000000000000 ) ) ;
#3871 = CARTESIAN_POINT ( 'NONE',  ( -103.7785283966500032, 11.29999999999999183, 34.97837021036679772 ) ) ;
#3872 = CIRCLE ( 'NONE', #1644, 3.000000000000001776 ) ;
#3873 = CARTESIAN_POINT ( 'NONE',  ( -106.0992639295999993, 13.95794702925997299, 29.68353052156595240 ) ) ;
#3874 = DIRECTION ( 'NONE',  ( -0.9993908270190957621, 1.071335204146869656E-14, 0.03489949670250101083 ) ) ;
#3875 = AXIS2_PLACEMENT_3D ( 'NONE', #605, #2163, #1391 ) ;
#3876 = EDGE_CURVE ( 'NONE', #2024, #2046, #814, .T. ) ;
#3877 = ORIENTED_EDGE ( 'NONE', *, *, #1676, .T. ) ;
#3878 = ORIENTED_EDGE ( 'NONE', *, *, #1521, .F. ) ;
#3879 = FACE_OUTER_BOUND ( 'NONE', #4880, .T. ) ;
#3880 = CARTESIAN_POINT ( 'NONE',  ( -110.5268027822199883, -10.71181018450002753, 12.67748351532296525 ) ) ;
#3881 = CARTESIAN_POINT ( 'NONE',  ( -111.5000000000000000, -1.632880357086818318E-14, 21.00000000000000355 ) ) ;
#3882 = EDGE_CURVE ( 'NONE', #193, #2533, #2574, .T. ) ;
#3883 = ORIENTED_EDGE ( 'NONE', *, *, #3450, .T. ) ;
#3884 = CARTESIAN_POINT ( 'NONE',  ( -106.7722604677419582, 13.86335770231535314, 12.66708168828180092 ) ) ;
#3885 = EDGE_CURVE ( 'NONE', #3411, #2562, #2184, .T. ) ;
#3886 = DIRECTION ( 'NONE',  ( 3.054740849381649318E-17, -1.457378446665821845E-17, -1.000000000000000000 ) ) ;
#3887 = CARTESIAN_POINT ( 'NONE',  ( -105.7999616308727724, -8.887851787893758626, 7.607528414092233682 ) ) ;
#3888 = DIRECTION ( 'NONE',  ( 0.000000000000000000, 1.000000000000000000, 0.000000000000000000 ) ) ;
#3889 = VERTEX_POINT ( 'NONE', #242 ) ;
#3890 = EDGE_CURVE ( 'NONE', #4704, #2234, #445, .T. ) ;
#3891 = CARTESIAN_POINT ( 'NONE',  ( -105.8387317874200022, -8.319530854860015978, 6.441000697929963437 ) ) ;
#3892 = CARTESIAN_POINT ( 'NONE',  ( -115.7999999999999829, -13.00000000000001599, 21.00000000000000355 ) ) ;
#3893 = CARTESIAN_POINT ( 'NONE',  ( -104.6571742838777084, 13.97070238387403585, 9.817244037728370287 ) ) ;
#3894 = B_SPLINE_CURVE_WITH_KNOTS ( 'NONE', 3,
 ( #4231, #4210, #1443, #662 ),
 .UNSPECIFIED., .F., .F.,
 ( 4, 4 ),
 ( 0.000000000000000000, 1.000000000000000000 ),
 .UNSPECIFIED. ) ;
#3895 = B_SPLINE_CURVE_WITH_KNOTS ( 'NONE', 3,
 ( #3992, #4823, #4409, #4021 ),
 .UNSPECIFIED., .F., .F.,
 ( 4, 4 ),
 ( 0.000000000000000000, 1.000000000000000000 ),
 .UNSPECIFIED. ) ;
#3896 = CARTESIAN_POINT ( 'NONE',  ( -100.0000000000007248, -66.58591166940432515, -2.084332124195827404E-15 ) ) ;
#3897 = CARTESIAN_POINT ( 'NONE',  ( 72.00000000000099476, 92.99999999999923261, -4.372135339997382027E-17 ) ) ;
#3898 = CARTESIAN_POINT ( 'NONE',  ( -105.7999624902395226, -13.40058078973299160, 29.88873876223443204 ) ) ;
#3899 = ORIENTED_EDGE ( 'NONE', *, *, #3450, .F. ) ;
#3900 = EDGE_LOOP ( 'NONE', ( #223, #1931, #4268, #481, #1276, #1573, #798, #1265, #2110 ) ) ;
#3901 = CARTESIAN_POINT ( 'NONE',  ( -105.9055310319108116, -8.784615140482342710, 34.95980813957827849 ) ) ;
#3902 = CARTESIAN_POINT ( 'NONE',  ( -106.9705980401799934, -13.39934340247000577, 12.40344593635896331 ) ) ;
#3903 = DIRECTION ( 'NONE',  ( 0.000000000000000000, -1.000000000000000000, 1.387778780781444413E-14 ) ) ;
#3904 = VERTEX_POINT ( 'NONE', #2211 ) ;
#3905 = LINE ( 'NONE', #22, #3348 ) ;
#3906 = DIRECTION ( 'NONE',  ( 3.054740849381649318E-17, -1.457378446665821845E-17, -1.000000000000000000 ) ) ;
#3907 = ORIENTED_EDGE ( 'NONE', *, *, #3277, .F. ) ;
#3908 = EDGE_CURVE ( 'NONE', #3556, #4388, #1938, .T. ) ;
#3909 = CARTESIAN_POINT ( 'NONE',  ( -105.4200240107100086, -13.23248121058000848, 29.99277112227795428 ) ) ;
#3910 = DIRECTION ( 'NONE',  ( -1.000000000000000000, -1.264818684629761841E-16, -1.040834085604003879E-17 ) ) ;
#3911 = VERTEX_POINT ( 'NONE', #2257 ) ;
#3912 = CARTESIAN_POINT ( 'NONE',  ( -109.3695577068200038, -11.29999991360002909, 29.29969562901295177 ) ) ;
#3913 = CARTESIAN_POINT ( 'NONE',  ( -106.7903080429000084, -8.244113555300016216, 7.025875796739963874 ) ) ;
#3914 = DIRECTION ( 'NONE',  ( 0.000000000000000000, 1.000000000000000000, 0.000000000000000000 ) ) ;
#3915 = EDGE_CURVE ( 'NONE', #3989, #3631, #2108, .T. ) ;
#3916 = CARTESIAN_POINT ( 'NONE',  ( -99.99999999999903366, 90.00609172981006623, -4.393575285250278698E-15 ) ) ;
#3917 = CIRCLE ( 'NONE', #1860, 13.49999999999999289 ) ;
#3918 = CARTESIAN_POINT ( 'NONE',  ( -112.1490618375499935, 10.27675474422997226, 12.83538571199896339 ) ) ;
#3919 = CARTESIAN_POINT ( 'NONE',  ( 7.131788480281773561E-13, 66.58591166940099981, 19.00000000000000000 ) ) ;
#3920 = AXIS2_PLACEMENT_3D ( 'NONE', #2245, #4631, #3432 ) ;
#3921 = ORIENTED_EDGE ( 'NONE', *, *, #2183, .T. ) ;
#3922 = ORIENTED_EDGE ( 'NONE', *, *, #3140, .T. ) ;
#3923 = CARTESIAN_POINT ( 'NONE',  ( -105.7999999999999972, -11.30000000000000604, 32.30000000000001137 ) ) ;
#3924 = CARTESIAN_POINT ( 'NONE',  ( -105.7999999999999972, -11.30000000000000604, 34.96072909494154857 ) ) ;
#3925 = CIRCLE ( 'NONE', #367, 2.750000000000000888 ) ;
#3926 = CARTESIAN_POINT ( 'NONE',  ( -105.7999999999999972, -11.30000000000000604, 32.30000000000001137 ) ) ;
#3927 = DIRECTION ( 'NONE',  ( -1.000000000000000000, -1.264818684629761841E-16, -1.040834085604003879E-17 ) ) ;
#3928 = VERTEX_POINT ( 'NONE', #3839 ) ;
#3929 = CARTESIAN_POINT ( 'NONE',  ( 72.00000000000096634, 89.99999999999923261, 216.0010000000000048 ) ) ;
#3930 = CARTESIAN_POINT ( 'NONE',  ( -111.2046741576399995, -5.121061853220017390, 33.67507286843994763 ) ) ;
#3931 = CIRCLE ( 'NONE', #1060, 6.000000000006791900 ) ;
#3932 = VERTEX_POINT ( 'NONE', #1998 ) ;
#3933 = LINE ( 'NONE', #4507, #3358 ) ;
#3934 = CYLINDRICAL_SURFACE ( 'NONE', #888, 2.750000000000000888 ) ;
#3935 = ORIENTED_EDGE ( 'NONE', *, *, #4652, .F. ) ;
#3936 = DIRECTION ( 'NONE',  ( 3.054740849381649318E-17, -1.457378446665821845E-17, -1.000000000000000000 ) ) ;
#3937 = EDGE_CURVE ( 'NONE', #4904, #4086, #3567, .T. ) ;
#3938 = CARTESIAN_POINT ( 'NONE',  ( -106.1867782318799982, -8.584729000370018070, 8.364941096099963502 ) ) ;
#3939 = AXIS2_PLACEMENT_3D ( 'NONE', #411, #2001, #4793 ) ;
#3940 = DIRECTION ( 'NONE',  ( -1.110223024625156856E-14, -1.000000000000000000, 0.000000000000000000 ) ) ;
#3941 = EDGE_LOOP ( 'NONE', ( #534, #1871, #2666, #470, #2678 ) ) ;
#3942 = ADVANCED_FACE ( 'NONE', ( #5125 ), #5071, .F. ) ;
#3943 = CARTESIAN_POINT ( 'NONE',  ( -108.7866302556028586, -11.57376078927556584, 12.68748452679995964 ) ) ;
#3944 = ADVANCED_FACE ( 'NONE', ( #23 ), #1170, .F. ) ;
#3945 = LINE ( 'NONE', #1620, #1564 ) ;
#3946 = CARTESIAN_POINT ( 'NONE',  ( -111.0104685328444702, 13.26768065850278333, 17.26545758321403312 ) ) ;
#3947 = AXIS2_PLACEMENT_3D ( 'NONE', #2963, #196, #4990 ) ;
#3948 = VERTEX_POINT ( 'NONE', #384 ) ;
#3949 = ORIENTED_EDGE ( 'NONE', *, *, #2891, .F. ) ;
#3950 = CYLINDRICAL_SURFACE ( 'NONE', #1119, 13.00000000000000000 ) ;
#3951 = EDGE_CURVE ( 'NONE', #3203, #4476, #2269, .T. ) ;
#3952 = DIRECTION ( 'NONE',  ( 1.556330782327149419E-14, 1.000000000000000000, 0.000000000000000000 ) ) ;
#3953 = AXIS2_PLACEMENT_3D ( 'NONE', #4931, #582, #2980 ) ;
#3954 = CARTESIAN_POINT ( 'NONE',  ( -109.1319167050039027, 8.299999995666153652, 32.41597725304486488 ) ) ;
#3955 = PLANE ( 'NONE',  #2704 ) ;
#3956 = ORIENTED_EDGE ( 'NONE', *, *, #3655, .F. ) ;
#3957 = DIRECTION ( 'NONE',  ( -1.000000000000000000, -1.264818684629761841E-16, -1.040834085604003879E-17 ) ) ;
#3958 = CARTESIAN_POINT ( 'NONE',  ( -105.8000000000000398, 8.910572620652718712, 7.409396211499060136 ) ) ;
#3959 = B_SPLINE_CURVE_WITH_KNOTS ( 'NONE', 3,
 ( #4116, #1406, #231, #4607 ),
 .UNSPECIFIED., .F., .F.,
 ( 4, 4 ),
 ( 0.000000000000000000, 1.000000000000000000 ),
 .UNSPECIFIED. ) ;
#3960 = EDGE_LOOP ( 'NONE', ( #3653, #3047, #1638, #871, #1242, #4105, #3842, #3335, #4711 ) ) ;
#3961 = LINE ( 'NONE', #410, #1383 ) ;
#3962 = CYLINDRICAL_SURFACE ( 'NONE', #3939, 0.4999999999999988343 ) ;
#3963 = ORIENTED_EDGE ( 'NONE', *, *, #835, .F. ) ;
#3964 = DIRECTION ( 'NONE',  ( -1.264818684629761841E-16, 1.000000000000000000, -2.216726102179205108E-18 ) ) ;
#3965 = CARTESIAN_POINT ( 'NONE',  ( -111.4421384875200118, -8.225666111340016684, 10.31142088006996360 ) ) ;
#3966 = EDGE_CURVE ( 'NONE', #2985, #2071, #1009, .T. ) ;
#3967 = CARTESIAN_POINT ( 'NONE',  ( -109.9803590946172847, -12.17117621178889664, 13.34673149188497376 ) ) ;
#3968 = ORIENTED_EDGE ( 'NONE', *, *, #3876, .F. ) ;
#3969 = B_SPLINE_CURVE_WITH_KNOTS ( 'NONE', 3,
 ( #3284, #1248, #489, #80 ),
 .UNSPECIFIED., .F., .F.,
 ( 4, 4 ),
 ( 0.000000000000000000, 1.000000000000000000 ),
 .UNSPECIFIED. ) ;
#3970 = LINE ( 'NONE', #3893, #868 ) ;
#3971 = DIRECTION ( 'NONE',  ( 0.000000000000000000, -0.9051901358366876149, -0.4250068446318940318 ) ) ;
#3972 = EDGE_CURVE ( 'NONE', #1806, #3371, #3127, .T. ) ;
#3973 = EDGE_CURVE ( 'NONE', #2908, #2366, #2675, .T. ) ;
#3974 = ORIENTED_EDGE ( 'NONE', *, *, #2486, .T. ) ;
#3975 = EDGE_LOOP ( 'NONE', ( #4830, #2131, #3968, #3484, #4802, #4892, #1483 ) ) ;
#3976 = DIRECTION ( 'NONE',  ( -1.071937337635886090E-14, -1.000000000000000000, 1.457378446665789181E-17 ) ) ;
#3977 = CARTESIAN_POINT ( 'NONE',  ( -110.0731965436246469, 12.10352203943612359, 28.66008783648480218 ) ) ;
#3978 = EDGE_CURVE ( 'NONE', #818, #1558, #1917, .T. ) ;
#3979 = FACE_OUTER_BOUND ( 'NONE', #4955, .T. ) ;
#3980 = EDGE_CURVE ( 'NONE', #1381, #1180, #533, .T. ) ;
#3981 = ORIENTED_EDGE ( 'NONE', *, *, #4011, .F. ) ;
#3982 = CARTESIAN_POINT ( 'NONE',  ( -66.58591166940225037, -79.08591166940469463, 17.99999999999999645 ) ) ;
#3983 = DIRECTION ( 'NONE',  ( 0.000000000000000000, -1.000000000000000000, 0.000000000000000000 ) ) ;
#3984 = CARTESIAN_POINT ( 'NONE',  ( -105.7999999999999972, 13.96072909494039216, 9.700000000000004619 ) ) ;
#3985 = ORIENTED_EDGE ( 'NONE', *, *, #59, .F. ) ;
#3986 = CARTESIAN_POINT ( 'NONE',  ( -112.1496265674900030, -10.27690279089000747, 29.16389229436395425 ) ) ;
#3987 = CARTESIAN_POINT ( 'NONE',  ( -108.1056696276701530, -7.780087889469878171, 7.640436834319790371 ) ) ;
#3988 = ORIENTED_EDGE ( 'NONE', *, *, #3124, .F. ) ;
#3989 = VERTEX_POINT ( 'NONE', #4689 ) ;
#3990 = CARTESIAN_POINT ( 'NONE',  ( -112.0744944160600056, 8.256181853439983342, 10.74029809068996322 ) ) ;
#3991 = LINE ( 'NONE', #2028, #2611 ) ;
#3992 = CARTESIAN_POINT ( 'NONE',  ( -106.0992528343600014, -13.95794456922000570, 12.31645293152796228 ) ) ;
#3993 = ORIENTED_EDGE ( 'NONE', *, *, #4326, .T. ) ;
#3994 = CARTESIAN_POINT ( 'NONE',  ( -107.0890897901115153, -12.29700754077487801, 12.53754540259901695 ) ) ;
#3995 = DIRECTION ( 'NONE',  ( -1.000000000000000000, 1.058059549828071633E-14, -3.054740849381660411E-17 ) ) ;
#3996 = CARTESIAN_POINT ( 'NONE',  ( -108.2959064596538497, 13.64922294995292695, 13.94367989520616646 ) ) ;
#3997 = ORIENTED_EDGE ( 'NONE', *, *, #1083, .F. ) ;
#3998 = ORIENTED_EDGE ( 'NONE', *, *, #3742, .T. ) ;
#3999 = EDGE_CURVE ( 'NONE', #2859, #2581, #4350, .T. ) ;
#4000 = EDGE_CURVE ( 'NONE', #978, #4681, #4760, .T. ) ;
#4001 = CARTESIAN_POINT ( 'NONE',  ( -94.93629273636804555, -12.45643694941019675, 1.649786687013077291 ) ) ;
#4003 = CARTESIAN_POINT ( 'NONE',  ( -107.3413266081099948, 13.78301711568999188, 28.93009045154695613 ) ) ;
#4002 = CIRCLE ( 'NONE', #34, 6.000000000002544631 ) ;
#4004 = DIRECTION ( 'NONE',  ( 1.071937337635886090E-14, 1.000000000000000000, -1.457378446665789181E-17 ) ) ;
#4005 = ORIENTED_EDGE ( 'NONE', *, *, #3636, .T. ) ;
#4006 = CARTESIAN_POINT ( 'NONE',  ( -105.7999999999999972, 11.29999999999999183, 32.30000000000001137 ) ) ;
#4007 = DIRECTION ( 'NONE',  ( -1.071937337635886090E-14, -1.000000000000000000, 1.457378446665789181E-17 ) ) ;
#4008 = CIRCLE ( 'NONE', #1042, 2.750000000000000888 ) ;
#4009 = CARTESIAN_POINT ( 'NONE',  ( -70.28208861922631456, -92.65495395210552942, 0.000000000000000000 ) ) ;
#4010 = TOROIDAL_SURFACE ( 'NONE', #3092, -59.32403451550180051, 150.0000000000000000 ) ;
#4011 = EDGE_CURVE ( 'NONE', #4476, #3203, #4002, .T. ) ;
#4012 = ORIENTED_EDGE ( 'NONE', *, *, #3378, .T. ) ;
#4013 = DIRECTION ( 'NONE',  ( -1.000000000000000000, 1.071937337635886090E-14, -3.054740849381664725E-17 ) ) ;
#4014 = CARTESIAN_POINT ( 'NONE',  ( -108.8181466559823889, 12.93230555517866343, 13.30514666927183853 ) ) ;
#4015 = AXIS2_PLACEMENT_3D ( 'NONE', #2160, #3316, #2505 ) ;
#4016 = CIRCLE ( 'NONE', #5088, 2.750000000000000888 ) ;
#4017 = EDGE_LOOP ( 'NONE', ( #3228, #2187, #3020, #4456, #4988, #708, #194 ) ) ;
#4018 = PLANE ( 'NONE',  #993 ) ;
#4019 = CARTESIAN_POINT ( 'NONE',  ( -106.7722604677320959, -8.332918311724839100, 7.136642297683242653 ) ) ;
#4020 = CIRCLE ( 'NONE', #2943, 6.000000000004945377 ) ;
#4021 = CARTESIAN_POINT ( 'NONE',  ( -105.7999785328200062, -13.96059585348000809, 12.16515904798996317 ) ) ;
#4022 = CARTESIAN_POINT ( 'NONE',  ( -112.1490600105899915, 8.164615742069983639, 31.27675492833995108 ) ) ;
#4023 = VERTEX_POINT ( 'NONE', #2323 ) ;
#4024 = CONICAL_SURFACE ( 'NONE', #1958, 2.680364547471000058, 0.008726646259969245145 ) ;
#4025 = CARTESIAN_POINT ( 'NONE',  ( -111.5000000000000000, -11.30000000000000604, 9.700000000000004619 ) ) ;
#4026 = CARTESIAN_POINT ( 'NONE',  ( 1.059826132889536024E-31, -5.056297209627629379E-32, -3.469446951953614978E-15 ) ) ;
#4027 = FILL_AREA_STYLE ('',( #4829 ) ) ;
#4028 = ORIENTED_EDGE ( 'NONE', *, *, #2320, .F. ) ;
#4029 = EDGE_LOOP ( 'NONE', ( #3274, #113, #1687, #724 ) ) ;
#4030 = CARTESIAN_POINT ( 'NONE',  ( -89.37751787895648192, 99.37142614914941419, 17.99999999999999645 ) ) ;
#4031 = CARTESIAN_POINT ( 'NONE',  ( -85.00000000000572697, -84.99999999999428724, 216.0010000000000048 ) ) ;
#4032 = DIRECTION ( 'NONE',  ( 0.000000000000000000, 1.000000000000000000, 0.000000000000000000 ) ) ;
#4033 = ADVANCED_FACE ( 'NONE', ( #1510 ), #702, .F. ) ;
#4034 = ORIENTED_EDGE ( 'NONE', *, *, #1080, .F. ) ;
#4035 = DIRECTION ( 'NONE',  ( 0.000000000000000000, -1.000000000000000000, 0.000000000000000000 ) ) ;
#4036 = CARTESIAN_POINT ( 'NONE',  ( -79.08591166940225037, -79.08591166940455253, 17.99999999999999645 ) ) ;
#4037 = B_SPLINE_CURVE_WITH_KNOTS ( 'NONE', 3,
 ( #51, #1682, #4841, #1299 ),
 .UNSPECIFIED., .F., .F.,
 ( 4, 4 ),
 ( 0.000000000000000000, 1.000000000000000000 ),
 .UNSPECIFIED. ) ;
#4038 = CARTESIAN_POINT ( 'NONE',  ( 72.00000000000093792, 86.99999999999923261, 216.0010000000000048 ) ) ;
#4039 = VERTEX_POINT ( 'NONE', #3472 ) ;
#4040 = FACE_OUTER_BOUND ( 'NONE', #61, .T. ) ;
#4041 = CARTESIAN_POINT ( 'NONE',  ( -107.3423351449799981, 13.78340334384999366, 13.07227663930096284 ) ) ;
#4042 = EDGE_CURVE ( 'NONE', #4329, #3541, #2375, .T. ) ;
#4043 = CIRCLE ( 'NONE', #4961, 95.75000000000000000 ) ;
#4044 = ADVANCED_FACE ( 'NONE', ( #1560 ), #408, .F. ) ;
#4045 = ORIENTED_EDGE ( 'NONE', *, *, #189, .T. ) ;
#4046 = CARTESIAN_POINT ( 'NONE',  ( -111.2162979139000072, 8.373553414419992791, 10.50774394533996237 ) ) ;
#4047 = CARTESIAN_POINT ( 'NONE',  ( -105.7999998499199990, 8.690883639979992026, 33.78091660130995422 ) ) ;
#4048 = B_SPLINE_CURVE_WITH_KNOTS ( 'NONE', 3,
 ( #1556, #1114, #1966, #4710, #1167, #283, #3836, #2639, #1914, #2276, #4638 ),
 .UNSPECIFIED., .F., .F.,
 ( 4, 1, 1, 1, 1, 1, 1, 1, 4 ),
 ( 0.000000000000000000, 0.1250000000000000000, 0.2500000000000000000, 0.3750000000000000000, 0.5000000000000000000, 0.6250000000000000000, 0.7500000000000000000, 0.8750000000000000000, 1.000000000000000000 ),
 .UNSPECIFIED. ) ;
#4049 = CARTESIAN_POINT ( 'NONE',  ( -108.3534065620499973, 7.862475486159972604, 34.15376053296995451 ) ) ;
#4050 = EDGE_CURVE ( 'NONE', #4196, #1445, #4790, .T. ) ;
#4051 = ORIENTED_EDGE ( 'NONE', *, *, #4643, .T. ) ;
#4052 = CARTESIAN_POINT ( 'NONE',  ( -105.7999999999999972, -11.30000000000000604, 9.700000000000004619 ) ) ;
#4053 = CYLINDRICAL_SURFACE ( 'NONE', #2629, 95.75000000000000000 ) ;
#4054 = CARTESIAN_POINT ( 'NONE',  ( -109.0643820955500018, -7.676377351260017967, 33.77764329120995512 ) ) ;
#4055 = ORIENTED_EDGE ( 'NONE', *, *, #2116, .T. ) ;
#4056 = ORIENTED_EDGE ( 'NONE', *, *, #2935, .F. ) ;
#4057 = DIRECTION ( 'NONE',  ( -1.156482317317870344E-14, -1.000000000000000000, 0.000000000000000000 ) ) ;
#4058 = DIRECTION ( 'NONE',  ( 3.054740849381649318E-17, -1.457378446665821845E-17, -1.000000000000000000 ) ) ;
#4059 = FACE_BOUND ( 'NONE', #2300, .T. ) ;
#4060 = ORIENTED_EDGE ( 'NONE', *, *, #24, .F. ) ;
#4061 = CARTESIAN_POINT ( 'NONE',  ( -141.7999999999999829, -2.016120418529620420E-14, 21.00000000000000355 ) ) ;
#4062 = CARTESIAN_POINT ( 'NONE',  ( 95.23328957798260319, -99.37142614914954208, 18.00000000000000355 ) ) ;
#4063 = LINE ( 'NONE', #909, #3347 ) ;
#4064 = ORIENTED_EDGE ( 'NONE', *, *, #3527, .T. ) ;
#4065 = DIRECTION ( 'NONE',  ( -1.156482317317380935E-14, -1.000000000000000000, 1.457378446665785483E-17 ) ) ;
#4066 = CARTESIAN_POINT ( 'NONE',  ( -110.3091872096859305, -7.629349085340882297, 9.035612581481935024 ) ) ;
#4067 = VERTEX_POINT ( 'NONE', #2870 ) ;
#4068 = CARTESIAN_POINT ( 'NONE',  ( -105.7999999999999972, 9.424781697206038089, 34.96062785800095440 ) ) ;
#4069 = ORIENTED_EDGE ( 'NONE', *, *, #3031, .T. ) ;
#4070 = DIRECTION ( 'NONE',  ( 0.000000000000000000, 0.000000000000000000, -1.000000000000000000 ) ) ;
#4071 = ADVANCED_FACE ( 'NONE', ( #4843 ), #516, .T. ) ;
#4072 = CARTESIAN_POINT ( 'NONE',  ( -110.8077964097530668, 4.050778557234550270, 34.29638637815892821 ) ) ;
#4073 = CARTESIAN_POINT ( 'NONE',  ( -111.5000000000000000, -1.632880357086818318E-14, 21.00000000000000355 ) ) ;
#4074 = ORIENTED_EDGE ( 'NONE', *, *, #2898, .T. ) ;
#4075 = ORIENTED_EDGE ( 'NONE', *, *, #3180, .T. ) ;
#4076 = CARTESIAN_POINT ( 'NONE',  ( -84.99999999999909051, 85.00000000000572697, 216.0010000000000048 ) ) ;
#4077 = EDGE_CURVE ( 'NONE', #1281, #285, #863, .T. ) ;
#4078 = DIRECTION ( 'NONE',  ( 0.000000000000000000, 0.9051901358225429295, 0.4250068446620199891 ) ) ;
#4079 = LINE ( 'NONE', #4968, #957 ) ;
#4080 = ORIENTED_EDGE ( 'NONE', *, *, #4274, .F. ) ;
#4081 = VERTEX_POINT ( 'NONE', #3649 ) ;
#4082 = CARTESIAN_POINT ( 'NONE',  ( -107.6210645479770989, -12.08044574116797065, 29.40329255014235343 ) ) ;
#4083 = LINE ( 'NONE', #4867, #465 ) ;
#4084 = DIRECTION ( 'NONE',  ( 1.264818684629761841E-16, -1.000000000000000000, 0.000000000000000000 ) ) ;
#4085 = EDGE_CURVE ( 'NONE', #4081, #4681, #430, .T. ) ;
#4086 = VERTEX_POINT ( 'NONE', #3984 ) ;
#4087 = ORIENTED_EDGE ( 'NONE', *, *, #2459, .T. ) ;
#4088 = DIRECTION ( 'NONE',  ( 1.000000000000000000, 1.264818684629761841E-16, 1.040834085604003879E-17 ) ) ;
#4089 = DIRECTION ( 'NONE',  ( 0.03487826274237437046, -0.03487826274237510599, -0.9987827659587183993 ) ) ;
#4090 = AXIS2_PLACEMENT_3D ( 'NONE', #160, #52, #2049 ) ;
#4091 = EDGE_LOOP ( 'NONE', ( #4741, #2474, #1182, #2688 ) ) ;
#4092 = B_SPLINE_CURVE_WITH_KNOTS ( 'NONE', 3,
 ( #3819, #2618, #3396, #4958, #1825, #4230, #1392, #3449, #4641, #1772, #2642 ),
 .UNSPECIFIED., .F., .F.,
 ( 4, 1, 1, 1, 1, 1, 1, 1, 4 ),
 ( 0.000000000000000000, 0.1250000000000000000, 0.2500000000000000000, 0.3750000000000000000, 0.5000000000000000000, 0.6250000000000000000, 0.7500000000000000000, 0.8750000000000000000, 1.000000000000000000 ),
 .UNSPECIFIED. ) ;
#4093 = PLANE ( 'NONE',  #2278 ) ;
#4094 = CARTESIAN_POINT ( 'NONE',  ( -110.1141752366243196, -12.07833930173953441, 28.65558376387386375 ) ) ;
#4095 = AXIS2_PLACEMENT_3D ( 'NONE', #953, #4497, #2630 ) ;
#4096 = ORIENTED_EDGE ( 'NONE', *, *, #722, .T. ) ;
#4097 = CARTESIAN_POINT ( 'NONE',  ( -110.3311999539100015, 8.085977053809981996, 9.458628540109963012 ) ) ;
#4098 = VERTEX_POINT ( 'NONE', #4009 ) ;
#4099 = DIRECTION ( 'NONE',  ( 3.054740849381649318E-17, -1.457378446665821845E-17, -1.000000000000000000 ) ) ;
#4100 =( GEOMETRIC_REPRESENTATION_CONTEXT ( 3 ) GLOBAL_UNCERTAINTY_ASSIGNED_CONTEXT ( ( #3711 ) ) GLOBAL_UNIT_ASSIGNED_CONTEXT ( ( #185, #106, #4845 ) ) REPRESENTATION_CONTEXT ( 'NONE', 'WORKASPACE' ) );
#4101 = CIRCLE ( 'NONE', #1707, 6.000000000004945377 ) ;
#4102 = FACE_OUTER_BOUND ( 'NONE', #1989, .T. ) ;
#4103 = CARTESIAN_POINT ( 'NONE',  ( -106.7904976138499933, 8.244051328869982598, 34.97403223314994847 ) ) ;
#4104 = EDGE_CURVE ( 'NONE', #132, #2507, #4063, .T. ) ;
#4105 = ORIENTED_EDGE ( 'NONE', *, *, #4480, .T. ) ;
#4106 = ORIENTED_EDGE ( 'NONE', *, *, #4255, .T. ) ;
#4108 = CIRCLE ( 'NONE', #4847, 6.000000000000005329 ) ;
#4107 = DIRECTION ( 'NONE',  ( -9.251858538542962756E-15, -1.000000000000000000, 0.000000000000000000 ) ) ;
#4109 = VECTOR ( 'NONE', #1453, 1000.000000000000227 ) ;
#4110 = DIRECTION ( 'NONE',  ( 1.071649975275818879E-14, 0.9996573249755573709, -0.02617694830787352378 ) ) ;
#4111 = CARTESIAN_POINT ( 'NONE',  ( -108.7999999999999972, 11.29999999999999183, 32.30000000000001137 ) ) ;
#4112 = ADVANCED_FACE ( 'NONE', ( #3285 ), #3678, .T. ) ;
#4113 = VECTOR ( 'NONE', #1507, 1000.000000000000000 ) ;
#4114 = EDGE_CURVE ( 'NONE', #3541, #1124, #3767, .T. ) ;
#4115 = ORIENTED_EDGE ( 'NONE', *, *, #4119, .T. ) ;
#4116 = CARTESIAN_POINT ( 'NONE',  ( -105.8000352449399912, -8.834706907580017088, 7.039403998089963643 ) ) ;
#4117 = DIRECTION ( 'NONE',  ( 1.000000000000000000, 1.264818684629761841E-16, 1.040834085604003879E-17 ) ) ;
#4118 = CARTESIAN_POINT ( 'NONE',  ( -111.5000999486649960, 7.875425961082411774, 10.03409197946634279 ) ) ;
#4119 = EDGE_CURVE ( 'NONE', #4548, #2177, #1884, .T. ) ;
#4120 = ORIENTED_EDGE ( 'NONE', *, *, #1294, .F. ) ;
#4121 = EDGE_LOOP ( 'NONE', ( #2464, #555, #1347 ) ) ;
#4122 = CARTESIAN_POINT ( 'NONE',  ( -108.7580064798899997, -7.943296314150017245, 33.77507120693995546 ) ) ;
#4123 = CARTESIAN_POINT ( 'NONE',  ( -110.0074861836183118, -13.40867568949095201, 15.85538007452766784 ) ) ;
#4124 = ORIENTED_EDGE ( 'NONE', *, *, #693, .F. ) ;
#4125 = AXIS2_PLACEMENT_3D ( 'NONE', #2015, #3586, #46 ) ;
#4126 = LINE ( 'NONE', #3651, #2686 ) ;
#4127 = DIRECTION ( 'NONE',  ( -1.156482317317870344E-14, -1.000000000000000000, 1.457378446665788873E-17 ) ) ;
#4128 = ORIENTED_EDGE ( 'NONE', *, *, #4767, .F. ) ;
#4129 = CARTESIAN_POINT ( 'NONE',  ( -105.7999995730706502, 12.86907429465492925, 12.25941579804783466 ) ) ;
#4130 = CIRCLE ( 'NONE', #480, 13.00000000000000000 ) ;
#4131 = CARTESIAN_POINT ( 'NONE',  ( -105.8000075027480023, 8.874910140284537619, 34.29533148094584050 ) ) ;
#4132 = CARTESIAN_POINT ( 'NONE',  ( -85.00000000000565592, -78.99999999998749445, 216.0010000000000048 ) ) ;
#4133 = DIRECTION ( 'NONE',  ( -3.054740849381649318E-17, 1.457378446665821845E-17, 1.000000000000000000 ) ) ;
#4134 = AXIS2_PLACEMENT_3D ( 'NONE', #4797, #4905, #2923 ) ;
#4135 = ORIENTED_EDGE ( 'NONE', *, *, #3148, .T. ) ;
#4136 = ORIENTED_EDGE ( 'NONE', *, *, #3288, .F. ) ;
#4137 = DIRECTION ( 'NONE',  ( 3.054740849381649318E-17, -1.457378446665821845E-17, -1.000000000000000000 ) ) ;
#4138 = CARTESIAN_POINT ( 'NONE',  ( -101.2999999999999972, -11.30000000000000604, 35.00000000000000000 ) ) ;
#4139 = PLANE ( 'NONE',  #212 ) ;
#4140 = CARTESIAN_POINT ( 'NONE',  ( -111.5000000000000000, -10.02497947018000701, 29.58442959057495258 ) ) ;
#4141 = ADVANCED_FACE ( 'NONE', ( #2019 ), #2840, .F. ) ;
#4142 = ADVANCED_FACE ( 'NONE', ( #932 ), #2074, .F. ) ;
#4143 = CARTESIAN_POINT ( 'NONE',  ( -85.00000000000572697, -84.99999999999428724, -1.357758042308711048E-15 ) ) ;
#4144 = CARTESIAN_POINT ( 'NONE',  ( -106.7538746988798835, -13.86594165361790054, 29.34371320804852346 ) ) ;
#4145 = ORIENTED_EDGE ( 'NONE', *, *, #1521, .T. ) ;
#4146 = VERTEX_POINT ( 'NONE', #2503 ) ;
#4147 = CARTESIAN_POINT ( 'NONE',  ( -111.5000000000000000, -13.19891724220000739, 18.16476039219795169 ) ) ;
#4148 = DIRECTION ( 'NONE',  ( 3.054740849381649318E-17, -1.457378446665821845E-17, -1.000000000000000000 ) ) ;
#4149 = EDGE_LOOP ( 'NONE', ( #3476, #4849, #4051, #2887, #1351, #2994, #1830, #1894 ) ) ;
#4150 = EDGE_CURVE ( 'NONE', #3660, #3275, #2129, .T. ) ;
#4151 = LINE ( 'NONE', #3340, #3095 ) ;
#4152 = DIRECTION ( 'NONE',  ( 0.000000000000000000, 0.2100177487261056242, 0.9776975734960265951 ) ) ;
#4153 = ORIENTED_EDGE ( 'NONE', *, *, #3978, .F. ) ;
#4154 = DIRECTION ( 'NONE',  ( 1.264818684629761841E-16, -1.000000000000000000, 0.000000000000000000 ) ) ;
#4155 = CARTESIAN_POINT ( 'NONE',  ( 90.00609172980793460, -100.0000000000009805, 4.206831297668196908E-15 ) ) ;
#4156 = CARTESIAN_POINT ( 'NONE',  ( -111.5000000000000000, 10.45483988516838281, 29.38260059122969281 ) ) ;
#4157 = CARTESIAN_POINT ( 'NONE',  ( -109.0806541042907156, -6.217162311804711905, 34.53894114963436834 ) ) ;
#4158 = ORIENTED_EDGE ( 'NONE', *, *, #1980, .F. ) ;
#4159 = EDGE_LOOP ( 'NONE', ( #1669, #2360, #2802, #3833, #222, #1583, #3855, #1574, #4248, #1503 ) ) ;
#4160 = PLANE ( 'NONE',  #964 ) ;
#4161 = LINE ( 'NONE', #1729, #4957 ) ;
#4162 = CARTESIAN_POINT ( 'NONE',  ( -105.7999999999999972, 11.29999999999999183, 32.30000000000001137 ) ) ;
#4163 = CARTESIAN_POINT ( 'NONE',  ( 84.99999999999428724, -85.00000000000090949, 216.0010000000000048 ) ) ;
#4164 = CARTESIAN_POINT ( 'NONE',  ( -105.8000352449399912, 13.96059600190999284, 12.16529309241896328 ) ) ;
#4165 = DIRECTION ( 'NONE',  ( -1.000000000000000000, -1.264818684629761841E-16, -1.040834085604003879E-17 ) ) ;
#4166 = DIRECTION ( 'NONE',  ( -1.071937337635886563E-14, -1.000000000000000000, 1.457378446665786408E-17 ) ) ;
#4167 = EDGE_CURVE ( 'NONE', #1440, #4490, #3349, .T. ) ;
#4168 = EDGE_CURVE ( 'NONE', #3035, #3904, #1859, .T. ) ;
#4169 = ORIENTED_EDGE ( 'NONE', *, *, #1739, .T. ) ;
#4170 = EDGE_LOOP ( 'NONE', ( #1342, #680, #4028, #1675 ) ) ;
#4171 = CARTESIAN_POINT ( 'NONE',  ( -106.0992639295999993, 13.95794702925997299, 29.68353052156595240 ) ) ;
#4172 = CARTESIAN_POINT ( 'NONE',  ( -109.1121899102673751, -6.221760662555117172, 7.465683654676440462 ) ) ;
#4173 = CYLINDRICAL_SURFACE ( 'NONE', #3458, 13.00000000000000000 ) ;
#4174 = CARTESIAN_POINT ( 'NONE',  ( -109.2042469783675784, -12.69031601085569250, 28.66491710561698270 ) ) ;
#4175 = EDGE_CURVE ( 'NONE', #3556, #4388, #2844, .T. ) ;
#4176 = ORIENTED_EDGE ( 'NONE', *, *, #3627, .F. ) ;
#4177 = DIRECTION ( 'NONE',  ( 1.000000000000000000, 1.264818684629761841E-16, 1.040834085604003879E-17 ) ) ;
#4178 = EDGE_CURVE ( 'NONE', #1241, #1396, #4753, .T. ) ;
#4179 = CARTESIAN_POINT ( 'NONE',  ( -111.5000000000000000, 10.02497946381999228, 12.41557040651496280 ) ) ;
#4180 = AXIS2_PLACEMENT_3D ( 'NONE', #3923, #3120, #1141 ) ;
#4181 = CARTESIAN_POINT ( 'NONE',  ( -109.8803696778386154, 5.301877909294112179, 34.42619080867633130 ) ) ;
#4182 = CARTESIAN_POINT ( 'NONE',  ( -99.33650537965699812, -19.00246749018436532, 18.99999999999999645 ) ) ;
#4183 = AXIS2_PLACEMENT_3D ( 'NONE', #1659, #490, #546 ) ;
#4184 = VECTOR ( 'NONE', #2128, 1000.000000000000227 ) ;
#4185 = ORIENTED_EDGE ( 'NONE', *, *, #3031, .F. ) ;
#4186 = ORIENTED_EDGE ( 'NONE', *, *, #1518, .F. ) ;
#4187 = CARTESIAN_POINT ( 'NONE',  ( -106.5030620072798371, 12.52923620934911675, 29.54813816999389431 ) ) ;
#4188 = CARTESIAN_POINT ( 'NONE',  ( -3.862439145332410860E-15, 1.842721147067274181E-15, 126.4408123561204178 ) ) ;
#4189 = CARTESIAN_POINT ( 'NONE',  ( -107.4849573476699902, -8.418566272540017437, 33.13599021268995415 ) ) ;
#4190 = VECTOR ( 'NONE', #4442, 1000.000000000000000 ) ;
#4191 = CARTESIAN_POINT ( 'NONE',  ( -66.58591166940249195, -99.37142614914783678, 17.99999999999999645 ) ) ;
#4192 = CARTESIAN_POINT ( 'NONE',  ( -105.7999999999999972, 11.29999999999999183, 9.700000000000004619 ) ) ;
#4193 = LINE ( 'NONE', #737, #4684 ) ;
#4194 = VECTOR ( 'NONE', #1090, 1000.000000000000000 ) ;
#4195 = PLANE ( 'NONE',  #2784 ) ;
#4196 = VERTEX_POINT ( 'NONE', #2157 ) ;
#4197 = EDGE_LOOP ( 'NONE', ( #4976, #1610, #2790, #3615, #4693, #651 ) ) ;
#4198 = CARTESIAN_POINT ( 'NONE',  ( -105.7999999999999972, 8.549999999999991829, 32.30000000000001137 ) ) ;
#4199 = FACE_OUTER_BOUND ( 'NONE', #2541, .T. ) ;
#4200 = CIRCLE ( 'NONE', #4275, 80.06546480392294995 ) ;
#4201 = CARTESIAN_POINT ( 'NONE',  ( -111.5000999486649960, 7.875425961082411774, 10.03409197946634279 ) ) ;
#4202 = EDGE_CURVE ( 'NONE', #5117, #4680, #992, .T. ) ;
#4203 = FILL_AREA_STYLE_COLOUR ( '', #1791 ) ;
#4204 = CARTESIAN_POINT ( 'NONE',  ( -111.5000841269908847, -10.96671474627186527, 28.87443830962170210 ) ) ;
#4205 = ORIENTED_EDGE ( 'NONE', *, *, #1045, .F. ) ;
#4206 = CARTESIAN_POINT ( 'NONE',  ( -105.8000075053997620, 13.29533371217045001, 12.12508924565365298 ) ) ;
#4207 = CARTESIAN_POINT ( 'NONE',  ( 100.0121575215721776, 90.01824925137933064, -0.3481458670082447915 ) ) ;
#4208 = VECTOR ( 'NONE', #4581, 1000.000000000000000 ) ;
#4209 = EDGE_CURVE ( 'NONE', #4918, #2730, #3504, .T. ) ;
#4210 = CARTESIAN_POINT ( 'NONE',  ( -106.0992468896557170, -2.894521896466675681, 34.95794359234568560 ) ) ;
#4211 = CYLINDRICAL_SURFACE ( 'NONE', #136, 3.000000000000002665 ) ;
#4212 = ADVANCED_FACE ( 'NONE', ( #4199 ), #654, .F. ) ;
#4213 = VERTEX_POINT ( 'NONE', #2251 ) ;
#4214 = CARTESIAN_POINT ( 'NONE',  ( -105.7999181276000087, 8.690881583729984428, 8.219005325409964868 ) ) ;
#4215 = CARTESIAN_POINT ( 'NONE',  ( -109.4190350868897639, 7.656406290458610542, 33.55037919670293434 ) ) ;
#4216 = ADVANCED_FACE ( 'NONE', ( #4503 ), #5027, .F. ) ;
#4217 = CARTESIAN_POINT ( 'NONE',  ( -109.9247157325571180, 5.247242659061432946, 7.579695333624255404 ) ) ;
#4218 = CARTESIAN_POINT ( 'NONE',  ( -106.6212272752078718, -12.48657815000585281, 29.52393495054981187 ) ) ;
#4219 = B_SPLINE_CURVE_WITH_KNOTS ( 'NONE', 3,
 ( #4539, #1744, #209, #3255 ),
 .UNSPECIFIED., .F., .F.,
 ( 4, 4 ),
 ( 0.000000000000000000, 1.000000000000000000 ),
 .UNSPECIFIED. ) ;
#4220 = LINE ( 'NONE', #1501, #3273 ) ;
#4221 = LINE ( 'NONE', #4654, #2766 ) ;
#4222 = ORIENTED_EDGE ( 'NONE', *, *, #1768, .F. ) ;
#4223 = VERTEX_POINT ( 'NONE', #4614 ) ;
#4224 = CARTESIAN_POINT ( 'NONE',  ( -104.6612685358934982, 13.97066665387642814, 9.700000000000004619 ) ) ;
#4225 = DIRECTION ( 'NONE',  ( -1.000000000000000000, 8.881784197001252323E-16, 0.000000000000000000 ) ) ;
#4226 = LINE ( 'NONE', #4617, #2042 ) ;
#4227 = B_SPLINE_CURVE_WITH_KNOTS ( 'NONE', 3,
 ( #826, #2868, #4872, #2397 ),
 .UNSPECIFIED., .F., .F.,
 ( 4, 4 ),
 ( 0.000000000000000000, 1.000000000000000000 ),
 .UNSPECIFIED. ) ;
#4228 = ORIENTED_EDGE ( 'NONE', *, *, #671, .F. ) ;
#4229 = CARTESIAN_POINT ( 'NONE',  ( -105.8001526067719027, 13.04442921373005682, 12.18970884307752200 ) ) ;
#4230 = CARTESIAN_POINT ( 'NONE',  ( -110.1009007129699881, 13.39554782382997189, 26.03715371788295130 ) ) ;
#4231 = CARTESIAN_POINT ( 'NONE',  ( -106.0992495973799947, -8.683558467670017933, 34.95794125928996010 ) ) ;
#4232 = CARTESIAN_POINT ( 'NONE',  ( -106.0992467783999871, 8.683559285329982558, 7.042056985149963921 ) ) ;
#4233 =( BOUNDED_CURVE ( )  B_SPLINE_CURVE ( 3, ( #2624, #224, #3454, #4627 ),
 .UNSPECIFIED., .F., .F. ) 
 B_SPLINE_CURVE_WITH_KNOTS ( ( 4, 4 ),
 ( 4.712388980384681680, 6.283185307179586232 ),
 .UNSPECIFIED. ) 
 CURVE ( )  GEOMETRIC_REPRESENTATION_ITEM ( )  RATIONAL_B_SPLINE_CURVE ( ( 1.000000000000000000, 0.8047378541243631611, 0.8047378541243631611, 1.000000000000000000 ) ) 
 REPRESENTATION_ITEM ( '' )  );
#4234 = VERTEX_POINT ( 'NONE', #2203 ) ;
#4235 = EDGE_CURVE ( 'NONE', #2679, #4939, #4951, .T. ) ;
#4236 = CARTESIAN_POINT ( 'NONE',  ( -108.0823394671070190, 11.88620352148712023, 29.35651524983979499 ) ) ;
#4237 = DIRECTION ( 'NONE',  ( -1.156482317317870344E-14, -1.000000000000000000, 0.000000000000000000 ) ) ;
#4238 = CARTESIAN_POINT ( 'NONE',  ( -110.0762234483679123, 5.058320585770795574, 7.600984055609405488 ) ) ;
#4239 = ADVANCED_FACE ( 'NONE', ( #1843 ), #3835, .T. ) ;
#4240 = DIRECTION ( 'NONE',  ( 0.000000000000000000, -0.8696710745165936451, -0.4936316664772970597 ) ) ;
#4241 = CARTESIAN_POINT ( 'NONE',  ( -99.99999999999980105, 19.50000000000108713, -3.338929646481494258E-15 ) ) ;
#4242 = CARTESIAN_POINT ( 'NONE',  ( -106.0992528343600014, -13.95794456922000570, 12.31645293152796228 ) ) ;
#4243 = ORIENTED_EDGE ( 'NONE', *, *, #3242, .T. ) ;
#4244 = EDGE_LOOP ( 'NONE', ( #4690, #2774, #1651, #1694 ) ) ;
#4245 = DIRECTION ( 'NONE',  ( -9.206163880213181988E-18, -0.009501023366050820665, 0.9999548642588813596 ) ) ;
#4246 = DIRECTION ( 'NONE',  ( 1.000000000000000000, 1.264818684629761841E-16, 1.040834085604003879E-17 ) ) ;
#4247 = CARTESIAN_POINT ( 'NONE',  ( -99.37142614914925787, -66.58591166940432515, 17.99999999999999645 ) ) ;
#4248 = ORIENTED_EDGE ( 'NONE', *, *, #4962, .F. ) ;
#4249 = CARTESIAN_POINT ( 'NONE',  ( -105.7999587026399979, -12.78101592978000589, 12.30915288311096312 ) ) ;
#4250 = FACE_OUTER_BOUND ( 'NONE', #4353, .T. ) ;
#4251 = CARTESIAN_POINT ( 'NONE',  ( -108.0107586730899953, -7.949158044770016751, 34.33232508753994239 ) ) ;
#4252 = CARTESIAN_POINT ( 'NONE',  ( -141.7999999999999829, 12.99999999999997868, 21.00000000000000355 ) ) ;
#4253 = ORIENTED_EDGE ( 'NONE', *, *, #146, .F. ) ;
#4254 = CARTESIAN_POINT ( 'NONE',  ( -108.6675603831140933, 8.318001424182382308, 9.370929525680301353 ) ) ;
#4255 = EDGE_CURVE ( 'NONE', #2779, #4491, #1413, .T. ) ;
#4256 = CARTESIAN_POINT ( 'NONE',  ( -106.4987837597200127, 12.52793005602999266, 29.51363027789695437 ) ) ;
#4257 = EDGE_CURVE ( 'NONE', #1553, #1180, #4963, .T. ) ;
#4258 = AXIS2_PLACEMENT_3D ( 'NONE', #2322, #333, #747 ) ;
#4259 = AXIS2_PLACEMENT_3D ( 'NONE', #4006, #79, #2867 ) ;
#4261 = CIRCLE ( 'NONE', #1703, 2.750000000000000888 ) ;
#4260 = DIRECTION ( 'NONE',  ( 1.000000000000000000, 1.264818684629761841E-16, 1.040834085604003879E-17 ) ) ;
#4263 = CARTESIAN_POINT ( 'NONE',  ( -106.8545773714206177, -8.282889599788193280, 34.85178881596227285 ) ) ;
#4262 = VECTOR ( 'NONE', #4013, 1000.000000000000000 ) ;
#4264 = EDGE_CURVE ( 'NONE', #2271, #2321, #77, .T. ) ;
#4265 = VECTOR ( 'NONE', #4309, 1000.000000000000000 ) ;
#4266 = DIRECTION ( 'NONE',  ( -0.9999619230641713097, 0.008726535498373620692, -1.042728887733402354E-17 ) ) ;
#4267 = EDGE_CURVE ( 'NONE', #4276, #2730, #1384, .T. ) ;
#4268 = ORIENTED_EDGE ( 'NONE', *, *, #5023, .T. ) ;
#4269 = ORIENTED_EDGE ( 'NONE', *, *, #4366, .F. ) ;
#4270 = CARTESIAN_POINT ( 'NONE',  ( -108.7999999999999972, -14.05000000000000782, 9.700000000000004619 ) ) ;
#4271 = DIRECTION ( 'NONE',  ( 0.000000000000000000, -1.000000000000000000, 0.000000000000000000 ) ) ;
#4272 = AXIS2_PLACEMENT_3D ( 'NONE', #1991, #1486, #4730 ) ;
#4273 = CARTESIAN_POINT ( 'NONE',  ( -111.5000000000000000, -7.938583232060017814, 33.27512938227994255 ) ) ;
#4274 = EDGE_CURVE ( 'NONE', #4904, #4560, #1389, .T. ) ;
#4275 = AXIS2_PLACEMENT_3D ( 'NONE', #830, #2455, #2077 ) ;
#4276 = VERTEX_POINT ( 'NONE', #1576 ) ;
#4277 = CARTESIAN_POINT ( 'NONE',  ( -106.7106816290384330, 13.87201204370674468, 12.63129210213805642 ) ) ;
#4278 = CARTESIAN_POINT ( 'NONE',  ( -105.7999785328200062, 8.834840953629981897, 7.039404146519963490 ) ) ;
#4279 = CARTESIAN_POINT ( 'NONE',  ( -105.7999999999999972, 14.04999999999999361, 32.30000000000001137 ) ) ;
#4280 = CARTESIAN_POINT ( 'NONE',  ( -136.4152236891497409, -7.615223689149739350, 34.00000000000007816 ) ) ;
#4281 = ORIENTED_EDGE ( 'NONE', *, *, #2556, .T. ) ;
#4282 = DIRECTION ( 'NONE',  ( -0.008726535498373762939, 1.112893180998860173E-18, 0.9999619230641713097 ) ) ;
#4283 = CARTESIAN_POINT ( 'NONE',  ( -111.0872243317700026, -8.418041907670016144, 10.63370556695996427 ) ) ;
#4284 = CARTESIAN_POINT ( 'NONE',  ( -106.2351940800435273, 8.619107399744384779, 34.93883746073313290 ) ) ;
#4285 = AXIS2_PLACEMENT_3D ( 'NONE', #1187, #1993, #2044 ) ;
#4286 = PLANE ( 'NONE',  #1537 ) ;
#4287 = VECTOR ( 'NONE', #1809, 1000.000000000000000 ) ;
#4288 = LINE ( 'NONE', #1820, #2789 ) ;
#4289 = CARTESIAN_POINT ( 'NONE',  ( 99.37142614914756678, -89.37751787895861355, 18.00000000000000355 ) ) ;
#4290 = CARTESIAN_POINT ( 'NONE',  ( -105.8000189442757204, -13.19236890472665280, 29.85293398109248386 ) ) ;
#4291 = AXIS2_PLACEMENT_3D ( 'NONE', #5057, #1228, #3182 ) ;
#4292 = ORIENTED_EDGE ( 'NONE', *, *, #3180, .F. ) ;
#4293 = EDGE_LOOP ( 'NONE', ( #28, #2067, #1264, #4451, #1538 ) ) ;
#4294 = DIRECTION ( 'NONE',  ( -1.071937337635886090E-14, -1.000000000000000000, 1.457378446665789181E-17 ) ) ;
#4295 = ADVANCED_FACE ( 'NONE', ( #5119 ), #2027, .T. ) ;
#4296 = CARTESIAN_POINT ( 'NONE',  ( -111.0705085986897416, -8.416364817269897713, 10.61707200129269779 ) ) ;
#4297 = DIRECTION ( 'NONE',  ( 0.000000000000000000, -1.000000000000000000, -1.387778780781444413E-14 ) ) ;
#4298 = ORIENTED_EDGE ( 'NONE', *, *, #502, .F. ) ;
#4299 = DIRECTION ( 'NONE',  ( -1.071937337635886090E-14, -1.000000000000000000, 1.457378446665789181E-17 ) ) ;
#4300 = CARTESIAN_POINT ( 'NONE',  ( -105.7999181276000087, 8.690881583729984428, 8.219005325409964868 ) ) ;
#4301 = EDGE_CURVE ( 'NONE', #4761, #508, #4707, .T. ) ;
#4302 = EDGE_LOOP ( 'NONE', ( #2729, #4533, #5123, #2570 ) ) ;
#4303 = DIRECTION ( 'NONE',  ( 1.000000000000000000, 0.000000000000000000, 3.677735292388500788E-17 ) ) ;
#4304 = CARTESIAN_POINT ( 'NONE',  ( -109.2979978602585902, -5.979773812482542361, 34.50838616380306689 ) ) ;
#4305 = ORIENTED_EDGE ( 'NONE', *, *, #2418, .F. ) ;
#4306 = CARTESIAN_POINT ( 'NONE',  ( -107.3431329869199971, -13.78335018648000876, 28.92686649941495247 ) ) ;
#4307 = CARTESIAN_POINT ( 'NONE',  ( -109.6834413071819228, 11.14489675800321855, 29.30344630667033456 ) ) ;
#4308 = CYLINDRICAL_SURFACE ( 'NONE', #4624, 6.000000000000005329 ) ;
#4309 = DIRECTION ( 'NONE',  ( -1.264818684629761841E-16, 1.000000000000000000, -2.216726102179205108E-18 ) ) ;
#4310 = CARTESIAN_POINT ( 'NONE',  ( -105.7517788386100079, 13.89249184263999304, 11.96082923644196327 ) ) ;
#4311 = DIRECTION ( 'NONE',  ( -1.000000000000000000, 1.071937337635886090E-14, -3.054740849381664725E-17 ) ) ;
#4312 = CARTESIAN_POINT ( 'NONE',  ( -105.8002476004329395, -13.79267554749431568, 29.88036157027413964 ) ) ;
#4313 = EDGE_LOOP ( 'NONE', ( #240, #1321, #2337, #1921 ) ) ;
#4314 = ORIENTED_EDGE ( 'NONE', *, *, #3527, .F. ) ;
#4315 = CARTESIAN_POINT ( 'NONE',  ( -69.03269852411749241, -91.09321633321947331, -2.775557561562891351E-13 ) ) ;
#4316 = CARTESIAN_POINT ( 'NONE',  ( -105.7520202755299863, -13.89328950239000626, 11.96072475548896463 ) ) ;
#4317 = DIRECTION ( 'NONE',  ( 0.000000000000000000, 0.8122269963904009682, 0.5833415006106007494 ) ) ;
#4318 = CARTESIAN_POINT ( 'NONE',  ( -111.5000000000000000, -8.972675441469096569, 11.59302942376992362 ) ) ;
#4319 = ADVANCED_FACE ( 'NONE', ( #1555 ), #766, .F. ) ;
#4320 = VERTEX_POINT ( 'NONE', #2318 ) ;
#4321 = CARTESIAN_POINT ( 'NONE',  ( -105.8000000000000114, -13.13354597442922511, 12.16179458164342186 ) ) ;
#4322 = DIRECTION ( 'NONE',  ( -1.110223024625156856E-14, -1.000000000000000000, 0.000000000000000000 ) ) ;
#4323 = ORIENTED_EDGE ( 'NONE', *, *, #1700, .T. ) ;
#4324 = CARTESIAN_POINT ( 'NONE',  ( -111.5000000000000000, -10.43752909347183966, 12.64051616208304551 ) ) ;
#4325 = CARTESIAN_POINT ( 'NONE',  ( -110.0474688754576391, -5.094542217541987661, 34.40305696874975183 ) ) ;
#4326 = EDGE_CURVE ( 'NONE', #3194, #3904, #1527, .T. ) ;
#4327 = EDGE_CURVE ( 'NONE', #2539, #4496, #39, .T. ) ;
#4328 = B_SPLINE_CURVE_WITH_KNOTS ( 'NONE', 3,
 ( #4762, #514, #1403, #2072, #3250, #1298, #849, #1630, #2096, #3676, #127, #3565, #21, #880, #2422, #4376, #1603 ),
 .UNSPECIFIED., .F., .F.,
 ( 4, 2, 2, 1, 1, 1, 1, 1, 2, 2, 4 ),
 ( 0.000000000000000000, 0.2500000000008347767, 0.3750000000012521650, 0.4375000000014563906, 0.4687500000015544788, 0.4843750000015994983, 0.4921875000016179835, 0.4960937500016311952, 0.4980468750016378010, 0.5000000000016443513, 1.000000000000000000 ),
 .UNSPECIFIED. ) ;
#4329 = VERTEX_POINT ( 'NONE', #3924 ) ;
#4330 = CARTESIAN_POINT ( 'NONE',  ( -109.9466724700872078, -13.41689557669547561, 26.22103338503348269 ) ) ;
#4331 = CARTESIAN_POINT ( 'NONE',  ( -109.9295024508627563, 11.01827021867263134, 29.31322517865180544 ) ) ;
#4332 = DIRECTION ( 'NONE',  ( 1.000000000000000000, 1.264818684629761841E-16, 1.040834085604003879E-17 ) ) ;
#4333 = EDGE_CURVE ( 'NONE', #2126, #4611, #403, .T. ) ;
#4334 = ORIENTED_EDGE ( 'NONE', *, *, #1231, .F. ) ;
#4335 = CARTESIAN_POINT ( 'NONE',  ( 99.37142614914961314, 99.99999999999894840, 18.00000000000000355 ) ) ;
#4336 = VECTOR ( 'NONE', #4999, 1000.000000000000000 ) ;
#4337 = CARTESIAN_POINT ( 'NONE',  ( -108.3823713795299994, 13.25306155251999307, 13.34761005265696276 ) ) ;
#4338 = CARTESIAN_POINT ( 'NONE',  ( -109.8123006842546374, 13.43575110673913464, 15.61584110706437833 ) ) ;
#4339 = AXIS2_PLACEMENT_3D ( 'NONE', #3056, #267, #4303 ) ;
#4340 = EDGE_LOOP ( 'NONE', ( #2403, #2749 ) ) ;
#4341 = VERTEX_POINT ( 'NONE', #3090 ) ;
#4342 = CARTESIAN_POINT ( 'NONE',  ( -128.8000000000000114, 1.918380135463487975E-13, 8.000000000000005329 ) ) ;
#4343 = DIRECTION ( 'NONE',  ( -3.435719359631880486E-16, -0.03489949670250105246, -0.9993908270190956511 ) ) ;
#4344 = COLOUR_RGB ( '',0.4392156862745097978, 0.4392156862745097978, 0.4392156862745097978 ) ;
#4345 = CARTESIAN_POINT ( 'NONE',  ( 85.00000000000099476, 90.99999999999909051, 1.270315335508547222E-15 ) ) ;
#4346 = DIRECTION ( 'NONE',  ( 1.071937337635886247E-14, 1.000000000000000000, -1.457378446665789181E-17 ) ) ;
#4347 = AXIS2_PLACEMENT_3D ( 'NONE', #3267, #2086, #3302 ) ;
#4348 = ORIENTED_EDGE ( 'NONE', *, *, #4167, .F. ) ;
#4349 = CARTESIAN_POINT ( 'NONE',  ( -105.8000000000000114, -13.59059361469578597, 12.08943679372915270 ) ) ;
#4350 = LINE ( 'NONE', #1147, #2528 ) ;
#4351 = VECTOR ( 'NONE', #3398, 1000.000000000000000 ) ;
#4352 = EDGE_CURVE ( 'NONE', #4402, #801, #1122, .T. ) ;
#4353 = EDGE_LOOP ( 'NONE', ( #548, #3614, #3412, #4910, #2119, #4660 ) ) ;
#4354 = DIRECTION ( 'NONE',  ( 0.000000000000000000, -1.000000000000000000, 0.000000000000000000 ) ) ;
#4355 = DIRECTION ( 'NONE',  ( -1.071937337635886247E-14, -1.000000000000000000, 1.457378446665789181E-17 ) ) ;
#4356 = AXIS2_PLACEMENT_3D ( 'NONE', #3205, #27, #4846 ) ;
#4357 = VERTEX_POINT ( 'NONE', #721 ) ;
#4358 = CARTESIAN_POINT ( 'NONE',  ( -110.2242154221567603, -13.37820122309065063, 25.86964984209384610 ) ) ;
#4359 = DIRECTION ( 'NONE',  ( 3.054740849381649318E-17, -1.457378446665821845E-17, -1.000000000000000000 ) ) ;
#4360 = EDGE_CURVE ( 'NONE', #2557, #508, #3246, .T. ) ;
#4361 = ADVANCED_FACE ( 'NONE', ( #73 ), #510, .F. ) ;
#4362 = CARTESIAN_POINT ( 'NONE',  ( -111.2355749045383249, -11.21220934006598391, 13.20729650343727535 ) ) ;
#4363 = ORIENTED_EDGE ( 'NONE', *, *, #693, .T. ) ;
#4364 = CARTESIAN_POINT ( 'NONE',  ( 85.00000000000099476, 90.99999999999909051, 18.00000000000000355 ) ) ;
#4365 = APPLICATION_CONTEXT ( 'automotive_design' ) ;
#4366 = EDGE_CURVE ( 'NONE', #3904, #1163, #2551, .T. ) ;
#4367 = CARTESIAN_POINT ( 'NONE',  ( -105.7999999999999972, 18.39544826718999104, 21.00000000000000355 ) ) ;
#4368 = FACE_OUTER_BOUND ( 'NONE', #3137, .T. ) ;
#4369 = ORIENTED_EDGE ( 'NONE', *, *, #4264, .F. ) ;
#4370 = ORIENTED_EDGE ( 'NONE', *, *, #125, .F. ) ;
#4371 = DIRECTION ( 'NONE',  ( 1.071937337635886090E-14, 1.000000000000000000, -1.457378446665788873E-17 ) ) ;
#4372 = AXIS2_PLACEMENT_3D ( 'NONE', #29, #3573, #3076 ) ;
#4373 = CARTESIAN_POINT ( 'NONE',  ( -111.5000000000000000, 11.29999999999999183, 32.30000000000001137 ) ) ;
#4374 = CARTESIAN_POINT ( 'NONE',  ( -105.7999998503100016, -8.690883860630016500, 8.219083487799963450 ) ) ;
#4375 = ORIENTED_EDGE ( 'NONE', *, *, #1171, .F. ) ;
#4376 = CARTESIAN_POINT ( 'NONE',  ( -106.6231948916194483, 12.48588871924162724, 12.47645677481925297 ) ) ;
#4377 = DIRECTION ( 'NONE',  ( -1.264818684629761841E-16, 1.000000000000000000, -0.000000000000000000 ) ) ;
#4378 = DIRECTION ( 'NONE',  ( -0.9993908270190956511, 1.110223024625155909E-14, -0.03489949670250102470 ) ) ;
#4379 = ORIENTED_EDGE ( 'NONE', *, *, #1544, .F. ) ;
#4380 = CARTESIAN_POINT ( 'NONE',  ( 100.1110668972829956, -18.45256313723356811, 40.00000000000000000 ) ) ;
#4381 = CARTESIAN_POINT ( 'NONE',  ( -110.3097700795638758, 11.96395457920908889, 13.37059730144122760 ) ) ;
#4382 = ORIENTED_EDGE ( 'NONE', *, *, #3951, .T. ) ;
#4383 = ORIENTED_EDGE ( 'NONE', *, *, #47, .T. ) ;
#4384 = CARTESIAN_POINT ( 'NONE',  ( -100.0000000000009805, -90.00609172980793460, -1.309330598830987033E-15 ) ) ;
#4385 = CARTESIAN_POINT ( 'NONE',  ( -111.6637076764600067, -8.564349703720017359, 10.93216600988996312 ) ) ;
#4386 = CARTESIAN_POINT ( 'NONE',  ( -106.0992467783999871, 8.683559285329982558, 7.042056985149963921 ) ) ;
#4387 = ADVANCED_FACE ( 'NONE', ( #1677 ), #2068, .T. ) ;
#4388 = VERTEX_POINT ( 'NONE', #3583 ) ;
#4389 = DIRECTION ( 'NONE',  ( -1.000000000000000000, -1.264818684629761841E-16, -1.040834085604003879E-17 ) ) ;
#4390 = CARTESIAN_POINT ( 'NONE',  ( -1.051619782396317224E-12, -99.33650537965677074, 19.00000000000000000 ) ) ;
#4391 = CARTESIAN_POINT ( 'NONE',  ( -110.4692121631374278, 13.34410241028308519, 16.45617915750991855 ) ) ;
#4392 = EDGE_CURVE ( 'NONE', #5100, #2635, #2082, .T. ) ;
#4393 = VERTEX_POINT ( 'NONE', #4395 ) ;
#4394 = ORIENTED_EDGE ( 'NONE', *, *, #278, .T. ) ;
#4395 = CARTESIAN_POINT ( 'NONE',  ( -105.8000352449399912, 13.96059600190999284, 12.16529309241896328 ) ) ;
#4396 = CARTESIAN_POINT ( 'NONE',  ( 72.00000000000093792, 86.99999999999923261, 4.372135339997381410E-17 ) ) ;
#4397 = DIRECTION ( 'NONE',  ( -1.000000000000000000, -1.264818684629761841E-16, -1.040834085604003879E-17 ) ) ;
#4398 = ORIENTED_EDGE ( 'NONE', *, *, #1135, .F. ) ;
#4399 = PLANE ( 'NONE',  #1375 ) ;
#4400 = DIRECTION ( 'NONE',  ( 3.054740849381649318E-17, -1.457378446665821845E-17, -1.000000000000000000 ) ) ;
#4401 = CARTESIAN_POINT ( 'NONE',  ( -110.4692121630087200, -4.543820842631445700, 7.655897589686539995 ) ) ;
#4402 = VERTEX_POINT ( 'NONE', #2416 ) ;
#4403 = CARTESIAN_POINT ( 'NONE',  ( -106.0064704431062665, -13.95892725468190498, 29.73355240326684523 ) ) ;
#4404 = CARTESIAN_POINT ( 'NONE',  ( -109.4701904783715918, 12.51682954355578126, 13.34533114119875741 ) ) ;
#4405 = VERTEX_POINT ( 'NONE', #1266 ) ;
#4406 = FACE_OUTER_BOUND ( 'NONE', #66, .T. ) ;
#4407 = CARTESIAN_POINT ( 'NONE',  ( -105.8000107789149666, 8.842328233068224463, 34.15171905402747399 ) ) ;
#4408 = B_SPLINE_CURVE_WITH_KNOTS ( 'NONE', 3,
 ( #2301, #2758, #3489, #4713, #4277, #311, #3884, #1895, #4688, #3071, #3471, #5070 ),
 .UNSPECIFIED., .F., .F.,
 ( 4, 1, 1, 1, 1, 2, 2, 4 ),
 ( 0.000000000000000000, 0.2499999999998446243, 0.3749999999997669642, 0.4374999999997278843, 0.4687499999997083444, 0.4843749999997118416, 0.4999999999997153388, 1.000000000000000000 ),
 .UNSPECIFIED. ) ;
#4409 = CARTESIAN_POINT ( 'NONE',  ( -105.9054851111476552, -13.95980854032271523, 12.21536301469271102 ) ) ;
#4410 = CARTESIAN_POINT ( 'NONE',  ( -79.08591166940439621, 66.58591166939825712, 216.5000000000000000 ) ) ;
#4411 = EDGE_LOOP ( 'NONE', ( #824, #2818 ) ) ;
#4412 = CARTESIAN_POINT ( 'NONE',  ( -111.5000000000000000, -10.27680088562000904, 33.75293548784995323 ) ) ;
#4413 = EDGE_CURVE ( 'NONE', #2507, #132, #852, .T. ) ;
#4414 = DIRECTION ( 'NONE',  ( -1.000000000000000000, -1.264818684629761841E-16, -1.040834085604003879E-17 ) ) ;
#4415 = CARTESIAN_POINT ( 'NONE',  ( -105.7999971377352040, -10.60493128761618742, 34.96071033574295228 ) ) ;
#4416 = ORIENTED_EDGE ( 'NONE', *, *, #2417, .T. ) ;
#4417 = VERTEX_POINT ( 'NONE', #2862 ) ;
#4418 = CARTESIAN_POINT ( 'NONE',  ( -100.0000000000010800, -99.37142614914746730, 18.00000000000000000 ) ) ;
#4419 = EDGE_CURVE ( 'NONE', #674, #4081, #4008, .T. ) ;
#4421 = CARTESIAN_POINT ( 'NONE',  ( -111.5000000000000000, -2.835239607800018380, 7.801082757799963296 ) ) ;
#4420 = AXIS2_PLACEMENT_3D ( 'NONE', #4979, #2535, #3441 ) ;
#4422 = FACE_OUTER_BOUND ( 'NONE', #143, .T. ) ;
#4423 = VECTOR ( 'NONE', #3139, 1000.000000000000227 ) ;
#4424 = ORIENTED_EDGE ( 'NONE', *, *, #748, .F. ) ;
#4425 = CARTESIAN_POINT ( 'NONE',  ( -105.7999999999999972, 11.29999999999999183, 32.30000000000001137 ) ) ;
#4426 = PLANE ( 'NONE',  #1201 ) ;
#4427 = CARTESIAN_POINT ( 'NONE',  ( -109.8803696777240191, -5.301877909680799306, 7.573809191407357311 ) ) ;
#4428 = CIRCLE ( 'NONE', #1793, 2.999999999999999556 ) ;
#4429 = EDGE_LOOP ( 'NONE', ( #2134, #2176, #2738, #2402, #4398, #49 ) ) ;
#4430 = EDGE_CURVE ( 'NONE', #3928, #508, #3671, .T. ) ;
#4431 = FACE_OUTER_BOUND ( 'NONE', #1776, .T. ) ;
#4432 = CARTESIAN_POINT ( 'NONE',  ( -103.8689262036862289, -13.97758132065622227, 32.38971571186900889 ) ) ;
#4433 = STYLED_ITEM ( 'NONE', ( #1074 ), #3579 ) ;
#4434 = AXIS2_PLACEMENT_3D ( 'NONE', #4052, #4523, #1695 ) ;
#4435 = EDGE_LOOP ( 'NONE', ( #1602, #4882 ) ) ;
#4436 = CARTESIAN_POINT ( 'NONE',  ( -107.7744009624899917, 8.329330574939982412, 8.966901710789963786 ) ) ;
#4437 = CARTESIAN_POINT ( 'NONE',  ( -111.5000000000000000, -9.406970576230056835, 12.02732455853090343 ) ) ;
#4438 = VECTOR ( 'NONE', #4973, 1000.000000000000114 ) ;
#4439 = CARTESIAN_POINT ( 'NONE',  ( -107.3423351061199895, 7.927723328689982196, 34.78340328617996136 ) ) ;
#4440 = DIRECTION ( 'NONE',  ( -1.110223024625155909E-14, -0.9993908270190956511, 0.03489949670250103858 ) ) ;
#4441 = EDGE_LOOP ( 'NONE', ( #746, #1704, #4948 ) ) ;
#4442 = DIRECTION ( 'NONE',  ( -1.000000000000000000, 1.071937337635886090E-14, -3.054740849381664725E-17 ) ) ;
#4443 = CARTESIAN_POINT ( 'NONE',  ( -111.5000000000000000, -1.632880357086818318E-14, 21.00000000000000355 ) ) ;
#4444 = VERTEX_POINT ( 'NONE', #874 ) ;
#4445 = ORIENTED_EDGE ( 'NONE', *, *, #1103, .T. ) ;
#4446 = CARTESIAN_POINT ( 'NONE',  ( -96.02278119608016027, 4.175803660388210936, 1.687727700070147829 ) ) ;
#4447 = CARTESIAN_POINT ( 'NONE',  ( -71.37530495244647000, -89.21913119055624009, 17.99999999999998934 ) ) ;
#4448 = DIRECTION ( 'NONE',  ( -1.156482317317380935E-14, -1.000000000000000000, 1.457378446665785483E-17 ) ) ;
#4449 = AXIS2_PLACEMENT_3D ( 'NONE', #3563, #2783, #2395 ) ;
#4450 = ADVANCED_FACE ( 'NONE', ( #121 ), #2041, .F. ) ;
#4451 = ORIENTED_EDGE ( 'NONE', *, *, #4274, .T. ) ;
#4452 = CARTESIAN_POINT ( 'NONE',  ( -104.7545018577474423, -12.86406238312461348, 7.030146980995287009 ) ) ;
#4453 = CARTESIAN_POINT ( 'NONE',  ( -111.5000932241683103, -7.874188366066717570, 10.03394356082626260 ) ) ;
#4454 = DIRECTION ( 'NONE',  ( 3.054740849381649318E-17, -1.457378446665821845E-17, -1.000000000000000000 ) ) ;
#4455 = AXIS2_PLACEMENT_3D ( 'NONE', #1448, #1756, #1029 ) ;
#4456 = ORIENTED_EDGE ( 'NONE', *, *, #5060, .F. ) ;
#4457 = DIRECTION ( 'NONE',  ( 3.054740849381649318E-17, -1.457378446665821845E-17, -1.000000000000000000 ) ) ;
#4458 = CARTESIAN_POINT ( 'NONE',  ( -79.08591166940210826, -66.58591166940455253, 17.99999999999999645 ) ) ;
#4459 = ORIENTED_EDGE ( 'NONE', *, *, #4652, .T. ) ;
#4460 = CARTESIAN_POINT ( 'NONE',  ( -69.03269852411747820, -91.09321633321945910, 216.0010000000000048 ) ) ;
#4461 = ADVANCED_FACE ( 'NONE', ( #1216 ), #2471, .F. ) ;
#4462 = CARTESIAN_POINT ( 'NONE',  ( -79.08591166940225037, -79.08591166940455253, 18.99999999999999645 ) ) ;
#4463 = CARTESIAN_POINT ( 'NONE',  ( -107.3444359650899997, -13.78312891537002649, 13.07410121225196420 ) ) ;
#4464 = CARTESIAN_POINT ( 'NONE',  ( -111.6981045598799938, 7.865355043949983305, 31.84632689361994906 ) ) ;
#4465 = ORIENTED_EDGE ( 'NONE', *, *, #2081, .F. ) ;
#4466 = DIRECTION ( 'NONE',  ( 1.264818684629761841E-16, -1.000000000000000000, 0.000000000000000000 ) ) ;
#4467 = B_SPLINE_SURFACE_WITH_KNOTS ( 'NONE', 3, 3, ( 
 ( #779, #5058, #3154, #1566, #3891 ),
 ( #3938, #5, #3549, #3913, #2722 ),
 ( #1589, #1200, #1155, #2696, #4744 ),
 ( #4668, #340, #2769, #807, #2799 ),
 ( #4283, #2383, #3965, #1923, #3183 ),
 ( #4773, #4385, #834, #2405, #2309 ) ),
 .UNSPECIFIED., .F., .F., .F.,
 ( 4, 1, 1, 4 ),
 ( 4, 1, 4 ),
 ( 0.07411221525373999641, 0.4047758086536999977, 0.6203020872422000398, 0.8431112489711000135 ),
 ( -0.009978804455349999866, 0.5714285714286000406, 1.008838985553999867 ),
 .UNSPECIFIED. ) ;
#4468 = CARTESIAN_POINT ( 'NONE',  ( 99.99999999999903366, -90.00609172980996675, 4.800151099932341283E-15 ) ) ;
#4469 = DIRECTION ( 'NONE',  ( 1.000000000000000000, 1.264818684629761841E-16, 1.040834085604003879E-17 ) ) ;
#4470 = ORIENTED_EDGE ( 'NONE', *, *, #4175, .F. ) ;
#4471 = ORIENTED_EDGE ( 'NONE', *, *, #1570, .T. ) ;
#4472 = CARTESIAN_POINT ( 'NONE',  ( -108.4239808017448468, -11.73802392814816109, 29.33140532585188254 ) ) ;
#4473 = FACE_OUTER_BOUND ( 'NONE', #832, .T. ) ;
#4474 = DIRECTION ( 'NONE',  ( 3.054740849381649318E-17, -1.457378446665821845E-17, -1.000000000000000000 ) ) ;
#4475 = ORIENTED_EDGE ( 'NONE', *, *, #3890, .F. ) ;
#4476 = VERTEX_POINT ( 'NONE', #1706 ) ;
#4477 = CYLINDRICAL_SURFACE ( 'NONE', #3505, 2.750000000000000888 ) ;
#4478 = CARTESIAN_POINT ( 'NONE',  ( -99.37142614914952787, -89.37751787895649613, 17.99999999999999645 ) ) ;
#4479 = ORIENTED_EDGE ( 'NONE', *, *, #4235, .F. ) ;
#4480 = EDGE_CURVE ( 'NONE', #675, #4357, #940, .T. ) ;
#4481 = CARTESIAN_POINT ( 'NONE',  ( -111.0705102417571908, 8.416365460210647242, 31.38292662936716937 ) ) ;
#4482 = CARTESIAN_POINT ( 'NONE',  ( -9.473215056682649460E-13, -83.34003581738170396, 167.5412203309814743 ) ) ;
#4483 = ORIENTED_EDGE ( 'NONE', *, *, #2743, .F. ) ;
#4484 = LINE ( 'NONE', #2901, #577 ) ;
#4485 = CARTESIAN_POINT ( 'NONE',  ( -106.7106816290072118, -8.368707897880792501, 7.127987956288840188 ) ) ;
#4486 = ADVANCED_FACE ( 'NONE', ( #1373 ), #1202, .T. ) ;
#4487 = CARTESIAN_POINT ( 'NONE',  ( -111.5000000000000000, 2.835239607799976636, 34.19891724219994700 ) ) ;
#4488 = CARTESIAN_POINT ( 'NONE',  ( -105.7999785328200062, 13.96059585347999210, 29.83484095509395218 ) ) ;
#4489 = EDGE_CURVE ( 'NONE', #4923, #3911, #3172, .T. ) ;
#4490 = VERTEX_POINT ( 'NONE', #3406 ) ;
#4491 = VERTEX_POINT ( 'NONE', #616 ) ;
#4492 = CARTESIAN_POINT ( 'NONE',  ( 66.58591166940045980, -79.08591166940260564, 216.5000000000000000 ) ) ;
#4493 = CARTESIAN_POINT ( 'NONE',  ( -111.6966194473600069, 10.84519764461999181, 28.86829607908795481 ) ) ;
#4494 = EDGE_CURVE ( 'NONE', #1988, #54, #2194, .T. ) ;
#4495 = DIRECTION ( 'NONE',  ( -9.251858538532497727E-15, -1.000000000000000000, 0.000000000000000000 ) ) ;
#4496 = VERTEX_POINT ( 'NONE', #1782 ) ;
#4497 = DIRECTION ( 'NONE',  ( 1.000000000000000000, 1.264818684629761841E-16, 1.040834085604003879E-17 ) ) ;
#4498 = DIRECTION ( 'NONE',  ( -1.071937337635886090E-14, -1.000000000000000000, 0.000000000000000000 ) ) ;
#4499 = CARTESIAN_POINT ( 'NONE',  ( -106.7841865126257090, -13.86168160601271815, 29.32590218090655299 ) ) ;
#4500 = ORIENTED_EDGE ( 'NONE', *, *, #331, .T. ) ;
#4501 = ORIENTED_EDGE ( 'NONE', *, *, #2899, .F. ) ;
#4502 = DIRECTION ( 'NONE',  ( 1.000000000000000000, 1.264818684629761841E-16, 1.040834085604003879E-17 ) ) ;
#4503 = FACE_OUTER_BOUND ( 'NONE', #1915, .T. ) ;
#4504 = VECTOR ( 'NONE', #4343, 1000.000000000000114 ) ;
#4505 = ORIENTED_EDGE ( 'NONE', *, *, #988, .T. ) ;
#4506 = AXIS2_PLACEMENT_3D ( 'NONE', #1526, #4245, #2272 ) ;
#4507 = CARTESIAN_POINT ( 'NONE',  ( 72.00000000000099476, 92.99999999999923261, 216.0010000000000048 ) ) ;
#4508 = CARTESIAN_POINT ( 'NONE',  ( -99.99999999999903366, 90.00609172981006623, -4.393575285250278698E-15 ) ) ;
#4509 = AXIS2_PLACEMENT_3D ( 'NONE', #2106, #4907, #2214 ) ;
#4510 = VECTOR ( 'NONE', #1088, 1000.000000000000114 ) ;
#4511 = ORIENTED_EDGE ( 'NONE', *, *, #4301, .F. ) ;
#4512 = CARTESIAN_POINT ( 'NONE',  ( -105.8000352452399966, 8.834706907529980668, 34.96059600177994753 ) ) ;
#4513 = ORIENTED_EDGE ( 'NONE', *, *, #2060, .F. ) ;
#4514 = LINE ( 'NONE', #4799, #1128 ) ;
#4515 = AXIS2_PLACEMENT_3D ( 'NONE', #896, #3638, #1755 ) ;
#4516 = CARTESIAN_POINT ( 'NONE',  ( -106.0992429490106019, -2.894514423776676004, 7.042055853832769330 ) ) ;
#4517 = CARTESIAN_POINT ( 'NONE',  ( -1.018340470754091965E-12, -95.00000000000000000, 1.384509524332499799E-15 ) ) ;
#4518 = AXIS2_PLACEMENT_3D ( 'NONE', #4031, #3562, #18 ) ;
#4519 = ORIENTED_EDGE ( 'NONE', *, *, #3417, .T. ) ;
#4520 = ORIENTED_EDGE ( 'NONE', *, *, #1461, .T. ) ;
#4521 = EDGE_CURVE ( 'NONE', #979, #566, #3789, .T. ) ;
#4523 = DIRECTION ( 'NONE',  ( -1.000000000000000000, -1.264818684629761841E-16, -1.040834085604003879E-17 ) ) ;
#4522 = AXIS2_PLACEMENT_3D ( 'NONE', #4586, #3391, #3757 ) ;
#4524 = EDGE_CURVE ( 'NONE', #1909, #1322, #3360, .T. ) ;
#4525 = VECTOR ( 'NONE', #4545, 1000.000000000000114 ) ;
#4526 = FACE_OUTER_BOUND ( 'NONE', #2078, .T. ) ;
#4527 = DIRECTION ( 'NONE',  ( -0.03488755207512590772, 0.02616101293518404217, -0.9990487776442201762 ) ) ;
#4528 = AXIS2_PLACEMENT_3D ( 'NONE', #336, #1920, #2820 ) ;
#4529 = EDGE_CURVE ( 'NONE', #3911, #1175, #2346, .T. ) ;
#4530 = DIRECTION ( 'NONE',  ( -1.040834085604003879E-17, 2.216726102179200101E-18, 1.000000000000000000 ) ) ;
#4531 = DIRECTION ( 'NONE',  ( -1.156482317317870344E-14, -1.000000000000000000, 1.457378446665788873E-17 ) ) ;
#4532 = CARTESIAN_POINT ( 'NONE',  ( -106.4260983458020178, -13.91200761587517931, 29.52435193730538998 ) ) ;
#4533 = ORIENTED_EDGE ( 'NONE', *, *, #3448, .F. ) ;
#4534 = ORIENTED_EDGE ( 'NONE', *, *, #4489, .F. ) ;
#4535 = CARTESIAN_POINT ( 'NONE',  ( -103.5499999999999829, -11.30000000000000604, 32.30000000000001137 ) ) ;
#4536 = CARTESIAN_POINT ( 'NONE',  ( -104.9999999999634213, 17.07073108183382359, -3.456263047324543651E-15 ) ) ;
#4537 =( BOUNDED_CURVE ( )  B_SPLINE_CURVE ( 3, ( #608, #2185, #3765, #219 ),
 .UNSPECIFIED., .F., .F. ) 
 B_SPLINE_CURVE_WITH_KNOTS ( ( 4, 4 ),
 ( 0.000000000000000000, 1.571101075737691755 ),
 .UNSPECIFIED. ) 
 CURVE ( )  GEOMETRIC_REPRESENTATION_ITEM ( )  RATIONAL_B_SPLINE_CURVE ( ( 1.000000000000000000, 0.8046660186374428037, 0.8046660186374428037, 1.000000000000000000 ) ) 
 REPRESENTATION_ITEM ( '' )  );
#4538 = EDGE_LOOP ( 'NONE', ( #1552, #1367, #2705, #3706, #3052, #432, #454, #3564, #4626, #4060 ) ) ;
#4539 = CARTESIAN_POINT ( 'NONE',  ( -111.5000841269908847, -10.96671474627186527, 28.87443830962170210 ) ) ;
#4540 = CARTESIAN_POINT ( 'NONE',  ( -109.3489524598469700, -12.59684775785366639, 28.65790734590730082 ) ) ;
#4541 = ORIENTED_EDGE ( 'NONE', *, *, #1138, .T. ) ;
#4542 = CARTESIAN_POINT ( 'NONE',  ( -105.8000549481889436, 13.88120535318017446, 12.13902449583747867 ) ) ;
#4543 = CARTESIAN_POINT ( 'NONE',  ( -111.5003764568290876, 10.96565693037379319, 13.12553606009812235 ) ) ;
#4544 = CARTESIAN_POINT ( 'NONE',  ( 89.37751787895861355, 99.37142614914756678, 18.00000000000000355 ) ) ;
#4545 = DIRECTION ( 'NONE',  ( -3.435719359631939650E-16, -0.03489949670250160757, -0.9993908270190956511 ) ) ;
#4546 = AXIS2_PLACEMENT_3D ( 'NONE', #4772, #3936, #318 ) ;
#4547 = ORIENTED_EDGE ( 'NONE', *, *, #567, .F. ) ;
#4548 = VERTEX_POINT ( 'NONE', #255 ) ;
#4549 = CARTESIAN_POINT ( 'NONE',  ( -109.6785067677678427, 8.303320460956989280, 9.852747348654634862 ) ) ;
#4550 = CARTESIAN_POINT ( 'NONE',  ( -105.7999999999999972, -11.30000000000000604, 32.30000000000001137 ) ) ;
#4551 = EDGE_CURVE ( 'NONE', #2730, #132, #3305, .T. ) ;
#4552 = DIRECTION ( 'NONE',  ( 1.000000000000000000, 0.000000000000000000, 3.054740849381646853E-17 ) ) ;
#4553 = PRODUCT_RELATED_PRODUCT_CATEGORY ( 'part', '', ( #497 ) ) ;
#4554 = FACE_OUTER_BOUND ( 'NONE', #936, .T. ) ;
#4555 = CARTESIAN_POINT ( 'NONE',  ( -105.7999999999999972, -8.690976670070016397, 33.78087719405994704 ) ) ;
#4556 = DIRECTION ( 'NONE',  ( 1.071937337635886090E-14, 1.000000000000000000, -1.457378446665789181E-17 ) ) ;
#4557 = CARTESIAN_POINT ( 'NONE',  ( -103.6031692202931822, 17.07073108183375609, 39.99999999999999289 ) ) ;
#4558 = EDGE_CURVE ( 'NONE', #4559, #4234, #3959, .T. ) ;
#4559 = VERTEX_POINT ( 'NONE', #2577 ) ;
#4560 = VERTEX_POINT ( 'NONE', #2913 ) ;
#4561 = CARTESIAN_POINT ( 'NONE',  ( -108.4989362304976623, -8.121555389397920877, 33.74055948464642540 ) ) ;
#4562 = CARTESIAN_POINT ( 'NONE',  ( -108.3954751608733318, -13.63524517740323816, 14.06444963759353861 ) ) ;
#4563 = CARTESIAN_POINT ( 'NONE',  ( -111.5381319868899794, 9.982975037569984167, 12.39552497996796454 ) ) ;
#4564 = CARTESIAN_POINT ( 'NONE',  ( -8.728742107908186761E-13, -80.91185967956498359, 181.6774837423334930 ) ) ;
#4565 = CARTESIAN_POINT ( 'NONE',  ( -109.8549896946152558, -12.26041250850325071, 28.64737138079581769 ) ) ;
#4566 = ORIENTED_EDGE ( 'NONE', *, *, #1634, .T. ) ;
#4567 = DIRECTION ( 'NONE',  ( 0.000000000000000000, -0.4250068446620199891, 0.9051901358225429295 ) ) ;
#4568 = CARTESIAN_POINT ( 'NONE',  ( -111.5000000000000000, 10.02497946381999228, 12.41557040651496280 ) ) ;
#4569 = CARTESIAN_POINT ( 'NONE',  ( -105.8000549481900379, -8.860975504191664243, 7.118794646903297441 ) ) ;
#4570 = DIRECTION ( 'NONE',  ( 1.033295711319032814E-14, 1.000000000000000000, -1.457378446665790414E-17 ) ) ;
#4571 = ORIENTED_EDGE ( 'NONE', *, *, #1238, .F. ) ;
#4572 = ORIENTED_EDGE ( 'NONE', *, *, #1867, .T. ) ;
#4573 = CARTESIAN_POINT ( 'NONE',  ( -108.8019020124196459, 8.311997600456775714, 9.431960101002617947 ) ) ;
#4574 = DIRECTION ( 'NONE',  ( 1.000000000000000000, -1.058059549828071791E-14, 3.054740849381660411E-17 ) ) ;
#4575 = DIRECTION ( 'NONE',  ( 0.6246950475544342796, 0.7808688094430222826, 7.702601076150808197E-18 ) ) ;
#4576 = CARTESIAN_POINT ( 'NONE',  ( 72.00000000000096634, 89.99999999999921840, 8.000000000000000000 ) ) ;
#4577 = EDGE_CURVE ( 'NONE', #885, #4680, #2434, .T. ) ;
#4578 = EDGE_CURVE ( 'NONE', #4393, #4904, #7, .T. ) ;
#4579 = DIRECTION ( 'NONE',  ( -8.673617379884051249E-15, -1.000000000000000000, 0.000000000000000000 ) ) ;
#4580 = CARTESIAN_POINT ( 'NONE',  ( -106.0051964903404240, 13.95893837229922951, 29.73422422011760347 ) ) ;
#4581 = DIRECTION ( 'NONE',  ( -3.054740849381649318E-17, 1.457378446665821845E-17, 1.000000000000000000 ) ) ;
#4582 = ORIENTED_EDGE ( 'NONE', *, *, #3431, .F. ) ;
#4583 = VERTEX_POINT ( 'NONE', #1064 ) ;
#4584 = CARTESIAN_POINT ( 'NONE',  ( -110.5854122440978387, 7.693215727440518847, 9.269431410284260764 ) ) ;
#4585 = EDGE_CURVE ( 'NONE', #495, #4918, #2940, .T. ) ;
#4586 = CARTESIAN_POINT ( 'NONE',  ( -111.5000000000000000, -1.632880357086818318E-14, 21.00000000000000355 ) ) ;
#4587 = EDGE_CURVE ( 'NONE', #1180, #2495, #568, .T. ) ;
#4588 = DIRECTION ( 'NONE',  ( 0.000000000000000000, 0.000000000000000000, -1.000000000000000000 ) ) ;
#4589 = CYLINDRICAL_SURFACE ( 'NONE', #4615, 12.49999999999999645 ) ;
#4590 = EDGE_LOOP ( 'NONE', ( #4965, #2095, #619, #2091, #42, #184, #1435 ) ) ;
#4591 = CARTESIAN_POINT ( 'NONE',  ( -111.5000000000000000, -10.02497946439000742, 12.41557040681996149 ) ) ;
#4592 = CARTESIAN_POINT ( 'NONE',  ( -115.7999999999999545, -13.00000000000003730, 28.61522368914981840 ) ) ;
#4593 = EDGE_CURVE ( 'NONE', #3932, #1380, #431, .T. ) ;
#4594 = VECTOR ( 'NONE', #4815, 1000.000000000000114 ) ;
#4595 = CARTESIAN_POINT ( 'NONE',  ( -105.7999998503100016, -8.690883860630016500, 8.219083487799963450 ) ) ;
#4596 = FACE_OUTER_BOUND ( 'NONE', #990, .T. ) ;
#4597 = CIRCLE ( 'NONE', #122, 2.750000000000000888 ) ;
#4598 = VERTEX_POINT ( 'NONE', #2602 ) ;
#4599 = ORIENTED_EDGE ( 'NONE', *, *, #767, .T. ) ;
#4600 = CARTESIAN_POINT ( 'NONE',  ( -110.8046931488998013, 8.384071664549011871, 10.46302845457901398 ) ) ;
#4601 = VECTOR ( 'NONE', #958, 1000.000000000000000 ) ;
#4602 = CARTESIAN_POINT ( 'NONE',  ( -105.7999999999999972, 9.424871065392377290, 7.039372255486406438 ) ) ;
#4603 = VECTOR ( 'NONE', #3234, 1000.000000000000000 ) ;
#4604 = B_SPLINE_CURVE_WITH_KNOTS ( 'NONE', 3,
 ( #2387, #1209, #3994, #9, #67, #1260, #444, #811, #4747, #395, #759, #3943, #1236, #3499, #2035, #1647, #342, #4777, #1982, #3215, #5082 ),
 .UNSPECIFIED., .F., .F.,
 ( 4, 2, 2, 2, 1, 1, 1, 1, 1, 2, 2, 2, 4 ),
 ( 0.000000000000000000, 0.2499999999994775290, 0.3749999999992164046, 0.4374999999990893951, 0.4687499999990215604, 0.4843749999989874211, 0.4921874999989748201, 0.4960937499989685473, 0.4980468749989657162, 0.4990234374989691579, 0.4999999999989725996, 0.7499999999994862998, 1.000000000000000000 ),
 .UNSPECIFIED. ) ;
#4605 = VECTOR ( 'NONE', #2186, 1000.000000000000000 ) ;
#4606 = CARTESIAN_POINT ( 'NONE',  ( -99.33650537965607441, 66.58591166939844186, 18.99999999999999645 ) ) ;
#4607 = CARTESIAN_POINT ( 'NONE',  ( -106.0992423229199915, -8.683551278330016387, 7.042046119259963710 ) ) ;
#4608 = CARTESIAN_POINT ( 'NONE',  ( -106.8813787141342004, -8.266381871049507168, 34.84802213288615036 ) ) ;
#4609 = AXIS2_PLACEMENT_3D ( 'NONE', #2506, #550, #1745 ) ;
#4610 = DIRECTION ( 'NONE',  ( -1.000000000000000000, -1.264818684629761841E-16, -1.040834085604003879E-17 ) ) ;
#4611 = VERTEX_POINT ( 'NONE', #3330 ) ;
#4612 = EDGE_LOOP ( 'NONE', ( #4746, #2959, #3812, #4599, #4987, #2415, #4483, #945, #1817, #2040, #213, #3921, #2945, #4997, #2979, #1561, #1057, #1617, #4619, #2545, #604, #1861 ) ) ;
#4613 = CYLINDRICAL_SURFACE ( 'NONE', #1374, 2.750000000000000888 ) ;
#4614 = CARTESIAN_POINT ( 'NONE',  ( 8.468875440108494018E-13, 80.06546480392294995, 214.0000000000000000 ) ) ;
#4615 = AXIS2_PLACEMENT_3D ( 'NONE', #1464, #1044, #2613 ) ;
#4616 = SURFACE_SIDE_STYLE ('',( #5028 ) ) ;
#4617 = CARTESIAN_POINT ( 'NONE',  ( 1.006706326162191949E-12, 95.00000000000000000, -1.384509524332499996E-15 ) ) ;
#4618 = EDGE_CURVE ( 'NONE', #2907, #675, #1742, .T. ) ;
#4619 = ORIENTED_EDGE ( 'NONE', *, *, #3110, .T. ) ;
#4620 = CARTESIAN_POINT ( 'NONE',  ( -105.7999616308730282, 13.39247158588755227, 12.11214821211094339 ) ) ;
#4621 = DIRECTION ( 'NONE',  ( 3.054740849381649318E-17, -1.457378446665821845E-17, -1.000000000000000000 ) ) ;
#4622 = CARTESIAN_POINT ( 'NONE',  ( -105.7999972407504856, -8.825633327964270691, 7.905767214193150316 ) ) ;
#4623 = DIRECTION ( 'NONE',  ( -1.000000000000000000, 1.033295711319032814E-14, -3.054740849381664109E-17 ) ) ;
#4624 = AXIS2_PLACEMENT_3D ( 'NONE', #5041, #3079, #4237 ) ;
#4625 = EDGE_CURVE ( 'NONE', #2071, #1097, #1865, .T. ) ;
#4626 = ORIENTED_EDGE ( 'NONE', *, *, #284, .F. ) ;
#4627 = CARTESIAN_POINT ( 'NONE',  ( -115.7999999999999829, -13.00000000000001599, 21.00000000000000355 ) ) ;
#4628 = AXIS2_PLACEMENT_3D ( 'NONE', #2005, #2057, #2436 ) ;
#4629 = CARTESIAN_POINT ( 'NONE',  ( -107.1999875983394759, 8.056923674959067583, 34.80324457435633434 ) ) ;
#4630 = LINE ( 'NONE', #3778, #2198 ) ;
#4631 = DIRECTION ( 'NONE',  ( 0.000000000000000000, 0.000000000000000000, -1.000000000000000000 ) ) ;
#4632 = CARTESIAN_POINT ( 'NONE',  ( -105.8001537270861832, -13.04513240126125595, 29.81056825019566858 ) ) ;
#4633 = ORIENTED_EDGE ( 'NONE', *, *, #1605, .T. ) ;
#4634 = VERTEX_POINT ( 'NONE', #3042 ) ;
#4635 = DIRECTION ( 'NONE',  ( 1.264818684629761841E-16, -1.000000000000000000, 0.000000000000000000 ) ) ;
#4636 = CARTESIAN_POINT ( 'NONE',  ( -111.6567114354500063, -10.44900424142000794, 12.66885213833296220 ) ) ;
#4637 =( LENGTH_UNIT ( ) NAMED_UNIT ( * ) SI_UNIT ( .MILLI., .METRE. ) );
#4638 = CARTESIAN_POINT ( 'NONE',  ( -111.2046741576399995, -5.121061853220017390, 33.67507286843994763 ) ) ;
#4639 = ORIENTED_EDGE ( 'NONE', *, *, #3141, .T. ) ;
#4640 = DIRECTION ( 'NONE',  ( -1.000000000000000000, -1.264818684629761841E-16, -1.040834085604003879E-17 ) ) ;
#4641 = CARTESIAN_POINT ( 'NONE',  ( -111.2430757562500077, 13.23502558986999311, 24.34569091801595420 ) ) ;
#4642 = ADVANCED_FACE ( 'NONE', ( #3828 ), #1855, .T. ) ;
#4643 = EDGE_CURVE ( 'NONE', #2845, #2635, #5019, .T. ) ;
#4644 = CARTESIAN_POINT ( 'NONE',  ( -105.2618469246599915, -8.795815263520017524, 33.95239169931994638 ) ) ;
#4645 = FACE_OUTER_BOUND ( 'NONE', #1474, .T. ) ;
#4646 = ORIENTED_EDGE ( 'NONE', *, *, #2517, .T. ) ;
#4647 = CARTESIAN_POINT ( 'NONE',  ( -108.4710012316712380, 8.328809739413793878, 9.283350439041701208 ) ) ;
#4648 = ADVANCED_FACE ( 'NONE', ( #2652 ), #274, .F. ) ;
#4649 = ADVANCED_FACE ( 'NONE', ( #4554 ), #50, .T. ) ;
#4650 = CARTESIAN_POINT ( 'NONE',  ( -91.97879244616758854, 18.63586434395955038, 33.00000932784752194 ) ) ;
#4651 = CARTESIAN_POINT ( 'NONE',  ( -108.0566099502880348, -8.363894925449876894, 33.53932590109943845 ) ) ;
#4652 = EDGE_CURVE ( 'NONE', #181, #856, #3332, .T. ) ;
#4653 = CARTESIAN_POINT ( 'NONE',  ( -7.143396495509896255E-13, -66.58591166940540518, 19.00000000000000000 ) ) ;
#4654 = CARTESIAN_POINT ( 'NONE',  ( -99.64750241047552493, -19.23567380195217424, 10.09421025524549975 ) ) ;
#4655 = ORIENTED_EDGE ( 'NONE', *, *, #2805, .F. ) ;
#4656 = ORIENTED_EDGE ( 'NONE', *, *, #5002, .F. ) ;
#4657 = PLANE ( 'NONE',  #3254 ) ;
#4658 = DIRECTION ( 'NONE',  ( -1.000000000000000000, -1.264818684629761841E-16, -1.040834085604003879E-17 ) ) ;
#4659 = CARTESIAN_POINT ( 'NONE',  ( -107.6056493442425364, -8.405051712873316205, 8.913059221001743637 ) ) ;
#4660 = ORIENTED_EDGE ( 'NONE', *, *, #3061, .T. ) ;
#4661 = CARTESIAN_POINT ( 'NONE',  ( -115.0000000000007105, -66.58591166940416883, 216.5000000000000000 ) ) ;
#4662 = DIRECTION ( 'NONE',  ( 3.054740849381649318E-17, -1.457378446665821845E-17, -1.000000000000000000 ) ) ;
#4663 = CARTESIAN_POINT ( 'NONE',  ( -106.3427569076999930, -8.550780199460017883, 33.58062606829994934 ) ) ;
#4664 = DIRECTION ( 'NONE',  ( 1.264818684629761841E-16, -1.000000000000000000, 0.000000000000000000 ) ) ;
#4665 = EDGE_CURVE ( 'NONE', #2126, #3547, #2196, .T. ) ;
#4666 = EDGE_LOOP ( 'NONE', ( #2006, #453, #3224, #1269 ) ) ;
#4667 = CARTESIAN_POINT ( 'NONE',  ( -95.86186342883625855, -99.99999999999901945, -1.470953054473301251E-15 ) ) ;
#4668 = CARTESIAN_POINT ( 'NONE',  ( -109.9532986569399924, -8.266116208180017466, 9.971177605039963865 ) ) ;
#4669 = CARTESIAN_POINT ( 'NONE',  ( -105.4199126932399935, 13.23259213856999139, 29.99281163472895173 ) ) ;
#4670 = AXIS2_PLACEMENT_3D ( 'NONE', #4661, #4299, #1997 ) ;
#4671 = ADVANCED_FACE ( 'NONE', ( #2815 ), #2575, .F. ) ;
#4672 = AXIS2_PLACEMENT_3D ( 'NONE', #4192, #198, #4240 ) ;
#4674 = CONICAL_SURFACE ( 'NONE', #4928, 14.70030478454999923, 0.5235987755981996727 ) ;
#4673 = CARTESIAN_POINT ( 'NONE',  ( -105.7999999999999972, -8.838211907361522179, 34.13333447323803682 ) ) ;
#4675 = CARTESIAN_POINT ( 'NONE',  ( -106.1867782318799982, 12.63505890389999209, 12.41527099963096248 ) ) ;
#4676 = DIRECTION ( 'NONE',  ( 1.264818684629761841E-16, -1.000000000000000000, 0.000000000000000000 ) ) ;
#4677 = AXIS2_PLACEMENT_3D ( 'NONE', #2356, #3107, #732 ) ;
#4678 = CARTESIAN_POINT ( 'NONE',  ( -66.58591166940426831, 79.08591166939800132, 17.99999999999999645 ) ) ;
#4679 = ADVANCED_FACE ( 'NONE', ( #102 ), #4399, .F. ) ;
#4680 = VERTEX_POINT ( 'NONE', #1247 ) ;
#4681 = VERTEX_POINT ( 'NONE', #2475 ) ;
#4682 = CARTESIAN_POINT ( 'NONE',  ( 101.3988307796710728, 99.99999999999891998, 40.00000000000000000 ) ) ;
#4683 = CARTESIAN_POINT ( 'NONE',  ( -107.0973487747199897, -13.83098702495000687, 12.86211373060896435 ) ) ;
#4684 = VECTOR ( 'NONE', #3063, 1000.000000000000000 ) ;
#4685 = DIRECTION ( 'NONE',  ( -3.054740849381649318E-17, 1.457378446665821845E-17, 1.000000000000000000 ) ) ;
#4686 = AXIS2_PLACEMENT_3D ( 'NONE', #4692, #3910, #752 ) ;
#4687 = VERTEX_POINT ( 'NONE', #4788 ) ;
#4688 = CARTESIAN_POINT ( 'NONE',  ( -106.7892970023710006, 13.86096337351814611, 12.67713041906528382 ) ) ;
#4689 = CARTESIAN_POINT ( 'NONE',  ( 79.08591166939841344, 66.58591166940016137, 19.00000000000000355 ) ) ;
#4690 = ORIENTED_EDGE ( 'NONE', *, *, #4884, .T. ) ;
#4691 = CARTESIAN_POINT ( 'NONE',  ( -106.9523445654799900, -7.958463186400017264, 35.02477310098996099 ) ) ;
#4692 = CARTESIAN_POINT ( 'NONE',  ( -111.5000000000000000, -1.632880357086818318E-14, 21.00000000000000355 ) ) ;
#4693 = ORIENTED_EDGE ( 'NONE', *, *, #715, .F. ) ;
#4694 = CARTESIAN_POINT ( 'NONE',  ( -111.5000000000000000, -13.19891724220000739, 23.83523960780195239 ) ) ;
#4695 = CARTESIAN_POINT ( 'NONE',  ( 72.00000000000096634, 89.99999999999921840, 8.000000000000000000 ) ) ;
#4696 = CARTESIAN_POINT ( 'NONE',  ( -105.8491651538299863, 14.41228477069999236, 29.56988792777795538 ) ) ;
#4697 = CARTESIAN_POINT ( 'NONE',  ( -111.5000000000000000, -1.632880357086818318E-14, 21.00000000000000355 ) ) ;
#4698 = AXIS2_PLACEMENT_3D ( 'NONE', #4188, #2549, #2597 ) ;
#4699 = EDGE_CURVE ( 'NONE', #2539, #4496, #365, .T. ) ;
#4700 = CARTESIAN_POINT ( 'NONE',  ( -111.5000000000000000, 13.19891724219999141, 18.16476039219795169 ) ) ;
#4701 = CARTESIAN_POINT ( 'NONE',  ( -107.3423351061199895, 7.927723328689982196, 34.78340328617996136 ) ) ;
#4702 = CARTESIAN_POINT ( 'NONE',  ( -105.7999996898816875, -12.86948529056472879, 29.74087176403707034 ) ) ;
#4703 = CIRCLE ( 'NONE', #2380, 12.49999999999999645 ) ;
#4704 = VERTEX_POINT ( 'NONE', #3982 ) ;
#4705 = ORIENTED_EDGE ( 'NONE', *, *, #1496, .T. ) ;
#4706 = FACE_OUTER_BOUND ( 'NONE', #4919, .T. ) ;
#4707 = LINE ( 'NONE', #2732, #4504 ) ;
#4708 = EDGE_CURVE ( 'NONE', #1712, #1656, #1696, .T. ) ;
#4709 = ADVANCED_FACE ( 'NONE', ( #2968 ), #428, .T. ) ;
#4710 = CARTESIAN_POINT ( 'NONE',  ( -110.9271272947899831, -5.254232523360017559, 33.79385780177995713 ) ) ;
#4711 = ORIENTED_EDGE ( 'NONE', *, *, #2426, .T. ) ;
#4712 = B_SPLINE_CURVE_WITH_KNOTS ( 'NONE', 3,
 ( #1965, #3954, #3539, #404, #3143, #4731, #1186, #1992, #1599, #3165, #4758, #2394, #2122, #199, #3280, #4916, #2942 ),
 .UNSPECIFIED., .F., .F.,
 ( 4, 2, 2, 1, 1, 1, 1, 1, 2, 2, 4 ),
 ( 0.000000000000000000, 0.2499999999995607403, 0.3749999999993373634, 0.4374999999992265076, 0.4687499999991745492, 0.4843749999991476818, 0.4921874999991384669, 0.4960937499991338595, 0.4980468749991324162, 0.4999999999991309174, 1.000000000000000000 ),
 .UNSPECIFIED. ) ;
#4713 = CARTESIAN_POINT ( 'NONE',  ( -106.6205112364976770, 13.88468466593987038, 12.58039207703401097 ) ) ;
#4714 = CARTESIAN_POINT ( 'NONE',  ( -85.00000000000572697, -84.99999999999428724, 216.0010000000000048 ) ) ;
#4715 = EDGE_LOOP ( 'NONE', ( #610, #406, #137, #400, #1076, #2316, #2886 ) ) ;
#4716 = EDGE_CURVE ( 'NONE', #2046, #1097, #4328, .T. ) ;
#4717 = CARTESIAN_POINT ( 'NONE',  ( -111.6636871692099930, -10.06784213812000850, 29.56434981292895259 ) ) ;
#4718 = EDGE_LOOP ( 'NONE', ( #3771, #4459, #699, #2484 ) ) ;
#4719 = CARTESIAN_POINT ( 'NONE',  ( -110.9097891025149494, -13.28192465035482073, 24.89352236940812091 ) ) ;
#4720 = CARTESIAN_POINT ( 'NONE',  ( -109.7954889582227480, 11.08790232570555467, 29.30698435911535427 ) ) ;
#4721 = CARTESIAN_POINT ( 'NONE',  ( -70.28208861922630035, -92.65495395210554364, 216.0010000000000048 ) ) ;
#4722 = LINE ( 'NONE', #3157, #4265 ) ;
#4723 = B_SPLINE_CURVE_WITH_KNOTS ( 'NONE', 3,
 ( #1868, #3444, #679, #3487, #3467, #1096, #2254, #5029, #1488, #2660, #3051, #5050, #4659, #2685, #1655, #459, #4374 ),
 .UNSPECIFIED., .F., .F.,
 ( 4, 2, 2, 1, 1, 1, 1, 1, 2, 2, 4 ),
 ( 0.000000000000000000, 0.2500000000000178191, 0.3750000000000270339, 0.4375000000000318634, 0.4687500000000341949, 0.4843750000000353606, 0.4921875000000319744, 0.4960937500000261458, 0.4980468750000231482, 0.5000000000000202061, 1.000000000000000000 ),
 .UNSPECIFIED. ) ;
#4724 = CARTESIAN_POINT ( 'NONE',  ( -128.8000000000000114, 1.918380135463487975E-13, 34.00000000000000000 ) ) ;
#4725 = CARTESIAN_POINT ( 'NONE',  ( -79.08591166940426831, 79.08591166939814343, 18.99999999999999645 ) ) ;
#4726 = EDGE_CURVE ( 'NONE', #1352, #2831, #4927, .T. ) ;
#4727 = VERTEX_POINT ( 'NONE', #2838 ) ;
#4728 = ORIENTED_EDGE ( 'NONE', *, *, #4969, .T. ) ;
#4729 = CARTESIAN_POINT ( 'NONE',  ( -105.7999999999999972, -11.30000000000000604, 32.30000000000001137 ) ) ;
#4730 = DIRECTION ( 'NONE',  ( 0.000000000000000000, -1.000000000000000000, 0.000000000000000000 ) ) ;
#4731 = CARTESIAN_POINT ( 'NONE',  ( -108.0258059653614851, 8.362629524247418900, 32.91082633911916133 ) ) ;
#4732 = DIRECTION ( 'NONE',  ( 1.071937337635885932E-14, 1.000000000000000000, 0.000000000000000000 ) ) ;
#4733 = EDGE_CURVE ( 'NONE', #2179, #4929, #2849, .T. ) ;
#4734 = ORIENTED_EDGE ( 'NONE', *, *, #1196, .F. ) ;
#4735 = DIRECTION ( 'NONE',  ( 0.000000000000000000, -1.000000000000000000, 0.000000000000000000 ) ) ;
#4736 = EDGE_CURVE ( 'NONE', #1961, #4234, #505, .T. ) ;
#4737 = CARTESIAN_POINT ( 'NONE',  ( -111.5000000000000000, -1.632880357086818318E-14, 21.00000000000000355 ) ) ;
#4738 = ORIENTED_EDGE ( 'NONE', *, *, #254, .T. ) ;
#4739 = CARTESIAN_POINT ( 'NONE',  ( -106.0992511901999933, -13.95794810327000590, 29.68356405357495120 ) ) ;
#4740 = CARTESIAN_POINT ( 'NONE',  ( -110.6826315811359080, -4.291018818281578717, 34.31379265507499809 ) ) ;
#4741 = ORIENTED_EDGE ( 'NONE', *, *, #3831, .T. ) ;
#4742 = FACE_OUTER_BOUND ( 'NONE', #1456, .T. ) ;
#4743 = EDGE_CURVE ( 'NONE', #4341, #72, #1001, .T. ) ;
#4744 = CARTESIAN_POINT ( 'NONE',  ( -108.3823713795299994, -7.652389947340018317, 7.746938447479963408 ) ) ;
#4745 = FACE_OUTER_BOUND ( 'NONE', #1331, .T. ) ;
#4746 = ORIENTED_EDGE ( 'NONE', *, *, #3803, .T. ) ;
#4747 = CARTESIAN_POINT ( 'NONE',  ( -108.6633052341459802, -11.62985200601147895, 12.68191495033062921 ) ) ;
#4748 = AXIS2_PLACEMENT_3D ( 'NONE', #682, #1848, #3741 ) ;
#4749 = AXIS2_PLACEMENT_3D ( 'NONE', #3516, #1581, #4735 ) ;
#4750 = CARTESIAN_POINT ( 'NONE',  ( -94.93629273636764765, 12.45643694941315971, 1.649786687013075737 ) ) ;
#4751 = PLANE ( 'NONE',  #2117 ) ;
#4752 = AXIS2_PLACEMENT_3D ( 'NONE', #4425, #3199, #3590 ) ;
#4753 =( BOUNDED_CURVE ( )  B_SPLINE_CURVE ( 3, ( #1437, #2998, #1041, #2637 ),
 .UNSPECIFIED., .F., .F. ) 
 B_SPLINE_CURVE_WITH_KNOTS ( ( 4, 4 ),
 ( 1.571101075737678210, 3.141592653589369455 ),
 .UNSPECIFIED. ) 
 CURVE ( )  GEOMETRIC_REPRESENTATION_ITEM ( )  RATIONAL_B_SPLINE_CURVE ( ( 1.000000000000000000, 0.8048096786663233582, 0.8048096786663233582, 1.000000000000000000 ) ) 
 REPRESENTATION_ITEM ( '' )  );
#4754 = EDGE_LOOP ( 'NONE', ( #4807, #596, #4639, #1930, #3105, #1411 ) ) ;
#4755 = ORIENTED_EDGE ( 'NONE', *, *, #1431, .T. ) ;
#4756 = CARTESIAN_POINT ( 'NONE',  ( -99.37142614914748151, 89.37751787895859934, 17.99999999999999645 ) ) ;
#4757 = VECTOR ( 'NONE', #4137, 1000.000000000000000 ) ;
#4758 = CARTESIAN_POINT ( 'NONE',  ( -107.6194424954321107, 8.403510696384326906, 33.08125496647934227 ) ) ;
#4759 = FACE_BOUND ( 'NONE', #2307, .T. ) ;
#4760 = CIRCLE ( 'NONE', #1874, 2.750000000000000888 ) ;
#4761 = VERTEX_POINT ( 'NONE', #3717 ) ;
#4762 = CARTESIAN_POINT ( 'NONE',  ( -109.3699981830299919, 11.29999989306997321, 12.70042785373496308 ) ) ;
#4763 = CARTESIAN_POINT ( 'NONE',  ( 99.37142614914756678, -89.37751787895861355, 18.00000000000000355 ) ) ;
#4764 = DIRECTION ( 'NONE',  ( 1.110578963952739050E-14, 1.000000000000000000, -1.457378446665787949E-17 ) ) ;
#4765 = AXIS2_PLACEMENT_3D ( 'NONE', #4447, #3308, #903 ) ;
#4766 = ORIENTED_EDGE ( 'NONE', *, *, #2648, .F. ) ;
#4767 = EDGE_CURVE ( 'NONE', #4560, #978, #4597, .T. ) ;
#4768 = CARTESIAN_POINT ( 'NONE',  ( -111.4999999999999858, -10.49899562595929936, 12.68233922844461681 ) ) ;
#4769 = CARTESIAN_POINT ( 'NONE',  ( -109.2016139750079873, 12.69127178309952519, 13.33372442847103656 ) ) ;
#4770 = CIRCLE ( 'NONE', #1393, 0.5000000000000004441 ) ;
#4771 = VERTEX_POINT ( 'NONE', #2487 ) ;
#4772 = CARTESIAN_POINT ( 'NONE',  ( 79.08591166940045980, -79.08591166940264827, 19.00000000000000355 ) ) ;
#4773 = CARTESIAN_POINT ( 'NONE',  ( -111.5381319868899794, -8.604475020030017518, 11.01702496242696228 ) ) ;
#4774 = CARTESIAN_POINT ( 'NONE',  ( -110.9359997231628370, -11.46268678819712505, 13.26797854874431160 ) ) ;
#4775 = EDGE_CURVE ( 'NONE', #1607, #1936, #1379, .T. ) ;
#4776 = ORIENTED_EDGE ( 'NONE', *, *, #3561, .T. ) ;
#4777 = CARTESIAN_POINT ( 'NONE',  ( -110.0059611632153036, -10.98262463203412409, 12.69481255247825224 ) ) ;
#4778 = CIRCLE ( 'NONE', #3574, 2.750000000000000888 ) ;
#4779 = DIRECTION ( 'NONE',  ( 3.054740849381649318E-17, -1.457378446665821845E-17, -1.000000000000000000 ) ) ;
#4780 = DIRECTION ( 'NONE',  ( 3.054740849381649318E-17, -1.457378446665821845E-17, -1.000000000000000000 ) ) ;
#4781 = AXIS2_PLACEMENT_3D ( 'NONE', #3303, #1832, #3010 ) ;
#4782 = ORIENTED_EDGE ( 'NONE', *, *, #4209, .T. ) ;
#4783 = ORIENTED_EDGE ( 'NONE', *, *, #4743, .F. ) ;
#4784 = CIRCLE ( 'NONE', #320, 0.1999999999999996503 ) ;
#4785 = CARTESIAN_POINT ( 'NONE',  ( -103.6527039924878295, 17.07073108183375609, 38.58150971712310451 ) ) ;
#4786 = FACE_OUTER_BOUND ( 'NONE', #1720, .T. ) ;
#4787 = VERTEX_POINT ( 'NONE', #585 ) ;
#4788 = CARTESIAN_POINT ( 'NONE',  ( -99.37142614914783678, 66.58591166939837080, 17.99999999999999645 ) ) ;
#4789 = CARTESIAN_POINT ( 'NONE',  ( -66.58591166940249195, -99.33650537965606020, 18.99999999999999645 ) ) ;
#4790 = LINE ( 'NONE', #4038, #2429 ) ;
#4791 = EDGE_LOOP ( 'NONE', ( #4783, #4416, #2025, #2469 ) ) ;
#4792 = CARTESIAN_POINT ( 'NONE',  ( -106.1872585853399897, -12.63489308770000719, 29.58458041777395309 ) ) ;
#4793 = DIRECTION ( 'NONE',  ( 0.000000000000000000, -0.8024090752539165816, 0.5967743928405059295 ) ) ;
#4794 = APPLICATION_CONTEXT ( 'automotive_design' ) ;
#4795 = ORIENTED_EDGE ( 'NONE', *, *, #3110, .F. ) ;
#4796 = ORIENTED_EDGE ( 'NONE', *, *, #4903, .F. ) ;
#4797 = CARTESIAN_POINT ( 'NONE',  ( -1.424729179142071230E-12, -130.8947259283430071, 182.9863311577269940 ) ) ;
#4798 = EDGE_CURVE ( 'NONE', #3149, #491, #3012, .T. ) ;
#4799 = CARTESIAN_POINT ( 'NONE',  ( -105.7999999999999972, -13.96072909494000669, 32.30000000000001137 ) ) ;
#4800 = CARTESIAN_POINT ( 'NONE',  ( -109.6669307923756520, -12.38546458898313851, 13.34849492448027419 ) ) ;
#4801 = CARTESIAN_POINT ( 'NONE',  ( -69.03269852411739294, -91.09321633321953016, 17.99999999999998934 ) ) ;
#4802 = ORIENTED_EDGE ( 'NONE', *, *, #2263, .F. ) ;
#4803 = EDGE_CURVE ( 'NONE', #5091, #2562, #690, .T. ) ;
#4804 = DIRECTION ( 'NONE',  ( -0.03489949508389383198, -0.0003045632795613782695, -0.9993907806679517281 ) ) ;
#4805 = CARTESIAN_POINT ( 'NONE',  ( -111.5000000000000000, -1.632880357086818318E-14, 21.00000000000000355 ) ) ;
#4806 = CARTESIAN_POINT ( 'NONE',  ( -110.9097920877619572, 13.28192411308134169, 17.10648192457573558 ) ) ;
#4807 = ORIENTED_EDGE ( 'NONE', *, *, #254, .F. ) ;
#4808 = ORIENTED_EDGE ( 'NONE', *, *, #3277, .T. ) ;
#4809 = ADVANCED_FACE ( 'NONE', ( #4102 ), #3323, .T. ) ;
#4810 = DIRECTION ( 'NONE',  ( 3.054740849381649318E-17, -1.457378446665821845E-17, -1.000000000000000000 ) ) ;
#4811 = CARTESIAN_POINT ( 'NONE',  ( -110.4353579730168349, 11.84280368163114261, 28.67964172561834957 ) ) ;
#4812 = CARTESIAN_POINT ( 'NONE',  ( -5.589758206659867340E-15, 2.666803350637258459E-15, 182.9863311577269940 ) ) ;
#4813 = ORIENTED_EDGE ( 'NONE', *, *, #3187, .F. ) ;
#4814 = DIRECTION ( 'NONE',  ( 3.054740849381649318E-17, -1.457378446665821845E-17, -1.000000000000000000 ) ) ;
#4815 = DIRECTION ( 'NONE',  ( 0.03489949670250100389, -3.460500961879388383E-16, 0.9993908270190956511 ) ) ;
#4816 = CARTESIAN_POINT ( 'NONE',  ( -109.9466552410447377, -5.221054170783762771, 7.583101823870920910 ) ) ;
#4817 = VERTEX_POINT ( 'NONE', #1364 ) ;
#4818 = CARTESIAN_POINT ( 'NONE',  ( -111.5381088994699894, -9.982980008220017965, 29.60447457971694973 ) ) ;
#4819 = CARTESIAN_POINT ( 'NONE',  ( -109.4540487801353095, -7.655192729041100819, 8.472567263536216586 ) ) ;
#4820 = ORIENTED_EDGE ( 'NONE', *, *, #3243, .F. ) ;
#4821 = CARTESIAN_POINT ( 'NONE',  ( -111.6970203608499901, 7.867470363309972292, 10.15445766627996171 ) ) ;
#4822 = CARTESIAN_POINT ( 'NONE',  ( -106.7843220728087914, -8.325811393954200668, 7.138337445728574870 ) ) ;
#4823 = CARTESIAN_POINT ( 'NONE',  ( -106.0052433267217822, -13.95893796356435779, 12.26579430920537739 ) ) ;
#4824 = FACE_OUTER_BOUND ( 'NONE', #3515, .T. ) ;
#4825 = EDGE_LOOP ( 'NONE', ( #4120, #325, #4505, #4887, #4074 ) ) ;
#4826 = CARTESIAN_POINT ( 'NONE',  ( -103.6031692202931680, 18.45256313723364627, 39.99999999999999289 ) ) ;
#4827 = CARTESIAN_POINT ( 'NONE',  ( -1.221896339752659727E-16, 5.829513786663287380E-17, 4.000000000000000000 ) ) ;
#4828 = EDGE_CURVE ( 'NONE', #4548, #3595, #2927, .T. ) ;
#4829 = FILL_AREA_STYLE_COLOUR ( '', #4344 ) ;
#4830 = ORIENTED_EDGE ( 'NONE', *, *, #841, .T. ) ;
#4831 = VERTEX_POINT ( 'NONE', #2956 ) ;
#4832 = CARTESIAN_POINT ( 'NONE',  ( 66.58591166940007611, -115.0000000000007105, 18.00000000000000355 ) ) ;
#4833 = AXIS2_PLACEMENT_3D ( 'NONE', #4898, #3413, #1790 ) ;
#4835 = DIRECTION ( 'NONE',  ( -1.000000000000000000, -1.264818684629761841E-16, -1.040834085604003879E-17 ) ) ;
#4834 = AXIS2_PLACEMENT_3D ( 'NONE', #3490, #1970, #3173 ) ;
#4836 = CARTESIAN_POINT ( 'NONE',  ( -66.58591166940404094, 99.37142614914925787, 17.99999999999999645 ) ) ;
#4837 = EDGE_CURVE ( 'NONE', #302, #3351, #1983, .T. ) ;
#4838 = B_SPLINE_SURFACE_WITH_KNOTS ( 'NONE', 3, 3, ( 
 ( #1426, #2113, #2910, #1779, #2190 ),
 ( #4942, #4890, #3328, #643, #4493 ),
 ( #948, #147, #3749, #2220, #1345 ),
 ( #2522, #1400, #321, #3845, #1157 ),
 ( #4256, #2289, #296, #3526, #3455 ),
 ( #341, #4669, #364, #4696, #711 ) ),
 .UNSPECIFIED., .F., .F., .F.,
 ( 4, 1, 1, 4 ),
 ( 4, 1, 4 ),
 ( 1.147403292579999956, 1.370266456133999888, 1.478065174017999972, 1.916651835514999958 ),
 ( -0.009944941830549999112, 0.5714285714286000406, 1.005416013317000035 ),
 .UNSPECIFIED. ) ;
#4839 = ORIENTED_EDGE ( 'NONE', *, *, #5030, .T. ) ;
#4840 = CARTESIAN_POINT ( 'NONE',  ( -104.6612685358939387, -13.97066665387802509, 9.700000000000002842 ) ) ;
#4841 = CARTESIAN_POINT ( 'NONE',  ( -106.0992511850087965, -13.95794298867318162, 23.89452701289267367 ) ) ;
#4842 = VECTOR ( 'NONE', #1089, 1000.000000000000227 ) ;
#4843 = FACE_OUTER_BOUND ( 'NONE', #3730, .T. ) ;
#4844 = ORIENTED_EDGE ( 'NONE', *, *, #3636, .F. ) ;
#4845 =( NAMED_UNIT ( * ) SI_UNIT ( $, .STERADIAN. ) SOLID_ANGLE_UNIT ( ) );
#4846 = DIRECTION ( 'NONE',  ( -8.673617379884051249E-15, -1.000000000000000000, 0.000000000000000000 ) ) ;
#4847 = AXIS2_PLACEMENT_3D ( 'NONE', #3352, #1727, #4107 ) ;
#4848 = B_SPLINE_CURVE_WITH_KNOTS ( 'NONE', 3,
 ( #4859, #173, #2465, #1316 ),
 .UNSPECIFIED., .F., .F.,
 ( 4, 4 ),
 ( 0.000000000000000000, 1.000000000000000000 ),
 .UNSPECIFIED. ) ;
#4849 = ORIENTED_EDGE ( 'NONE', *, *, #567, .T. ) ;
#4850 = DIRECTION ( 'NONE',  ( 1.000000000000000000, -1.058059549828071791E-14, 3.054740849381664725E-17 ) ) ;
#4851 = ORIENTED_EDGE ( 'NONE', *, *, #4726, .T. ) ;
#4852 = CARTESIAN_POINT ( 'NONE',  ( -105.7999965914277141, 8.823968481491377247, 34.08891031972142827 ) ) ;
#4853 = VECTOR ( 'NONE', #4311, 1000.000000000000000 ) ;
#4854 = CARTESIAN_POINT ( 'NONE',  ( -110.6242843764967745, 4.325462799263601887, 34.32248451201085260 ) ) ;
#4855 = CARTESIAN_POINT ( 'NONE',  ( -109.4967900619971886, -12.49856883794058326, 13.34491352771616945 ) ) ;
#4856 = CARTESIAN_POINT ( 'NONE',  ( -105.8000000000000114, 13.59042404265240656, 29.91055010774607936 ) ) ;
#4857 = VERTEX_POINT ( 'NONE', #1773 ) ;
#4858 = AXIS2_PLACEMENT_3D ( 'NONE', #603, #3317, #1439 ) ;
#4859 = CARTESIAN_POINT ( 'NONE',  ( -106.0992467783999871, 8.683559285329982558, 7.042056985149963921 ) ) ;
#4860 = CARTESIAN_POINT ( 'NONE',  ( -111.5000000000000000, 11.29999999999999183, 32.30000000000001137 ) ) ;
#4861 = DIRECTION ( 'NONE',  ( -1.000000000000000000, -1.264818684629761841E-16, -1.040834085604003879E-17 ) ) ;
#4862 = ORIENTED_EDGE ( 'NONE', *, *, #2328, .T. ) ;
#4863 = EDGE_LOOP ( 'NONE', ( #2821, #1524, #4465, #989, #1565, #3338 ) ) ;
#4864 = AXIS2_PLACEMENT_3D ( 'NONE', #1432, #4474, #4947 ) ;
#4865 = EDGE_CURVE ( 'NONE', #3275, #101, #4537, .T. ) ;
#4866 = CARTESIAN_POINT ( 'NONE',  ( -114.2000000000000028, -5.306498624140018272, 33.60015154975995699 ) ) ;
#4867 = CARTESIAN_POINT ( 'NONE',  ( -74.96730147588445448, -88.90678366677899191, 216.0010000000000048 ) ) ;
#4868 = CARTESIAN_POINT ( 'NONE',  ( -106.0992511901999933, -13.95794810327000590, 29.68356405357495120 ) ) ;
#4869 = AXIS2_PLACEMENT_3D ( 'NONE', #4443, #115, #2388 ) ;
#4870 = ORIENTED_EDGE ( 'NONE', *, *, #3966, .T. ) ;
#4871 = CARTESIAN_POINT ( 'NONE',  ( -141.7999999999999829, -2.016120418529620420E-14, 21.00000000000000355 ) ) ;
#4872 = CARTESIAN_POINT ( 'NONE',  ( -108.9825681457857485, -7.769575864908107476, 33.77675776659189211 ) ) ;
#4873 = EDGE_CURVE ( 'NONE', #4559, #491, #870, .T. ) ;
#4874 = CARTESIAN_POINT ( 'NONE',  ( -105.7999999999999972, -11.30000000000000604, 32.30000000000001137 ) ) ;
#4875 = VECTOR ( 'NONE', #389, 1000.000000000000114 ) ;
#4876 = EDGE_CURVE ( 'NONE', #3181, #1289, #3894, .T. ) ;
#4877 = ORIENTED_EDGE ( 'NONE', *, *, #3661, .T. ) ;
#4878 = CARTESIAN_POINT ( 'NONE',  ( -105.7999999999999972, 12.78087752817999245, 29.69097685971695455 ) ) ;
#4879 = CARTESIAN_POINT ( 'NONE',  ( -109.4190076820342767, 12.55039621437090069, 13.34359122419404642 ) ) ;
#4880 = EDGE_LOOP ( 'NONE', ( #3668, #652, #1003, #421, #3577 ) ) ;
#4881 = CARTESIAN_POINT ( 'NONE',  ( -111.5000000000000000, -5.306498624140018272, 33.60015154975995699 ) ) ;
#4882 = ORIENTED_EDGE ( 'NONE', *, *, #4665, .T. ) ;
#4883 = CARTESIAN_POINT ( 'NONE',  ( -105.7999657045930348, 8.890087681583016987, 34.41415080628360101 ) ) ;
#4884 = EDGE_CURVE ( 'NONE', #2002, #4704, #1081, .T. ) ;
#4885 = DIRECTION ( 'NONE',  ( 0.000000000000000000, 0.000000000000000000, 1.000000000000000000 ) ) ;
#4886 = CARTESIAN_POINT ( 'NONE',  ( -111.2161827579700031, 8.373496549549994228, 31.49236502697995377 ) ) ;
#4887 = ORIENTED_EDGE ( 'NONE', *, *, #3761, .T. ) ;
#4888 = EDGE_LOOP ( 'NONE', ( #2033, #4755, #412, #2478, #4511, #1056, #3692, #791 ) ) ;
#4889 = LINE ( 'NONE', #1369, #4190 ) ;
#4890 = CARTESIAN_POINT ( 'NONE',  ( -111.2163243736600009, 10.49216953273999131, 29.37362970118395467 ) ) ;
#4891 = CARTESIAN_POINT ( 'NONE',  ( -109.0643820955500018, -7.676377351260017967, 33.77764329120995512 ) ) ;
#4892 = ORIENTED_EDGE ( 'NONE', *, *, #920, .F. ) ;
#4893 = CARTESIAN_POINT ( 'NONE',  ( 72.00000000000096634, 89.99999999999921840, 8.000000000000000000 ) ) ;
#4894 = DIRECTION ( 'NONE',  ( 3.054740849381649318E-17, -1.457378446665821845E-17, -1.000000000000000000 ) ) ;
#4895 = LINE ( 'NONE', #1350, #4601 ) ;
#4896 = ORIENTED_EDGE ( 'NONE', *, *, #3431, .T. ) ;
#4897 = ORIENTED_EDGE ( 'NONE', *, *, #2060, .T. ) ;
#4898 = CARTESIAN_POINT ( 'NONE',  ( -109.4211168712199935, -1.632880357086818318E-14, 21.00000000000000355 ) ) ;
#4899 = CARTESIAN_POINT ( 'NONE',  ( -111.2876335597892989, -3.258408661505954207, 7.771303435797319636 ) ) ;
#4900 = ORIENTED_EDGE ( 'NONE', *, *, #2216, .F. ) ;
#4901 = CARTESIAN_POINT ( 'NONE',  ( 72.00000000000093792, 86.79999999999922977, 18.00000000000000355 ) ) ;
#4902 = FACE_OUTER_BOUND ( 'NONE', #2066, .T. ) ;
#4903 = EDGE_CURVE ( 'NONE', #1508, #831, #1462, .T. ) ;
#4904 = VERTEX_POINT ( 'NONE', #1512 ) ;
#4905 = DIRECTION ( 'NONE',  ( -1.000000000000000000, 1.084183805627359604E-14, -3.054740849381665342E-17 ) ) ;
#4906 = CARTESIAN_POINT ( 'NONE',  ( -105.7999995716010915, 8.740550437803580763, 33.86901595266081699 ) ) ;
#4907 = DIRECTION ( 'NONE',  ( 1.000000000000000000, 1.264818684629761841E-16, 1.040834085604003879E-17 ) ) ;
#4908 = CARTESIAN_POINT ( 'NONE',  ( -111.5000000000000000, -1.632880357086818318E-14, 21.00000000000000355 ) ) ;
#4909 = ADVANCED_FACE ( 'NONE', ( #1494 ), #1698, .T. ) ;
#4910 = ORIENTED_EDGE ( 'NONE', *, *, #2526, .F. ) ;
#4911 = ORIENTED_EDGE ( 'NONE', *, *, #1645, .F. ) ;
#4912 = DIRECTION ( 'NONE',  ( -0.6246950475544298387, -0.7808688094430258353, -7.702601076150623307E-18 ) ) ;
#4913 = CARTESIAN_POINT ( 'NONE',  ( -91.97879244616801486, -18.63586434395753599, 33.00000932784757168 ) ) ;
#4914 = CARTESIAN_POINT ( 'NONE',  ( -105.7999999999999972, -11.30000000000000604, 7.000000000000003553 ) ) ;
#4915 = DIRECTION ( 'NONE',  ( 0.000000000000000000, 1.000000000000000000, 2.523234146875354913E-15 ) ) ;
#4916 = CARTESIAN_POINT ( 'NONE',  ( -106.6232490672080644, 8.523532133421637624, 33.48586917030370813 ) ) ;
#4917 = CARTESIAN_POINT ( 'NONE',  ( -110.8812642739799941, -5.308398828810018344, 33.80014252260994567 ) ) ;
#4918 = VERTEX_POINT ( 'NONE', #1150 ) ;
#4919 = EDGE_LOOP ( 'NONE', ( #1290, #4646, #4796, #750, #4513, #3679, #4795, #522 ) ) ;
#4920 = CARTESIAN_POINT ( 'NONE',  ( -108.4433083091636405, -8.158062186273319583, 33.72447065322948134 ) ) ;
#4921 = CARTESIAN_POINT ( 'NONE',  ( -110.6829165788380323, -13.31375289551380448, 16.70942421232452091 ) ) ;
#4922 = AXIS2_PLACEMENT_3D ( 'NONE', #633, #2236, #1050 ) ;
#4923 = VERTEX_POINT ( 'NONE', #4279 ) ;
#4924 = CONICAL_SURFACE ( 'NONE', #4833, 14.70024373400999984, 0.5235987755981996727 ) ;
#4925 = DIRECTION ( 'NONE',  ( -0.9993908270190957621, 1.071335204146869656E-14, 0.03489949670250101083 ) ) ;
#4926 = CARTESIAN_POINT ( 'NONE',  ( 84.99999999999435829, -78.99999999999837996, 3.747858694840204748E-15 ) ) ;
#4927 = CIRCLE ( 'NONE', #2603, 6.000000000004945377 ) ;
#4928 = AXIS2_PLACEMENT_3D ( 'NONE', #38, #69, #1986 ) ;
#4929 = VERTEX_POINT ( 'NONE', #727 ) ;
#4930 =( BOUNDED_CURVE ( )  B_SPLINE_CURVE ( 3, ( #2655, #1137, #2703, #1454 ),
 .UNSPECIFIED., .F., .F. ) 
 B_SPLINE_CURVE_WITH_KNOTS ( ( 4, 4 ),
 ( 3.272055768991476210, 3.278486868023762213 ),
 .UNSPECIFIED. ) 
 CURVE ( )  GEOMETRIC_REPRESENTATION_ITEM ( )  RATIONAL_B_SPLINE_CURVE ( ( 1.000000000000000000, 0.9999965534167394310, 0.9999965534167394310, 1.000000000000000000 ) ) 
 REPRESENTATION_ITEM ( '' )  );
#4931 = CARTESIAN_POINT ( 'NONE',  ( 66.58591166940007611, -115.0000000000007105, 216.5000000000000000 ) ) ;
#4932 = CARTESIAN_POINT ( 'NONE',  ( -111.0705085986909779, 10.38292799870757577, 12.58363518272992820 ) ) ;
#4933 = ADVANCED_FACE ( 'NONE', ( #5072 ), #823, .T. ) ;
#4934 = AXIS2_PLACEMENT_3D ( 'NONE', #4695, #4359, #1949 ) ;
#4935 = CARTESIAN_POINT ( 'NONE',  ( -105.8000352449399912, -8.834706907580017088, 7.039403998089963643 ) ) ;
#4936 = CARTESIAN_POINT ( 'NONE',  ( -109.3699981830299919, 11.29999989306997321, 12.70042785373496308 ) ) ;
#4937 = CIRCLE ( 'NONE', #1131, 3.000000000000001776 ) ;
#4938 = ORIENTED_EDGE ( 'NONE', *, *, #227, .T. ) ;
#4939 = VERTEX_POINT ( 'NONE', #886 ) ;
#4940 = LINE ( 'NONE', #2547, #4757 ) ;
#4941 = ADVANCED_FACE ( 'NONE', ( #4431 ), #435, .T. ) ;
#4942 = CARTESIAN_POINT ( 'NONE',  ( -111.0874453585699797, 10.36607021547999352, 29.41819359239094922 ) ) ;
#4943 = DIRECTION ( 'NONE',  ( 3.054740849381649318E-17, -1.457378446665821845E-17, -1.000000000000000000 ) ) ;
#4944 = VECTOR ( 'NONE', #329, 1000.000000000000114 ) ;
#4945 = CARTESIAN_POINT ( 'NONE',  ( -105.7999999999999972, -13.96065971544036799, 31.01485648816538898 ) ) ;
#4946 = FACE_OUTER_BOUND ( 'NONE', #5046, .T. ) ;
#4947 = DIRECTION ( 'NONE',  ( -1.071937337635886090E-14, -1.000000000000000000, 0.000000000000000000 ) ) ;
#4948 = ORIENTED_EDGE ( 'NONE', *, *, #2348, .T. ) ;
#4949 = ORIENTED_EDGE ( 'NONE', *, *, #1925, .T. ) ;
#4950 = CARTESIAN_POINT ( 'NONE',  ( -111.5000932241683103, -7.874188366066717570, 10.03394356082626260 ) ) ;
#4951 = LINE ( 'NONE', #4536, #2282 ) ;
#4952 = CARTESIAN_POINT ( 'NONE',  ( -111.4421384875200118, 10.68857911992999377, 12.77433388865496511 ) ) ;
#4953 = PLANE ( 'NONE',  #3598 ) ;
#4954 = CARTESIAN_POINT ( 'NONE',  ( -66.58591166940387041, 114.9999999999967173, 216.5000000000000000 ) ) ;
#4955 = EDGE_LOOP ( 'NONE', ( #264, #3720, #2795, #1652, #1168 ) ) ;
#4956 = DIRECTION ( 'NONE',  ( -1.000000000000000000, -1.264818684629761841E-16, -1.040834085604003879E-17 ) ) ;
#4957 = VECTOR ( 'NONE', #4574, 1000.000000000000000 ) ;
#4958 = CARTESIAN_POINT ( 'NONE',  ( -108.9553839429700020, 13.55653970684999265, 27.35742556989395169 ) ) ;
#4959 = CARTESIAN_POINT ( 'NONE',  ( -110.8413993649769225, 3.999565503903540709, 34.29161667260698465 ) ) ;
#4960 = CARTESIAN_POINT ( 'NONE',  ( 79.08591166939854133, 79.08591166940016137, 18.00000000000000355 ) ) ;
#4961 = AXIS2_PLACEMENT_3D ( 'NONE', #658, #1824, #5005 ) ;
#4962 = EDGE_CURVE ( 'NONE', #3911, #401, #2719, .T. ) ;
#4963 = B_SPLINE_CURVE_WITH_KNOTS ( 'NONE', 3,
 ( #1071, #1819, #4562, #1864, #1016, #237, #2919, #963, #4123, #576, #3734, #183, #3337, #4921, #2584, #622 ),
 .UNSPECIFIED., .F., .F.,
 ( 4, 2, 2, 1, 1, 1, 1, 2, 2, 4 ),
 ( 0.000000000000000000, 0.2500000000000026645, 0.3750000000000039968, 0.4375000000000046629, 0.4687500000000023315, 0.4843750000000017764, 0.4921874999999996669, 0.4960937499999998890, 0.5000000000000001110, 1.000000000000000000 ),
 .UNSPECIFIED. ) ;
#4964 = ORIENTED_EDGE ( 'NONE', *, *, #2277, .F. ) ;
#4965 = ORIENTED_EDGE ( 'NONE', *, *, #2244, .F. ) ;
#4966 = CARTESIAN_POINT ( 'NONE',  ( -109.9276862980860443, 8.313162753526148308, 9.981078513547792852 ) ) ;
#4967 = DIRECTION ( 'NONE',  ( 9.946540850021793809E-15, 1.000000000000000000, -1.457378446665791646E-17 ) ) ;
#4968 = CARTESIAN_POINT ( 'NONE',  ( -79.08591166940246353, -99.37142614914770888, 17.99999999999999645 ) ) ;
#4969 = EDGE_CURVE ( 'NONE', #1878, #4923, #1127, .T. ) ;
#4970 = EDGE_CURVE ( 'NONE', #979, #20, #368, .T. ) ;
#4971 = CARTESIAN_POINT ( 'NONE',  ( -107.3422355419599938, 7.927635672709992143, 7.216747070369962991 ) ) ;
#4972 = DIRECTION ( 'NONE',  ( 3.054740849381649318E-17, -1.457378446665821845E-17, -1.000000000000000000 ) ) ;
#4973 = DIRECTION ( 'NONE',  ( -3.166004697587021134E-16, -0.03489949670250105246, -0.9993908270190956511 ) ) ;
#4974 = CARTESIAN_POINT ( 'NONE',  ( -111.5000000000000000, 8.584429591729982434, 10.97502053226996388 ) ) ;
#4975 = EDGE_CURVE ( 'NONE', #3601, #1175, #3961, .T. ) ;
#4976 = ORIENTED_EDGE ( 'NONE', *, *, #2965, .F. ) ;
#4977 = ORIENTED_EDGE ( 'NONE', *, *, #1058, .F. ) ;
#4978 = CARTESIAN_POINT ( 'NONE',  ( -111.2738537083125863, 7.803300533423684904, 9.822611561247683198 ) ) ;
#4979 = CARTESIAN_POINT ( 'NONE',  ( -105.7999999999999972, -11.30000000000000604, 9.700000000000004619 ) ) ;
#4980 = LINE ( 'NONE', #4724, #3802 ) ;
#4981 = DIRECTION ( 'NONE',  ( -1.000000000000000000, -1.264818684629761841E-16, -1.040834085604003879E-17 ) ) ;
#4982 = ORIENTED_EDGE ( 'NONE', *, *, #4962, .T. ) ;
#4983 = CARTESIAN_POINT ( 'NONE',  ( -105.7999741186208240, 13.43442262893476347, 12.10801730677698274 ) ) ;
#4984 = FACE_OUTER_BOUND ( 'NONE', #3941, .T. ) ;
#4985 = CARTESIAN_POINT ( 'NONE',  ( -105.8000195942741328, -8.852914690573493672, 7.807615168377411763 ) ) ;
#4986 = FACE_BOUND ( 'NONE', #1737, .T. ) ;
#4987 = ORIENTED_EDGE ( 'NONE', *, *, #666, .T. ) ;
#4988 = ORIENTED_EDGE ( 'NONE', *, *, #2348, .F. ) ;
#4989 = CARTESIAN_POINT ( 'NONE',  ( -109.7916120025158193, 8.306841918867968744, 9.910320195371095764 ) ) ;
#4990 = DIRECTION ( 'NONE',  ( 0.000000000000000000, -0.9051901358366876149, -0.4250068446318940318 ) ) ;
#4991 = CARTESIAN_POINT ( 'NONE',  ( 84.99999999999421618, -91.00000000000346745, 3.922744108440173862E-15 ) ) ;
#4992 = CARTESIAN_POINT ( 'NONE',  ( -105.8000000000000114, -8.881408164909819547, 34.33471769958897823 ) ) ;
#4993 = DIRECTION ( 'NONE',  ( -1.000000000000000000, -1.264818684629761841E-16, -1.040834085604003879E-17 ) ) ;
#4994 = EDGE_CURVE ( 'NONE', #730, #2338, #3176, .T. ) ;
#4995 = CARTESIAN_POINT ( 'NONE',  ( -84.99999999999909051, 85.00000000000572697, 17.99999999999999645 ) ) ;
#4996 = CARTESIAN_POINT ( 'NONE',  ( -105.7999962550306634, -13.08533573763859792, 29.82287559657344289 ) ) ;
#4997 = ORIENTED_EDGE ( 'NONE', *, *, #3270, .T. ) ;
#4998 = ORIENTED_EDGE ( 'NONE', *, *, #4168, .F. ) ;
#4999 = DIRECTION ( 'NONE',  ( -9.946540850021793809E-15, -1.000000000000000000, 1.457378446665791646E-17 ) ) ;
#5000 = CARTESIAN_POINT ( 'NONE',  ( -107.3423351449799981, -7.927723360700017707, 7.216596656149962818 ) ) ;
#5001 = CARTESIAN_POINT ( 'NONE',  ( -108.3532107181699899, 13.15387865010999313, 13.13749872167696431 ) ) ;
#5002 = EDGE_CURVE ( 'NONE', #801, #2470, #1173, .T. ) ;
#5003 = CARTESIAN_POINT ( 'NONE',  ( -109.4206142662509222, -12.55010987274392242, 28.65509697957787338 ) ) ;
#5004 = ORIENTED_EDGE ( 'NONE', *, *, #1018, .T. ) ;
#5005 = DIRECTION ( 'NONE',  ( -1.000000000000000000, 0.000000000000000000, 0.000000000000000000 ) ) ;
#5006 = DIRECTION ( 'NONE',  ( 3.054740849381649318E-17, -1.457378446665821845E-17, -1.000000000000000000 ) ) ;
#5007 = AXIS2_PLACEMENT_3D ( 'NONE', #2658, #348, #3464 ) ;
#5008 = CARTESIAN_POINT ( 'NONE',  ( -105.7999622143423153, -8.888729394432305142, 7.599404253870853942 ) ) ;
#5009 = FACE_OUTER_BOUND ( 'NONE', #4863, .T. ) ;
#5010 = ORIENTED_EDGE ( 'NONE', *, *, #3114, .F. ) ;
#5011 = CARTESIAN_POINT ( 'NONE',  ( -90.00609172981006623, -99.99999999999903366, -1.292074404336618767E-15 ) ) ;
#5012 = AXIS2_PLACEMENT_3D ( 'NONE', #356, #1585, #4354 ) ;
#5013 = AXIS2_PLACEMENT_3D ( 'NONE', #986, #3115, #1523 ) ;
#5014 = B_SPLINE_CURVE_WITH_KNOTS ( 'NONE', 3,
 ( #2000, #3570, #467, #4324, #4768, #2791, #775, #2051, #3628, #2351 ),
 .UNSPECIFIED., .F., .F.,
 ( 4, 1, 1, 2, 2, 4 ),
 ( 0.000000000000000000, 0.2499999999999981126, 0.3749999999999971689, 0.4374999999999984457, 0.4999999999999997780, 1.000000000000000000 ),
 .UNSPECIFIED. ) ;
#5015 = CARTESIAN_POINT ( 'NONE',  ( -106.7678781041790614, 8.335494035208645514, 34.86397360334847662 ) ) ;
#5016 = AXIS2_PLACEMENT_3D ( 'NONE', #360, #756, #1978 ) ;
#5017 = AXIS2_PLACEMENT_3D ( 'NONE', #4960, #2957, #1024 ) ;
#5018 = CARTESIAN_POINT ( 'NONE',  ( -109.7567715533995027, 5.451378947599441638, 7.556102899528869266 ) ) ;
#5019 = LINE ( 'NONE', #1479, #4842 ) ;
#5020 = CARTESIAN_POINT ( 'NONE',  ( -108.7999999999999972, 14.04999999999999361, 9.700000000000004619 ) ) ;
#5021 = CIRCLE ( 'NONE', #3445, 3.000000000000000888 ) ;
#5022 = DIRECTION ( 'NONE',  ( 1.057308399619928817E-14, 0.9993908270190957621, 0.03489949670250102470 ) ) ;
#5023 = EDGE_CURVE ( 'NONE', #809, #1381, #5014, .T. ) ;
#5024 = ORIENTED_EDGE ( 'NONE', *, *, #920, .T. ) ;
#5025 = ORIENTED_EDGE ( 'NONE', *, *, #529, .T. ) ;
#5026 = DIRECTION ( 'NONE',  ( 0.000000000000000000, 1.000000000000000000, 0.000000000000000000 ) ) ;
#5027 = CYLINDRICAL_SURFACE ( 'NONE', #951, 12.49999999999999645 ) ;
#5028 = SURFACE_STYLE_FILL_AREA ( #626 ) ;
#5029 = CARTESIAN_POINT ( 'NONE',  ( -107.7525301984860420, -8.389091689729843537, 8.973905240873193634 ) ) ;
#5030 = EDGE_CURVE ( 'NONE', #959, #32, #2349, .T. ) ;
#5031 = ORIENTED_EDGE ( 'NONE', *, *, #4360, .T. ) ;
#5032 = FACE_OUTER_BOUND ( 'NONE', #3446, .T. ) ;
#5033 = EDGE_CURVE ( 'NONE', #4787, #1805, #3933, .T. ) ;
#5034 = CARTESIAN_POINT ( 'NONE',  ( 66.58591166939878292, 99.33650537965608862, 19.00000000000000355 ) ) ;
#5035 = CIRCLE ( 'NONE', #3117, 150.0000000000000000 ) ;
#5036 = CARTESIAN_POINT ( 'NONE',  ( -105.8001538625548505, -8.897250751497203680, 7.401846231098114792 ) ) ;
#5037 = DIRECTION ( 'NONE',  ( -1.000000000000000000, -1.264818684629761841E-16, -1.040834085604003879E-17 ) ) ;
#5038 = ORIENTED_EDGE ( 'NONE', *, *, #1750, .F. ) ;
#5039 = ADVANCED_FACE ( 'NONE', ( #934, #4040 ), #995, .F. ) ;
#5040 = VECTOR ( 'NONE', #2851, 1000.000000000000000 ) ;
#5041 = CARTESIAN_POINT ( 'NONE',  ( 85.00000000000092371, 84.99999999999910472, 216.0010000000000048 ) ) ;
#5042 = CARTESIAN_POINT ( 'NONE',  ( -72.62469504755540584, -93.78086880944222514, 4.372135339997381410E-17 ) ) ;
#5043 = DIRECTION ( 'NONE',  ( 0.000000000000000000, -1.000000000000000000, 0.000000000000000000 ) ) ;
#5044 = CARTESIAN_POINT ( 'NONE',  ( -105.8002077949967372, -13.64823883969298457, 29.89484758358045724 ) ) ;
#5045 = ORIENTED_EDGE ( 'NONE', *, *, #1294, .T. ) ;
#5046 = EDGE_LOOP ( 'NONE', ( #3762, #657, #1797, #1846 ) ) ;
#5047 = FACE_OUTER_BOUND ( 'NONE', #2039, .T. ) ;
#5048 = CARTESIAN_POINT ( 'NONE',  ( -105.2293932342299883, -12.96355307457002581, 12.19679608181096420 ) ) ;
#5049 = APPLICATION_PROTOCOL_DEFINITION ( 'draft international standard', 'automotive_design', 1998, #4794 ) ;
#5050 = CARTESIAN_POINT ( 'NONE',  ( -107.6111399633304160, -8.404437464885479159, 8.915322371907237198 ) ) ;
#5051 = VERTEX_POINT ( 'NONE', #4901 ) ;
#5052 = CARTESIAN_POINT ( 'NONE',  ( -99.33650537965658600, 19.00246749018652181, 18.99999999999999645 ) ) ;
#5053 = DIRECTION ( 'NONE',  ( -1.264818684629761841E-16, 1.000000000000000000, -0.000000000000000000 ) ) ;
#5054 = CARTESIAN_POINT ( 'NONE',  ( -105.8002239401928932, -8.770893028916614043, 8.058246587711161979 ) ) ;
#5055 = DIRECTION ( 'NONE',  ( 3.054740849381649318E-17, -1.457378446665821845E-17, -1.000000000000000000 ) ) ;
#5056 = ORIENTED_EDGE ( 'NONE', *, *, #4524, .F. ) ;
#5057 = CARTESIAN_POINT ( 'NONE',  ( -105.7999999999999972, -7.938583232060017814, 33.27512938227994255 ) ) ;
#5058 = CARTESIAN_POINT ( 'NONE',  ( -105.4200298400199927, -8.992771562280017505, 7.767502659669963450 ) ) ;
#5059 = CARTESIAN_POINT ( 'NONE',  ( -109.4842331386041252, 7.654225456157385032, 33.50759653464087506 ) ) ;
#5060 = EDGE_CURVE ( 'NONE', #259, #2907, #4219, .T. ) ;
#5061 = LINE ( 'NONE', #615, #1123 ) ;
#5062 = FACE_OUTER_BOUND ( 'NONE', #3900, .T. ) ;
#5063 = CARTESIAN_POINT ( 'NONE',  ( -99.99999999999893419, 100.0000000000010800, -4.512119296047454806E-15 ) ) ;
#5064 = VERTEX_POINT ( 'NONE', #4878 ) ;
#5065 = ORIENTED_EDGE ( 'NONE', *, *, #4577, .F. ) ;
#5066 = DIRECTION ( 'NONE',  ( -1.000000000000000000, -1.264818684629761841E-16, -1.040834085604003879E-17 ) ) ;
#5067 = CARTESIAN_POINT ( 'NONE',  ( -111.8462941239299937, -10.54444286662000607, 12.88675592465496322 ) ) ;
#5068 = CARTESIAN_POINT ( 'NONE',  ( -105.8354903697199916, -8.683659688530017462, 33.76822147032995503 ) ) ;
#5069 = ORIENTED_EDGE ( 'NONE', *, *, #460, .F. ) ;
#5070 = CARTESIAN_POINT ( 'NONE',  ( -107.3423351449799981, 13.78340334384999366, 13.07227663930096284 ) ) ;
#5071 = CYLINDRICAL_SURFACE ( 'NONE', #205, 12.49999999999999645 ) ;
#5072 = FACE_OUTER_BOUND ( 'NONE', #4017, .T. ) ;
#5073 = CARTESIAN_POINT ( 'NONE',  ( -111.1533985780177005, -3.561298048682395301, 34.24762889534310517 ) ) ;
#5074 = ORIENTED_EDGE ( 'NONE', *, *, #4625, .F. ) ;
#5075 = PLANE ( 'NONE',  #1156 ) ;
#5076 = EDGE_CURVE ( 'NONE', #4939, #2054, #4151, .T. ) ;
#5077 = LINE ( 'NONE', #1689, #1542 ) ;
#5078 = AXIS2_PLACEMENT_3D ( 'NONE', #1300, #4089, #4378 ) ;
#5079 = FACE_OUTER_BOUND ( 'NONE', #1139, .T. ) ;
#5080 = AXIS2_PLACEMENT_3D ( 'NONE', #3439, #3067, #5026 ) ;
#5081 = ADVANCED_FACE ( 'NONE', ( #967 ), #4093, .T. ) ;
#5083 = VECTOR ( 'NONE', #1757, 1000.000000000000000 ) ;
#5082 = CARTESIAN_POINT ( 'NONE',  ( -111.5000000000000000, -10.02497946439000742, 12.41557040681996149 ) ) ;
#5084 = B_SPLINE_CURVE_WITH_KNOTS ( 'NONE', 3,
 ( #5093, #1112, #3901, #1094 ),
 .UNSPECIFIED., .F., .F.,
 ( 4, 4 ),
 ( 0.000000000000000000, 1.000000000000000000 ),
 .UNSPECIFIED. ) ;
#5085 = EDGE_CURVE ( 'NONE', #2279, #3601, #1541, .T. ) ;
#5086 = DIRECTION ( 'NONE',  ( -1.071490047689202741E-14, -0.9996573249755573709, -0.02617694830787319418 ) ) ;
#5087 = CARTESIAN_POINT ( 'NONE',  ( -111.4422088187699984, 8.225699438049982604, 31.68850121505995077 ) ) ;
#5088 = AXIS2_PLACEMENT_3D ( 'NONE', #63, #2510, #3260 ) ;
#5089 = B_SPLINE_CURVE_WITH_KNOTS ( 'NONE', 3,
 ( #257, #1091, #4312, #5044, #3045, #692, #2267, #1109, #2247, #3898, #762, #3810, #3853, #301, #4290, #277, #2314, #1838, #345, #1502, #4996, #1885, #2632, #4632, #324, #4702, #3084 ),
 .UNSPECIFIED., .F., .F.,
 ( 4, 2, 2, 1, 1, 2, 2, 2, 2, 1, 1, 1, 2, 2, 2, 4 ),
 ( 0.000000000000000000, 0.2500000000001142975, 0.3750000000001709743, 0.4375000000002014500, 0.4687500000002185474, 0.4843750000002287059, 0.5000000000002389200, 0.6250000000002986500, 0.6875000000003292921, 0.7187500000003456124, 0.7343750000003547163, 0.7421875000003586020, 0.7460937500003594902, 0.7500000000003604894, 0.8750000000001801892, 1.000000000000000000 ),
 .UNSPECIFIED. ) ;
#5090 = CARTESIAN_POINT ( 'NONE',  ( -99.99999999999893419, 100.0000000000010800, -4.512119296047454806E-15 ) ) ;
#5091 = VERTEX_POINT ( 'NONE', #2951 ) ;
#5092 = ORIENTED_EDGE ( 'NONE', *, *, #3384, .F. ) ;
#5093 = CARTESIAN_POINT ( 'NONE',  ( -106.0992495973799947, -8.683558467670017933, 34.95794125928996010 ) ) ;
#5094 = CARTESIAN_POINT ( 'NONE',  ( -112.0758202472499931, -10.26016985310002738, 12.74513955724396297 ) ) ;
#5095 = VECTOR ( 'NONE', #1734, 1000.000000000000000 ) ;
#5096 = LINE ( 'NONE', #1075, #4944 ) ;
#5097 = ORIENTED_EDGE ( 'NONE', *, *, #4327, .T. ) ;
#5098 = DIRECTION ( 'NONE',  ( 1.071937337635886090E-14, 1.000000000000000000, -1.457378446665789181E-17 ) ) ;
#5099 = DIRECTION ( 'NONE',  ( -9.251858538539046850E-15, -1.000000000000000000, 0.000000000000000000 ) ) ;
#5100 = VERTEX_POINT ( 'NONE', #2537 ) ;
#5101 = CARTESIAN_POINT ( 'NONE',  ( -111.6309954342099928, -10.80943022705000800, 28.98195093378995324 ) ) ;
#5102 = FACE_OUTER_BOUND ( 'NONE', #3214, .T. ) ;
#5103 = ORIENTED_EDGE ( 'NONE', *, *, #4494, .F. ) ;
#5104 = CARTESIAN_POINT ( 'NONE',  ( -110.1252549217335002, 10.91487893643917850, 29.32442680911699640 ) ) ;
#5105 = CARTESIAN_POINT ( 'NONE',  ( -109.4804315405205841, 7.654343689606474932, 33.51009728865919612 ) ) ;
#5106 = CIRCLE ( 'NONE', #4449, 3.199999999999994404 ) ;
#5107 = ADVANCED_FACE ( 'NONE', ( #3289 ), #4953, .T. ) ;
#5108 = CARTESIAN_POINT ( 'NONE',  ( -99.99999999999901945, 95.86186342883625855, -4.451810985565703864E-15 ) ) ;
#5109 = CIRCLE ( 'NONE', #1728, 12.99999999999999822 ) ;
#5110 = CARTESIAN_POINT ( 'NONE',  ( -111.6294401486599952, 10.81045610585999306, 13.01808760642996532 ) ) ;
#5111 = CARTESIAN_POINT ( 'NONE',  ( -110.3322591884199966, 8.085389959459991616, 32.54202013358995060 ) ) ;
#5112 = EDGE_CURVE ( 'NONE', #2386, #3145, #1207, .T. ) ;
#5113 = EDGE_CURVE ( 'NONE', #3631, #358, #4126, .T. ) ;
#5114 = CARTESIAN_POINT ( 'NONE',  ( -105.7999999999999972, -10.01490117775417232, 34.96065963555395228 ) ) ;
#5115 = EDGE_CURVE ( 'NONE', #4687, #1259, #2100, .T. ) ;
#5116 = ORIENTED_EDGE ( 'NONE', *, *, #1238, .T. ) ;
#5117 = VERTEX_POINT ( 'NONE', #1332 ) ;
#5118 = PLANE ( 'NONE',  #447 ) ;
#5119 = FACE_OUTER_BOUND ( 'NONE', #2882, .T. ) ;
#5120 = FACE_OUTER_BOUND ( 'NONE', #91, .T. ) ;
#5121 = DIRECTION ( 'NONE',  ( 0.000000000000000000, -1.000000000000000000, 0.000000000000000000 ) ) ;
#5122 = EDGE_CURVE ( 'NONE', #561, #1633, #602, .T. ) ;
#5123 = ORIENTED_EDGE ( 'NONE', *, *, #4524, .T. ) ;
#5124 = DIRECTION ( 'NONE',  ( -1.000000000000000000, -1.264818684629761841E-16, -1.040834085604003879E-17 ) ) ;
#5125 = FACE_OUTER_BOUND ( 'NONE', #2580, .T. ) ;
#5126 = ORIENTED_EDGE ( 'NONE', *, *, #3604, .F. ) ;
ENDSEC;
END-ISO-10303-21;
