ISO-10303-21;
HEADER;
FILE_DESCRIPTION (( 'STEP AP214' ),
    '1' );
FILE_NAME ('CRB15000_12kg-127_Omnicore_rev00_LINK06_CAD.step',
    '2023-07-05T07:37:48',
    ( '' ),
    ( '' ),
    'SwSTEP 2.0',
    'SolidWorks 2022',
    '' );
FILE_SCHEMA (( 'AUTOMOTIVE_DESIGN' ));
ENDSEC;

DATA;
#1 =( NAMED_UNIT ( * ) PLANE_ANGLE_UNIT ( ) SI_UNIT ( $, .RADIAN. ) );
#2 = PRESENTATION_LAYER_ASSIGNMENT (  '', '', ( #3025 ) ) ;
#3 =( LENGTH_UNIT ( ) NAMED_UNIT ( * ) SI_UNIT ( .MILLI., .METRE. ) );
#4 = CARTESIAN_POINT ( 'NONE',  ( 607.0999999999999091, -40.89543020069157109, 1221.712269241876811 ) ) ;
#5 = DIRECTION ( 'NONE',  ( 1.000000000000000000, 0.000000000000000000, 2.618191646955655209E-47 ) ) ;
#6 =( NAMED_UNIT ( * ) PLANE_ANGLE_UNIT ( ) SI_UNIT ( $, .RADIAN. ) );
#7 = LINE ( 'NONE', #593, #1847 ) ;
#8 = ORIENTED_EDGE ( 'NONE', *, *, #3111, .F. ) ;
#9 = VECTOR ( 'NONE', #1623, 1000.000000000000000 ) ;
#10 = PLANE ( 'NONE',  #152 ) ;
#11 = CARTESIAN_POINT ( 'NONE',  ( 608.7941528540789022, 38.48014768846704214, 1230.194394691920706 ) ) ;
#12 = CARTESIAN_POINT ( 'NONE',  ( 623.9999999999998863, -17.67766952966371719, 1217.322330470335828 ) ) ;
#13 = ORIENTED_EDGE ( 'NONE', *, *, #3910, .F. ) ;
#14 = SURFACE_SIDE_STYLE ('',( #5562 ) ) ;
#15 = EDGE_CURVE ( 'NONE', #6721, #4840, #1983, .T. ) ;
#16 = CARTESIAN_POINT ( 'NONE',  ( 623.9999999999998863, -15.17766952966396765, 1252.677669529663717 ) ) ;
#17 = CARTESIAN_POINT ( 'NONE',  ( 606.7869706196130437, 50.22872623753843158, 1242.689116742147462 ) ) ;
#18 = CARTESIAN_POINT ( 'NONE',  ( 606.2695368773601103, 49.70736226272848057, 1229.318406502963853 ) ) ;
#19 = EDGE_CURVE ( 'NONE', #534, #5969, #6105, .T. ) ;
#20 = FACE_OUTER_BOUND ( 'NONE', #7627, .T. ) ;
#21 = FILL_AREA_STYLE ('',( #1427 ) ) ;
#22 = VERTEX_POINT ( 'NONE', #6273 ) ;
#23 = COLOUR_RGB ( '',0.7490196078431372584, 0.7490196078431372584, 0.7490196078431372584 ) ;
#24 = CARTESIAN_POINT ( 'NONE',  ( 608.6797054077298981, -19.64682638669444259, 1202.479538564689847 ) ) ;
#25 = EDGE_CURVE ( 'NONE', #2650, #7457, #2156, .T. ) ;
#26 = VERTEX_POINT ( 'NONE', #4284 ) ;
#27 =( LENGTH_UNIT ( ) NAMED_UNIT ( * ) SI_UNIT ( .MILLI., .METRE. ) );
#28 = EDGE_CURVE ( 'NONE', #2854, #5533, #7733, .T. ) ;
#29 = EDGE_LOOP ( 'NONE', ( #5964, #5174, #4059, #842 ) ) ;
#30 = CARTESIAN_POINT ( 'NONE',  ( 604.5911517980983945, 41.58406016121464432, 1233.652344940883950 ) ) ;
#31 = FILL_AREA_STYLE ('',( #8772 ) ) ;
#32 = MECHANICAL_DESIGN_GEOMETRIC_PRESENTATION_REPRESENTATION (  '', ( #4329 ), #1772 ) ;
#33 = DIRECTION ( 'NONE',  ( -1.000000000000000000, 0.000000000000000000, -2.618191646955655209E-47 ) ) ;
#34 = VERTEX_POINT ( 'NONE', #1474 ) ;
#35 = CARTESIAN_POINT ( 'NONE',  ( 606.4696715686596917, -9.617511190755706707, 1186.110905500683657 ) ) ;
#36 = AXIS2_PLACEMENT_3D ( 'NONE', #5113, #236, #2367 ) ;
#37 =( NAMED_UNIT ( * ) SI_UNIT ( $, .STERADIAN. ) SOLID_ANGLE_UNIT ( ) );
#38 = DIRECTION ( 'NONE',  ( 1.000000000000000000, 9.162209061965000063E-16, -6.261247779448849444E-16 ) ) ;
#39 = AXIS2_PLACEMENT_3D ( 'NONE', #6611, #1716, #7189 ) ;
#40 = CARTESIAN_POINT ( 'NONE',  ( 607.5726731305876456, -6.591040784099759592E-14, 1273.999999999999545 ) ) ;
#41 = CARTESIAN_POINT ( 'NONE',  ( 608.5962817270526557, 48.03650030224891765, 1238.140131138296056 ) ) ;
#42 =( NAMED_UNIT ( * ) PLANE_ANGLE_UNIT ( ) SI_UNIT ( $, .RADIAN. ) );
#43 = ORIENTED_EDGE ( 'NONE', *, *, #2014, .F. ) ;
#44 = FACE_BOUND ( 'NONE', #1526, .T. ) ;
#45 = CARTESIAN_POINT ( 'NONE',  ( 603.3688252216009005, 38.57672940807233175, 1237.946314732220799 ) ) ;
#46 = FACE_OUTER_BOUND ( 'NONE', #7784, .T. ) ;
#47 = UNCERTAINTY_MEASURE_WITH_UNIT (LENGTH_MEASURE( 1.000000000000000082E-05 ), #7533, 'distance_accuracy_value', 'NONE');
#48 = EDGE_LOOP ( 'NONE', ( #341, #3777, #5471, #4385 ) ) ;
#49 = AXIS2_PLACEMENT_3D ( 'NONE', #6025, #1251, #353 ) ;
#50 = EDGE_CURVE ( 'NONE', #1848, #3595, #3092, .T. ) ;
#51 = DIRECTION ( 'NONE',  ( 0.000000000000000000, -1.000000000000000000, 0.000000000000000000 ) ) ;
#52 = B_SPLINE_CURVE_WITH_KNOTS ( 'NONE', 3,
 ( #2446, #5189, #1763, #7237, #1071, #6113, #708, #4797, #4173, #1341, #5537, #8248, #8124, #3454, #2754, #2165 ),
 .UNSPECIFIED., .F., .F.,
 ( 4, 2, 2, 2, 2, 2, 2, 4 ),
 ( 0.000000000000000000, 0.001828381909305097598, 0.002742572863957655829, 0.003656763818610214278, 0.004570954773262771859, 0.005485145727915329873, 0.006399336682567889623, 0.007313527637220447637 ),
 .UNSPECIFIED. ) ;
#53 = CARTESIAN_POINT ( 'NONE',  ( 607.4999999999997726, -18.39326070424366577, 1200.226963315608373 ) ) ;
#54 = SURFACE_SIDE_STYLE ('',( #7618 ) ) ;
#55 = PRESENTATION_LAYER_ASSIGNMENT (  '', '', ( #7814 ) ) ;
#56 = MECHANICAL_DESIGN_GEOMETRIC_PRESENTATION_REPRESENTATION (  '', ( #2938 ), #2376 ) ;
#57 = PRESENTATION_STYLE_ASSIGNMENT (( #2060 ) ) ;
#58 = CARTESIAN_POINT ( 'NONE',  ( 607.5960556515246935, -6.389618070620805668, 1196.594817129376452 ) ) ;
#59 = FACE_OUTER_BOUND ( 'NONE', #4558, .T. ) ;
#60 = UNCERTAINTY_MEASURE_WITH_UNIT (LENGTH_MEASURE( 1.000000000000000082E-05 ), #8758, 'distance_accuracy_value', 'NONE');
#61 = AXIS2_PLACEMENT_3D ( 'NONE', #6984, #4876, #6900 ) ;
#62 = PRESENTATION_LAYER_ASSIGNMENT (  '', '', ( #3656 ) ) ;
#63 = EDGE_CURVE ( 'NONE', #4026, #6721, #2286, .T. ) ;
#64 = CARTESIAN_POINT ( 'NONE',  ( 607.4999999999997726, 39.02783014748387558, 1227.709310554032754 ) ) ;
#65 = VERTEX_POINT ( 'NONE', #4241 ) ;
#66 = SHAPE_DEFINITION_REPRESENTATION ( #919, #405 ) ;
#67 = COLOUR_RGB ( '',0.7490196078431372584, 0.7490196078431372584, 0.7490196078431372584 ) ;
#68 = DIRECTION ( 'NONE',  ( -1.000000000000000000, 8.786078806946739498E-16, 6.778946662198179893E-16 ) ) ;
#69 = VECTOR ( 'NONE', #1913, 1000.000000000000227 ) ;
#71 = EDGE_CURVE ( 'NONE', #4172, #8495, #4801, .T. ) ;
#70 = ORIENTED_EDGE ( 'NONE', *, *, #6188, .T. ) ;
#72 = CARTESIAN_POINT ( 'NONE',  ( 604.6131400333568990, 42.05152900015161066, 1233.499999999999545 ) ) ;
#73 = CARTESIAN_POINT ( 'NONE',  ( 604.5001223579452017, -15.86563836214674339, 1184.965788236456319 ) ) ;
#74 = ADVANCED_FACE ( 'NONE', ( #4834 ), #6110, .T. ) ;
#75 = SURFACE_STYLE_FILL_AREA ( #4176 ) ;
#76 = ORIENTED_EDGE ( 'NONE', *, *, #627, .T. ) ;
#77 = AXIS2_PLACEMENT_3D ( 'NONE', #7334, #8814, #8732 ) ;
#78 =( GEOMETRIC_REPRESENTATION_CONTEXT ( 3 ) GLOBAL_UNCERTAINTY_ASSIGNED_CONTEXT ( ( #3220 ) ) GLOBAL_UNIT_ASSIGNED_CONTEXT ( ( #1370, #6854, #2185 ) ) REPRESENTATION_CONTEXT ( 'NONE', 'WORKASPACE' ) );
#79 = SURFACE_SIDE_STYLE ('',( #2173 ) ) ;
#80 =( GEOMETRIC_REPRESENTATION_CONTEXT ( 3 ) GLOBAL_UNCERTAINTY_ASSIGNED_CONTEXT ( ( #4614 ) ) GLOBAL_UNIT_ASSIGNED_CONTEXT ( ( #3411, #4696, #6108 ) ) REPRESENTATION_CONTEXT ( 'NONE', 'WORKASPACE' ) );
#81 = CARTESIAN_POINT ( 'NONE',  ( 604.0999999999999091, 43.02335844053222758, 1250.029689829423660 ) ) ;
#82 =( LENGTH_UNIT ( ) NAMED_UNIT ( * ) SI_UNIT ( .MILLI., .METRE. ) );
#83 = PLANE ( 'NONE',  #1651 ) ;
#84 = CIRCLE ( 'NONE', #230, 2.499999999999959144 ) ;
#85 = FILL_AREA_STYLE_COLOUR ( '', #3839 ) ;
#86 =( NAMED_UNIT ( * ) PLANE_ANGLE_UNIT ( ) SI_UNIT ( $, .RADIAN. ) );
#87 =( LENGTH_UNIT ( ) NAMED_UNIT ( * ) SI_UNIT ( .MILLI., .METRE. ) );
#88 = CARTESIAN_POINT ( 'NONE',  ( 623.9999999999998863, 2.775557561562892613E-14, 1209.999999999999773 ) ) ;
#89 = ORIENTED_EDGE ( 'NONE', *, *, #182, .F. ) ;
#90 = FILL_AREA_STYLE ('',( #7608 ) ) ;
#91 = STYLED_ITEM ( 'NONE', ( #759 ), #4971 ) ;
#92 = CARTESIAN_POINT ( 'NONE',  ( 608.9859838742997908, 38.48014767556168181, 1235.074585842217630 ) ) ;
#93 = STYLED_ITEM ( 'NONE', ( #6230 ), #1163 ) ;
#94 = SURFACE_STYLE_USAGE ( .BOTH. , #6933 ) ;
#95 = ORIENTED_EDGE ( 'NONE', *, *, #451, .T. ) ;
#96 = FACE_BOUND ( 'NONE', #990, .T. ) ;
#97 = MECHANICAL_DESIGN_GEOMETRIC_PRESENTATION_REPRESENTATION (  '', ( #6000 ), #1114 ) ;
#98 = LINE ( 'NONE', #7026, #2586 ) ;
#99 = CARTESIAN_POINT ( 'NONE',  ( 607.1043649601771222, 49.65954215346656042, 1242.845995726777346 ) ) ;
#100 =( GEOMETRIC_REPRESENTATION_CONTEXT ( 3 ) GLOBAL_UNCERTAINTY_ASSIGNED_CONTEXT ( ( #5402 ) ) GLOBAL_UNIT_ASSIGNED_CONTEXT ( ( #7971, #1878, #4816 ) ) REPRESENTATION_CONTEXT ( 'NONE', 'WORKASPACE' ) );
#101 = DIRECTION ( 'NONE',  ( 0.000000000000000000, 0.7071067811865544561, 0.7071067811865406894 ) ) ;
#102 = DIRECTION ( 'NONE',  ( 1.000000000000000000, 0.000000000000000000, 2.618191646955655209E-47 ) ) ;
#103 = PRESENTATION_STYLE_ASSIGNMENT (( #6319 ) ) ;
#104 = DIRECTION ( 'NONE',  ( 3.952720641290395052E-20, -1.000000000000000000, -8.815909524110140548E-19 ) ) ;
#105 = AXIS2_PLACEMENT_3D ( 'NONE', #6246, #1995, #6207 ) ;
#106 =( GEOMETRIC_REPRESENTATION_CONTEXT ( 3 ) GLOBAL_UNCERTAINTY_ASSIGNED_CONTEXT ( ( #7891 ) ) GLOBAL_UNIT_ASSIGNED_CONTEXT ( ( #3513, #2270, #6392 ) ) REPRESENTATION_CONTEXT ( 'NONE', 'WORKASPACE' ) );
#107 = FILL_AREA_STYLE ('',( #1385 ) ) ;
#108 = ORIENTED_EDGE ( 'NONE', *, *, #1857, .T. ) ;
#109 =( GEOMETRIC_REPRESENTATION_CONTEXT ( 3 ) GLOBAL_UNCERTAINTY_ASSIGNED_CONTEXT ( ( #6548 ) ) GLOBAL_UNIT_ASSIGNED_CONTEXT ( ( #1668, #3100, #5184 ) ) REPRESENTATION_CONTEXT ( 'NONE', 'WORKASPACE' ) );
#110 = CARTESIAN_POINT ( 'NONE',  ( 604.0999999999999091, -2.194087812829471726E-13, 1191.999999999999773 ) ) ;
#111 = COLOUR_RGB ( '',0.7490196078431372584, 0.7490196078431372584, 0.7490196078431372584 ) ;
#112 = EDGE_LOOP ( 'NONE', ( #7108, #8834, #2408, #8242 ) ) ;
#113 = CARTESIAN_POINT ( 'NONE',  ( 605.4597290430538123, -12.08988952461487543, 1183.942306245090094 ) ) ;
#114 = DIRECTION ( 'NONE',  ( -1.000000000000000000, 0.000000000000000000, -2.618191646955655209E-47 ) ) ;
#115 =( BOUNDED_SURFACE ( )  B_SPLINE_SURFACE ( 3, 3, ( 
 ( #2475, #5922, #5226, #5317 ),
 ( #8033, #1892, #6556, #1751 ),
 ( #1793, #382, #4601, #2611 ),
 ( #7853, #4434, #3849, #1707 ),
 ( #6648, #6514, #4475, #4511 ),
 ( #7322, #1110, #7181, #430 ),
 ( #5841, #8580, #7224, #2435 ) ),
 .UNSPECIFIED., .F., .F., .F. ) 
 B_SPLINE_SURFACE_WITH_KNOTS ( ( 4, 3, 4 ),
 ( 4, 4 ),
 ( 0.000000000000000000, 1.000000000000000000, 2.000000000000000000 ),
 ( 0.000000000000000000, 1.000000000000000000 ),
 .UNSPECIFIED. ) 
 GEOMETRIC_REPRESENTATION_ITEM ( )  RATIONAL_B_SPLINE_SURFACE ( (
 ( 1.377595011997999830, 1.123818639325999902, 1.123818639325999902, 1.377595011997999830),
 ( 1.087884123068999953, 0.8874774112015999528, 0.8874774112015999528, 1.087884123068999953),
 ( 1.087884123068999953, 0.8874774112015999528, 0.8874774112015999528, 1.087884123068999953),
 ( 1.377595011997999830, 1.123818639325999902, 1.123818639325999902, 1.377595011997999830),
 ( 1.087884123068999953, 0.8874774112015999528, 0.8874774112015999528, 1.087884123068999953),
 ( 1.087884123068999953, 0.8874774112015999528, 0.8874774112015999528, 1.087884123068999953),
 ( 1.377595011997999830, 1.123818639325999902, 1.123818639325999902, 1.377595011997999830) ) ) 
 REPRESENTATION_ITEM ( '' )  SURFACE ( )  );
#116 = SURFACE_STYLE_USAGE ( .BOTH. , #8526 ) ;
#117 = EDGE_LOOP ( 'NONE', ( #1204, #6068, #7409 ) ) ;
#118 = EDGE_CURVE ( 'NONE', #7549, #6333, #5087, .T. ) ;
#119 = CARTESIAN_POINT ( 'NONE',  ( 607.2438653119944547, -7.727391706688308659, 1185.635891171531966 ) ) ;
#120 = SURFACE_STYLE_USAGE ( .BOTH. , #5673 ) ;
#121 = COLOUR_RGB ( '',0.7490196078431372584, 0.7490196078431372584, 0.7490196078431372584 ) ;
#122 = EDGE_CURVE ( 'NONE', #5893, #4129, #3614, .T. ) ;
#123 = VERTEX_POINT ( 'NONE', #5073 ) ;
#124 = CARTESIAN_POINT ( 'NONE',  ( 634.9999999999997726, -17.67766952966371719, 1217.322330470335828 ) ) ;
#125 = CARTESIAN_POINT ( 'NONE',  ( 607.0999999999999091, 38.76750196085070144, 1246.545771686821581 ) ) ;
#126 = DIRECTION ( 'NONE',  ( 1.000000000000000000, -0.000000000000000000, 2.618191646955655209E-47 ) ) ;
#127 = EDGE_LOOP ( 'NONE', ( #1926, #4019, #1705, #5733 ) ) ;
#128 = EDGE_CURVE ( 'NONE', #5229, #4374, #4367, .T. ) ;
#129 =( LENGTH_UNIT ( ) NAMED_UNIT ( * ) SI_UNIT ( .MILLI., .METRE. ) );
#130 = AXIS2_PLACEMENT_3D ( 'NONE', #2895, #851, #5003 ) ;
#131 = CARTESIAN_POINT ( 'NONE',  ( 603.4498522439467934, 38.57672943997643245, 1235.529844243529624 ) ) ;
#132 = CARTESIAN_POINT ( 'NONE',  ( 608.9607345775378917, 36.99999999999993605, 1243.490842794001765 ) ) ;
#133 = UNCERTAINTY_MEASURE_WITH_UNIT (LENGTH_MEASURE( 1.000000000000000082E-05 ), #2619, 'distance_accuracy_value', 'NONE');
#134 = ORIENTED_EDGE ( 'NONE', *, *, #888, .T. ) ;
#135 = DIRECTION ( 'NONE',  ( -0.000000000000000000, 1.000000000000000000, 0.000000000000000000 ) ) ;
#136 = CARTESIAN_POINT ( 'NONE',  ( 623.9999999999998863, 2.775557561562892613E-14, 1209.999999999999773 ) ) ;
#137 =( GEOMETRIC_REPRESENTATION_CONTEXT ( 3 ) GLOBAL_UNCERTAINTY_ASSIGNED_CONTEXT ( ( #5010 ) ) GLOBAL_UNIT_ASSIGNED_CONTEXT ( ( #8503, #7872, #895 ) ) REPRESENTATION_CONTEXT ( 'NONE', 'WORKASPACE' ) );
#138 = CYLINDRICAL_SURFACE ( 'NONE', #3715, 1.999999999999974687 ) ;
#139 = DIRECTION ( 'NONE',  ( 0.000000000000000000, 0.7071067811865577868, -0.7071067811865371366 ) ) ;
#140 = CARTESIAN_POINT ( 'NONE',  ( 607.4999999999997726, 40.89543020069168477, 1221.712269241877493 ) ) ;
#141 = B_SPLINE_CURVE_WITH_KNOTS ( 'NONE', 3,
 ( #926, #5085, #5762, #4942, #3723, #7094, #4387, #6433, #259, #3013, #4991, #8490, #7729, #3591, #1573, #977 ),
 .UNSPECIFIED., .F., .F.,
 ( 4, 2, 2, 2, 2, 2, 2, 4 ),
 ( 0.004444680583975859321, 0.007032868681990508616, 0.008326962730997833698, 0.009621056780005157044, 0.01091515082901248213, 0.01220924487801980721, 0.01350333892702713229, 0.01479743297603445737 ),
 .UNSPECIFIED. ) ;
#142 = CARTESIAN_POINT ( 'NONE',  ( 608.9607345775378917, -3.358357423799665842, 1197.187094177166728 ) ) ;
#143 = UNCERTAINTY_MEASURE_WITH_UNIT (LENGTH_MEASURE( 1.000000000000000082E-05 ), #7840, 'distance_accuracy_value', 'NONE');
#144 = CARTESIAN_POINT ( 'NONE',  ( 607.5727107149369886, -23.17094822048380465, 1266.371841435370015 ) ) ;
#145 = ORIENTED_EDGE ( 'NONE', *, *, #6513, .F. ) ;
#146 =( NAMED_UNIT ( * ) SI_UNIT ( $, .STERADIAN. ) SOLID_ANGLE_UNIT ( ) );
#147 = STYLED_ITEM ( 'NONE', ( #3878 ), #6910 ) ;
#148 = DIRECTION ( 'NONE',  ( 0.000000000000000000, 0.000000000000000000, 1.000000000000000000 ) ) ;
#149 = ORIENTED_EDGE ( 'NONE', *, *, #293, .T. ) ;
#150 =( GEOMETRIC_REPRESENTATION_CONTEXT ( 3 ) GLOBAL_UNCERTAINTY_ASSIGNED_CONTEXT ( ( #6104 ) ) GLOBAL_UNIT_ASSIGNED_CONTEXT ( ( #7315, #1934, #3887 ) ) REPRESENTATION_CONTEXT ( 'NONE', 'WORKASPACE' ) );
#151 = CARTESIAN_POINT ( 'NONE',  ( 571.2463877986918988, -6.591949208711866959E-14, 1234.999999999999545 ) ) ;
#152 = AXIS2_PLACEMENT_3D ( 'NONE', #5060, #8506, #7785 ) ;
#153 = B_SPLINE_CURVE_WITH_KNOTS ( 'NONE', 3,
 ( #8307, #5459, #1489, #4898, #7473, #1303, #2802, #5504, #628, #7640, #3374, #2718, #6837, #8175 ),
 .UNSPECIFIED., .F., .F.,
 ( 4, 2, 2, 2, 2, 2, 4 ),
 ( 0.01275717546009002071, 0.01381344631711889023, 0.01434158174563340826, 0.01486971717414792629, 0.01539785260266244432, 0.01592598803117695888, 0.01698225888820610943 ),
 .UNSPECIFIED. ) ;
#154 = CARTESIAN_POINT ( 'NONE',  ( 606.0088438165186062, -16.93511797751680703, 1199.982563146851817 ) ) ;
#155 = ORIENTED_EDGE ( 'NONE', *, *, #4409, .T. ) ;
#156 = CARTESIAN_POINT ( 'NONE',  ( 604.5001124556362129, -15.28060513217383587, 1186.824288028872843 ) ) ;
#157 = AXIS2_PLACEMENT_3D ( 'NONE', #373, #2422, #3130 ) ;
#158 = CARTESIAN_POINT ( 'NONE',  ( 607.2863374450924994, -21.90377987345567945, 1190.133587542943360 ) ) ;
#159 = DIRECTION ( 'NONE',  ( 1.000000000000000000, -9.162209061965053312E-16, 6.261247779448773516E-16 ) ) ;
#160 = EDGE_LOOP ( 'NONE', ( #7899, #7918, #2660 ) ) ;
#162 = SURFACE_SIDE_STYLE ('',( #2213 ) ) ;
#161 =( BOUNDED_SURFACE ( )  B_SPLINE_SURFACE ( 3, 2, ( 
 ( #5626, #113, #4939 ),
 ( #1615, #5711, #254 ),
 ( #3544, #4214, #1569 ),
 ( #6240, #2878, #7676 ),
 ( #4294, #4174, #3010 ),
 ( #5583, #5668, #8338 ),
 ( #5756, #73, #2250 ),
 ( #2166, #8485, #2837 ),
 ( #6954, #8300, #3669 ),
 ( #6916, #7044, #4892 ),
 ( #877, #5081, #7633 ),
 ( #1528, #203, #3622 ),
 ( #6429, #5037, #8387 ),
 ( #750, #2340, #923 ) ),
 .UNSPECIFIED., .F., .F., .T. ) 
 B_SPLINE_SURFACE_WITH_KNOTS ( ( 4, 2, 2, 2, 2, 2, 4 ),
 ( 3, 3 ),
 ( 3.989863994746656317E-17, 0.002520723825028071789, 0.003781085737542087735, 0.005041447650056103680, 0.007562171475084135570, 0.008822533387598151949, 0.01008289530011216746 ),
 ( 0.000000000000000000, 1.000000000000000000 ),
 .UNSPECIFIED. ) 
 GEOMETRIC_REPRESENTATION_ITEM ( )  RATIONAL_B_SPLINE_SURFACE ( (
 ( 1.000000000000000000, 0.7014466316118588285, 1.000000000000000000),
 ( 1.000000000000000000, 0.7061870799613887417, 1.000000000000000000),
 ( 1.000000000000000000, 0.7098968363387353486, 1.000000000000000000),
 ( 1.000000000000000000, 0.7136939999989386774, 1.000000000000000000),
 ( 1.000000000000000000, 0.7146650339912286043, 1.000000000000000000),
 ( 1.000000000000000000, 0.7159728545813810463, 1.000000000000000000),
 ( 1.000000000000000000, 0.7163000036644293633, 1.000000000000000000),
 ( 1.000000000000000000, 0.7163057969682794512, 1.000000000000000000),
 ( 1.000000000000000000, 0.7150218548167738275, 1.000000000000000000),
 ( 1.000000000000000000, 0.7112175587868210247, 1.000000000000000000),
 ( 1.000000000000000000, 0.7096366756218246419, 1.000000000000000000),
 ( 1.000000000000000000, 0.7059393053285172304, 1.000000000000000000),
 ( 1.000000000000000000, 0.7038174798122800446, 1.000000000000000000),
 ( 1.000000000000000000, 0.7014466316118626033, 1.000000000000000000) ) ) 
 REPRESENTATION_ITEM ( '' )  SURFACE ( )  );
#163 = SURFACE_STYLE_FILL_AREA ( #1627 ) ;
#164 = CARTESIAN_POINT ( 'NONE',  ( 607.9999999999998863, -40.19840497958406189, 1178.449293504735806 ) ) ;
#165 = EDGE_CURVE ( 'NONE', #5642, #5387, #2327, .T. ) ;
#166 = DIRECTION ( 'NONE',  ( 1.000000000000000000, 0.000000000000000000, 2.618191646955655209E-47 ) ) ;
#167 = CARTESIAN_POINT ( 'NONE',  ( 604.0044412163787229, -21.40898767249935730, 1187.077503120600340 ) ) ;
#168 = CARTESIAN_POINT ( 'NONE',  ( 624.2999999999998408, -6.591949208711866959E-14, 1234.999999999999545 ) ) ;
#169 =( GEOMETRIC_REPRESENTATION_CONTEXT ( 3 ) GLOBAL_UNCERTAINTY_ASSIGNED_CONTEXT ( ( #610 ) ) GLOBAL_UNIT_ASSIGNED_CONTEXT ( ( #7027, #5164, #5019 ) ) REPRESENTATION_CONTEXT ( 'NONE', 'WORKASPACE' ) );
#170 = SURFACE_SIDE_STYLE ('',( #804 ) ) ;
#171 = DIRECTION ( 'NONE',  ( 0.000000000000000000, 0.000000000000000000, -1.000000000000000000 ) ) ;
#172 = ORIENTED_EDGE ( 'NONE', *, *, #2132, .F. ) ;
#173 = B_SPLINE_CURVE_WITH_KNOTS ( 'NONE', 3,
 ( #2057, #4827, #5566, #8233, #4780, #7659 ),
 .UNSPECIFIED., .F., .F.,
 ( 4, 2, 4 ),
 ( 0.02698632958960175271, 0.03472175883294018744, 0.04245718807627862218 ),
 .UNSPECIFIED. ) ;
#174 =( NAMED_UNIT ( * ) PLANE_ANGLE_UNIT ( ) SI_UNIT ( $, .RADIAN. ) );
#175 = CARTESIAN_POINT ( 'NONE',  ( 607.4999999999997726, 47.85924001516893611, 1242.937253933193688 ) ) ;
#176 = CARTESIAN_POINT ( 'NONE',  ( 606.2717697627247162, 49.70498144309920718, 1240.684815040404828 ) ) ;
#177 = ADVANCED_FACE ( 'NONE', ( #3207 ), #5965, .F. ) ;
#178 = VERTEX_POINT ( 'NONE', #2494 ) ;
#179 = CARTESIAN_POINT ( 'NONE',  ( 614.4999999999997726, 38.99999999999993605, 1242.499999999999773 ) ) ;
#180 =( GEOMETRIC_REPRESENTATION_CONTEXT ( 3 ) GLOBAL_UNCERTAINTY_ASSIGNED_CONTEXT ( ( #868 ) ) GLOBAL_UNIT_ASSIGNED_CONTEXT ( ( #4099, #6, #2810 ) ) REPRESENTATION_CONTEXT ( 'NONE', 'WORKASPACE' ) );
#181 = CARTESIAN_POINT ( 'NONE',  ( 607.4999999999997726, 21.79694170337133130, 1267.805746276428863 ) ) ;
#182 = EDGE_CURVE ( 'NONE', #5100, #2812, #7302, .T. ) ;
#183 = LINE ( 'NONE', #7525, #3655 ) ;
#184 = SURFACE_SIDE_STYLE ('',( #5112 ) ) ;
#185 = CARTESIAN_POINT ( 'NONE',  ( 602.4999999999997726, -6.591949208711866959E-14, 1182.459487372553212 ) ) ;
#186 = DIRECTION ( 'NONE',  ( -1.000000000000000000, 3.123522194620079874E-16, 1.064861060188240078E-15 ) ) ;
#187 = COLOUR_RGB ( '',0.7490196078431372584, 0.7490196078431372584, 0.7490196078431372584 ) ;
#188 =( NAMED_UNIT ( * ) PLANE_ANGLE_UNIT ( ) SI_UNIT ( $, .RADIAN. ) );
#189 = CARTESIAN_POINT ( 'NONE',  ( 634.9999999999997726, 20.70266952966373708, 1217.322330470336738 ) ) ;
#190 = DIRECTION ( 'NONE',  ( -1.000000000000000000, 3.732113731436710097E-16, -1.045086722461002056E-15 ) ) ;
#191 = CARTESIAN_POINT ( 'NONE',  ( 623.9999999999998863, -15.17766952966396765, 1252.677669529663717 ) ) ;
#192 = VERTEX_POINT ( 'NONE', #1130 ) ;
#193 = AXIS2_PLACEMENT_3D ( 'NONE', #4042, #4082, #2712 ) ;
#194 = DIRECTION ( 'NONE',  ( 1.000000000000000000, 0.000000000000000000, 2.618191646955655209E-47 ) ) ;
#195 = SURFACE_STYLE_FILL_AREA ( #7760 ) ;
#196 = DIRECTION ( 'NONE',  ( 1.000000000000000000, 0.000000000000000000, 2.618191646955655209E-47 ) ) ;
#197 = FACE_OUTER_BOUND ( 'NONE', #5862, .T. ) ;
#198 = ORIENTED_EDGE ( 'NONE', *, *, #2347, .F. ) ;
#199 = PRESENTATION_LAYER_ASSIGNMENT (  '', '', ( #4502 ) ) ;
#200 = CIRCLE ( 'NONE', #5260, 1.500000000000056843 ) ;
#201 = AXIS2_PLACEMENT_3D ( 'NONE', #5014, #2278, #3031 ) ;
#202 = CARTESIAN_POINT ( 'NONE',  ( 634.9999999999997726, 42.24999999999994316, 1234.999999999999545 ) ) ;
#203 = CARTESIAN_POINT ( 'NONE',  ( 605.1643392755595414, -19.60832909101917565, 1186.324703112914904 ) ) ;
#204 = ORIENTED_EDGE ( 'NONE', *, *, #3047, .T. ) ;
#205 = PRESENTATION_LAYER_ASSIGNMENT (  '', '', ( #3377 ) ) ;
#206 = SURFACE_STYLE_USAGE ( .BOTH. , #5041 ) ;
#207 = CARTESIAN_POINT ( 'NONE',  ( 604.0999999999999091, -40.89543020069171320, 1221.712269241877493 ) ) ;
#208 = AXIS2_PLACEMENT_3D ( 'NONE', #4185, #2046, #4765 ) ;
#209 = CARTESIAN_POINT ( 'NONE',  ( 607.4905441744798509, -21.80256214983522511, 1191.117800088269860 ) ) ;
#210 = DIRECTION ( 'NONE',  ( 1.000000000000000000, 0.000000000000000000, 2.618191646955655209E-47 ) ) ;
#211 =( LENGTH_UNIT ( ) NAMED_UNIT ( * ) SI_UNIT ( .MILLI., .METRE. ) );
#212 = ORIENTED_EDGE ( 'NONE', *, *, #2123, .T. ) ;
#213 = PRESENTATION_LAYER_ASSIGNMENT (  '', '', ( #6255 ) ) ;
#214 =( NAMED_UNIT ( * ) SI_UNIT ( $, .STERADIAN. ) SOLID_ANGLE_UNIT ( ) );
#215 = AXIS2_PLACEMENT_3D ( 'NONE', #1767, #3064, #6389 ) ;
#216 = AXIS2_PLACEMENT_3D ( 'NONE', #1882, #6547, #4590 ) ;
#217 = LINE ( 'NONE', #3600, #8253 ) ;
#218 = DIRECTION ( 'NONE',  ( 1.000000000000000000, 0.000000000000000000, 2.618191646955655209E-47 ) ) ;
#219 = CARTESIAN_POINT ( 'NONE',  ( 607.4999999999997726, 39.25568032140335362, 1242.615697570296334 ) ) ;
#220 = DIRECTION ( 'NONE',  ( -1.000000000000000000, 0.000000000000000000, -2.618191646955655209E-47 ) ) ;
#221 = CYLINDRICAL_SURFACE ( 'NONE', #2291, 51.54051262744641093 ) ;
#222 = CONICAL_SURFACE ( 'NONE', #2546, 3.025000000000055422, 0.7853981633974518317 ) ;
#223 = ORIENTED_EDGE ( 'NONE', *, *, #7229, .F. ) ;
#224 =( GEOMETRIC_REPRESENTATION_CONTEXT ( 3 ) GLOBAL_UNCERTAINTY_ASSIGNED_CONTEXT ( ( #1430 ) ) GLOBAL_UNIT_ASSIGNED_CONTEXT ( ( #2521, #5363, #570 ) ) REPRESENTATION_CONTEXT ( 'NONE', 'WORKASPACE' ) );
#225 = FILL_AREA_STYLE ('',( #3738 ) ) ;
#226 =( LENGTH_UNIT ( ) NAMED_UNIT ( * ) SI_UNIT ( .MILLI., .METRE. ) );
#227 = CARTESIAN_POINT ( 'NONE',  ( 606.7430998433853802, 49.00875972932145430, 1241.311831526491233 ) ) ;
#228 = UNCERTAINTY_MEASURE_WITH_UNIT (LENGTH_MEASURE( 1.000000000000000082E-05 ), #7884, 'distance_accuracy_value', 'NONE');
#229 = ORIENTED_EDGE ( 'NONE', *, *, #4513, .T. ) ;
#230 = AXIS2_PLACEMENT_3D ( 'NONE', #1798, #7810, #4384 ) ;
#231 =( NAMED_UNIT ( * ) SI_UNIT ( $, .STERADIAN. ) SOLID_ANGLE_UNIT ( ) );
#232 = SURFACE_STYLE_FILL_AREA ( #7748 ) ;
#233 = COLOUR_RGB ( '',0.7490196078431372584, 0.7490196078431372584, 0.7490196078431372584 ) ;
#234 = DIRECTION ( 'NONE',  ( 1.000000000000000000, 0.000000000000000000, 0.000000000000000000 ) ) ;
#235 = LINE ( 'NONE', #5163, #3094 ) ;
#236 = DIRECTION ( 'NONE',  ( 1.000000000000000000, -3.732113731436789969E-16, 1.045086722461000084E-15 ) ) ;
#237 = PRESENTATION_LAYER_ASSIGNMENT (  '', '', ( #7280 ) ) ;
#238 = DIRECTION ( 'NONE',  ( 0.7071067811865525687, 8.659560562354871228E-17, 0.7071067811865425767 ) ) ;
#239 = EDGE_CURVE ( 'NONE', #4990, #8725, #2629, .T. ) ;
#240 = DIRECTION ( 'NONE',  ( 0.000000000000000000, 0.000000000000000000, 1.000000000000000000 ) ) ;
#241 = UNCERTAINTY_MEASURE_WITH_UNIT (LENGTH_MEASURE( 1.000000000000000082E-05 ), #4514, 'distance_accuracy_value', 'NONE');
#242 = CARTESIAN_POINT ( 'NONE',  ( 603.5523538966149317, -10.86145517695146445, 1185.669297280811861 ) ) ;
#243 = ORIENTED_EDGE ( 'NONE', *, *, #4305, .F. ) ;
#244 = EDGE_CURVE ( 'NONE', #6512, #8137, #7341, .T. ) ;
#245 = PRESENTATION_STYLE_ASSIGNMENT (( #4467 ) ) ;
#246 = SPHERICAL_SURFACE ( 'NONE', #1105, 28.62500000000000000 ) ;
#247 = CARTESIAN_POINT ( 'NONE',  ( 607.0999999999999091, 25.27476584857618747, 1269.787730758122734 ) ) ;
#248 =( GEOMETRIC_REPRESENTATION_CONTEXT ( 3 ) GLOBAL_UNCERTAINTY_ASSIGNED_CONTEXT ( ( #1883 ) ) GLOBAL_UNIT_ASSIGNED_CONTEXT ( ( #8313, #1495, #6173 ) ) REPRESENTATION_CONTEXT ( 'NONE', 'WORKASPACE' ) );
#249 = EDGE_CURVE ( 'NONE', #7532, #4701, #7260, .T. ) ;
#250 = AXIS2_PLACEMENT_3D ( 'NONE', #7433, #6123, #6081 ) ;
#251 = VERTEX_POINT ( 'NONE', #4666 ) ;
#252 = AXIS2_PLACEMENT_3D ( 'NONE', #3362, #8856, #5816 ) ;
#253 = FILL_AREA_STYLE_COLOUR ( '', #2544 ) ;
#254 = CARTESIAN_POINT ( 'NONE',  ( 603.2575010245128624, -12.08326381689449569, 1183.881798803560059 ) ) ;
#255 =( LENGTH_UNIT ( ) NAMED_UNIT ( * ) SI_UNIT ( .MILLI., .METRE. ) );
#256 = EDGE_LOOP ( 'NONE', ( #3221, #7767, #2454, #3091 ) ) ;
#257 = AXIS2_PLACEMENT_3D ( 'NONE', #8587, #6018, #6561 ) ;
#258 = AXIS2_PLACEMENT_3D ( 'NONE', #3897, #394, #6526 ) ;
#259 = CARTESIAN_POINT ( 'NONE',  ( 604.5281123263368954, 38.55784816550715277, 1235.865706629814213 ) ) ;
#260 = FACE_OUTER_BOUND ( 'NONE', #5986, .T. ) ;
#261 =( NAMED_UNIT ( * ) PLANE_ANGLE_UNIT ( ) SI_UNIT ( $, .RADIAN. ) );
#262 = SURFACE_STYLE_USAGE ( .BOTH. , #4993 ) ;
#263 = B_SPLINE_CURVE_WITH_KNOTS ( 'NONE', 3,
 ( #1228, #3397, #2693, #1836, #5436, #3978, #6141, #7316, #1884, #1143, #8024, #559, #4592, #3310, #6048, #6640, #462, #7358 ),
 .UNSPECIFIED., .F., .F.,
 ( 4, 2, 2, 2, 2, 2, 2, 2, 4 ),
 ( 0.01878573962504464720, 0.01970261619481408072, 0.02061949276458351424, 0.02245324590412261720, 0.02337012247389206807, 0.02382856075877698432, 0.02428699904366189710, 0.02520387561343174349, 0.02612075218320158987 ),
 .UNSPECIFIED. ) ;
#264 = ORIENTED_EDGE ( 'NONE', *, *, #7226, .F. ) ;
#265 = STYLED_ITEM ( 'NONE', ( #4877 ), #5539 ) ;
#266 = CARTESIAN_POINT ( 'NONE',  ( 607.9999999999998863, 38.05852187466689429, 1239.663689526544658 ) ) ;
#267 =( NAMED_UNIT ( * ) PLANE_ANGLE_UNIT ( ) SI_UNIT ( $, .RADIAN. ) );
#268 = SURFACE_STYLE_FILL_AREA ( #7823 ) ;
#269 = MECHANICAL_DESIGN_GEOMETRIC_PRESENTATION_REPRESENTATION (  '', ( #6883 ), #702 ) ;
#270 = DIRECTION ( 'NONE',  ( 1.000000000000000000, 0.000000000000000000, 2.618191646955655209E-47 ) ) ;
#271 = CARTESIAN_POINT ( 'NONE',  ( 634.9999999999997726, 17.67766952966373495, 1217.322330470336738 ) ) ;
#272 = EDGE_LOOP ( 'NONE', ( #6243, #432, #3303 ) ) ;
#273 = SURFACE_STYLE_FILL_AREA ( #225 ) ;
#274 = DIRECTION ( 'NONE',  ( -1.000000000000000000, 0.000000000000000000, 2.618191646955655209E-47 ) ) ;
#275 = CARTESIAN_POINT ( 'NONE',  ( 604.8863426746020195, 50.41943298098183845, 1232.224807691196020 ) ) ;
#276 = ORIENTED_EDGE ( 'NONE', *, *, #6578, .T. ) ;
#277 = AXIS2_PLACEMENT_3D ( 'NONE', #7052, #2257, #3055 ) ;
#278 =( NAMED_UNIT ( * ) SI_UNIT ( $, .STERADIAN. ) SOLID_ANGLE_UNIT ( ) );
#279 = CARTESIAN_POINT ( 'NONE',  ( 607.4999999999997726, 24.61577057861378393, 1265.842388537963643 ) ) ;
#280 = CARTESIAN_POINT ( 'NONE',  ( 634.9999999999997726, -6.212308700976186737E-14, 1204.499999999999773 ) ) ;
#281 = DIRECTION ( 'NONE',  ( 0.000000000000000000, 0.7071067811865567876, -0.7071067811865382469 ) ) ;
#282 = CARTESIAN_POINT ( 'NONE',  ( 605.6859436350197257, 38.53314610046347610, 1229.054160066137001 ) ) ;
#283 =( GEOMETRIC_REPRESENTATION_CONTEXT ( 3 ) GLOBAL_UNCERTAINTY_ASSIGNED_CONTEXT ( ( #8622 ) ) GLOBAL_UNIT_ASSIGNED_CONTEXT ( ( #6667, #494, #3875 ) ) REPRESENTATION_CONTEXT ( 'NONE', 'WORKASPACE' ) );
#284 = CARTESIAN_POINT ( 'NONE',  ( 634.9999999999997726, -17.67766952966371719, 1214.822330470335828 ) ) ;
#285 = PRESENTATION_STYLE_ASSIGNMENT (( #6462 ) ) ;
#286 = STYLED_ITEM ( 'NONE', ( #1352 ), #6470 ) ;
#287 = ORIENTED_EDGE ( 'NONE', *, *, #4523, .F. ) ;
#288 = ADVANCED_FACE ( 'NONE', ( #6713 ), #2540, .T. ) ;
#289 = PRESENTATION_STYLE_ASSIGNMENT (( #7849 ) ) ;
#290 = CARTESIAN_POINT ( 'NONE',  ( 607.4999999999997726, 40.89543020069133661, 1244.287730758123644 ) ) ;
#291 =( GEOMETRIC_REPRESENTATION_CONTEXT ( 3 ) GLOBAL_UNCERTAINTY_ASSIGNED_CONTEXT ( ( #2146 ) ) GLOBAL_UNIT_ASSIGNED_CONTEXT ( ( #4646, #1233, #1281 ) ) REPRESENTATION_CONTEXT ( 'NONE', 'WORKASPACE' ) );
#292 = VERTEX_POINT ( 'NONE', #5902 ) ;
#293 = EDGE_CURVE ( 'NONE', #4381, #6597, #4091, .T. ) ;
#294 = CYLINDRICAL_SURFACE ( 'NONE', #6264, 4.000000000000003553 ) ;
#295 = ADVANCED_FACE ( 'NONE', ( #1401 ), #2803, .T. ) ;
#296 = PRESENTATION_STYLE_ASSIGNMENT (( #2437 ) ) ;
#297 = ORIENTED_EDGE ( 'NONE', *, *, #3433, .T. ) ;
#298 = AXIS2_PLACEMENT_3D ( 'NONE', #2182, #8272, #1459 ) ;
#299 = ADVANCED_FACE ( 'NONE', ( #4809 ), #3554, .T. ) ;
#300 = CARTESIAN_POINT ( 'NONE',  ( 605.2324422715096262, -19.13669761580058193, 1188.313579767302599 ) ) ;
#301 = DIRECTION ( 'NONE',  ( -1.000000000000000000, 0.000000000000000000, -2.618191646955655209E-47 ) ) ;
#302 = CARTESIAN_POINT ( 'NONE',  ( 606.4695989235145817, -20.95550180083729686, 1189.794726745774369 ) ) ;
#303 = DIRECTION ( 'NONE',  ( 0.000000000000000000, 0.2536844569576892083, 0.9672870289102828423 ) ) ;
#304 = CARTESIAN_POINT ( 'NONE',  ( 602.7313215618179356, 52.49051310811153570, 1237.190373168966971 ) ) ;
#305 = EDGE_CURVE ( 'NONE', #5474, #4661, #4183, .T. ) ;
#306 = VERTEX_POINT ( 'NONE', #6168 ) ;
#307 = AXIS2_PLACEMENT_3D ( 'NONE', #5472, #2729, #1500 ) ;
#308 = CYLINDRICAL_SURFACE ( 'NONE', #4662, 1.999999999999972911 ) ;
#309 = CARTESIAN_POINT ( 'NONE',  ( 606.4998221220212145, 38.52354139205883143, 1234.637072262262109 ) ) ;
#310 = CONICAL_SURFACE ( 'NONE', #157, 2.999999999999891642, 1.029744258676650759 ) ;
#311 = PRESENTATION_STYLE_ASSIGNMENT (( #5053 ) ) ;
#312 =( NAMED_UNIT ( * ) SI_UNIT ( $, .STERADIAN. ) SOLID_ANGLE_UNIT ( ) );
#313 = CARTESIAN_POINT ( 'NONE',  ( 607.4656371538679878, -22.55322156498995412, 1191.369657919350175 ) ) ;
#314 = CARTESIAN_POINT ( 'NONE',  ( 602.4999999999997726, 43.74999999999992895, 1236.499999999999773 ) ) ;
#315 = CARTESIAN_POINT ( 'NONE',  ( 607.5575796602253149, 36.94350223526787147, 1222.349529887957033 ) ) ;
#316 = ORIENTED_EDGE ( 'NONE', *, *, #2141, .T. ) ;
#317 = CARTESIAN_POINT ( 'NONE',  ( 607.9999999999998863, -31.17359202697181786, 1206.224811755076644 ) ) ;
#318 = FILL_AREA_STYLE_COLOUR ( '', #5651 ) ;
#319 = CARTESIAN_POINT ( 'NONE',  ( 607.2851595588608689, 39.48930463571777238, 1242.003527556386643 ) ) ;
#320 = EDGE_LOOP ( 'NONE', ( #2221, #8680, #6864 ) ) ;
#321 = DIRECTION ( 'NONE',  ( -1.000000000000000000, 0.000000000000000000, -2.618191646955655209E-47 ) ) ;
#322 = CARTESIAN_POINT ( 'NONE',  ( 614.4999999999997726, -6.110811063764795215, 1216.192857390262816 ) ) ;
#323 =( NAMED_UNIT ( * ) SI_UNIT ( $, .STERADIAN. ) SOLID_ANGLE_UNIT ( ) );
#324 = SURFACE_STYLE_USAGE ( .BOTH. , #184 ) ;
#325 = FACE_OUTER_BOUND ( 'NONE', #8101, .T. ) ;
#326 = CIRCLE ( 'NONE', #6505, 39.46123530638256938 ) ;
#327 = FACE_OUTER_BOUND ( 'NONE', #541, .T. ) ;
#328 = FILL_AREA_STYLE ('',( #2995 ) ) ;
#329 = CARTESIAN_POINT ( 'NONE',  ( 634.9999999999997726, -6.591949208711866959E-14, 1218.249999999999545 ) ) ;
#330 = UNCERTAINTY_MEASURE_WITH_UNIT (LENGTH_MEASURE( 1.000000000000000082E-05 ), #82, 'distance_accuracy_value', 'NONE');
#331 = SURFACE_SIDE_STYLE ('',( #6550 ) ) ;
#332 = DIRECTION ( 'NONE',  ( 1.000000000000000000, 0.000000000000000000, 2.618191646955655209E-47 ) ) ;
#333 = ORIENTED_EDGE ( 'NONE', *, *, #5435, .T. ) ;
#334 = LINE ( 'NONE', #8480, #3709 ) ;
#335 = SURFACE_STYLE_FILL_AREA ( #4507 ) ;
#336 = EDGE_LOOP ( 'NONE', ( #4433, #5840 ) ) ;
#337 = ADVANCED_FACE ( 'NONE', ( #2849 ), #6794, .T. ) ;
#338 = CARTESIAN_POINT ( 'NONE',  ( 603.2785983466744710, 52.34576636144679895, 1230.703490217959370 ) ) ;
#339 = MECHANICAL_DESIGN_GEOMETRIC_PRESENTATION_REPRESENTATION (  '', ( #4794 ), #3645 ) ;
#340 = FACE_OUTER_BOUND ( 'NONE', #4551, .T. ) ;
#341 = ORIENTED_EDGE ( 'NONE', *, *, #7653, .F. ) ;
#342 = CARTESIAN_POINT ( 'NONE',  ( 604.5188211601141575, -14.94213651977455903, 1186.720550734823746 ) ) ;
#343 = CARTESIAN_POINT ( 'NONE',  ( 607.4999999999997726, 40.89543020069168477, 1217.712269241877493 ) ) ;
#344 = DIRECTION ( 'NONE',  ( -0.000000000000000000, -1.000000000000000000, -0.000000000000000000 ) ) ;
#345 = ADVANCED_FACE ( 'NONE', ( #2351, #6385 ), #8347, .F. ) ;
#346 = DIRECTION ( 'NONE',  ( 1.000000000000000000, -0.000000000000000000, 2.618191646955655209E-47 ) ) ;
#347 = MECHANICAL_DESIGN_GEOMETRIC_PRESENTATION_REPRESENTATION (  '', ( #643 ), #4225 ) ;
#348 = AXIS2_PLACEMENT_3D ( 'NONE', #4368, #959, #6463 ) ;
#349 = ORIENTED_EDGE ( 'NONE', *, *, #4197, .T. ) ;
#350 = ADVANCED_FACE ( 'NONE', ( #8542 ), #308, .T. ) ;
#351 = CARTESIAN_POINT ( 'NONE',  ( 604.0999999999999091, 3.920475055707583024E-13, 1191.999999999999773 ) ) ;
#352 = DIRECTION ( 'NONE',  ( 1.000000000000000000, -6.977057820378712075E-13, 2.220446049250311061E-13 ) ) ;
#353 = DIRECTION ( 'NONE',  ( 0.000000000000000000, -0.9510565162951553075, 0.3090169943749417891 ) ) ;
#354 = FILL_AREA_STYLE_COLOUR ( '', #8554 ) ;
#355 = DIRECTION ( 'NONE',  ( 0.000000000000000000, 0.000000000000000000, 1.000000000000000000 ) ) ;
#356 = SURFACE_SIDE_STYLE ('',( #2267 ) ) ;
#357 = CARTESIAN_POINT ( 'NONE',  ( 607.5582677888361331, 37.31595235254111032, 1223.524073704824787 ) ) ;
#358 = ORIENTED_EDGE ( 'NONE', *, *, #6465, .F. ) ;
#359 =( GEOMETRIC_REPRESENTATION_CONTEXT ( 3 ) GLOBAL_UNCERTAINTY_ASSIGNED_CONTEXT ( ( #5188 ) ) GLOBAL_UNIT_ASSIGNED_CONTEXT ( ( #7921, #5988, #4492 ) ) REPRESENTATION_CONTEXT ( 'NONE', 'WORKASPACE' ) );
#360 = PRESENTATION_STYLE_ASSIGNMENT (( #6534 ) ) ;
#361 = MECHANICAL_DESIGN_GEOMETRIC_PRESENTATION_REPRESENTATION (  '', ( #2247 ), #7837 ) ;
#362 = CARTESIAN_POINT ( 'NONE',  ( 603.6047077932308866, 52.26249122173543071, 1229.891325683983723 ) ) ;
#363 = ORIENTED_EDGE ( 'NONE', *, *, #8583, .F. ) ;
#364 = DIRECTION ( 'NONE',  ( -1.000000000000000000, 0.000000000000000000, -2.618191646955655209E-47 ) ) ;
#365 = CARTESIAN_POINT ( 'NONE',  ( 607.5309322192435957, 23.86849782317365154, 1266.039936952597600 ) ) ;
#366 = CARTESIAN_POINT ( 'NONE',  ( 607.4999999999997726, 40.89543020069133661, 1248.287730758123644 ) ) ;
#367 =( GEOMETRIC_REPRESENTATION_CONTEXT ( 3 ) GLOBAL_UNCERTAINTY_ASSIGNED_CONTEXT ( ( #4286 ) ) GLOBAL_UNIT_ASSIGNED_CONTEXT ( ( #3896, #4524, #5367 ) ) REPRESENTATION_CONTEXT ( 'NONE', 'WORKASPACE' ) );
#368 = DIRECTION ( 'NONE',  ( 0.000000000000000000, 0.000000000000000000, -1.000000000000000000 ) ) ;
#369 = PRESENTATION_LAYER_ASSIGNMENT (  '', '', ( #4818 ) ) ;
#370 = LINE ( 'NONE', #6502, #3238 ) ;
#371 = CARTESIAN_POINT ( 'NONE',  ( 607.4999272670872870, 38.50001755505829948, 1227.045682506224239 ) ) ;
#372 = DIRECTION ( 'NONE',  ( 3.952720641290395052E-20, -1.000000000000000000, -8.815909524110140548E-19 ) ) ;
#373 = CARTESIAN_POINT ( 'NONE',  ( 626.9999999999997726, -6.591949208711866959E-14, 1259.999999999999773 ) ) ;
#374 = FILL_AREA_STYLE_COLOUR ( '', #935 ) ;
#375 = DIRECTION ( 'NONE',  ( -1.000000000000000000, 0.000000000000000000, -2.618191646955655209E-47 ) ) ;
#376 = EDGE_LOOP ( 'NONE', ( #1371, #6369, #3311, #5561, #4581, #1966 ) ) ;
#377 = CONICAL_SURFACE ( 'NONE', #8415, 3.249999999999975131, 0.7853981633974482790 ) ;
#378 = DIRECTION ( 'NONE',  ( 0.000000000000000000, 0.000000000000000000, -1.000000000000000000 ) ) ;
#379 = CYLINDRICAL_SURFACE ( 'NONE', #1480, 31.50000000000008527 ) ;
#380 = VERTEX_POINT ( 'NONE', #1673 ) ;
#381 =( GEOMETRIC_REPRESENTATION_CONTEXT ( 3 ) GLOBAL_UNCERTAINTY_ASSIGNED_CONTEXT ( ( #8230 ) ) GLOBAL_UNIT_ASSIGNED_CONTEXT ( ( #5479, #5610, #8885 ) ) REPRESENTATION_CONTEXT ( 'NONE', 'WORKASPACE' ) );
#382 = CARTESIAN_POINT ( 'NONE',  ( 619.1650013148059770, 45.93964049335893662, 1227.419545095995318 ) ) ;
#383 = SURFACE_STYLE_FILL_AREA ( #4476 ) ;
#384 = AXIS2_PLACEMENT_3D ( 'NONE', #6099, #8846, #101 ) ;
#385 = SURFACE_STYLE_FILL_AREA ( #7856 ) ;
#386 = VERTEX_POINT ( 'NONE', #1539 ) ;
#387 = CARTESIAN_POINT ( 'NONE',  ( 614.4999999999997726, -4.918738908409595822, 1195.591168406676616 ) ) ;
#388 = CARTESIAN_POINT ( 'NONE',  ( 607.4999999999997726, -19.75494835246391290, 1199.886013960367791 ) ) ;
#389 = PRESENTATION_LAYER_ASSIGNMENT (  '', '', ( #7299 ) ) ;
#390 = STYLED_ITEM ( 'NONE', ( #2353 ), #4459 ) ;
#391 = CARTESIAN_POINT ( 'NONE',  ( 604.5268842754098841, 45.06094624342942723, 1235.755057452621941 ) ) ;
#392 = ORIENTED_EDGE ( 'NONE', *, *, #7616, .F. ) ;
#393 = FILL_AREA_STYLE_COLOUR ( '', #2827 ) ;
#394 = DIRECTION ( 'NONE',  ( 1.000000000000000000, 0.000000000000000000, 2.618191646955655209E-47 ) ) ;
#395 = COLOUR_RGB ( '',0.7490196078431372584, 0.7490196078431372584, 0.7490196078431372584 ) ;
#396 = COLOUR_RGB ( '',0.7490196078431372584, 0.7490196078431372584, 0.7490196078431372584 ) ;
#397 = ADVANCED_FACE ( 'NONE', ( #4261 ), #7012, .T. ) ;
#398 = SURFACE_SIDE_STYLE ('',( #2624 ) ) ;
#399 = ADVANCED_FACE ( 'NONE', ( #2616 ), #2527, .T. ) ;
#400 =( NAMED_UNIT ( * ) SI_UNIT ( $, .STERADIAN. ) SOLID_ANGLE_UNIT ( ) );
#401 = SURFACE_STYLE_FILL_AREA ( #3823 ) ;
#402 = ORIENTED_EDGE ( 'NONE', *, *, #2894, .F. ) ;
#403 = DIRECTION ( 'NONE',  ( -1.000000000000000000, -0.000000000000000000, -2.618191646955655209E-47 ) ) ;
#404 =( GEOMETRIC_REPRESENTATION_CONTEXT ( 3 ) GLOBAL_UNCERTAINTY_ASSIGNED_CONTEXT ( ( #3477 ) ) GLOBAL_UNIT_ASSIGNED_CONTEXT ( ( #918, #2246, #3619 ) ) REPRESENTATION_CONTEXT ( 'NONE', 'WORKASPACE' ) );
#405 = ADVANCED_BREP_SHAPE_REPRESENTATION ( 'CRB15000_12kg-127_Omnicore_rev00_LINK06_CAD', ( #2737, #3964 ), #80 ) ;
#406 = DIRECTION ( 'NONE',  ( 4.552280931047951416E-17, -0.3090169943749516146, -0.9510565162951523099 ) ) ;
#407 = SURFACE_STYLE_FILL_AREA ( #5989 ) ;
#408 = ORIENTED_EDGE ( 'NONE', *, *, #6647, .F. ) ;
#409 = EDGE_CURVE ( 'NONE', #2211, #3272, #4516, .T. ) ;
#410 = EDGE_CURVE ( 'NONE', #7382, #7368, #7547, .T. ) ;
#411 = FILL_AREA_STYLE ('',( #1169 ) ) ;
#412 = CARTESIAN_POINT ( 'NONE',  ( 607.4999999999997726, 38.84594644671678054, 1241.941292139399820 ) ) ;
#413 = EDGE_CURVE ( 'NONE', #7816, #6476, #3664, .T. ) ;
#414 = DIRECTION ( 'NONE',  ( 0.000000000000000000, 0.9510565162951521989, -0.3090169943749515591 ) ) ;
#415 = SURFACE_STYLE_USAGE ( .BOTH. , #3916 ) ;
#416 = CARTESIAN_POINT ( 'NONE',  ( 623.9999999999998863, 17.67766952966373495, 1217.322330470336738 ) ) ;
#417 = CYLINDRICAL_SURFACE ( 'NONE', #5059, 2.749999999999945821 ) ;
#418 = EDGE_CURVE ( 'NONE', #2562, #1907, #531, .T. ) ;
#419 = VECTOR ( 'NONE', #2534, 1000.000000000000000 ) ;
#420 =( NAMED_UNIT ( * ) PLANE_ANGLE_UNIT ( ) SI_UNIT ( $, .RADIAN. ) );
#421 = PRESENTATION_STYLE_ASSIGNMENT (( #1833 ) ) ;
#422 = UNCERTAINTY_MEASURE_WITH_UNIT (LENGTH_MEASURE( 1.000000000000000082E-05 ), #4597, 'distance_accuracy_value', 'NONE');
#423 = DIRECTION ( 'NONE',  ( 0.000000000000000000, 0.000000000000000000, 1.000000000000000000 ) ) ;
#424 = ORIENTED_EDGE ( 'NONE', *, *, #1073, .T. ) ;
#425 = VECTOR ( 'NONE', #5384, 999.9999999999998863 ) ;
#426 = FILL_AREA_STYLE ('',( #2471 ) ) ;
#427 = CARTESIAN_POINT ( 'NONE',  ( 607.6911933507468575, -15.89160886291371355, 1199.682201091216712 ) ) ;
#428 = VERTEX_POINT ( 'NONE', #1248 ) ;
#429 = MECHANICAL_DESIGN_GEOMETRIC_PRESENTATION_REPRESENTATION (  '', ( #3592 ), #137 ) ;
#430 = CARTESIAN_POINT ( 'NONE',  ( 611.5110386142704328, 48.25264363156792058, 1233.410200100246811 ) ) ;
#431 = FACE_OUTER_BOUND ( 'NONE', #8802, .T. ) ;
#432 = ORIENTED_EDGE ( 'NONE', *, *, #4041, .T. ) ;
#433 = DIRECTION ( 'NONE',  ( 0.000000000000000000, -1.000000000000000000, 0.000000000000000000 ) ) ;
#434 = FILL_AREA_STYLE_COLOUR ( '', #395 ) ;
#435 = DIRECTION ( 'NONE',  ( 0.000000000000000000, -0.2536844569576821029, -0.9672870289102847297 ) ) ;
#436 = COLOUR_RGB ( '',0.7490196078431372584, 0.7490196078431372584, 0.7490196078431372584 ) ;
#437 = CARTESIAN_POINT ( 'NONE',  ( 604.5061552246928613, 45.21028466617362795, 1234.605389588240769 ) ) ;
#438 = VERTEX_POINT ( 'NONE', #6525 ) ;
#439 =( NAMED_UNIT ( * ) SI_UNIT ( $, .STERADIAN. ) SOLID_ANGLE_UNIT ( ) );
#440 = COLOUR_RGB ( '',0.7490196078431372584, 0.7490196078431372584, 0.7490196078431372584 ) ;
#441 = DIRECTION ( 'NONE',  ( 1.000000000000000000, 1.109265194285485936E-15, 3.199555054769799982E-17 ) ) ;
#442 = ORIENTED_EDGE ( 'NONE', *, *, #6050, .F. ) ;
#443 = SURFACE_SIDE_STYLE ('',( #1078 ) ) ;
#444 = CARTESIAN_POINT ( 'NONE',  ( 604.0999999999999091, -43.02335844053245495, 1219.970310170576568 ) ) ;
#445 = LINE ( 'NONE', #1906, #419 ) ;
#446 = ORIENTED_EDGE ( 'NONE', *, *, #5858, .T. ) ;
#447 = COLOUR_RGB ( '',0.7490196078431372584, 0.7490196078431372584, 0.7490196078431372584 ) ;
#448 = CARTESIAN_POINT ( 'NONE',  ( 606.8334103933420920, 48.78389062311351410, 1228.579309304800745 ) ) ;
#449 = DIRECTION ( 'NONE',  ( 1.000000000000000000, 0.000000000000000000, 2.618191646955655209E-47 ) ) ;
#450 = EDGE_LOOP ( 'NONE', ( #3589, #1158, #7235, #6551 ) ) ;
#451 = EDGE_CURVE ( 'NONE', #5917, #8791, #7267, .T. ) ;
#452 = CARTESIAN_POINT ( 'NONE',  ( 607.4999999999998863, -21.87019376458291120, 1202.335073762456432 ) ) ;
#453 = CYLINDRICAL_SURFACE ( 'NONE', #8309, 2.499999999999998668 ) ;
#454 = FACE_OUTER_BOUND ( 'NONE', #2640, .T. ) ;
#455 = CARTESIAN_POINT ( 'NONE',  ( 605.9338154388881321, 38.52879676740079162, 1229.031014499434605 ) ) ;
#456 = CARTESIAN_POINT ( 'NONE',  ( 607.5951979204529607, 38.49999819126383471, 1229.193674701349664 ) ) ;
#457 = DIRECTION ( 'NONE',  ( 1.000000000000000000, -8.786078806946739498E-16, -6.778946662198179893E-16 ) ) ;
#458 = CARTESIAN_POINT ( 'NONE',  ( 634.9999999999997726, -17.67766952966371719, 1217.322330470335828 ) ) ;
#459 = CARTESIAN_POINT ( 'NONE',  ( 607.4564160150189309, 39.48431809893372701, 1227.543449690190528 ) ) ;
#460 = EDGE_CURVE ( 'NONE', #1641, #3799, #52, .T. ) ;
#461 = AXIS2_PLACEMENT_3D ( 'NONE', #5644, #8556, #7787 ) ;
#462 = CARTESIAN_POINT ( 'NONE',  ( 607.4999999999998863, 48.16400415437848892, 1227.037816975808937 ) ) ;
#463 = EDGE_CURVE ( 'NONE', #5760, #4910, #3816, .T. ) ;
#464 = ORIENTED_EDGE ( 'NONE', *, *, #3716, .T. ) ;
#465 = FILL_AREA_STYLE ('',( #1103 ) ) ;
#466 = STYLED_ITEM ( 'NONE', ( #2508 ), #1869 ) ;
#467 = CARTESIAN_POINT ( 'NONE',  ( 624.2999999999998408, -17.57949611168771398, 1201.807822239720508 ) ) ;
#468 = DIRECTION ( 'NONE',  ( 1.000000000000000000, 0.000000000000000000, 2.618191646955655209E-47 ) ) ;
#469 = ORIENTED_EDGE ( 'NONE', *, *, #2621, .T. ) ;
#470 = CARTESIAN_POINT ( 'NONE',  ( 614.4999999999997726, -4.918738908409595822, 1195.591168406676616 ) ) ;
#471 = CARTESIAN_POINT ( 'NONE',  ( 604.0999999999999091, 40.89543020069148582, 1221.712269241876811 ) ) ;
#472 = CIRCLE ( 'NONE', #8219, 2.499999999999998668 ) ;
#473 = ORIENTED_EDGE ( 'NONE', *, *, #1630, .F. ) ;
#474 = CARTESIAN_POINT ( 'NONE',  ( 606.0087129180216152, 38.56444848484794363, 1240.285037549888102 ) ) ;
#475 =( NAMED_UNIT ( * ) PLANE_ANGLE_UNIT ( ) SI_UNIT ( $, .RADIAN. ) );
#476 = ORIENTED_EDGE ( 'NONE', *, *, #4252, .F. ) ;
#477 =( NAMED_UNIT ( * ) PLANE_ANGLE_UNIT ( ) SI_UNIT ( $, .RADIAN. ) );
#478 = VERTEX_POINT ( 'NONE', #6239 ) ;
#479 = CARTESIAN_POINT ( 'NONE',  ( 608.9607345775378917, 36.99999999999993605, 1226.509157205997553 ) ) ;
#480 = PRESENTATION_LAYER_ASSIGNMENT (  '', '', ( #6100 ) ) ;
#481 = UNCERTAINTY_MEASURE_WITH_UNIT (LENGTH_MEASURE( 1.000000000000000082E-05 ), #8910, 'distance_accuracy_value', 'NONE');
#482 = AXIS2_PLACEMENT_3D ( 'NONE', #3488, #6228, #2746 ) ;
#483 = PRESENTATION_STYLE_ASSIGNMENT (( #7916 ) ) ;
#484 = EDGE_LOOP ( 'NONE', ( #7281, #3514 ) ) ;
#485 = CARTESIAN_POINT ( 'NONE',  ( 604.2728499854200663, 52.13334274357956843, 1229.168151364530559 ) ) ;
#486 = SURFACE_STYLE_USAGE ( .BOTH. , #1952 ) ;
#487 = SURFACE_SIDE_STYLE ('',( #2541 ) ) ;
#488 = ORIENTED_EDGE ( 'NONE', *, *, #1733, .F. ) ;
#489 = STYLED_ITEM ( 'NONE', ( #1702 ), #7888 ) ;
#490 =( GEOMETRIC_REPRESENTATION_CONTEXT ( 3 ) GLOBAL_UNCERTAINTY_ASSIGNED_CONTEXT ( ( #1503 ) ) GLOBAL_UNIT_ASSIGNED_CONTEXT ( ( #3609, #995, #7024 ) ) REPRESENTATION_CONTEXT ( 'NONE', 'WORKASPACE' ) );
#491 = CARTESIAN_POINT ( 'NONE',  ( 604.0999999999999091, 25.27476584857618747, 1200.212269241876584 ) ) ;
#492 = CARTESIAN_POINT ( 'NONE',  ( 607.5582262564853409, -22.44505465752311224, 1203.056145726669001 ) ) ;
#493 = COLOUR_RGB ( '',0.7490196078431372584, 0.7490196078431372584, 0.7490196078431372584 ) ;
#494 =( NAMED_UNIT ( * ) PLANE_ANGLE_UNIT ( ) SI_UNIT ( $, .RADIAN. ) );
#495 = PRESENTATION_STYLE_ASSIGNMENT (( #415 ) ) ;
#496 = DIRECTION ( 'NONE',  ( 1.000000000000000000, -9.162209061965051339E-16, 6.261247779448769572E-16 ) ) ;
#497 = COLOUR_RGB ( '',0.7490196078431372584, 0.7490196078431372584, 0.7490196078431372584 ) ;
#498 = ORIENTED_EDGE ( 'NONE', *, *, #4841, .F. ) ;
#499 = FILL_AREA_STYLE_COLOUR ( '', #8334 ) ;
#500 = ORIENTED_EDGE ( 'NONE', *, *, #8540, .T. ) ;
#501 = CARTESIAN_POINT ( 'NONE',  ( 603.1228883512418406, 38.57672943015008826, 1242.477153187938711 ) ) ;
#502 = FILL_AREA_STYLE ('',( #8621 ) ) ;
#503 = UNCERTAINTY_MEASURE_WITH_UNIT (LENGTH_MEASURE( 1.000000000000000082E-05 ), #4150, 'distance_accuracy_value', 'NONE');
#504 =( GEOMETRIC_REPRESENTATION_CONTEXT ( 3 ) GLOBAL_UNCERTAINTY_ASSIGNED_CONTEXT ( ( #5745 ) ) GLOBAL_UNIT_ASSIGNED_CONTEXT ( ( #8079, #8042, #6568 ) ) REPRESENTATION_CONTEXT ( 'NONE', 'WORKASPACE' ) );
#505 = MECHANICAL_DESIGN_GEOMETRIC_PRESENTATION_REPRESENTATION (  '', ( #7411 ), #1383 ) ;
#506 = AXIS2_PLACEMENT_3D ( 'NONE', #8229, #4155, #2732 ) ;
#507 = EDGE_CURVE ( 'NONE', #6661, #2016, #5691, .T. ) ;
#508 = CARTESIAN_POINT ( 'NONE',  ( 628.7999999999998408, -6.591949208711866959E-14, 1234.999999999999545 ) ) ;
#509 = ORIENTED_EDGE ( 'NONE', *, *, #5419, .T. ) ;
#510 =( LENGTH_UNIT ( ) NAMED_UNIT ( * ) SI_UNIT ( .MILLI., .METRE. ) );
#511 = EDGE_CURVE ( 'NONE', #438, #5642, #4227, .T. ) ;
#512 =( GEOMETRIC_REPRESENTATION_CONTEXT ( 3 ) GLOBAL_UNCERTAINTY_ASSIGNED_CONTEXT ( ( #3406 ) ) GLOBAL_UNIT_ASSIGNED_CONTEXT ( ( #3030, #5690, #231 ) ) REPRESENTATION_CONTEXT ( 'NONE', 'WORKASPACE' ) );
#513 = CARTESIAN_POINT ( 'NONE',  ( 602.4999999999997726, 42.24999999999994316, 1233.499999999999545 ) ) ;
#514 = DIRECTION ( 'NONE',  ( 0.000000000000000000, 0.000000000000000000, 1.000000000000000000 ) ) ;
#515 = PRESENTATION_LAYER_ASSIGNMENT (  '', '', ( #2403 ) ) ;
#516 = FILL_AREA_STYLE_COLOUR ( '', #23 ) ;
#517 = ORIENTED_EDGE ( 'NONE', *, *, #1520, .F. ) ;
#518 = DIRECTION ( 'NONE',  ( 0.000000000000000000, 0.9510565162951475360, -0.3090169943749659365 ) ) ;
#519 =( LENGTH_UNIT ( ) NAMED_UNIT ( * ) SI_UNIT ( .MILLI., .METRE. ) );
#520 = AXIS2_PLACEMENT_3D ( 'NONE', #4175, #7634, #1484 ) ;
#521 = EDGE_CURVE ( 'NONE', #65, #874, #6115, .T. ) ;
#522 = VERTEX_POINT ( 'NONE', #2656 ) ;
#523 = CONICAL_SURFACE ( 'NONE', #2703, 2.499999999999952038, 1.029744258676653645 ) ;
#524 = VECTOR ( 'NONE', #2429, 1000.000000000000114 ) ;
#525 = DIRECTION ( 'NONE',  ( 0.000000000000000000, 0.000000000000000000, 1.000000000000000000 ) ) ;
#526 = CARTESIAN_POINT ( 'NONE',  ( 604.0999999999999091, -2.185751579730776434E-13, 1191.999999999999773 ) ) ;
#527 = ADVANCED_FACE ( 'NONE', ( #7632 ), #2795, .F. ) ;
#528 = CARTESIAN_POINT ( 'NONE',  ( 611.9999999999998863, -13.37034721763650502, 1193.850302481957669 ) ) ;
#529 = PRESENTATION_LAYER_ASSIGNMENT (  '', '', ( #3846 ) ) ;
#530 = ORIENTED_EDGE ( 'NONE', *, *, #5646, .F. ) ;
#531 = LINE ( 'NONE', #3283, #2690 ) ;
#532 = CARTESIAN_POINT ( 'NONE',  ( 634.9999999999997726, -6.591949208711866959E-14, 1234.999999999999545 ) ) ;
#533 = LINE ( 'NONE', #3288, #6530 ) ;
#534 = VERTEX_POINT ( 'NONE', #7675 ) ;
#535 = ADVANCED_FACE ( 'NONE', ( #5036 ), #294, .F. ) ;
#536 =( GEOMETRIC_REPRESENTATION_CONTEXT ( 3 ) GLOBAL_UNCERTAINTY_ASSIGNED_CONTEXT ( ( #7976 ) ) GLOBAL_UNIT_ASSIGNED_CONTEXT ( ( #2409, #7878, #7833 ) ) REPRESENTATION_CONTEXT ( 'NONE', 'WORKASPACE' ) );
#537 = FACE_OUTER_BOUND ( 'NONE', #6945, .T. ) ;
#538 = FILL_AREA_STYLE ('',( #4572 ) ) ;
#539 =( LENGTH_UNIT ( ) NAMED_UNIT ( * ) SI_UNIT ( .MILLI., .METRE. ) );
#540 = FILL_AREA_STYLE ('',( #1033 ) ) ;
#541 = EDGE_LOOP ( 'NONE', ( #725, #5775, #264, #5769 ) ) ;
#542 = CARTESIAN_POINT ( 'NONE',  ( 607.3921064981582276, 49.04202489552217514, 1227.923160510127900 ) ) ;
#543 = AXIS2_PLACEMENT_3D ( 'NONE', #7515, #5, #4055 ) ;
#544 = DIRECTION ( 'NONE',  ( 1.000000000000000000, 0.000000000000000000, 2.618191646955655209E-47 ) ) ;
#545 = ORIENTED_EDGE ( 'NONE', *, *, #6419, .F. ) ;
#546 = VECTOR ( 'NONE', #2875, 999.9999999999998863 ) ;
#547 = SURFACE_SIDE_STYLE ('',( #5735 ) ) ;
#548 = DIRECTION ( 'NONE',  ( 1.000000000000000000, 0.000000000000000000, 2.618191646955655209E-47 ) ) ;
#549 = MECHANICAL_DESIGN_GEOMETRIC_PRESENTATION_REPRESENTATION (  '', ( #5170 ), #3571 ) ;
#550 = FILL_AREA_STYLE_COLOUR ( '', #696 ) ;
#551 =( NAMED_UNIT ( * ) SI_UNIT ( $, .STERADIAN. ) SOLID_ANGLE_UNIT ( ) );
#552 = CARTESIAN_POINT ( 'NONE',  ( 607.4577986765638116, 38.50107161990480620, 1227.541614188745825 ) ) ;
#553 = AXIS2_PLACEMENT_3D ( 'NONE', #7176, #6373, #5838 ) ;
#554 = ORIENTED_EDGE ( 'NONE', *, *, #5650, .F. ) ;
#555 = LINE ( 'NONE', #5303, #8059 ) ;
#556 = DIRECTION ( 'NONE',  ( -1.000000000000000000, 0.000000000000000000, -2.618191646955655209E-47 ) ) ;
#557 = CARTESIAN_POINT ( 'NONE',  ( 623.9999999999998863, -26.76776695296641506, 1233.232233047033333 ) ) ;
#558 = VERTEX_POINT ( 'NONE', #7722 ) ;
#559 = CARTESIAN_POINT ( 'NONE',  ( 606.9807304327131305, 49.88506619247440455, 1227.214598819322191 ) ) ;
#560 = ORIENTED_EDGE ( 'NONE', *, *, #8483, .T. ) ;
#561 = DIRECTION ( 'NONE',  ( 0.000000000000000000, 0.000000000000000000, -1.000000000000000000 ) ) ;
#562 = PLANE ( 'NONE',  #8863 ) ;
#563 =( GEOMETRIC_REPRESENTATION_CONTEXT ( 3 ) GLOBAL_UNCERTAINTY_ASSIGNED_CONTEXT ( ( #2602 ) ) GLOBAL_UNIT_ASSIGNED_CONTEXT ( ( #4955, #86, #1408 ) ) REPRESENTATION_CONTEXT ( 'NONE', 'WORKASPACE' ) );
#564 = CARTESIAN_POINT ( 'NONE',  ( 607.4999999999997726, 36.93954603556392868, 1248.880166807071646 ) ) ;
#565 = LINE ( 'NONE', #8801, #5953 ) ;
#566 =( LENGTH_UNIT ( ) NAMED_UNIT ( * ) SI_UNIT ( .MILLI., .METRE. ) );
#567 = ORIENTED_EDGE ( 'NONE', *, *, #3384, .F. ) ;
#568 = EDGE_CURVE ( 'NONE', #8761, #1397, #5844, .T. ) ;
#569 = FILL_AREA_STYLE ('',( #5446 ) ) ;
#570 =( NAMED_UNIT ( * ) SI_UNIT ( $, .STERADIAN. ) SOLID_ANGLE_UNIT ( ) );
#571 = DIRECTION ( 'NONE',  ( 0.000000000000000000, 0.000000000000000000, -1.000000000000000000 ) ) ;
#572 =( GEOMETRIC_REPRESENTATION_CONTEXT ( 3 ) GLOBAL_UNCERTAINTY_ASSIGNED_CONTEXT ( ( #1416 ) ) GLOBAL_UNIT_ASSIGNED_CONTEXT ( ( #7308, #1136, #551 ) ) REPRESENTATION_CONTEXT ( 'NONE', 'WORKASPACE' ) );
#573 = ORIENTED_EDGE ( 'NONE', *, *, #3321, .F. ) ;
#574 = ADVANCED_FACE ( 'NONE', ( #3009 ), #5080, .T. ) ;
#575 = CARTESIAN_POINT ( 'NONE',  ( 604.5637948175562997, 41.25853837013013958, 1233.870056478414426 ) ) ;
#576 = CONICAL_SURFACE ( 'NONE', #5622, 52.75000000000007105, 0.02617993877991499699 ) ;
#577 = EDGE_CURVE ( 'NONE', #1144, #5433, #6982, .T. ) ;
#578 = DIRECTION ( 'NONE',  ( 0.5150380749100573752, 0.000000000000000000, -0.8571673007021104462 ) ) ;
#579 = CARTESIAN_POINT ( 'NONE',  ( 604.0999999999999091, -2.042075114456046500E-13, 1281.999999999999545 ) ) ;
#580 = ORIENTED_EDGE ( 'NONE', *, *, #2234, .F. ) ;
#581 = STYLED_ITEM ( 'NONE', ( #8640 ), #6413 ) ;
#582 = PLANE ( 'NONE',  #7550 ) ;
#583 = B_SPLINE_CURVE_WITH_KNOTS ( 'NONE', 3,
 ( #8170, #5455, #4850, #8251 ),
 .UNSPECIFIED., .F., .F.,
 ( 4, 4 ),
 ( 0.001569631016746365730, 0.002278132871547667356 ),
 .UNSPECIFIED. ) ;
#584 = CARTESIAN_POINT ( 'NONE',  ( 607.4999999999997726, -25.27476584857656761, 1273.787730758122734 ) ) ;
#585 = ORIENTED_EDGE ( 'NONE', *, *, #7345, .F. ) ;
#586 = CARTESIAN_POINT ( 'NONE',  ( 605.4597290430539260, 52.29473367583143073, 1230.720473149814779 ) ) ;
#587 = STYLED_ITEM ( 'NONE', ( #2667 ), #6516 ) ;
#588 = LINE ( 'NONE', #3338, #8152 ) ;
#589 = ORIENTED_EDGE ( 'NONE', *, *, #728, .F. ) ;
#590 = FILL_AREA_STYLE ('',( #8827 ) ) ;
#591 = STYLED_ITEM ( 'NONE', ( #8099 ), #6903 ) ;
#592 = CARTESIAN_POINT ( 'NONE',  ( 605.4999999999997726, 52.61907039215403614, 1227.062746066805857 ) ) ;
#593 = CARTESIAN_POINT ( 'NONE',  ( 634.9999999999997726, 23.23223304703357783, 1233.232233047033333 ) ) ;
#594 = ORIENTED_EDGE ( 'NONE', *, *, #5212, .T. ) ;
#595 = CARTESIAN_POINT ( 'NONE',  ( 605.9086279811525628, 38.53013330358635358, 1229.878957398079820 ) ) ;
#596 = ORIENTED_EDGE ( 'NONE', *, *, #6346, .F. ) ;
#597 = CARTESIAN_POINT ( 'NONE',  ( 604.0999999999999091, 25.27476584857628694, 1269.787730758122734 ) ) ;
#598 = PRESENTATION_STYLE_ASSIGNMENT (( #1271 ) ) ;
#599 = UNCERTAINTY_MEASURE_WITH_UNIT (LENGTH_MEASURE( 1.000000000000000082E-05 ), #8245, 'distance_accuracy_value', 'NONE');
#600 = ORIENTED_EDGE ( 'NONE', *, *, #3213, .F. ) ;
#601 = AXIS2_PLACEMENT_3D ( 'NONE', #1909, #3868, #3334 ) ;
#602 = CARTESIAN_POINT ( 'NONE',  ( 604.5938922241790578, 50.51022281343313836, 1236.412278063850408 ) ) ;
#603 = CIRCLE ( 'NONE', #7365, 4.000000000000003553 ) ;
#604 = CARTESIAN_POINT ( 'NONE',  ( 606.9853126956569440, -8.009451657048023421, 1185.142411529445326 ) ) ;
#605 = EDGE_LOOP ( 'NONE', ( #6727, #1314, #7271, #6740 ) ) ;
#606 = SURFACE_SIDE_STYLE ('',( #4781 ) ) ;
#607 = CARTESIAN_POINT ( 'NONE',  ( 607.4583788096323360, 38.50251824747616070, 1240.671336769871459 ) ) ;
#608 = DIRECTION ( 'NONE',  ( 0.000000000000000000, 0.000000000000000000, -1.000000000000000000 ) ) ;
#609 = ORIENTED_EDGE ( 'NONE', *, *, #5428, .T. ) ;
#610 = UNCERTAINTY_MEASURE_WITH_UNIT (LENGTH_MEASURE( 1.000000000000000082E-05 ), #7027, 'distance_accuracy_value', 'NONE');
#611 = PRESENTATION_STYLE_ASSIGNMENT (( #6015 ) ) ;
#612 = VERTEX_POINT ( 'NONE', #5667 ) ;
#613 =( GEOMETRIC_REPRESENTATION_CONTEXT ( 3 ) GLOBAL_UNCERTAINTY_ASSIGNED_CONTEXT ( ( #2329 ) ) GLOBAL_UNIT_ASSIGNED_CONTEXT ( ( #3883, #5879, #3982 ) ) REPRESENTATION_CONTEXT ( 'NONE', 'WORKASPACE' ) );
#614 = MECHANICAL_DESIGN_GEOMETRIC_PRESENTATION_REPRESENTATION (  '', ( #3751 ), #5239 ) ;
#615 =( NAMED_UNIT ( * ) SI_UNIT ( $, .STERADIAN. ) SOLID_ANGLE_UNIT ( ) );
#616 = CARTESIAN_POINT ( 'NONE',  ( 607.5727106747542621, 37.04413712093209909, 1222.803820846504550 ) ) ;
#617 = ORIENTED_EDGE ( 'NONE', *, *, #2845, .F. ) ;
#618 = DIRECTION ( 'NONE',  ( 1.000000000000000000, -0.000000000000000000, -1.271368967841055707E-16 ) ) ;
#619 = AXIS2_PLACEMENT_3D ( 'NONE', #2295, #1745, #3042 ) ;
#620 = FACE_OUTER_BOUND ( 'NONE', #8790, .T. ) ;
#621 = SURFACE_SIDE_STYLE ('',( #8208 ) ) ;
#622 = FACE_OUTER_BOUND ( 'NONE', #3548, .T. ) ;
#623 = VERTEX_POINT ( 'NONE', #4988 ) ;
#624 = EDGE_CURVE ( 'NONE', #5373, #3742, #7043, .T. ) ;
#625 = CARTESIAN_POINT ( 'NONE',  ( 607.4999999999998863, -7.331484481912450057, 1186.646405966826705 ) ) ;
#626 =( LENGTH_UNIT ( ) NAMED_UNIT ( * ) SI_UNIT ( .MILLI., .METRE. ) );
#627 = EDGE_CURVE ( 'NONE', #7398, #8171, #3536, .T. ) ;
#628 = CARTESIAN_POINT ( 'NONE',  ( 606.5206782760100168, -9.530734338140860018, 1186.157943414214515 ) ) ;
#629 = DIRECTION ( 'NONE',  ( 0.000000000000000000, 0.000000000000000000, -1.000000000000000000 ) ) ;
#630 = STYLED_ITEM ( 'NONE', ( #4053 ), #7449 ) ;
#631 = EDGE_CURVE ( 'NONE', #915, #4157, #6013, .T. ) ;
#632 = CARTESIAN_POINT ( 'NONE',  ( 623.9999999999998863, 1.767766952966400185, 1208.232233047033333 ) ) ;
#633 = FACE_OUTER_BOUND ( 'NONE', #5309, .T. ) ;
#634 = SURFACE_SIDE_STYLE ('',( #5464 ) ) ;
#635 =( GEOMETRIC_REPRESENTATION_CONTEXT ( 3 ) GLOBAL_UNCERTAINTY_ASSIGNED_CONTEXT ( ( #767 ) ) GLOBAL_UNIT_ASSIGNED_CONTEXT ( ( #3547, #2880, #7127 ) ) REPRESENTATION_CONTEXT ( 'NONE', 'WORKASPACE' ) );
#636 = STYLED_ITEM ( 'NONE', ( #7623 ), #3895 ) ;
#637 = CARTESIAN_POINT ( 'NONE',  ( 604.0999999999999091, 24.57713359194256952, 1267.127691428619300 ) ) ;
#638 = CARTESIAN_POINT ( 'NONE',  ( 614.4999999999998863, 48.03650030224896739, 1240.694898167942938 ) ) ;
#639 = CARTESIAN_POINT ( 'NONE',  ( 607.5490338956724372, -37.39663692722450605, 1223.657098284508947 ) ) ;
#640 = ORIENTED_EDGE ( 'NONE', *, *, #7234, .F. ) ;
#641 = MECHANICAL_DESIGN_GEOMETRIC_PRESENTATION_REPRESENTATION (  '', ( #4502 ), #2953 ) ;
#642 = FACE_OUTER_BOUND ( 'NONE', #1919, .T. ) ;
#643 = STYLED_ITEM ( 'NONE', ( #3439 ), #8156 ) ;
#644 = CIRCLE ( 'NONE', #2097, 7.499999999999951150 ) ;
#645 = CARTESIAN_POINT ( 'NONE',  ( 608.6332285798438306, 38.48014767590873930, 1243.089654729304584 ) ) ;
#646 = ORIENTED_EDGE ( 'NONE', *, *, #1176, .F. ) ;
#647 = MECHANICAL_DESIGN_GEOMETRIC_PRESENTATION_REPRESENTATION (  '', ( #5832 ), #359 ) ;
#648 = CARTESIAN_POINT ( 'NONE',  ( 608.9607345775378917, 36.99999999999993605, 1226.509157205997553 ) ) ;
#649 = ORIENTED_EDGE ( 'NONE', *, *, #8357, .T. ) ;
#650 =( GEOMETRIC_REPRESENTATION_CONTEXT ( 3 ) GLOBAL_UNCERTAINTY_ASSIGNED_CONTEXT ( ( #7428 ) ) GLOBAL_UNIT_ASSIGNED_CONTEXT ( ( #1308, #1171, #6630 ) ) REPRESENTATION_CONTEXT ( 'NONE', 'WORKASPACE' ) );
#651 = EDGE_CURVE ( 'NONE', #4845, #1792, #7701, .T. ) ;
#652 = CARTESIAN_POINT ( 'NONE',  ( 606.8351520629543074, 48.78916612993366897, 1241.423470553048901 ) ) ;
#653 = SURFACE_STYLE_FILL_AREA ( #21 ) ;
#654 = EDGE_LOOP ( 'NONE', ( #7508, #687 ) ) ;
#655 = DIRECTION ( 'NONE',  ( 1.000000000000000000, 0.000000000000000000, 2.618191646955655209E-47 ) ) ;
#656 = VERTEX_POINT ( 'NONE', #3185 ) ;
#657 =( GEOMETRIC_REPRESENTATION_CONTEXT ( 3 ) GLOBAL_UNCERTAINTY_ASSIGNED_CONTEXT ( ( #6367 ) ) GLOBAL_UNIT_ASSIGNED_CONTEXT ( ( #8441, #6474, #1662 ) ) REPRESENTATION_CONTEXT ( 'NONE', 'WORKASPACE' ) );
#658 = CARTESIAN_POINT ( 'NONE',  ( 603.2561979595197954, -12.08623582427218857, 1183.882418230117992 ) ) ;
#659 = VECTOR ( 'NONE', #8187, 999.9999999999998863 ) ;
#660 = CARTESIAN_POINT ( 'NONE',  ( 607.4999999999997726, 38.04327785582323429, 1224.516770445596649 ) ) ;
#661 = ORIENTED_EDGE ( 'NONE', *, *, #2189, .F. ) ;
#662 = CARTESIAN_POINT ( 'NONE',  ( 604.5014646403242295, 40.75967528661715988, 1234.803633216405160 ) ) ;
#663 = STYLED_ITEM ( 'NONE', ( #5263 ), #2578 ) ;
#664 =( NAMED_UNIT ( * ) PLANE_ANGLE_UNIT ( ) SI_UNIT ( $, .RADIAN. ) );
#665 = VERTEX_POINT ( 'NONE', #1845 ) ;
#666 = SURFACE_STYLE_FILL_AREA ( #2622 ) ;
#667 = CARTESIAN_POINT ( 'NONE',  ( 606.4690233490312039, 38.52037620897318959, 1240.098099653858071 ) ) ;
#668 =( LENGTH_UNIT ( ) NAMED_UNIT ( * ) SI_UNIT ( .MILLI., .METRE. ) );
#669 =( GEOMETRIC_REPRESENTATION_CONTEXT ( 3 ) GLOBAL_UNCERTAINTY_ASSIGNED_CONTEXT ( ( #6192 ) ) GLOBAL_UNIT_ASSIGNED_CONTEXT ( ( #519, #7499, #1893 ) ) REPRESENTATION_CONTEXT ( 'NONE', 'WORKASPACE' ) );
#670 =( LENGTH_UNIT ( ) NAMED_UNIT ( * ) SI_UNIT ( .MILLI., .METRE. ) );
#671 = AXIS2_PLACEMENT_3D ( 'NONE', #1781, #496, #1736 ) ;
#672 = EDGE_CURVE ( 'NONE', #5084, #6934, #4248, .T. ) ;
#673 = CARTESIAN_POINT ( 'NONE',  ( 604.0999999999999091, -43.02335844053249758, 1219.970310170576568 ) ) ;
#674 = B_SPLINE_CURVE_WITH_KNOTS ( 'NONE', 3,
 ( #1023, #2524, #5280, #7996, #1854, #5929 ),
 .UNSPECIFIED., .F., .F.,
 ( 4, 2, 4 ),
 ( 4.553649124439118623E-18, 0.0009226793023633441402, 0.001845358604726683727 ),
 .UNSPECIFIED. ) ;
#675 = ADVANCED_FACE ( 'NONE', ( #3802 ), #115, .T. ) ;
#676 =( NAMED_UNIT ( * ) SI_UNIT ( $, .STERADIAN. ) SOLID_ANGLE_UNIT ( ) );
#677 = CARTESIAN_POINT ( 'NONE',  ( 606.7272146429226041, -9.393165149359555599, 1192.712031507772508 ) ) ;
#678 = DIRECTION ( 'NONE',  ( 1.000000000000000000, 0.000000000000000000, 2.618191646955655209E-47 ) ) ;
#679 = SURFACE_STYLE_FILL_AREA ( #1310 ) ;
#680 = EDGE_LOOP ( 'NONE', ( #554, #13, #5704, #5998 ) ) ;
#681 = CIRCLE ( 'NONE', #2571, 4.000000000000027534 ) ;
#682 = AXIS2_PLACEMENT_3D ( 'NONE', #1635, #5365, #3939 ) ;
#683 = CARTESIAN_POINT ( 'NONE',  ( 608.6674667257439069, 38.48014767978463624, 1227.829177408938676 ) ) ;
#684 = CARTESIAN_POINT ( 'NONE',  ( 604.0999999999999091, -2.194087812829471726E-13, 1191.999999999999773 ) ) ;
#685 = ADVANCED_FACE ( 'NONE', ( #4649, #5358 ), #7791, .T. ) ;
#686 = UNCERTAINTY_MEASURE_WITH_UNIT (LENGTH_MEASURE( 1.000000000000000082E-05 ), #2274, 'distance_accuracy_value', 'NONE');
#687 = ORIENTED_EDGE ( 'NONE', *, *, #50, .F. ) ;
#688 =( NAMED_UNIT ( * ) SI_UNIT ( $, .STERADIAN. ) SOLID_ANGLE_UNIT ( ) );
#689 = PRESENTATION_LAYER_ASSIGNMENT (  '', '', ( #5160 ) ) ;
#690 = EDGE_CURVE ( 'NONE', #8482, #2332, #1123, .T. ) ;
#691 = COLOUR_RGB ( '',0.7490196078431372584, 0.7490196078431372584, 0.7490196078431372584 ) ;
#692 = CARTESIAN_POINT ( 'NONE',  ( 604.0999999999999091, -24.57713359194292835, 1202.872308571381154 ) ) ;
#693 = STYLED_ITEM ( 'NONE', ( #3090 ), #3438 ) ;
#694 = CARTESIAN_POINT ( 'NONE',  ( 606.9753468289370630, 48.25580782663448076, 1241.586617686118416 ) ) ;
#695 = B_SPLINE_CURVE_WITH_KNOTS ( 'NONE', 3,
 ( #2911, #8371, #7708, #4072, #3576, #58 ),
 .UNSPECIFIED., .F., .F.,
 ( 4, 2, 4 ),
 ( 0.003562144415347634919, 0.004154572466833736204, 0.004747000518319837922 ),
 .UNSPECIFIED. ) ;
#696 = COLOUR_RGB ( '',0.7490196078431372584, 0.7490196078431372584, 0.7490196078431372584 ) ;
#697 = ORIENTED_EDGE ( 'NONE', *, *, #6394, .F. ) ;
#698 = SURFACE_SIDE_STYLE ('',( #4167 ) ) ;
#699 = UNCERTAINTY_MEASURE_WITH_UNIT (LENGTH_MEASURE( 1.000000000000000082E-05 ), #2238, 'distance_accuracy_value', 'NONE');
#700 = PLANE ( 'NONE',  #3247 ) ;
#701 = ORIENTED_EDGE ( 'NONE', *, *, #4341, .T. ) ;
#702 =( GEOMETRIC_REPRESENTATION_CONTEXT ( 3 ) GLOBAL_UNCERTAINTY_ASSIGNED_CONTEXT ( ( #8883 ) ) GLOBAL_UNIT_ASSIGNED_CONTEXT ( ( #5859, #2310, #3066 ) ) REPRESENTATION_CONTEXT ( 'NONE', 'WORKASPACE' ) );
#703 =( LENGTH_UNIT ( ) NAMED_UNIT ( * ) SI_UNIT ( .MILLI., .METRE. ) );
#704 = CARTESIAN_POINT ( 'NONE',  ( 603.2777067657391399, -20.25967277865649763, 1186.542928103847089 ) ) ;
#705 = CARTESIAN_POINT ( 'NONE',  ( 634.4749999999997954, -17.67766952966371719, 1219.822330470335828 ) ) ;
#706 = VERTEX_POINT ( 'NONE', #6498 ) ;
#707 = AXIS2_PLACEMENT_3D ( 'NONE', #5242, #1815, #5937 ) ;
#708 = CARTESIAN_POINT ( 'NONE',  ( 606.3138802195171593, 50.82953680705949751, 1242.417509479751516 ) ) ;
#709 = DIRECTION ( 'NONE',  ( 1.000000000000000000, 0.000000000000000000, 2.618191646955655209E-47 ) ) ;
#710 = CARTESIAN_POINT ( 'NONE',  ( 604.0999999999999091, 40.89543020069158530, 1248.287730758122507 ) ) ;
#711 = SURFACE_STYLE_USAGE ( .BOTH. , #3419 ) ;
#712 = ORIENTED_EDGE ( 'NONE', *, *, #6138, .F. ) ;
#713 = CARTESIAN_POINT ( 'NONE',  ( 605.0361229740826730, -9.824549823838564677, 1183.719667742355796 ) ) ;
#714 = COLOUR_RGB ( '',0.7490196078431372584, 0.7490196078431372584, 0.7490196078431372584 ) ;
#715 = CYLINDRICAL_SURFACE ( 'NONE', #7907, 4.000000000000003553 ) ;
#716 = EDGE_CURVE ( 'NONE', #7518, #8142, #1825, .T. ) ;
#717 = STYLED_ITEM ( 'NONE', ( #5203 ), #4350 ) ;
#718 = DIRECTION ( 'NONE',  ( -1.000000000000000000, 0.000000000000000000, -2.618191646955655209E-47 ) ) ;
#719 = DIRECTION ( 'NONE',  ( 1.000000000000000000, 0.000000000000000000, 2.618191646955655209E-47 ) ) ;
#720 = CARTESIAN_POINT ( 'NONE',  ( 614.4999999999997726, -14.95642252774778314, 1188.968864611313847 ) ) ;
#721 = SURFACE_STYLE_USAGE ( .BOTH. , #7646 ) ;
#722 = DIRECTION ( 'NONE',  ( -1.000000000000000000, -0.000000000000000000, -2.618191646955655209E-47 ) ) ;
#723 = CARTESIAN_POINT ( 'NONE',  ( 608.8163394127152515, 48.03650030224896739, 1234.642414385362827 ) ) ;
#724 = SURFACE_STYLE_USAGE ( .BOTH. , #1362 ) ;
#725 = ORIENTED_EDGE ( 'NONE', *, *, #4861, .F. ) ;
#726 = CIRCLE ( 'NONE', #7913, 7.499999999999951150 ) ;
#727 = DIRECTION ( 'NONE',  ( 0.7071067811865450192, 0.4999999999999958367, 0.5000000000000076605 ) ) ;
#728 = EDGE_CURVE ( 'NONE', #7997, #3847, #7361, .T. ) ;
#729 = CARTESIAN_POINT ( 'NONE',  ( 607.6250928555426754, 38.49999766570688564, 1240.270798985785405 ) ) ;
#730 = FILL_AREA_STYLE ('',( #6896 ) ) ;
#731 = EDGE_LOOP ( 'NONE', ( #2799, #7450, #5478, #1018 ) ) ;
#732 = FACE_OUTER_BOUND ( 'NONE', #5340, .T. ) ;
#733 = EDGE_CURVE ( 'NONE', #2861, #8671, #6455, .T. ) ;
#734 = DIRECTION ( 'NONE',  ( 1.000000000000000000, 1.109265194285485936E-15, 3.199555054769809842E-17 ) ) ;
#735 = CARTESIAN_POINT ( 'NONE',  ( 607.1618618582939462, 49.80897440853993174, 1241.834132772135490 ) ) ;
#736 = CARTESIAN_POINT ( 'NONE',  ( 626.9999999999997726, -6.591949208711866959E-14, 1257.000000000000000 ) ) ;
#737 = DIRECTION ( 'NONE',  ( 0.000000000000000000, 0.7071067811865544561, 0.7071067811865406894 ) ) ;
#738 = CONICAL_SURFACE ( 'NONE', #4469, 2.499999999999946709, 1.029744258676653645 ) ;
#739 = EDGE_CURVE ( 'NONE', #292, #5433, #7880, .T. ) ;
#740 = CARTESIAN_POINT ( 'NONE',  ( 608.1925574672778794, -2.442348807724107562, 1196.889464935884689 ) ) ;
#741 = CARTESIAN_POINT ( 'NONE',  ( 605.4597290430541534, -20.23003331967291984, 1186.587199294272068 ) ) ;
#742 = CARTESIAN_POINT ( 'NONE',  ( 607.5693844170890543, -22.67943694237300889, 1266.740103088789283 ) ) ;
#743 = ORIENTED_EDGE ( 'NONE', *, *, #6843, .F. ) ;
#744 = APPLICATION_PROTOCOL_DEFINITION ( 'draft international standard', 'automotive_design', 1998, #2375 ) ;
#745 = STYLED_ITEM ( 'NONE', ( #2406 ), #1664 ) ;
#746 = DIRECTION ( 'NONE',  ( -4.552280931047900880E-17, 0.3090169943750250559, 0.9510565162951283291 ) ) ;
#747 = ORIENTED_EDGE ( 'NONE', *, *, #2055, .F. ) ;
#748 = B_SPLINE_CURVE_WITH_KNOTS ( 'NONE', 3,
 ( #5009, #6451, #5103, #319, #4315, #7069 ),
 .UNSPECIFIED., .F., .F.,
 ( 4, 2, 4 ),
 ( 0.000000000000000000, 0.0007290556454083300161, 0.001458111290816660032 ),
 .UNSPECIFIED. ) ;
#749 = CARTESIAN_POINT ( 'NONE',  ( 604.6059685527652618, 41.86134343472952679, 1236.452072366375205 ) ) ;
#750 = CARTESIAN_POINT ( 'NONE',  ( 605.3769615805123294, -19.42981584303318954, 1188.453326425649266 ) ) ;
#751 = COLOUR_RGB ( '',0.7490196078431372584, 0.7490196078431372584, 0.7490196078431372584 ) ;
#752 = EDGE_LOOP ( 'NONE', ( #5156, #6190 ) ) ;
#753 = CARTESIAN_POINT ( 'NONE',  ( 605.8929166884399820, -10.61526818967017149, 1185.846868353127320 ) ) ;
#754 = PRESENTATION_STYLE_ASSIGNMENT (( #3331 ) ) ;
#755 =( NAMED_UNIT ( * ) PLANE_ANGLE_UNIT ( ) SI_UNIT ( $, .RADIAN. ) );
#756 = CARTESIAN_POINT ( 'NONE',  ( 621.9999999999998863, 43.26735247905153159, 1234.999999999999545 ) ) ;
#757 = CARTESIAN_POINT ( 'NONE',  ( 634.9999999999997726, -27.13899801308934556, 1232.861001986910424 ) ) ;
#758 = AXIS2_PLACEMENT_3D ( 'NONE', #3194, #5234, #8591 ) ;
#759 = PRESENTATION_STYLE_ASSIGNMENT (( #721 ) ) ;
#760 = PRESENTATION_LAYER_ASSIGNMENT (  '', '', ( #4638 ) ) ;
#761 = DIRECTION ( 'NONE',  ( 1.000000000000000000, 0.000000000000000000, 2.618191646955655209E-47 ) ) ;
#762 = CARTESIAN_POINT ( 'NONE',  ( 622.2727853570760317, 43.12089565753961296, 1239.134269997756746 ) ) ;
#763 = VERTEX_POINT ( 'NONE', #2228 ) ;
#764 = FACE_BOUND ( 'NONE', #5714, .T. ) ;
#765 = DIRECTION ( 'NONE',  ( 1.000000000000000000, 0.000000000000000000, 2.618191646955655209E-47 ) ) ;
#766 = CARTESIAN_POINT ( 'NONE',  ( 623.9999999999998863, -20.17766952966396943, 1252.677669529663717 ) ) ;
#767 = UNCERTAINTY_MEASURE_WITH_UNIT (LENGTH_MEASURE( 1.000000000000000082E-05 ), #3547, 'distance_accuracy_value', 'NONE');
#768 = ORIENTED_EDGE ( 'NONE', *, *, #4796, .F. ) ;
#769 = CARTESIAN_POINT ( 'NONE',  ( 634.9999999999997726, -17.67766952966396943, 1252.677669529663717 ) ) ;
#770 = DIRECTION ( 'NONE',  ( 1.000000000000000000, 0.000000000000000000, 2.618191646955655209E-47 ) ) ;
#771 = PRESENTATION_STYLE_ASSIGNMENT (( #6936 ) ) ;
#772 = CIRCLE ( 'NONE', #6387, 4.000000000000014211 ) ;
#773 = CIRCLE ( 'NONE', #6813, 39.46123530638256938 ) ;
#774 = SURFACE_STYLE_FILL_AREA ( #3443 ) ;
#775 = FILL_AREA_STYLE_COLOUR ( '', #6639 ) ;
#776 = CARTESIAN_POINT ( 'NONE',  ( 607.4999999999997726, -40.89543020069157109, 1221.712269241876811 ) ) ;
#777 = CARTESIAN_POINT ( 'NONE',  ( 607.4999999999997726, -6.591949208711866959E-14, 1234.999999999999545 ) ) ;
#778 = UNCERTAINTY_MEASURE_WITH_UNIT (LENGTH_MEASURE( 1.000000000000000082E-05 ), #2908, 'distance_accuracy_value', 'NONE');
#779 = ADVANCED_FACE ( 'NONE', ( #5109 ), #377, .F. ) ;
#780 = AXIS2_PLACEMENT_3D ( 'NONE', #5781, #5692, #8562 ) ;
#781 =( GEOMETRIC_REPRESENTATION_CONTEXT ( 3 ) GLOBAL_UNCERTAINTY_ASSIGNED_CONTEXT ( ( #4275 ) ) GLOBAL_UNIT_ASSIGNED_CONTEXT ( ( #8693, #5249, #2543 ) ) REPRESENTATION_CONTEXT ( 'NONE', 'WORKASPACE' ) );
#782 = VERTEX_POINT ( 'NONE', #1395 ) ;
#783 = EDGE_CURVE ( 'NONE', #380, #2736, #3366, .T. ) ;
#784 = CARTESIAN_POINT ( 'NONE',  ( 607.0999999999999091, -1.769417945496342731E-13, 1277.999999999999545 ) ) ;
#785 = LINE ( 'NONE', #2792, #546 ) ;
#786 = ORIENTED_EDGE ( 'NONE', *, *, #8001, .T. ) ;
#787 =( NAMED_UNIT ( * ) SI_UNIT ( $, .STERADIAN. ) SOLID_ANGLE_UNIT ( ) );
#788 = FILL_AREA_STYLE_COLOUR ( '', #6449 ) ;
#789 = FILL_AREA_STYLE ('',( #6956 ) ) ;
#790 = VERTEX_POINT ( 'NONE', #1344 ) ;
#791 = CIRCLE ( 'NONE', #7423, 7.499999999999951150 ) ;
#792 = EDGE_CURVE ( 'NONE', #4334, #26, #8573, .T. ) ;
#793 = CARTESIAN_POINT ( 'NONE',  ( 603.9231089475564431, -10.92736132735028320, 1183.645143415539451 ) ) ;
#794 = CARTESIAN_POINT ( 'NONE',  ( 607.5726542117798772, -37.04337004915042542, 1247.199052794582030 ) ) ;
#795 = PRESENTATION_LAYER_ASSIGNMENT (  '', '', ( #5282 ) ) ;
#796 = ORIENTED_EDGE ( 'NONE', *, *, #3276, .F. ) ;
#797 = PRESENTATION_LAYER_ASSIGNMENT (  '', '', ( #2832 ) ) ;
#798 = SURFACE_SIDE_STYLE ('',( #4394 ) ) ;
#799 = CARTESIAN_POINT ( 'NONE',  ( 604.0999999999999091, -25.97239810521020686, 1197.552229912374514 ) ) ;
#800 = PRESENTATION_LAYER_ASSIGNMENT (  '', '', ( #1240 ) ) ;
#801 = FACE_BOUND ( 'NONE', #4063, .T. ) ;
#802 = COLOUR_RGB ( '',0.7490196078431372584, 0.7490196078431372584, 0.7490196078431372584 ) ;
#803 = SURFACE_STYLE_USAGE ( .BOTH. , #4229 ) ;
#804 = SURFACE_STYLE_FILL_AREA ( #1680 ) ;
#805 = CARTESIAN_POINT ( 'NONE',  ( 604.5416716596262177, 44.94881987731478290, 1234.077504443849193 ) ) ;
#806 = PRESENTATION_STYLE_ASSIGNMENT (( #7827 ) ) ;
#807 = ORIENTED_EDGE ( 'NONE', *, *, #8903, .F. ) ;
#808 = SURFACE_STYLE_FILL_AREA ( #6977 ) ;
#809 = AXIS2_PLACEMENT_3D ( 'NONE', #4932, #1561, #7537 ) ;
#810 = CARTESIAN_POINT ( 'NONE',  ( 606.9999999999997726, 48.21458031491188478, 1241.614378277662126 ) ) ;
#811 = EDGE_LOOP ( 'NONE', ( #2248, #6054 ) ) ;
#812 = CONICAL_SURFACE ( 'NONE', #2708, 37.54174637253915137, 0.02617993877992199833 ) ;
#813 = B_SPLINE_CURVE_WITH_KNOTS ( 'NONE', 3,
 ( #8350, #7780, #167, #7106, #8501, #2356, #7690, #5682, #3682, #6444, #4266, #5001, #1678, #4398, #7149, #313, #3065, #5812 ),
 .UNSPECIFIED., .F., .F.,
 ( 4, 2, 2, 2, 2, 2, 2, 2, 4 ),
 ( 0.01878573962504600722, 0.01970261619481554136, 0.02061949276458507202, 0.02245324590412413682, 0.02337012247389353564, 0.02382856075877823679, 0.02428699904366293447, 0.02520387561343294391, 0.02612075218320294989 ),
 .UNSPECIFIED. ) ;
#814 = CARTESIAN_POINT ( 'NONE',  ( 607.5168598383836525, -18.19577898641405511, 1200.259106471340147 ) ) ;
#815 = AXIS2_PLACEMENT_3D ( 'NONE', #1814, #5289, #1768 ) ;
#816 = FACE_OUTER_BOUND ( 'NONE', #2306, .T. ) ;
#817 = STYLED_ITEM ( 'NONE', ( #806 ), #3046 ) ;
#818 = DIRECTION ( 'NONE',  ( 1.000000000000000000, 0.000000000000000000, 2.618191646955655209E-47 ) ) ;
#819 = CARTESIAN_POINT ( 'NONE',  ( 604.0999999999999091, 25.27476584857668485, 1204.212269241876584 ) ) ;
#820 = SURFACE_STYLE_FILL_AREA ( #912 ) ;
#821 = DIRECTION ( 'NONE',  ( -1.000000000000000000, 0.000000000000000000, -2.618191646955655209E-47 ) ) ;
#822 = TOROIDAL_SURFACE ( 'NONE', #4857, 39.46123530638249832, 1.500000000000000000 ) ;
#823 = CIRCLE ( 'NONE', #250, 2.750000000000037748 ) ;
#824 = AXIS2_PLACEMENT_3D ( 'NONE', #3452, #2031, #6281 ) ;
#825 = CARTESIAN_POINT ( 'NONE',  ( 607.5951979204529607, 38.49999819126383471, 1229.193674701349664 ) ) ;
#826 = EDGE_LOOP ( 'NONE', ( #5177, #5315, #276 ) ) ;
#827 = FILL_AREA_STYLE_COLOUR ( '', #7431 ) ;
#828 = COLOUR_RGB ( '',0.7490196078431372584, 0.7490196078431372584, 0.7490196078431372584 ) ;
#829 = DIRECTION ( 'NONE',  ( -1.000000000000000000, 0.000000000000000000, -2.618191646955655209E-47 ) ) ;
#830 = COLOUR_RGB ( '',0.7490196078431372584, 0.7490196078431372584, 0.7490196078431372584 ) ;
#831 = EDGE_LOOP ( 'NONE', ( #4917, #8900, #2684 ) ) ;
#832 = EDGE_CURVE ( 'NONE', #4739, #6062, #3401, .T. ) ;
#833 = CARTESIAN_POINT ( 'NONE',  ( 607.4999999999997726, 40.89543020069133661, 1248.287730758123644 ) ) ;
#834 = MECHANICAL_DESIGN_GEOMETRIC_PRESENTATION_REPRESENTATION (  '', ( #4874 ), #1280 ) ;
#835 = CARTESIAN_POINT ( 'NONE',  ( 606.9999999999998863, -5.915523715599586119, 1195.389312311319827 ) ) ;
#836 = ORIENTED_EDGE ( 'NONE', *, *, #4202, .F. ) ;
#837 = DIRECTION ( 'NONE',  ( 1.000000000000000000, -0.000000000000000000, 2.618191646955655209E-47 ) ) ;
#838 = EDGE_CURVE ( 'NONE', #4910, #4334, #8414, .T. ) ;
#839 = CARTESIAN_POINT ( 'NONE',  ( 607.0999999999999091, -27.58903336337825962, 1271.273215820293899 ) ) ;
#840 = EDGE_CURVE ( 'NONE', #1252, #6030, #4678, .T. ) ;
#841 = MECHANICAL_DESIGN_GEOMETRIC_PRESENTATION_REPRESENTATION (  '', ( #1579 ), #6607 ) ;
#842 = ORIENTED_EDGE ( 'NONE', *, *, #4580, .F. ) ;
#843 = ADVANCED_FACE ( 'NONE', ( #2711 ), #1396, .T. ) ;
#844 = FILL_AREA_STYLE ('',( #4393 ) ) ;
#845 = CARTESIAN_POINT ( 'NONE',  ( 604.0999999999999091, -40.89543020069171320, 1221.712269241876811 ) ) ;
#846 = FILL_AREA_STYLE_COLOUR ( '', #3801 ) ;
#847 = MECHANICAL_DESIGN_GEOMETRIC_PRESENTATION_REPRESENTATION (  '', ( #8629 ), #3163 ) ;
#848 = CARTESIAN_POINT ( 'NONE',  ( 634.4749999999997954, 24.99999999999993605, 1234.999999999999545 ) ) ;
#849 = LINE ( 'NONE', #7195, #7584 ) ;
#850 =( NAMED_UNIT ( * ) SI_UNIT ( $, .STERADIAN. ) SOLID_ANGLE_UNIT ( ) );
#851 = DIRECTION ( 'NONE',  ( 1.000000000000000000, 0.000000000000000000, 2.618191646955655209E-47 ) ) ;
#852 = CARTESIAN_POINT ( 'NONE',  ( 604.5070988162923413, 45.20204424174367830, 1235.388838250480603 ) ) ;
#853 = CARTESIAN_POINT ( 'NONE',  ( 607.4999999999997726, -6.591949208711866959E-14, 1234.999999999999545 ) ) ;
#854 = ORIENTED_EDGE ( 'NONE', *, *, #3104, .T. ) ;
#855 = UNCERTAINTY_MEASURE_WITH_UNIT (LENGTH_MEASURE( 1.000000000000000082E-05 ), #7738, 'distance_accuracy_value', 'NONE');
#856 = VERTEX_POINT ( 'NONE', #4215 ) ;
#857 = CARTESIAN_POINT ( 'NONE',  ( 634.9999999999997726, 17.67766952966373495, 1217.322330470336738 ) ) ;
#858 = CARTESIAN_POINT ( 'NONE',  ( 607.9999999999998863, 36.99999999999993605, 1224.940124887235470 ) ) ;
#859 = SPHERICAL_SURFACE ( 'NONE', #3793, 28.62500000000000000 ) ;
#860 = DIRECTION ( 'NONE',  ( -1.000000000000000000, -9.162209061965000063E-16, 6.261247779448849444E-16 ) ) ;
#861 = MECHANICAL_DESIGN_GEOMETRIC_PRESENTATION_REPRESENTATION (  '', ( #581 ), #7035 ) ;
#862 = DIRECTION ( 'NONE',  ( 1.000000000000000000, 0.000000000000000000, 2.618191646955655209E-47 ) ) ;
#863 = SURFACE_STYLE_FILL_AREA ( #3036 ) ;
#864 =( LENGTH_UNIT ( ) NAMED_UNIT ( * ) SI_UNIT ( .MILLI., .METRE. ) );
#865 = DIRECTION ( 'NONE',  ( 0.000000000000000000, 0.000000000000000000, 1.000000000000000000 ) ) ;
#866 = CARTESIAN_POINT ( 'NONE',  ( 608.8801664379290060, -3.349386587313049279, 1197.184179375700978 ) ) ;
#867 = LINE ( 'NONE', #7169, #8102 ) ;
#868 = UNCERTAINTY_MEASURE_WITH_UNIT (LENGTH_MEASURE( 1.000000000000000082E-05 ), #4099, 'distance_accuracy_value', 'NONE');
#869 = DIRECTION ( 'NONE',  ( 0.5150380749100549327, 0.8571673007021118895, 8.873378184890032165E-15 ) ) ;
#870 = ORIENTED_EDGE ( 'NONE', *, *, #2947, .T. ) ;
#871 = SURFACE_STYLE_FILL_AREA ( #4327 ) ;
#872 = SURFACE_STYLE_USAGE ( .BOTH. , #7087 ) ;
#873 = PRESENTATION_LAYER_ASSIGNMENT (  '', '', ( #8489 ) ) ;
#874 = VERTEX_POINT ( 'NONE', #3588 ) ;
#875 = AXIS2_PLACEMENT_3D ( 'NONE', #5400, #468, #3227 ) ;
#876 = DIRECTION ( 'NONE',  ( 1.000000000000000000, 0.000000000000000000, 2.618191646955655209E-47 ) ) ;
#877 = CARTESIAN_POINT ( 'NONE',  ( 604.8860472158137327, -18.21889993796594709, 1187.905455264246257 ) ) ;
#878 = DIRECTION ( 'NONE',  ( 0.000000000000000000, 0.000000000000000000, 1.000000000000000000 ) ) ;
#879 = ORIENTED_EDGE ( 'NONE', *, *, #3213, .T. ) ;
#880 = DIRECTION ( 'NONE',  ( -1.000000000000000000, -0.000000000000000000, -2.618191646955655209E-47 ) ) ;
#881 = STYLED_ITEM ( 'NONE', ( #3972 ), #1618 ) ;
#882 = CARTESIAN_POINT ( 'NONE',  ( 606.9760921884829941, -21.17578006897899101, 1191.145169605082401 ) ) ;
#883 = FILL_AREA_STYLE ('',( #5045 ) ) ;
#884 = CARTESIAN_POINT ( 'NONE',  ( 606.9999999999998863, 47.85924001516893611, 1228.385621722338556 ) ) ;
#885 = VERTEX_POINT ( 'NONE', #1571 ) ;
#886 =( NAMED_UNIT ( * ) PLANE_ANGLE_UNIT ( ) SI_UNIT ( $, .RADIAN. ) );
#887 = VECTOR ( 'NONE', #2453, 1000.000000000000000 ) ;
#888 = EDGE_CURVE ( 'NONE', #4701, #8482, #6986, .T. ) ;
#889 = CARTESIAN_POINT ( 'NONE',  ( 607.4999999999997726, 25.27476584857623365, 1273.787730758122734 ) ) ;
#890 = B_SPLINE_CURVE_WITH_KNOTS ( 'NONE', 3,
 ( #4077, #658, #2162, #4791, #7540, #2751, #7628, #1479, #6280, #5492, #6197, #704, #3451, #6372 ),
 .UNSPECIFIED., .F., .F.,
 ( 4, 2, 2, 2, 2, 2, 4 ),
 ( 0.000000000000000000, 0.002615852654970067005, 0.003923778982455180739, 0.005231705309940295340, 0.007847557964910522807, 0.009155484292395717205, 0.01046341061988091160 ),
 .UNSPECIFIED. ) ;
#891 = CARTESIAN_POINT ( 'NONE',  ( 620.4037182729464348, -11.85765276259388301, 1188.344219481231676 ) ) ;
#892 = ADVANCED_FACE ( 'NONE', ( #5584 ), #7595, .T. ) ;
#893 = FILL_AREA_STYLE ('',( #1679 ) ) ;
#894 = CONICAL_SURFACE ( 'NONE', #4333, 2.999999999999891642, 1.029744258676650759 ) ;
#895 =( NAMED_UNIT ( * ) SI_UNIT ( $, .STERADIAN. ) SOLID_ANGLE_UNIT ( ) );
#896 = DIRECTION ( 'NONE',  ( 0.000000000000000000, 0.000000000000000000, 1.000000000000000000 ) ) ;
#897 = ORIENTED_EDGE ( 'NONE', *, *, #3545, .F. ) ;
#898 = PRESENTATION_STYLE_ASSIGNMENT (( #4962 ) ) ;
#899 = CARTESIAN_POINT ( 'NONE',  ( 606.0125302640278733, 49.94143489185439932, 1240.290366455593357 ) ) ;
#900 = VERTEX_POINT ( 'NONE', #835 ) ;
#901 = CIRCLE ( 'NONE', #3632, 2.750000000000039968 ) ;
#902 = CARTESIAN_POINT ( 'NONE',  ( 607.5575796602250875, 23.44748205668244978, 1266.226148284162036 ) ) ;
#903 = EDGE_CURVE ( 'NONE', #2119, #4661, #4117, .T. ) ;
#904 = FACE_OUTER_BOUND ( 'NONE', #3764, .T. ) ;
#905 = EDGE_CURVE ( 'NONE', #7742, #3858, #5227, .T. ) ;
#906 = PRESENTATION_STYLE_ASSIGNMENT (( #4498 ) ) ;
#907 = DIRECTION ( 'NONE',  ( 1.000000000000000000, -3.123522194619925060E-16, -1.064861060188244022E-15 ) ) ;
#908 = DIRECTION ( 'NONE',  ( 2.126226658603510571E-31, 0.3090169943749515591, 0.9510565162951523099 ) ) ;
#909 =( NAMED_UNIT ( * ) SI_UNIT ( $, .STERADIAN. ) SOLID_ANGLE_UNIT ( ) );
#910 = MECHANICAL_DESIGN_GEOMETRIC_PRESENTATION_REPRESENTATION (  '', ( #630 ), #2084 ) ;
#911 = DIRECTION ( 'NONE',  ( 1.000000000000000000, -3.732113731436710097E-16, 1.045086722461002056E-15 ) ) ;
#912 = FILL_AREA_STYLE ('',( #5617 ) ) ;
#913 = DIRECTION ( 'NONE',  ( 1.000000000000000000, 0.000000000000000000, 2.618191646955655209E-47 ) ) ;
#914 = CARTESIAN_POINT ( 'NONE',  ( 608.9607345775378917, -19.50890015994686877, 1202.434723616991732 ) ) ;
#915 = VERTEX_POINT ( 'NONE', #2251 ) ;
#916 =( NAMED_UNIT ( * ) PLANE_ANGLE_UNIT ( ) SI_UNIT ( $, .RADIAN. ) );
#917 = PRESENTATION_STYLE_ASSIGNMENT (( #872 ) ) ;
#918 =( LENGTH_UNIT ( ) NAMED_UNIT ( * ) SI_UNIT ( .MILLI., .METRE. ) );
#919 = PRODUCT_DEFINITION_SHAPE ( 'NONE', 'NONE',  #2730 ) ;
#920 = SURFACE_SIDE_STYLE ('',( #3717 ) ) ;
#921 = VERTEX_POINT ( 'NONE', #973 ) ;
#922 = PRESENTATION_LAYER_ASSIGNMENT (  '', '', ( #8691 ) ) ;
#923 = CARTESIAN_POINT ( 'NONE',  ( 603.6047077932306593, -21.00863595376523918, 1186.874084348125962 ) ) ;
#924 = EDGE_LOOP ( 'NONE', ( #5427, #6649, #2207, #7865, #7379, #7951, #5058, #7496 ) ) ;
#925 = AXIS2_PLACEMENT_3D ( 'NONE', #4974, #5743, #4166 ) ;
#926 = CARTESIAN_POINT ( 'NONE',  ( 605.8136477257838806, 38.53196765410007885, 1230.045478411770773 ) ) ;
#927 = CARTESIAN_POINT ( 'NONE',  ( 607.5582262564852272, -37.31631409108312170, 1246.475321654341542 ) ) ;
#928 = AXIS2_PLACEMENT_3D ( 'NONE', #2592, #6086, #2632 ) ;
#929 = CARTESIAN_POINT ( 'NONE',  ( 606.7018631951491443, -21.12542109658904010, 1190.243674650645062 ) ) ;
#930 =( LENGTH_UNIT ( ) NAMED_UNIT ( * ) SI_UNIT ( .MILLI., .METRE. ) );
#931 = CARTESIAN_POINT ( 'NONE',  ( 604.0999999999999091, -25.27476584857656761, 1269.787730758122734 ) ) ;
#932 = ORIENTED_EDGE ( 'NONE', *, *, #2299, .T. ) ;
#933 = CARTESIAN_POINT ( 'NONE',  ( 607.6911933507468575, -15.89160886291371355, 1199.682201091216712 ) ) ;
#934 = AXIS2_PLACEMENT_3D ( 'NONE', #7194, #7739, #5193 ) ;
#935 = COLOUR_RGB ( '',0.7490196078431372584, 0.7490196078431372584, 0.7490196078431372584 ) ;
#936 = DIRECTION ( 'NONE',  ( 0.000000000000000000, 0.000000000000000000, -1.000000000000000000 ) ) ;
#937 = CARTESIAN_POINT ( 'NONE',  ( 614.0822491255196383, 36.99999999999992895, 1227.123569551818719 ) ) ;
#938 = SURFACE_STYLE_USAGE ( .BOTH. , #3734 ) ;
#939 = MECHANICAL_DESIGN_GEOMETRIC_PRESENTATION_REPRESENTATION (  '', ( #5282 ), #657 ) ;
#940 = DIRECTION ( 'NONE',  ( 0.000000000000000000, -8.815909524110140548E-19, 1.000000000000000000 ) ) ;
#941 = ORIENTED_EDGE ( 'NONE', *, *, #7312, .T. ) ;
#942 = PRESENTATION_LAYER_ASSIGNMENT (  '', '', ( #4670 ) ) ;
#943 = DIRECTION ( 'NONE',  ( 1.271368967841056200E-16, 0.9510565162951523099, -0.3090169943749515591 ) ) ;
#944 = SURFACE_SIDE_STYLE ('',( #4451 ) ) ;
#945 = CARTESIAN_POINT ( 'NONE',  ( 604.5001124556362129, 50.53979146747260387, 1235.354394631304103 ) ) ;
#946 = UNCERTAINTY_MEASURE_WITH_UNIT (LENGTH_MEASURE( 1.000000000000000082E-05 ), #5508, 'distance_accuracy_value', 'NONE');
#947 = ORIENTED_EDGE ( 'NONE', *, *, #239, .F. ) ;
#948 = SURFACE_STYLE_USAGE ( .BOTH. , #993 ) ;
#949 = ADVANCED_FACE ( 'NONE', ( #7183 ), #2518, .F. ) ;
#950 = COLOUR_RGB ( '',0.7490196078431372584, 0.7490196078431372584, 0.7490196078431372584 ) ;
#951 = CARTESIAN_POINT ( 'NONE',  ( 634.9999999999997726, -6.591949208711866959E-14, 1256.749999999999773 ) ) ;
#952 = SURFACE_SIDE_STYLE ('',( #2231 ) ) ;
#953 = FILL_AREA_STYLE_COLOUR ( '', #8424 ) ;
#954 =( GEOMETRIC_REPRESENTATION_CONTEXT ( 3 ) GLOBAL_UNCERTAINTY_ASSIGNED_CONTEXT ( ( #5831 ) ) GLOBAL_UNIT_ASSIGNED_CONTEXT ( ( #3998, #6877, #3455 ) ) REPRESENTATION_CONTEXT ( 'NONE', 'WORKASPACE' ) );
#955 = DIRECTION ( 'NONE',  ( -3.952720641290395052E-20, 1.000000000000000000, 8.815909524110140548E-19 ) ) ;
#956 = ADVANCED_FACE ( 'NONE', ( #340 ), #3721, .F. ) ;
#957 =( GEOMETRIC_REPRESENTATION_CONTEXT ( 3 ) GLOBAL_UNCERTAINTY_ASSIGNED_CONTEXT ( ( #2702 ) ) GLOBAL_UNIT_ASSIGNED_CONTEXT ( ( #4587, #2596, #4630 ) ) REPRESENTATION_CONTEXT ( 'NONE', 'WORKASPACE' ) );
#958 = CARTESIAN_POINT ( 'NONE',  ( 607.4999999999997726, 40.89543020069168477, 1221.712269241877493 ) ) ;
#959 = DIRECTION ( 'NONE',  ( -1.000000000000000000, 0.000000000000000000, -2.618191646955655209E-47 ) ) ;
#960 = UNCERTAINTY_MEASURE_WITH_UNIT (LENGTH_MEASURE( 1.000000000000000082E-05 ), #566, 'distance_accuracy_value', 'NONE');
#961 = EDGE_CURVE ( 'NONE', #7742, #2016, #8487, .T. ) ;
#962 = MECHANICAL_DESIGN_GEOMETRIC_PRESENTATION_REPRESENTATION (  '', ( #2563 ), #2134 ) ;
#963 = SURFACE_STYLE_USAGE ( .BOTH. , #331 ) ;
#964 = SURFACE_SIDE_STYLE ('',( #5218 ) ) ;
#965 = EDGE_LOOP ( 'NONE', ( #3453, #2181, #7643 ) ) ;
#966 = SURFACE_SIDE_STYLE ('',( #6371 ) ) ;
#967 = SURFACE_STYLE_FILL_AREA ( #6424 ) ;
#968 = DIRECTION ( 'NONE',  ( 0.000000000000000000, 0.000000000000000000, -1.000000000000000000 ) ) ;
#969 = ORIENTED_EDGE ( 'NONE', *, *, #6893, .F. ) ;
#970 = COLOUR_RGB ( '',0.7490196078431372584, 0.7490196078431372584, 0.7490196078431372584 ) ;
#971 = PRESENTATION_STYLE_ASSIGNMENT (( #1527 ) ) ;
#972 = CARTESIAN_POINT ( 'NONE',  ( 602.6395298383964700, 52.51511392591554994, 1233.259541443657781 ) ) ;
#973 = CARTESIAN_POINT ( 'NONE',  ( 634.4749999999997954, 1.767766952966400185, 1208.232233047033333 ) ) ;
#974 = ORIENTED_EDGE ( 'NONE', *, *, #577, .F. ) ;
#975 = CIRCLE ( 'NONE', #6007, 2.750000000000039968 ) ;
#976 = COLOUR_RGB ( '',0.7490196078431372584, 0.7490196078431372584, 0.7490196078431372584 ) ;
#977 = CARTESIAN_POINT ( 'NONE',  ( 605.8136477417558581, 38.53196748950534101, 1239.954521616231432 ) ) ;
#978 = STYLED_ITEM ( 'NONE', ( #2430 ), #3533 ) ;
#979 = FILL_AREA_STYLE_COLOUR ( '', #7815 ) ;
#980 = CARTESIAN_POINT ( 'NONE',  ( 604.0999999999999091, 40.89543020069133661, 1244.287730758122507 ) ) ;
#981 = CARTESIAN_POINT ( 'NONE',  ( 602.9956026493456420, 52.41971433950246961, 1238.470779266814816 ) ) ;
#982 = ORIENTED_EDGE ( 'NONE', *, *, #3001, .T. ) ;
#983 = FILL_AREA_STYLE ('',( #2971 ) ) ;
#984 = SURFACE_STYLE_USAGE ( .BOTH. , #2307 ) ;
#985 = DIRECTION ( 'NONE',  ( 0.000000000000000000, 0.7071067811865552333, 0.7071067811865399122 ) ) ;
#986 = CARTESIAN_POINT ( 'NONE',  ( 607.4999999999997726, -40.89543020069176293, 1248.287730758122507 ) ) ;
#987 = CIRCLE ( 'NONE', #5886, 4.000000000000039968 ) ;
#988 = CARTESIAN_POINT ( 'NONE',  ( 634.9999999999997726, -17.67766952966371719, 1214.297330470335737 ) ) ;
#989 = CARTESIAN_POINT ( 'NONE',  ( 607.5054988378476537, 37.83452229832914782, 1224.291926968306598 ) ) ;
#990 = EDGE_LOOP ( 'NONE', ( #7573, #2555, #8577 ) ) ;
#991 =( NAMED_UNIT ( * ) SI_UNIT ( $, .STERADIAN. ) SOLID_ANGLE_UNIT ( ) );
#992 = ORIENTED_EDGE ( 'NONE', *, *, #5034, .F. ) ;
#993 = SURFACE_SIDE_STYLE ('',( #4408 ) ) ;
#994 = DIRECTION ( 'NONE',  ( 2.618191646955655209E-47, 0.000000000000000000, 1.000000000000000000 ) ) ;
#995 =( NAMED_UNIT ( * ) PLANE_ANGLE_UNIT ( ) SI_UNIT ( $, .RADIAN. ) );
#996 = PRESENTATION_STYLE_ASSIGNMENT (( #2280 ) ) ;
#997 = DIRECTION ( 'NONE',  ( 1.000000000000000000, 0.000000000000000000, 2.618191646955655209E-47 ) ) ;
#998 = CARTESIAN_POINT ( 'NONE',  ( 607.5727106747541484, 22.80060223204830194, 1203.359086314796969 ) ) ;
#999 = DIRECTION ( 'NONE',  ( 0.000000000000000000, 0.000000000000000000, 1.000000000000000000 ) ) ;
#1000 = CIRCLE ( 'NONE', #6756, 7.499999999999972466 ) ;
#1001 = EDGE_CURVE ( 'NONE', #6447, #6512, #84, .T. ) ;
#1002 =( NAMED_UNIT ( * ) SI_UNIT ( $, .STERADIAN. ) SOLID_ANGLE_UNIT ( ) );
#1003 = CYLINDRICAL_SURFACE ( 'NONE', #3759, 2.749999999999940048 ) ;
#1004 = COLOUR_RGB ( '',0.7490196078431372584, 0.7490196078431372584, 0.7490196078431372584 ) ;
#1005 = CARTESIAN_POINT ( 'NONE',  ( 604.0999999999999091, -2.350887694229761094E-13, 1277.999999999999545 ) ) ;
#1006 = ADVANCED_FACE ( 'NONE', ( #5843 ), #1752, .T. ) ;
#1007 = DIRECTION ( 'NONE',  ( 0.000000000000000000, 0.9510565162951645224, 0.3090169943749137005 ) ) ;
#1008 = VERTEX_POINT ( 'NONE', #8899 ) ;
#1009 = ADVANCED_FACE ( 'NONE', ( #2068 ), #3934, .T. ) ;
#1010 =( NAMED_UNIT ( * ) PLANE_ANGLE_UNIT ( ) SI_UNIT ( $, .RADIAN. ) );
#1011 = EDGE_CURVE ( 'NONE', #2275, #534, #5318, .T. ) ;
#1012 = DIRECTION ( 'NONE',  ( 0.000000000000000000, -1.000000000000000000, 1.665334536937734811E-16 ) ) ;
#1013 = AXIS2_PLACEMENT_3D ( 'NONE', #931, #4302, #7641 ) ;
#1014 = DIRECTION ( 'NONE',  ( -7.337411928043160148E-13, -1.741838083187919852E-18, -1.000000000000000000 ) ) ;
#1015 = EDGE_LOOP ( 'NONE', ( #5920, #1499, #6427, #4348 ) ) ;
#1016 = SURFACE_SIDE_STYLE ('',( #8630 ) ) ;
#1017 = CARTESIAN_POINT ( 'NONE',  ( 607.4999999999997726, -1.785875599640806000, 1195.579196605748848 ) ) ;
#1018 = ORIENTED_EDGE ( 'NONE', *, *, #25, .F. ) ;
#1019 = FACE_OUTER_BOUND ( 'NONE', #8088, .T. ) ;
#1020 = DIRECTION ( 'NONE',  ( 0.000000000000000000, -0.5877852522924642553, -0.8090169943749538906 ) ) ;
#1021 = CARTESIAN_POINT ( 'NONE',  ( 606.1374842375837488, -20.61715885898493283, 1189.298707474883940 ) ) ;
#1022 = PRESENTATION_LAYER_ASSIGNMENT (  '', '', ( #7057 ) ) ;
#1023 = CARTESIAN_POINT ( 'NONE',  ( 607.4999999999997726, 1.785875599644118905, 1195.579196605747711 ) ) ;
#1024 = EDGE_LOOP ( 'NONE', ( #8853, #3852, #4773, #7395 ) ) ;
#1025 = UNCERTAINTY_MEASURE_WITH_UNIT (LENGTH_MEASURE( 1.000000000000000082E-05 ), #2869, 'distance_accuracy_value', 'NONE');
#1026 = PRESENTATION_STYLE_ASSIGNMENT (( #5721 ) ) ;
#1027 = CARTESIAN_POINT ( 'NONE',  ( 604.0999999999999091, -40.89543020069181978, 1248.287730758122507 ) ) ;
#1028 = CIRCLE ( 'NONE', #3198, 39.46123530638256938 ) ;
#1029 = CARTESIAN_POINT ( 'NONE',  ( 607.4999999999997726, 38.04327785582292876, 1245.483229554404716 ) ) ;
#1030 = SURFACE_STYLE_FILL_AREA ( #7105 ) ;
#1031 = SURFACE_STYLE_USAGE ( .BOTH. , #7380 ) ;
#1032 = CARTESIAN_POINT ( 'NONE',  ( 606.9999999999998863, -5.915523715599586119, 1195.389312311319827 ) ) ;
#1033 = FILL_AREA_STYLE_COLOUR ( '', #1004 ) ;
#1034 = CARTESIAN_POINT ( 'NONE',  ( 607.5693836934592582, 37.00437902567327342, 1222.652246118363337 ) ) ;
#1035 = ORIENTED_EDGE ( 'NONE', *, *, #7727, .T. ) ;
#1036 = PRESENTATION_LAYER_ASSIGNMENT (  '', '', ( #745 ) ) ;
#1037 = LINE ( 'NONE', #3642, #4619 ) ;
#1038 = VERTEX_POINT ( 'NONE', #3231 ) ;
#1039 = DIRECTION ( 'NONE',  ( 0.000000000000000000, 1.000000000000000000, 0.000000000000000000 ) ) ;
#1040 = SURFACE_STYLE_USAGE ( .BOTH. , #6355 ) ;
#1041 = PLANE ( 'NONE',  #4653 ) ;
#1042 = VECTOR ( 'NONE', #908, 999.9999999999998863 ) ;
#1043 = DIRECTION ( 'NONE',  ( -4.552280931047950800E-17, 0.3090169943749515591, 0.9510565162951521989 ) ) ;
#1044 = CARTESIAN_POINT ( 'NONE',  ( 607.5020732109936716, 38.50014364913143083, 1227.297135309677969 ) ) ;
#1045 = SURFACE_STYLE_USAGE ( .BOTH. , #7311 ) ;
#1046 = DIRECTION ( 'NONE',  ( 1.000000000000000000, 0.000000000000000000, 2.618191646955655209E-47 ) ) ;
#1047 = CIRCLE ( 'NONE', #4634, 2.499999999999946709 ) ;
#1048 = CARTESIAN_POINT ( 'NONE',  ( 607.4999999999997726, 47.98444388371662939, 1242.937253933193688 ) ) ;
#1049 = UNCERTAINTY_MEASURE_WITH_UNIT (LENGTH_MEASURE( 1.000000000000000082E-05 ), #3461, 'distance_accuracy_value', 'NONE');
#1050 =( NAMED_UNIT ( * ) SI_UNIT ( $, .STERADIAN. ) SOLID_ANGLE_UNIT ( ) );
#1051 = PLANE ( 'NONE',  #7820 ) ;
#1052 = ORIENTED_EDGE ( 'NONE', *, *, #2184, .T. ) ;
#1053 = CARTESIAN_POINT ( 'NONE',  ( 623.9999999999998863, -17.67766952966371719, 1214.822330470335828 ) ) ;
#1054 = PRESENTATION_STYLE_ASSIGNMENT (( #3795 ) ) ;
#1055 = SURFACE_STYLE_USAGE ( .BOTH. , #7761 ) ;
#1056 = FILL_AREA_STYLE ('',( #5752 ) ) ;
#1058 = ADVANCED_FACE ( 'NONE', ( #8034 ), #6152, .T. ) ;
#1057 = ORIENTED_EDGE ( 'NONE', *, *, #3594, .F. ) ;
#1059 = CARTESIAN_POINT ( 'NONE',  ( 602.6650245653737556, 52.50848300707853866, 1236.761779492592950 ) ) ;
#1060 = STYLED_ITEM ( 'NONE', ( #6745 ), #7773 ) ;
#1061 = EDGE_CURVE ( 'NONE', #612, #5925, #6063, .T. ) ;
#1062 = ORIENTED_EDGE ( 'NONE', *, *, #624, .F. ) ;
#1063 = CARTESIAN_POINT ( 'NONE',  ( 604.0999999999999091, 38.15000223964206327, 1221.553759587003697 ) ) ;
#1064 = FILL_AREA_STYLE ('',( #979 ) ) ;
#1065 = FILL_AREA_STYLE_COLOUR ( '', #6035 ) ;
#1066 = CARTESIAN_POINT ( 'NONE',  ( 607.5605733551267349, 38.54202619621666059, 1228.796568083075726 ) ) ;
#1067 = VECTOR ( 'NONE', #2779, 1000.000000000000000 ) ;
#1068 = COLOUR_RGB ( '',0.7490196078431372584, 0.7490196078431372584, 0.7490196078431372584 ) ;
#1069 = AXIS2_PLACEMENT_3D ( 'NONE', #6458, #907, #5783 ) ;
#1070 = ORIENTED_EDGE ( 'NONE', *, *, #3815, .F. ) ;
#1071 = CARTESIAN_POINT ( 'NONE',  ( 606.8374539575490871, 50.14510044161060165, 1242.715462139886995 ) ) ;
#1072 = CARTESIAN_POINT ( 'NONE',  ( 607.4980867447753781, 38.50370235014249687, 1238.886965797932362 ) ) ;
#1073 = EDGE_CURVE ( 'NONE', #1229, #1182, #1451, .T. ) ;
#1074 = STYLED_ITEM ( 'NONE', ( #6965 ), #337 ) ;
#1075 = SURFACE_SIDE_STYLE ('',( #5191 ) ) ;
#1076 = PRESENTATION_LAYER_ASSIGNMENT (  '', '', ( #3659 ) ) ;
#1077 = CIRCLE ( 'NONE', #7383, 2.499999999999959144 ) ;
#1078 = SURFACE_STYLE_FILL_AREA ( #6617 ) ;
#1079 = CARTESIAN_POINT ( 'NONE',  ( 624.2999999999998408, 36.99999999999993605, 1241.462147321965858 ) ) ;
#1080 = SURFACE_STYLE_USAGE ( .BOTH. , #5290 ) ;
#1081 = CARTESIAN_POINT ( 'NONE',  ( 604.0999999999999091, -25.27476584857651432, 1269.787730758122734 ) ) ;
#1082 = ORIENTED_EDGE ( 'NONE', *, *, #4282, .F. ) ;
#1083 = AXIS2_PLACEMENT_3D ( 'NONE', #3943, #8771, #6703 ) ;
#1084 = CARTESIAN_POINT ( 'NONE',  ( 607.4999999999997726, 47.85924001516899295, 1227.062746066805857 ) ) ;
#1085 = MECHANICAL_DESIGN_GEOMETRIC_PRESENTATION_REPRESENTATION (  '', ( #7687 ), #2691 ) ;
#1086 = SURFACE_STYLE_USAGE ( .BOTH. , #8055 ) ;
#1087 = ORIENTED_EDGE ( 'NONE', *, *, #8045, .T. ) ;
#1088 =( LENGTH_UNIT ( ) NAMED_UNIT ( * ) SI_UNIT ( .MILLI., .METRE. ) );
#1089 = CARTESIAN_POINT ( 'NONE',  ( 607.9999999999998863, 38.05852187466689429, 1230.336310473455796 ) ) ;
#1090 = VECTOR ( 'NONE', #2364, 1000.000000000000000 ) ;
#1091 =( NAMED_UNIT ( * ) PLANE_ANGLE_UNIT ( ) SI_UNIT ( $, .RADIAN. ) );
#1092 = COLOUR_RGB ( '',0.7490196078431372584, 0.7490196078431372584, 0.7490196078431372584 ) ;
#1093 = CARTESIAN_POINT ( 'NONE',  ( 607.4999999999997726, -25.27476584857636510, 1204.212269241876584 ) ) ;
#1094 = CARTESIAN_POINT ( 'NONE',  ( 607.4999999999965894, 1.508479174237489895, 1274.282393700085777 ) ) ;
#1095 = SURFACE_STYLE_USAGE ( .BOTH. , #3836 ) ;
#1096 = MECHANICAL_DESIGN_GEOMETRIC_PRESENTATION_REPRESENTATION (  '', ( #663 ), #6566 ) ;
#1097 = AXIS2_PLACEMENT_3D ( 'NONE', #8807, #4697, #6562 ) ;
#1098 = DIRECTION ( 'NONE',  ( -1.000000000000000000, 0.000000000000000000, -2.618191646955655209E-47 ) ) ;
#1099 = DIRECTION ( 'NONE',  ( -1.000000000000000000, 3.123522194620079874E-16, 1.064861060188240078E-15 ) ) ;
#1100 = EDGE_LOOP ( 'NONE', ( #3644, #4522, #8341, #1160 ) ) ;
#1101 = SURFACE_STYLE_USAGE ( .BOTH. , #7405 ) ;
#1102 = CIRCLE ( 'NONE', #671, 2.749999999999953815 ) ;
#1103 = FILL_AREA_STYLE_COLOUR ( '', #233 ) ;
#1104 = EDGE_CURVE ( 'NONE', #6641, #4402, #4764, .T. ) ;
#1105 = AXIS2_PLACEMENT_3D ( 'NONE', #1609, #4328, #3003 ) ;
#1106 = FACE_OUTER_BOUND ( 'NONE', #29, .T. ) ;
#1107 = CARTESIAN_POINT ( 'NONE',  ( 604.0999999999999091, -25.27476584857656761, 1200.212269241877721 ) ) ;
#1108 = ORIENTED_EDGE ( 'NONE', *, *, #7217, .F. ) ;
#1109 = CIRCLE ( 'NONE', #3414, 2.749999999999955591 ) ;
#1110 = CARTESIAN_POINT ( 'NONE',  ( 606.6415855359932721, 45.93964049335893662, 1230.820184701368134 ) ) ;
#1111 = CARTESIAN_POINT ( 'NONE',  ( 607.4999999999997726, 3.920475055707583024E-13, 1191.999999999999773 ) ) ;
#1112 = SURFACE_STYLE_FILL_AREA ( #2477 ) ;
#1113 = ORIENTED_EDGE ( 'NONE', *, *, #5535, .F. ) ;
#1114 =( GEOMETRIC_REPRESENTATION_CONTEXT ( 3 ) GLOBAL_UNCERTAINTY_ASSIGNED_CONTEXT ( ( #8703 ) ) GLOBAL_UNIT_ASSIGNED_CONTEXT ( ( #7061, #2976, #2309 ) ) REPRESENTATION_CONTEXT ( 'NONE', 'WORKASPACE' ) );
#1115 = DIRECTION ( 'NONE',  ( 0.5150380749100549327, 0.6061088109378287569, 0.6061088109378347522 ) ) ;
#1116 = COLOUR_RGB ( '',0.7490196078431372584, 0.7490196078431372584, 0.7490196078431372584 ) ;
#1117 = EDGE_CURVE ( 'NONE', #8015, #3016, #8430, .T. ) ;
#1118 = EDGE_LOOP ( 'NONE', ( #149, #1288 ) ) ;
#1119 = FILL_AREA_STYLE_COLOUR ( '', #691 ) ;
#1120 = AXIS2_PLACEMENT_3D ( 'NONE', #5138, #7231, #5232 ) ;
#1121 = EDGE_CURVE ( 'NONE', #2854, #1276, #8859, .T. ) ;
#1122 = SURFACE_STYLE_FILL_AREA ( #7335 ) ;
#1123 = B_SPLINE_CURVE_WITH_KNOTS ( 'NONE', 3,
 ( #279, #5158, #7702, #5013, #365, #1595, #902, #4277, #5824, #2941, #3648, #1644, #6403, #4357, #181, #2987 ),
 .UNSPECIFIED., .F., .F.,
 ( 4, 2, 2, 2, 2, 2, 2, 4 ),
 ( 0.001421796059914411884, 0.001883416166071158297, 0.002345036272227904277, 0.002806656378384651124, 0.003268276484541397103, 0.004191516696855279375, 0.004653136803012233522, 0.005114756909169187668 ),
 .UNSPECIFIED. ) ;
#1124 = CARTESIAN_POINT ( 'NONE',  ( 634.9999999999997726, -20.17766952966396943, 1252.677669529663717 ) ) ;
#1125 = PLANE ( 'NONE',  #1299 ) ;
#1126 = ORIENTED_EDGE ( 'NONE', *, *, #6823, .T. ) ;
#1127 = MECHANICAL_DESIGN_GEOMETRIC_PRESENTATION_REPRESENTATION (  '', ( #8753 ), #8451 ) ;
#1128 = EDGE_CURVE ( 'NONE', #2147, #8168, #6992, .T. ) ;
#1129 = CARTESIAN_POINT ( 'NONE',  ( 605.6192751235746528, 52.11931490826311375, 1230.380508561088618 ) ) ;
#1130 = CARTESIAN_POINT ( 'NONE',  ( 607.4999999999997726, -1.785875599644030753, 1274.420803394251607 ) ) ;
#1131 = CARTESIAN_POINT ( 'NONE',  ( 594.4999999999997726, -6.591949208711866959E-14, 1234.999999999999545 ) ) ;
#1132 = VERTEX_POINT ( 'NONE', #7714 ) ;
#1133 =( NAMED_UNIT ( * ) SI_UNIT ( $, .STERADIAN. ) SOLID_ANGLE_UNIT ( ) );
#1134 =( GEOMETRIC_REPRESENTATION_CONTEXT ( 3 ) GLOBAL_UNCERTAINTY_ASSIGNED_CONTEXT ( ( #5214 ) ) GLOBAL_UNIT_ASSIGNED_CONTEXT ( ( #3167, #2593, #5252 ) ) REPRESENTATION_CONTEXT ( 'NONE', 'WORKASPACE' ) );
#1135 = DIRECTION ( 'NONE',  ( 0.000000000000000000, 1.000000000000000000, 0.000000000000000000 ) ) ;
#1136 =( NAMED_UNIT ( * ) PLANE_ANGLE_UNIT ( ) SI_UNIT ( $, .RADIAN. ) );
#1137 = CARTESIAN_POINT ( 'NONE',  ( 607.5694170630786175, 0.3071695971765611155, 1274.008828770615764 ) ) ;
#1138 = SURFACE_STYLE_FILL_AREA ( #8061 ) ;
#1139 = CARTESIAN_POINT ( 'NONE',  ( 606.9999999999998863, 39.49730783998288075, 1228.385621722338556 ) ) ;
#1140 = VECTOR ( 'NONE', #3865, 1000.000000000000000 ) ;
#1141 = DIRECTION ( 'NONE',  ( 1.000000000000000000, 0.000000000000000000, 2.618191646955655209E-47 ) ) ;
#1142 = UNCERTAINTY_MEASURE_WITH_UNIT (LENGTH_MEASURE( 1.000000000000000082E-05 ), #2336, 'distance_accuracy_value', 'NONE');
#1143 = CARTESIAN_POINT ( 'NONE',  ( 606.7542805178223944, 50.26110185861547563, 1227.330613312425612 ) ) ;
#1144 = VERTEX_POINT ( 'NONE', #6323 ) ;
#1145 = CARTESIAN_POINT ( 'NONE',  ( 605.8929166884404367, 50.02770441952355185, 1240.093433021626879 ) ) ;
#1146 = FILL_AREA_STYLE_COLOUR ( '', #1153 ) ;
#1147 = DIRECTION ( 'NONE',  ( -1.000000000000000000, 0.000000000000000000, -2.618191646955655209E-47 ) ) ;
#1148 = VERTEX_POINT ( 'NONE', #3579 ) ;
#1149 = MECHANICAL_DESIGN_GEOMETRIC_PRESENTATION_REPRESENTATION (  '', ( #3025 ), #6765 ) ;
#1150 = CARTESIAN_POINT ( 'NONE',  ( 607.0999999999999091, -25.27476584857606667, 1200.212269241876584 ) ) ;
#1151 = ORIENTED_EDGE ( 'NONE', *, *, #4146, .F. ) ;
#1152 = CARTESIAN_POINT ( 'NONE',  ( 607.4999999999997726, 21.72616315871098536, 1267.941811217762734 ) ) ;
#1153 = COLOUR_RGB ( '',0.7490196078431372584, 0.7490196078431372584, 0.7490196078431372584 ) ;
#1154 = EDGE_LOOP ( 'NONE', ( #7669, #1660 ) ) ;
#1155 = CARTESIAN_POINT ( 'NONE',  ( 607.4980865481279579, 38.50370244564068400, 1231.113034532079610 ) ) ;
#1156 = VECTOR ( 'NONE', #8019, 1000.000000000000000 ) ;
#1157 = DIRECTION ( 'NONE',  ( 1.000000000000000000, 0.000000000000000000, 2.618191646955655209E-47 ) ) ;
#1158 = ORIENTED_EDGE ( 'NONE', *, *, #6578, .F. ) ;
#1159 = CARTESIAN_POINT ( 'NONE',  ( 603.6047077932308866, -6.591949208711866959E-14, 1234.999999999999545 ) ) ;
#1160 = ORIENTED_EDGE ( 'NONE', *, *, #5052, .T. ) ;
#1161 = MECHANICAL_DESIGN_GEOMETRIC_PRESENTATION_REPRESENTATION (  '', ( #3468 ), #6781 ) ;
#1162 = CARTESIAN_POINT ( 'NONE',  ( 606.4695989235098068, 49.46837588144706643, 1229.039331131004019 ) ) ;
#1163 = ADVANCED_FACE ( 'NONE', ( #3490 ), #3534, .F. ) ;
#1164 = DIRECTION ( 'NONE',  ( 0.000000000000000000, 0.000000000000000000, 1.000000000000000000 ) ) ;
#1165 = PRESENTATION_LAYER_ASSIGNMENT (  '', '', ( #3751 ) ) ;
#1166 = SURFACE_STYLE_USAGE ( .BOTH. , #7201 ) ;
#1167 = ADVANCED_FACE ( 'NONE', ( #4123 ), #700, .F. ) ;
#1168 = ORIENTED_EDGE ( 'NONE', *, *, #3491, .T. ) ;
#1169 = FILL_AREA_STYLE_COLOUR ( '', #2665 ) ;
#1170 = EDGE_CURVE ( 'NONE', #8015, #6491, #2556, .T. ) ;
#1171 =( NAMED_UNIT ( * ) PLANE_ANGLE_UNIT ( ) SI_UNIT ( $, .RADIAN. ) );
#1172 = PLANE ( 'NONE',  #4292 ) ;
#1173 = FACE_OUTER_BOUND ( 'NONE', #5331, .T. ) ;
#1174 = ORIENTED_EDGE ( 'NONE', *, *, #2081, .T. ) ;
#1175 = CARTESIAN_POINT ( 'NONE',  ( 603.1793143497708343, 38.57672940542493478, 1240.962924475310729 ) ) ;
#1176 = EDGE_CURVE ( 'NONE', #3553, #6010, #5856, .T. ) ;
#1177 = FILL_AREA_STYLE ('',( #374 ) ) ;
#1178 = EDGE_CURVE ( 'NONE', #5100, #3209, #2108, .T. ) ;
#1179 = AXIS2_PLACEMENT_3D ( 'NONE', #4351, #274, #8607 ) ;
#1180 = ADVANCED_FACE ( 'NONE', ( #1741 ), #5915, .F. ) ;
#1181 = CARTESIAN_POINT ( 'NONE',  ( 604.4274259055137009, -10.41249782412082503, 1183.634459641863941 ) ) ;
#1182 = VERTEX_POINT ( 'NONE', #3750 ) ;
#1183 = CARTESIAN_POINT ( 'NONE',  ( 605.3769615805124431, 50.27266050782242246, 1239.095139801832829 ) ) ;
#1184 = STYLED_ITEM ( 'NONE', ( #495 ), #2026 ) ;
#1185 = CARTESIAN_POINT ( 'NONE',  ( 607.0999999999999091, -38.76750196085124855, 1223.454228313178419 ) ) ;
#1186 = CARTESIAN_POINT ( 'NONE',  ( 607.9999999999998863, -24.89387405868301784, 1173.476549966929724 ) ) ;
#1187 = EDGE_LOOP ( 'NONE', ( #743, #4779, #5105, #2056 ) ) ;
#1188 = CARTESIAN_POINT ( 'NONE',  ( 604.0999999999999091, 40.89543020069158530, 1221.712269241876811 ) ) ;
#1189 = DIRECTION ( 'NONE',  ( -1.045086722460999689E-15, -0.9510565162951565288, 0.3090169943749384029 ) ) ;
#1190 = CIRCLE ( 'NONE', #2927, 3.000000000000031530 ) ;
#1191 = ORIENTED_EDGE ( 'NONE', *, *, #5803, .T. ) ;
#1192 = DIRECTION ( 'NONE',  ( 1.000000000000000000, 0.000000000000000000, 2.618191646955655209E-47 ) ) ;
#1193 =( NAMED_UNIT ( * ) SI_UNIT ( $, .STERADIAN. ) SOLID_ANGLE_UNIT ( ) );
#1194 = FILL_AREA_STYLE_COLOUR ( '', #2434 ) ;
#1195 = EDGE_LOOP ( 'NONE', ( #4437, #8211, #4270, #8890 ) ) ;
#1196 = VECTOR ( 'NONE', #2447, 1000.000000000000000 ) ;
#1197 = CARTESIAN_POINT ( 'NONE',  ( 634.9999999999997726, -17.67766952966371719, 1214.297330470335737 ) ) ;
#1198 = CARTESIAN_POINT ( 'NONE',  ( 634.4749999999997954, -17.67766952966371719, 1214.822330470335828 ) ) ;
#1199 = ORIENTED_EDGE ( 'NONE', *, *, #5807, .T. ) ;
#1200 = FILL_AREA_STYLE_COLOUR ( '', #6580 ) ;
#1201 = UNCERTAINTY_MEASURE_WITH_UNIT (LENGTH_MEASURE( 1.000000000000000082E-05 ), #703, 'distance_accuracy_value', 'NONE');
#1202 = MECHANICAL_DESIGN_GEOMETRIC_PRESENTATION_REPRESENTATION (  '', ( #5675 ), #8684 ) ;
#1203 = PRESENTATION_STYLE_ASSIGNMENT (( #1080 ) ) ;
#1204 = ORIENTED_EDGE ( 'NONE', *, *, #783, .F. ) ;
#1205 = CARTESIAN_POINT ( 'NONE',  ( 606.2205445950580724, 49.75733829707159117, 1229.390051678432883 ) ) ;
#1206 = CARTESIAN_POINT ( 'NONE',  ( 604.6131400333568990, 52.61907039215403614, 1233.499999999999545 ) ) ;
#1207 = VERTEX_POINT ( 'NONE', #7269 ) ;
#1208 = AXIS2_PLACEMENT_3D ( 'NONE', #6935, #8364, #8280 ) ;
#1209 = AXIS2_PLACEMENT_3D ( 'NONE', #3782, #7839, #2366 ) ;
#1210 = DIRECTION ( 'NONE',  ( 1.000000000000000000, 0.000000000000000000, 2.618191646955655209E-47 ) ) ;
#1211 = LINE ( 'NONE', #4054, #5405 ) ;
#1212 = FACE_OUTER_BOUND ( 'NONE', #4083, .T. ) ;
#1213 =( GEOMETRIC_REPRESENTATION_CONTEXT ( 3 ) GLOBAL_UNCERTAINTY_ASSIGNED_CONTEXT ( ( #1762 ) ) GLOBAL_UNIT_ASSIGNED_CONTEXT ( ( #7249, #3336, #6080 ) ) REPRESENTATION_CONTEXT ( 'NONE', 'WORKASPACE' ) );
#1214 = SURFACE_STYLE_USAGE ( .BOTH. , #1916 ) ;
#1215 = CARTESIAN_POINT ( 'NONE',  ( 607.5490803529653476, 0.7676593687361459306, 1274.071304260269699 ) ) ;
#1216 = FILL_AREA_STYLE_COLOUR ( '', #2977 ) ;
#1217 = CIRCLE ( 'NONE', #1517, 4.000000000000003553 ) ;
#1218 = ORIENTED_EDGE ( 'NONE', *, *, #5147, .T. ) ;
#1219 = CARTESIAN_POINT ( 'NONE',  ( 604.0999999999999091, -2.194087812829471726E-13, 1191.999999999999773 ) ) ;
#1220 = ORIENTED_EDGE ( 'NONE', *, *, #2952, .T. ) ;
#1221 = EDGE_CURVE ( 'NONE', #1132, #6764, #5067, .T. ) ;
#1222 = FILL_AREA_STYLE ('',( #8103 ) ) ;
#1223 = SURFACE_STYLE_USAGE ( .BOTH. , #8021 ) ;
#1224 = UNCERTAINTY_MEASURE_WITH_UNIT (LENGTH_MEASURE( 1.000000000000000082E-05 ), #3778, 'distance_accuracy_value', 'NONE');
#1225 = ORIENTED_EDGE ( 'NONE', *, *, #2189, .T. ) ;
#1226 = PRESENTATION_LAYER_ASSIGNMENT (  '', '', ( #2247 ) ) ;
#1227 =( GEOMETRIC_REPRESENTATION_CONTEXT ( 3 ) GLOBAL_UNCERTAINTY_ASSIGNED_CONTEXT ( ( #686 ) ) GLOBAL_UNIT_ASSIGNED_CONTEXT ( ( #2274, #7744, #4274 ) ) REPRESENTATION_CONTEXT ( 'NONE', 'WORKASPACE' ) );
#1228 = CARTESIAN_POINT ( 'NONE',  ( 603.6047077932308866, 52.26249122173543071, 1229.891325683983723 ) ) ;
#1229 = VERTEX_POINT ( 'NONE', #914 ) ;
#1230 = ADVANCED_FACE ( 'NONE', ( #3175 ), #8760, .F. ) ;
#1231 = CARTESIAN_POINT ( 'NONE',  ( 628.7999999999998408, -6.399067337846157207E-14, 1219.249999999999773 ) ) ;
#1232 = FACE_OUTER_BOUND ( 'NONE', #2298, .T. ) ;
#1233 =( NAMED_UNIT ( * ) PLANE_ANGLE_UNIT ( ) SI_UNIT ( $, .RADIAN. ) );
#1234 = DIRECTION ( 'NONE',  ( 3.952720641504610221E-20, -1.000000000000000000, 7.717930446989759918E-14 ) ) ;
#1235 = PRESENTATION_LAYER_ASSIGNMENT (  '', '', ( #6266 ) ) ;
#1236 = EDGE_CURVE ( 'NONE', #1985, #6689, #2608, .T. ) ;
#1237 = FILL_AREA_STYLE_COLOUR ( '', #7777 ) ;
#1238 = ORIENTED_EDGE ( 'NONE', *, *, #3864, .T. ) ;
#1239 = SURFACE_STYLE_FILL_AREA ( #8074 ) ;
#1240 = STYLED_ITEM ( 'NONE', ( #5181 ), #1006 ) ;
#1241 = PRESENTATION_LAYER_ASSIGNMENT (  '', '', ( #5144 ) ) ;
#1242 = FACE_OUTER_BOUND ( 'NONE', #6577, .T. ) ;
#1243 = CARTESIAN_POINT ( 'NONE',  ( 607.5211497048305773, 36.89251771940455171, 1221.737834591136789 ) ) ;
#1244 = MECHANICAL_DESIGN_GEOMETRIC_PRESENTATION_REPRESENTATION (  '', ( #91 ), #248 ) ;
#1245 = COLOUR_RGB ( '',0.7490196078431372584, 0.7490196078431372584, 0.7490196078431372584 ) ;
#1246 = ORIENTED_EDGE ( 'NONE', *, *, #5379, .F. ) ;
#1247 = COLOUR_RGB ( '',0.7490196078431372584, 0.7490196078431372584, 0.7490196078431372584 ) ;
#1248 = CARTESIAN_POINT ( 'NONE',  ( 628.7999999999998408, -6.591949208711866959E-14, 1250.749999999999545 ) ) ;
#1249 = PRESENTATION_STYLE_ASSIGNMENT (( #5538 ) ) ;
#1250 = DIRECTION ( 'NONE',  ( 1.000000000000000000, 0.000000000000000000, 0.000000000000000000 ) ) ;
#1251 = DIRECTION ( 'NONE',  ( -4.552280931047950800E-17, 0.3090169943749515591, 0.9510565162951521989 ) ) ;
#1252 = VERTEX_POINT ( 'NONE', #6776 ) ;
#1253 = PRESENTATION_LAYER_ASSIGNMENT (  '', '', ( #2140 ) ) ;
#1254 = DIRECTION ( 'NONE',  ( -1.045086722461000084E-15, 0.000000000000000000, -1.000000000000000000 ) ) ;
#1255 = CARTESIAN_POINT ( 'NONE',  ( 606.6723414004287633, -21.10725966273172460, 1190.181096905671893 ) ) ;
#1256 = DIRECTION ( 'NONE',  ( 0.000000000000000000, 0.000000000000000000, -1.000000000000000000 ) ) ;
#1257 = CARTESIAN_POINT ( 'NONE',  ( 634.9999999999997726, -6.591949208711866959E-14, 1234.999999999999545 ) ) ;
#1258 = ORIENTED_EDGE ( 'NONE', *, *, #6184, .T. ) ;
#1259 = CARTESIAN_POINT ( 'NONE',  ( 607.2863374450760148, 49.43913415200707107, 1228.032751345740962 ) ) ;
#1260 = VECTOR ( 'NONE', #8633, 1000.000000000000000 ) ;
#1261 = FACE_OUTER_BOUND ( 'NONE', #7775, .T. ) ;
#1262 = ORIENTED_EDGE ( 'NONE', *, *, #6944, .F. ) ;
#1263 = AXIS2_PLACEMENT_3D ( 'NONE', #528, #7873, #4699 ) ;
#1264 = SURFACE_STYLE_USAGE ( .BOTH. , #8057 ) ;
#1265 = STYLED_ITEM ( 'NONE', ( #771 ), #5589 ) ;
#1266 = STYLED_ITEM ( 'NONE', ( #4506 ), #3700 ) ;
#1267 = CARTESIAN_POINT ( 'NONE',  ( 604.0999999999999091, -2.350887694229761094E-13, 1277.999999999999545 ) ) ;
#1268 = ORIENTED_EDGE ( 'NONE', *, *, #122, .F. ) ;
#1269 =( LENGTH_UNIT ( ) NAMED_UNIT ( * ) SI_UNIT ( .MILLI., .METRE. ) );
#1270 = ORIENTED_EDGE ( 'NONE', *, *, #1692, .F. ) ;
#1271 = SURFACE_STYLE_USAGE ( .BOTH. , #1316 ) ;
#1272 = ORIENTED_EDGE ( 'NONE', *, *, #3720, .T. ) ;
#1273 = AXIS2_PLACEMENT_3D ( 'NONE', #5362, #2191, #4114 ) ;
#1274 = CARTESIAN_POINT ( 'NONE',  ( 604.7936544257884179, 50.44800409706029143, 1232.568625826930429 ) ) ;
#1275 = DIRECTION ( 'NONE',  ( 1.000000000000000000, 0.000000000000000000, -2.618191646955655209E-47 ) ) ;
#1276 = VERTEX_POINT ( 'NONE', #7363 ) ;
#1277 = ADVANCED_FACE ( 'NONE', ( #8116 ), #3358, .F. ) ;
#1278 = CARTESIAN_POINT ( 'NONE',  ( 605.4597290430539260, 52.29473367583143073, 1239.279526850184538 ) ) ;
#1279 = SURFACE_STYLE_FILL_AREA ( #1378 ) ;
#1280 =( GEOMETRIC_REPRESENTATION_CONTEXT ( 3 ) GLOBAL_UNCERTAINTY_ASSIGNED_CONTEXT ( ( #503 ) ) GLOBAL_UNIT_ASSIGNED_CONTEXT ( ( #4150, #8351, #1361 ) ) REPRESENTATION_CONTEXT ( 'NONE', 'WORKASPACE' ) );
#1281 =( NAMED_UNIT ( * ) SI_UNIT ( $, .STERADIAN. ) SOLID_ANGLE_UNIT ( ) );
#1282 = DIRECTION ( 'NONE',  ( 2.126226658603510571E-31, 0.3090169943749515591, 0.9510565162951523099 ) ) ;
#1283 = CARTESIAN_POINT ( 'NONE',  ( 571.2463877986918988, -6.591949208711866959E-14, 1266.499999999999773 ) ) ;
#1284 = ORIENTED_EDGE ( 'NONE', *, *, #2399, .T. ) ;
#1285 = EDGE_CURVE ( 'NONE', #4303, #7518, #8353, .T. ) ;
#1286 = AXIS2_PLACEMENT_3D ( 'NONE', #2759, #2082, #4805 ) ;
#1287 = FILL_AREA_STYLE ('',( #6056 ) ) ;
#1288 = ORIENTED_EDGE ( 'NONE', *, *, #7162, .T. ) ;
#1289 = EDGE_CURVE ( 'NONE', #7190, #4473, #2114, .T. ) ;
#1290 =( NAMED_UNIT ( * ) SI_UNIT ( $, .STERADIAN. ) SOLID_ANGLE_UNIT ( ) );
#1291 = DIRECTION ( 'NONE',  ( 1.000000000000000000, 0.000000000000000000, 2.618191646955655209E-47 ) ) ;
#1292 = CIRCLE ( 'NONE', #5035, 51.54051262744641093 ) ;
#1293 = ORIENTED_EDGE ( 'NONE', *, *, #71, .F. ) ;
#1294 = CARTESIAN_POINT ( 'NONE',  ( 604.5911786998607340, 41.58445277987705424, 1236.347852537465315 ) ) ;
#1295 = SURFACE_SIDE_STYLE ('',( #8862 ) ) ;
#1296 = CARTESIAN_POINT ( 'NONE',  ( 617.3775495780080291, -14.73870756338599541, 1189.053064386135929 ) ) ;
#1297 = FACE_OUTER_BOUND ( 'NONE', #8205, .T. ) ;
#1298 = EDGE_LOOP ( 'NONE', ( #8896, #7464, #2707 ) ) ;
#1299 = AXIS2_PLACEMENT_3D ( 'NONE', #6576, #3113, #5985 ) ;
#1300 = CARTESIAN_POINT ( 'NONE',  ( 607.4408324014412983, -7.452822537421082139, 1186.282141825459348 ) ) ;
#1301 = CARTESIAN_POINT ( 'NONE',  ( 606.1838590434904290, -20.67067965773832228, 1189.361107563963742 ) ) ;
#1302 = UNCERTAINTY_MEASURE_WITH_UNIT (LENGTH_MEASURE( 1.000000000000000082E-05 ), #2137, 'distance_accuracy_value', 'NONE');
#1303 = CARTESIAN_POINT ( 'NONE',  ( 606.1844474255401565, -10.10192183675280120, 1185.927683616500872 ) ) ;
#1304 =( LENGTH_UNIT ( ) NAMED_UNIT ( * ) SI_UNIT ( .MILLI., .METRE. ) );
#1305 = FACE_OUTER_BOUND ( 'NONE', #2757, .T. ) ;
#1306 = AXIS2_PLACEMENT_3D ( 'NONE', #3929, #6644, #7982 ) ;
#1307 =( NAMED_UNIT ( * ) PLANE_ANGLE_UNIT ( ) SI_UNIT ( $, .RADIAN. ) );
#1308 =( LENGTH_UNIT ( ) NAMED_UNIT ( * ) SI_UNIT ( .MILLI., .METRE. ) );
#1309 = PRESENTATION_LAYER_ASSIGNMENT (  '', '', ( #6053 ) ) ;
#1310 = FILL_AREA_STYLE ('',( #8831 ) ) ;
#1311 = PRESENTATION_STYLE_ASSIGNMENT (( #724 ) ) ;
#1312 = ORIENTED_EDGE ( 'NONE', *, *, #4360, .F. ) ;
#1313 = MECHANICAL_DESIGN_GEOMETRIC_PRESENTATION_REPRESENTATION (  '', ( #5637 ), #3612 ) ;
#1314 = ORIENTED_EDGE ( 'NONE', *, *, #3521, .F. ) ;
#1315 = CARTESIAN_POINT ( 'NONE',  ( 607.6911936682638498, 38.49999937342017375, 1239.200018611496716 ) ) ;
#1316 = SURFACE_SIDE_STYLE ('',( #4062 ) ) ;
#1317 = UNCERTAINTY_MEASURE_WITH_UNIT (LENGTH_MEASURE( 1.000000000000000082E-05 ), #8830, 'distance_accuracy_value', 'NONE');
#1318 = ORIENTED_EDGE ( 'NONE', *, *, #8661, .T. ) ;
#1319 = FACE_OUTER_BOUND ( 'NONE', #2433, .T. ) ;
#1320 = AXIS2_PLACEMENT_3D ( 'NONE', #1831, #1969, #5349 ) ;
#1321 = DIRECTION ( 'NONE',  ( 0.000000000000000000, 0.9510565162951423179, -0.3090169943749818682 ) ) ;
#1322 = ORIENTED_EDGE ( 'NONE', *, *, #5038, .F. ) ;
#1323 = SURFACE_STYLE_USAGE ( .BOTH. , #2059 ) ;
#1324 = CARTESIAN_POINT ( 'NONE',  ( 607.5934999392795817, 38.50003570349928594, 1240.796524527945621 ) ) ;
#1325 = CARTESIAN_POINT ( 'NONE',  ( 607.5726731305876456, -0.3069351660031693352, 1273.999999999999545 ) ) ;
#1326 = CARTESIAN_POINT ( 'NONE',  ( 607.5960556515167355, -17.40469049624281439, 1200.173831115893563 ) ) ;
#1327 = ORIENTED_EDGE ( 'NONE', *, *, #6793, .F. ) ;
#1328 = COLOUR_RGB ( '',0.7490196078431372584, 0.7490196078431372584, 0.7490196078431372584 ) ;
#1329 = PRESENTATION_STYLE_ASSIGNMENT (( #5618 ) ) ;
#1330 = UNCERTAINTY_MEASURE_WITH_UNIT (LENGTH_MEASURE( 1.000000000000000082E-05 ), #7841, 'distance_accuracy_value', 'NONE');
#1331 = SURFACE_STYLE_USAGE ( .BOTH. , #4694 ) ;
#1332 = VERTEX_POINT ( 'NONE', #3931 ) ;
#1333 =( LENGTH_UNIT ( ) NAMED_UNIT ( * ) SI_UNIT ( .MILLI., .METRE. ) );
#1334 =( BOUNDED_SURFACE ( )  B_SPLINE_SURFACE ( 3, 2, ( 
 ( #5069, #282, #3035 ),
 ( #8518, #455, #6668 ),
 ( #5345, #4458, #6542 ),
 ( #5385, #8060, #5994 ),
 ( #5908, #7210, #3256 ),
 ( #3783, #8095, #2502 ),
 ( #7970, #7309, #1917 ),
 ( #7261, #1829, #3215 ),
 ( #3876, #4586, #8746 ),
 ( #5949, #552, #7393 ),
 ( #4543, #1044, #5209 ),
 ( #4629, #371, #3301 ) ),
 .UNSPECIFIED., .F., .F., .F. ) 
 B_SPLINE_SURFACE_WITH_KNOTS ( ( 4, 2, 2, 2, 2, 4 ),
 ( 3, 3 ),
 ( 0.01653063831584582893, 0.01763333059124346305, 0.01818467672894227838, 0.01873602286664109717, 0.01983871514203873129, 0.02094140741743636541 ),
 ( 0.000000000000000000, 1.000000000000000000 ),
 .UNSPECIFIED. ) 
 GEOMETRIC_REPRESENTATION_ITEM ( )  RATIONAL_B_SPLINE_SURFACE ( (
 ( 1.000000000000000000, 0.7073612725691696967, 1.000000000000000000),
 ( 1.000000000000000000, 0.7081308627825212421, 1.000000000000000000),
 ( 1.000000000000000000, 0.7088740681212397643, 1.000000000000000000),
 ( 1.000000000000000000, 0.7099269607663963866, 1.000000000000000000),
 ( 1.000000000000000000, 0.7102650686337741437, 1.000000000000000000),
 ( 1.000000000000000000, 0.7108954468685781958, 1.000000000000000000),
 ( 1.000000000000000000, 0.7111910181708482881, 1.000000000000000000),
 ( 1.000000000000000000, 0.7120155338681557478, 1.000000000000000000),
 ( 1.000000000000000000, 0.7124556864161649683, 1.000000000000000000),
 ( 1.000000000000000000, 0.7130750458322702157, 1.000000000000000000),
 ( 1.000000000000000000, 0.7132285909390962964, 1.000000000000000000),
 ( 1.000000000000000000, 0.7132522140385186837, 1.000000000000000000) ) ) 
 REPRESENTATION_ITEM ( '' )  SURFACE ( )  );
#1335 = MECHANICAL_DESIGN_GEOMETRIC_PRESENTATION_REPRESENTATION (  '', ( #4064 ), #169 ) ;
#1336 = DIRECTION ( 'NONE',  ( 1.000000000000000000, 0.000000000000000000, 0.000000000000000000 ) ) ;
#1337 = ADVANCED_FACE ( 'NONE', ( #6688 ), #4557, .T. ) ;
#1338 = CARTESIAN_POINT ( 'NONE',  ( 634.9999999999997726, 43.74999999999992895, 1234.999999999999545 ) ) ;
#1339 = ORIENTED_EDGE ( 'NONE', *, *, #4424, .F. ) ;
#1340 = ADVANCED_FACE ( 'NONE', ( #4882 ), #2196, .F. ) ;
#1341 = CARTESIAN_POINT ( 'NONE',  ( 605.2849809702865969, 51.66852766263761509, 1241.702115673494291 ) ) ;
#1342 =( GEOMETRIC_REPRESENTATION_CONTEXT ( 3 ) GLOBAL_UNCERTAINTY_ASSIGNED_CONTEXT ( ( #8239 ) ) GLOBAL_UNIT_ASSIGNED_CONTEXT ( ( #8652, #5554, #6088 ) ) REPRESENTATION_CONTEXT ( 'NONE', 'WORKASPACE' ) );
#1343 = CARTESIAN_POINT ( 'NONE',  ( 607.4999999999997726, -40.89543020069176293, 1252.287730758122507 ) ) ;
#1344 = CARTESIAN_POINT ( 'NONE',  ( 607.0999999999999091, -43.64085816174107890, 1248.129221103249620 ) ) ;
#1345 = FILL_AREA_STYLE ('',( #8303 ) ) ;
#1346 = VERTEX_POINT ( 'NONE', #8195 ) ;
#1347 = CARTESIAN_POINT ( 'NONE',  ( 606.8623019030781052, -9.416475110926690206, 1185.015436267581890 ) ) ;
#1348 = CARTESIAN_POINT ( 'NONE',  ( 605.8136477417558581, 38.53196748950534101, 1239.954521616231432 ) ) ;
#1349 =( NAMED_UNIT ( * ) SI_UNIT ( $, .STERADIAN. ) SOLID_ANGLE_UNIT ( ) );
#1350 = EDGE_CURVE ( 'NONE', #1976, #8270, #695, .T. ) ;
#1351 = EDGE_CURVE ( 'NONE', #4775, #5474, #4756, .T. ) ;
#1352 = PRESENTATION_STYLE_ASSIGNMENT (( #2083 ) ) ;
#1353 = COLOUR_RGB ( '',0.7490196078431372584, 0.7490196078431372584, 0.7490196078431372584 ) ;
#1354 = EDGE_CURVE ( 'NONE', #6746, #4108, #6815, .T. ) ;
#1355 = CARTESIAN_POINT ( 'NONE',  ( 634.4749999999997954, 15.17766952966373672, 1217.322330470336738 ) ) ;
#1356 = LINE ( 'NONE', #757, #6941 ) ;
#1357 = VECTOR ( 'NONE', #6706, 999.9999999999998863 ) ;
#1358 = AXIS2_PLACEMENT_3D ( 'NONE', #4929, #655, #6149 ) ;
#1359 = SURFACE_SIDE_STYLE ('',( #7689 ) ) ;
#1360 = SURFACE_STYLE_USAGE ( .BOTH. , #5600 ) ;
#1361 =( NAMED_UNIT ( * ) SI_UNIT ( $, .STERADIAN. ) SOLID_ANGLE_UNIT ( ) );
#1362 = SURFACE_SIDE_STYLE ('',( #4724 ) ) ;
#1363 = SURFACE_STYLE_FILL_AREA ( #6216 ) ;
#1364 = ORIENTED_EDGE ( 'NONE', *, *, #409, .F. ) ;
#1365 = FILL_AREA_STYLE_COLOUR ( '', #6775 ) ;
#1366 = CIRCLE ( 'NONE', #8100, 4.000000000000064837 ) ;
#1367 = ORIENTED_EDGE ( 'NONE', *, *, #4247, .F. ) ;
#1368 = MECHANICAL_DESIGN_GEOMETRIC_PRESENTATION_REPRESENTATION (  '', ( #3941 ), #7536 ) ;
#1369 = CARTESIAN_POINT ( 'NONE',  ( 608.9019908781828008, 38.48014768420134146, 1237.946224471989581 ) ) ;
#1370 =( LENGTH_UNIT ( ) NAMED_UNIT ( * ) SI_UNIT ( .MILLI., .METRE. ) );
#1371 = ORIENTED_EDGE ( 'NONE', *, *, #4156, .F. ) ;
#1372 =( NAMED_UNIT ( * ) PLANE_ANGLE_UNIT ( ) SI_UNIT ( $, .RADIAN. ) );
#1373 = B_SPLINE_CURVE_WITH_KNOTS ( 'NONE', 3,
 ( #1901, #1072, #7377, #7292, #6485, #3773, #1858, #2528, #1764, #309, #1808, #6569, #5284, #6614, #2576, #5329, #1155, #4525 ),
 .UNSPECIFIED., .F., .F.,
 ( 4, 2, 2, 2, 2, 2, 2, 2, 4 ),
 ( -0.0006849515857250754788, 0.0004122850010922641650, 0.001509521587909603809, 0.002606758174726943669, 0.003703994761544282879, 0.004801231348361622089, 0.005898467935178962167, 0.006995704521996302244, 0.008092941108813641454 ),
 .UNSPECIFIED. ) ;
#1374 = DIRECTION ( 'NONE',  ( 1.000000000000000000, 0.000000000000000000, 2.618191646955655209E-47 ) ) ;
#1375 = VECTOR ( 'NONE', #2807, 1000.000000000000000 ) ;
#1376 = FILL_AREA_STYLE ('',( #8365 ) ) ;
#1377 = PRESENTATION_STYLE_ASSIGNMENT (( #2781 ) ) ;
#1378 = FILL_AREA_STYLE ('',( #8113 ) ) ;
#1379 = CARTESIAN_POINT ( 'NONE',  ( 607.0999999999999091, 0.9991355369591129465, 1189.437925024752985 ) ) ;
#1380 = ORIENTED_EDGE ( 'NONE', *, *, #410, .T. ) ;
#1381 = STYLED_ITEM ( 'NONE', ( #7291 ), #399 ) ;
#1382 = CARTESIAN_POINT ( 'NONE',  ( 606.1118391336444802, -21.12751036750925593, 1187.660794753072423 ) ) ;
#1383 =( GEOMETRIC_REPRESENTATION_CONTEXT ( 3 ) GLOBAL_UNCERTAINTY_ASSIGNED_CONTEXT ( ( #6073 ) ) GLOBAL_UNIT_ASSIGNED_CONTEXT ( ( #3636, #1629, #7869 ) ) REPRESENTATION_CONTEXT ( 'NONE', 'WORKASPACE' ) );
#1384 = STYLED_ITEM ( 'NONE', ( #8276 ), #4220 ) ;
#1385 = FILL_AREA_STYLE_COLOUR ( '', #4682 ) ;
#1386 = VERTEX_POINT ( 'NONE', #2061 ) ;
#1387 = COLOUR_RGB ( '',0.7490196078431372584, 0.7490196078431372584, 0.7490196078431372584 ) ;
#1388 = SURFACE_STYLE_FILL_AREA ( #6155 ) ;
#1389 = CARTESIAN_POINT ( 'NONE',  ( 608.9607345775378917, -6.591949208711866959E-14, 1234.999999999999545 ) ) ;
#1390 = ORIENTED_EDGE ( 'NONE', *, *, #8029, .F. ) ;
#1391 = AXIS2_PLACEMENT_3D ( 'NONE', #8609, #2458, #7256 ) ;
#1392 = CARTESIAN_POINT ( 'NONE',  ( 604.5711370221573588, 41.33411073752226628, 1233.808077760533251 ) ) ;
#1393 = FILL_AREA_STYLE ('',( #1990 ) ) ;
#1394 = CIRCLE ( 'NONE', #4533, 39.46123530638256938 ) ;
#1395 = CARTESIAN_POINT ( 'NONE',  ( 607.4999999999997726, -7.240541427903715466, 1187.030411564613814 ) ) ;
#1396 =( BOUNDED_SURFACE ( )  B_SPLINE_SURFACE ( 3, 3, ( 
 ( #3327, #8127, #7468, #1296 ),
 ( #2036, #4752, #7002, #6332 ),
 ( #4940, #2879, #7766, #4295 ),
 ( #5627, #8249, #2121, #1616 ),
 ( #6203, #4989, #1529, #2839 ),
 ( #7725, #4254, #3624, #8388 ),
 ( #6286, #7045, #4332, #2798 ) ),
 .UNSPECIFIED., .F., .F., .F. ) 
 B_SPLINE_SURFACE_WITH_KNOTS ( ( 4, 3, 4 ),
 ( 4, 4 ),
 ( 0.000000000000000000, 1.000000000000000000, 2.000000000000000000 ),
 ( 0.000000000000000000, 1.000000000000000000 ),
 .UNSPECIFIED. ) 
 GEOMETRIC_REPRESENTATION_ITEM ( )  RATIONAL_B_SPLINE_SURFACE ( (
 ( 1.377595011997999830, 1.123818639325999902, 1.123818639325999902, 1.377595011997999830),
 ( 1.087884123068999953, 0.8874774112015999528, 0.8874774112015999528, 1.087884123068999953),
 ( 1.087884123068999953, 0.8874774112015999528, 0.8874774112015999528, 1.087884123068999953),
 ( 1.377595011997999830, 1.123818639325999902, 1.123818639325999902, 1.377595011997999830),
 ( 1.087884123068999953, 0.8874774112015999528, 0.8874774112015999528, 1.087884123068999953),
 ( 1.087884123068999953, 0.8874774112015999528, 0.8874774112015999528, 1.087884123068999953),
 ( 1.377595011997999830, 1.123818639325999902, 1.123818639325999902, 1.377595011997999830) ) ) 
 REPRESENTATION_ITEM ( '' )  SURFACE ( )  );
#1397 = VERTEX_POINT ( 'NONE', #819 ) ;
#1398 = CARTESIAN_POINT ( 'NONE',  ( 605.6193347756576486, -11.71221545125238350, 1184.004107669252562 ) ) ;
#1399 = CARTESIAN_POINT ( 'NONE',  ( 606.1475012513305956, 38.52608545994040412, 1240.006043537632877 ) ) ;
#1400 = DIRECTION ( 'NONE',  ( 0.000000000000000000, 0.000000000000000000, -1.000000000000000000 ) ) ;
#1401 = FACE_OUTER_BOUND ( 'NONE', #2704, .T. ) ;
#1402 = CARTESIAN_POINT ( 'NONE',  ( 604.0999999999999091, 25.27476584857618747, 1200.212269241876584 ) ) ;
#1403 = ADVANCED_FACE ( 'NONE', ( #7581 ), #8644, .F. ) ;
#1404 = DIRECTION ( 'NONE',  ( 1.000000000000000000, 0.000000000000000000, 2.618191646955655209E-47 ) ) ;
#1405 = COLOUR_RGB ( '',0.7490196078431372584, 0.7490196078431372584, 0.7490196078431372584 ) ;
#1406 = CARTESIAN_POINT ( 'NONE',  ( 606.9345033921583763, -14.64881417590446233, 1191.455891678353055 ) ) ;
#1407 = ADVANCED_FACE ( 'NONE', ( #6189 ), #310, .F. ) ;
#1408 =( NAMED_UNIT ( * ) SI_UNIT ( $, .STERADIAN. ) SOLID_ANGLE_UNIT ( ) );
#1409 = CARTESIAN_POINT ( 'NONE',  ( 620.1836605872853170, 48.03650030224896739, 1234.642414385362827 ) ) ;
#1410 = DIRECTION ( 'NONE',  ( 0.000000000000000000, -1.000000000000000000, 0.000000000000000000 ) ) ;
#1411 = CARTESIAN_POINT ( 'NONE',  ( 604.0999999999999091, -25.27476584857656761, 1200.212269241877721 ) ) ;
#1412 = ORIENTED_EDGE ( 'NONE', *, *, #1470, .F. ) ;
#1413 = MECHANICAL_DESIGN_GEOMETRIC_PRESENTATION_REPRESENTATION (  '', ( #8589 ), #4998 ) ;
#1414 = MECHANICAL_DESIGN_GEOMETRIC_PRESENTATION_REPRESENTATION (  '', ( #3396 ), #2142 ) ;
#1415 = CARTESIAN_POINT ( 'NONE',  ( 603.4523264389538326, 38.57672944121758007, 1235.227443349939676 ) ) ;
#1416 = UNCERTAINTY_MEASURE_WITH_UNIT (LENGTH_MEASURE( 1.000000000000000082E-05 ), #7308, 'distance_accuracy_value', 'NONE');
#1417 = ORIENTED_EDGE ( 'NONE', *, *, #5379, .T. ) ;
#1418 = SURFACE_STYLE_USAGE ( .BOTH. , #14 ) ;
#1419 = AXIS2_PLACEMENT_3D ( 'NONE', #4604, #3891, #2520 ) ;
#1420 = VECTOR ( 'NONE', #5453, 999.9999999999998863 ) ;
#1421 = DIRECTION ( 'NONE',  ( 0.000000000000000000, 0.000000000000000000, -1.000000000000000000 ) ) ;
#1422 = PRESENTATION_LAYER_ASSIGNMENT (  '', '', ( #693 ) ) ;
#1423 = CARTESIAN_POINT ( 'NONE',  ( 606.9999999860182243, 48.05854520482328951, 1241.614378261807815 ) ) ;
#1424 = CARTESIAN_POINT ( 'NONE',  ( 605.3769615805127842, 50.27266050782243667, 1230.904860198166716 ) ) ;
#1425 = CARTESIAN_POINT ( 'NONE',  ( 607.5020732109760502, 38.50014364913162979, 1242.702864677988146 ) ) ;
#1426 = STYLED_ITEM ( 'NONE', ( #906 ), #5605 ) ;
#1427 = FILL_AREA_STYLE_COLOUR ( '', #4902 ) ;
#1428 = PRESENTATION_STYLE_ASSIGNMENT (( #6365 ) ) ;
#1429 = CARTESIAN_POINT ( 'NONE',  ( 614.4999999999997726, 38.99999999999993605, 1234.999999999999545 ) ) ;
#1430 = UNCERTAINTY_MEASURE_WITH_UNIT (LENGTH_MEASURE( 1.000000000000000082E-05 ), #2521, 'distance_accuracy_value', 'NONE');
#1431 = CARTESIAN_POINT ( 'NONE',  ( 608.4780017444196574, -19.88233819056402041, 1202.556060988461695 ) ) ;
#1432 = ORIENTED_EDGE ( 'NONE', *, *, #7988, .T. ) ;
#1433 = PRESENTATION_LAYER_ASSIGNMENT (  '', '', ( #6601 ) ) ;
#1434 = FILL_AREA_STYLE_COLOUR ( '', #4386 ) ;
#1435 = PRESENTATION_STYLE_ASSIGNMENT (( #4936 ) ) ;
#1436 = LINE ( 'NONE', #4211, #4138 ) ;
#1437 = EDGE_LOOP ( 'NONE', ( #8748, #155 ) ) ;
#1438 = FILL_AREA_STYLE ('',( #8906 ) ) ;
#1439 = FILL_AREA_STYLE ('',( #788 ) ) ;
#1440 = CARTESIAN_POINT ( 'NONE',  ( 607.0999999999999091, 25.27476584857663866, 1200.212269241877721 ) ) ;
#1441 = CARTESIAN_POINT ( 'NONE',  ( 607.0999999999999091, -25.97239810521044845, 1197.552229912373605 ) ) ;
#1442 = ORIENTED_EDGE ( 'NONE', *, *, #5803, .F. ) ;
#1443 =( NAMED_UNIT ( * ) PLANE_ANGLE_UNIT ( ) SI_UNIT ( $, .RADIAN. ) );
#1444 = COLOUR_RGB ( '',0.7490196078431372584, 0.7490196078431372584, 0.7490196078431372584 ) ;
#1445 = DIRECTION ( 'NONE',  ( 1.000000000000000000, 0.000000000000000000, 2.618191646955655209E-47 ) ) ;
#1446 = CARTESIAN_POINT ( 'NONE',  ( 604.0999999999999091, -40.89543020069151424, 1248.287730758122507 ) ) ;
#1447 = SURFACE_STYLE_FILL_AREA ( #4052 ) ;
#1448 = MECHANICAL_DESIGN_GEOMETRIC_PRESENTATION_REPRESENTATION (  '', ( #4889 ), #2032 ) ;
#1449 = CYLINDRICAL_SURFACE ( 'NONE', #4496, 2.999999999999891642 ) ;
#1450 = APPLICATION_CONTEXT ( 'automotive_design' ) ;
#1451 = B_SPLINE_CURVE_WITH_KNOTS ( 'NONE', 3,
 ( #4602, #4837, #8241, #24, #3616, #1431, #4977, #2914, #5574, #8292 ),
 .UNSPECIFIED., .F., .F.,
 ( 4, 2, 2, 2, 4 ),
 ( 1.979539372546617361E-07, 0.0002401172980222053078, 0.0004800366421071559486, 0.0009598753302770651448, 0.001919552706616915305 ),
 .UNSPECIFIED. ) ;
#1452 = CARTESIAN_POINT ( 'NONE',  ( 619.1141691910664804, -6.194206114628903137, 1191.672626709946599 ) ) ;
#1453 = PRESENTATION_STYLE_ASSIGNMENT (( #1214 ) ) ;
#1454 = FACE_OUTER_BOUND ( 'NONE', #3909, .T. ) ;
#1455 = DIRECTION ( 'NONE',  ( -2.126226658603510133E-31, -0.3090169943749515591, -0.9510565162951521989 ) ) ;
#1456 = ORIENTED_EDGE ( 'NONE', *, *, #5520, .T. ) ;
#1457 = STYLED_ITEM ( 'NONE', ( #57 ), #6693 ) ;
#1458 = EDGE_CURVE ( 'NONE', #1386, #1148, #5116, .T. ) ;
#1459 = DIRECTION ( 'NONE',  ( 0.000000000000000000, 0.000000000000000000, -1.000000000000000000 ) ) ;
#1460 = ADVANCED_FACE ( 'NONE', ( #2326 ), #1003, .T. ) ;
#1461 = CARTESIAN_POINT ( 'NONE',  ( 608.6446902545678768, 38.48014767720622586, 1227.217936550493505 ) ) ;
#1462 = FILL_AREA_STYLE ('',( #5476 ) ) ;
#1463 = ORIENTED_EDGE ( 'NONE', *, *, #1748, .F. ) ;
#1464 = FILL_AREA_STYLE ('',( #7615 ) ) ;
#1465 = EDGE_CURVE ( 'NONE', #7759, #8188, #603, .T. ) ;
#1466 = CARTESIAN_POINT ( 'NONE',  ( 604.0999999999999091, 40.89543020069148582, 1248.287730758122507 ) ) ;
#1467 =( NAMED_UNIT ( * ) SI_UNIT ( $, .STERADIAN. ) SOLID_ANGLE_UNIT ( ) );
#1468 = AXIS2_PLACEMENT_3D ( 'NONE', #6863, #7621, #1473 ) ;
#1469 = CARTESIAN_POINT ( 'NONE',  ( 606.4696715686528705, 49.46826630086481202, 1240.960764351372518 ) ) ;
#1470 = EDGE_CURVE ( 'NONE', #6512, #6447, #4474, .T. ) ;
#1471 = CARTESIAN_POINT ( 'NONE',  ( 607.4999999999997726, -36.93954603556382210, 1248.880166807067781 ) ) ;
#1472 = MECHANICAL_DESIGN_GEOMETRIC_PRESENTATION_REPRESENTATION (  '', ( #5360 ), #4048 ) ;
#1473 = DIRECTION ( 'NONE',  ( 0.000000000000000000, -0.7737920872147882045, -0.6334396622913515129 ) ) ;
#1474 = CARTESIAN_POINT ( 'NONE',  ( 607.9999999999998863, -7.325297725865466347, 1197.363035450345706 ) ) ;
#1475 = DIRECTION ( 'NONE',  ( 0.000000000000000000, 0.000000000000000000, 1.000000000000000000 ) ) ;
#1476 = EDGE_CURVE ( 'NONE', #7614, #2713, #1028, .T. ) ;
#1477 = CARTESIAN_POINT ( 'NONE',  ( 607.4999999999997726, -24.61577057861426354, 1265.842388537963643 ) ) ;
#1478 = ORIENTED_EDGE ( 'NONE', *, *, #7401, .T. ) ;
#1479 = CARTESIAN_POINT ( 'NONE',  ( 602.5521061479237233, -17.06323051830241155, 1185.301185773257657 ) ) ;
#1480 = AXIS2_PLACEMENT_3D ( 'NONE', #1791, #8438, #3757 ) ;
#1481 = DIRECTION ( 'NONE',  ( 2.126226658603510133E-31, 0.3090169943749515591, 0.9510565162951521989 ) ) ;
#1482 = ORIENTED_EDGE ( 'NONE', *, *, #8721, .F. ) ;
#1483 = DIRECTION ( 'NONE',  ( -1.000000000000000000, 0.000000000000000000, -2.618191646955655209E-47 ) ) ;
#1484 = DIRECTION ( 'NONE',  ( 0.000000000000000000, 0.5877852522924552625, -0.8090169943749604409 ) ) ;
#1485 = STYLED_ITEM ( 'NONE', ( #5918 ), #1853 ) ;
#1486 = SURFACE_STYLE_USAGE ( .BOTH. , #4894 ) ;
#1487 = ORIENTED_EDGE ( 'NONE', *, *, #6939, .F. ) ;
#1488 = CARTESIAN_POINT ( 'NONE',  ( 606.1139414207326581, -10.72887904802875703, 1184.284813955062646 ) ) ;
#1489 = CARTESIAN_POINT ( 'NONE',  ( 605.6782980824895048, -11.01135858465826090, 1185.833105646879631 ) ) ;
#1490 = FACE_OUTER_BOUND ( 'NONE', #3789, .T. ) ;
#1491 = ORIENTED_EDGE ( 'NONE', *, *, #5033, .F. ) ;
#1492 =( GEOMETRIC_REPRESENTATION_CONTEXT ( 3 ) GLOBAL_UNCERTAINTY_ASSIGNED_CONTEXT ( ( #6991 ) ) GLOBAL_UNIT_ASSIGNED_CONTEXT ( ( #8433, #916, #5124 ) ) REPRESENTATION_CONTEXT ( 'NONE', 'WORKASPACE' ) );
#1493 =( NAMED_UNIT ( * ) SI_UNIT ( $, .STERADIAN. ) SOLID_ANGLE_UNIT ( ) );
#1494 =( NAMED_UNIT ( * ) SI_UNIT ( $, .STERADIAN. ) SOLID_ANGLE_UNIT ( ) );
#1495 =( NAMED_UNIT ( * ) PLANE_ANGLE_UNIT ( ) SI_UNIT ( $, .RADIAN. ) );
#1496 = CARTESIAN_POINT ( 'NONE',  ( 611.6224504219918572, 48.25264363156790637, 1234.818959925790523 ) ) ;
#1497 = CARTESIAN_POINT ( 'NONE',  ( 604.0999999999999091, -25.27476584857656761, 1200.212269241877721 ) ) ;
#1498 = FILL_AREA_STYLE_COLOUR ( '', #1116 ) ;
#1499 = ORIENTED_EDGE ( 'NONE', *, *, #7616, .T. ) ;
#1500 = DIRECTION ( 'NONE',  ( -2.618191646955655209E-47, 0.000000000000000000, -1.000000000000000000 ) ) ;
#1501 = FACE_OUTER_BOUND ( 'NONE', #6768, .T. ) ;
#1502 = CARTESIAN_POINT ( 'NONE',  ( 634.9999999999997726, 24.99999999999993605, 1234.999999999999545 ) ) ;
#1503 = UNCERTAINTY_MEASURE_WITH_UNIT (LENGTH_MEASURE( 1.000000000000000082E-05 ), #3609, 'distance_accuracy_value', 'NONE');
#1504 = ORIENTED_EDGE ( 'NONE', *, *, #1176, .T. ) ;
#1505 = VECTOR ( 'NONE', #7293, 1000.000000000000000 ) ;
#1506 = CARTESIAN_POINT ( 'NONE',  ( 624.2999999999998408, -6.206185466980452504E-14, 1203.499999999999545 ) ) ;
#1507 = CARTESIAN_POINT ( 'NONE',  ( 604.0999999999999091, 27.58903336337777645, 1198.726784179705419 ) ) ;
#1508 =( LENGTH_UNIT ( ) NAMED_UNIT ( * ) SI_UNIT ( .MILLI., .METRE. ) );
#1509 = CARTESIAN_POINT ( 'NONE',  ( 606.7560117973687284, 50.63353060869825129, 1241.360760857332480 ) ) ;
#1510 = SURFACE_STYLE_USAGE ( .BOTH. , #7661 ) ;
#1511 = VECTOR ( 'NONE', #1958, 1000.000000000000000 ) ;
#1512 = EDGE_CURVE ( 'NONE', #8761, #1132, #5742, .T. ) ;
#1513 = SURFACE_STYLE_FILL_AREA ( #6226 ) ;
#1514 =( NAMED_UNIT ( * ) SI_UNIT ( $, .STERADIAN. ) SOLID_ANGLE_UNIT ( ) );
#1515 = SURFACE_SIDE_STYLE ('',( #820 ) ) ;
#1516 = UNCERTAINTY_MEASURE_WITH_UNIT (LENGTH_MEASURE( 1.000000000000000082E-05 ), #6368, 'distance_accuracy_value', 'NONE');
#1517 = AXIS2_PLACEMENT_3D ( 'NONE', #4584, #5905, #3212 ) ;
#1518 = AXIS2_PLACEMENT_3D ( 'NONE', #2590, #7435, #3961 ) ;
#1519 = CARTESIAN_POINT ( 'NONE',  ( 607.5214760960341209, -22.04129835622220313, 1267.412789605592252 ) ) ;
#1520 = EDGE_CURVE ( 'NONE', #5389, #1787, #3479, .T. ) ;
#1521 = ORIENTED_EDGE ( 'NONE', *, *, #8357, .F. ) ;
#1522 = EDGE_CURVE ( 'NONE', #1787, #5245, #5507, .T. ) ;
#1523 = VECTOR ( 'NONE', #7795, 999.9999999999998863 ) ;
#1524 = PRESENTATION_STYLE_ASSIGNMENT (( #6995 ) ) ;
#1525 =( GEOMETRIC_REPRESENTATION_CONTEXT ( 3 ) GLOBAL_UNCERTAINTY_ASSIGNED_CONTEXT ( ( #481 ) ) GLOBAL_UNIT_ASSIGNED_CONTEXT ( ( #8910, #6920, #2039 ) ) REPRESENTATION_CONTEXT ( 'NONE', 'WORKASPACE' ) );
#1526 = EDGE_LOOP ( 'NONE', ( #4043, #7684 ) ) ;
#1527 = SURFACE_STYLE_USAGE ( .BOTH. , #4382 ) ;
#1528 = CARTESIAN_POINT ( 'NONE',  ( 605.1052037083970845, -18.83552016465237955, 1188.175660510324633 ) ) ;
#1529 = CARTESIAN_POINT ( 'NONE',  ( 610.9953676556931441, -20.26026495595304411, 1191.074393682661139 ) ) ;
#1530 = AXIS2_PLACEMENT_3D ( 'NONE', #2485, #4484, #2575 ) ;
#1531 = ORIENTED_EDGE ( 'NONE', *, *, #1170, .T. ) ;
#1532 = PRESENTATION_LAYER_ASSIGNMENT (  '', '', ( #2395 ) ) ;
#1533 = FACE_OUTER_BOUND ( 'NONE', #112, .T. ) ;
#1534 = SURFACE_STYLE_FILL_AREA ( #8491 ) ;
#1535 = LINE ( 'NONE', #2210, #6748 ) ;
#1536 =( NAMED_UNIT ( * ) PLANE_ANGLE_UNIT ( ) SI_UNIT ( $, .RADIAN. ) );
#1537 = ORIENTED_EDGE ( 'NONE', *, *, #7933, .F. ) ;
#1538 = PRESENTATION_LAYER_ASSIGNMENT (  '', '', ( #3115 ) ) ;
#1539 = CARTESIAN_POINT ( 'NONE',  ( 634.4749999999997954, -26.76776695296641506, 1233.232233047033333 ) ) ;
#1540 = CARTESIAN_POINT ( 'NONE',  ( 621.7510174363574151, 36.99999999999993605, 1241.850104990813634 ) ) ;
#1541 = PRESENTATION_STYLE_ASSIGNMENT (( #984 ) ) ;
#1542 =( GEOMETRIC_REPRESENTATION_CONTEXT ( 3 ) GLOBAL_UNCERTAINTY_ASSIGNED_CONTEXT ( ( #241 ) ) GLOBAL_UNIT_ASSIGNED_CONTEXT ( ( #4514, #4074, #6694 ) ) REPRESENTATION_CONTEXT ( 'NONE', 'WORKASPACE' ) );
#1543 = DIRECTION ( 'NONE',  ( -1.000000000000000000, -3.123522194620004932E-16, -1.064861060188242050E-15 ) ) ;
#1544 = DIRECTION ( 'NONE',  ( 0.5150380749100573752, 1.049727191138616477E-16, 0.8571673007021104462 ) ) ;
#1545 = CARTESIAN_POINT ( 'NONE',  ( 606.0088438165261095, -6.881934709797261185, 1196.716085893327090 ) ) ;
#1546 = CARTESIAN_POINT ( 'NONE',  ( 604.6069600705988023, 44.14376613230538027, 1236.460667088016635 ) ) ;
#1547 = ORIENTED_EDGE ( 'NONE', *, *, #1692, .T. ) ;
#1548 = AXIS2_PLACEMENT_3D ( 'NONE', #7488, #2013, #2819 ) ;
#1549 = ORIENTED_EDGE ( 'NONE', *, *, #7287, .F. ) ;
#1550 =( GEOMETRIC_REPRESENTATION_CONTEXT ( 3 ) GLOBAL_UNCERTAINTY_ASSIGNED_CONTEXT ( ( #7711 ) ) GLOBAL_UNIT_ASSIGNED_CONTEXT ( ( #6773, #7579, #4163 ) ) REPRESENTATION_CONTEXT ( 'NONE', 'WORKASPACE' ) );
#1551 = SURFACE_STYLE_USAGE ( .BOTH. , #1594 ) ;
#1552 = CYLINDRICAL_SURFACE ( 'NONE', #6545, 2.749999999999953815 ) ;
#1553 =( NAMED_UNIT ( * ) PLANE_ANGLE_UNIT ( ) SI_UNIT ( $, .RADIAN. ) );
#1554 =( NAMED_UNIT ( * ) SI_UNIT ( $, .STERADIAN. ) SOLID_ANGLE_UNIT ( ) );
#1555 = MECHANICAL_DESIGN_GEOMETRIC_PRESENTATION_REPRESENTATION (  '', ( #5445 ), #100 ) ;
#1556 = CARTESIAN_POINT ( 'NONE',  ( 607.4999999999997726, -25.27476584857636510, 1200.212269241876584 ) ) ;
#1557 = DIRECTION ( 'NONE',  ( 0.7071067811865450192, 0.7071067811865500152, 2.468850131082275599E-15 ) ) ;
#1558 = CIRCLE ( 'NONE', #1419, 4.000000000000003553 ) ;
#1559 = AXIS2_PLACEMENT_3D ( 'NONE', #3417, #8811, #1941 ) ;
#1560 = CIRCLE ( 'NONE', #6159, 2.499999999999952038 ) ;
#1561 = DIRECTION ( 'NONE',  ( 1.000000000000000000, 0.000000000000000000, 2.618191646955655209E-47 ) ) ;
#1562 = EDGE_LOOP ( 'NONE', ( #5996, #1709, #1549, #3260 ) ) ;
#1563 = PLANE ( 'NONE',  #2838 ) ;
#1564 = CIRCLE ( 'NONE', #7735, 3.024999999999944844 ) ;
#1565 = DIRECTION ( 'NONE',  ( 1.000000000000000000, 0.000000000000000000, 2.618191646955655209E-47 ) ) ;
#1567 = EDGE_CURVE ( 'NONE', #478, #1038, #2199, .T. ) ;
#1566 = ORIENTED_EDGE ( 'NONE', *, *, #3165, .F. ) ;
#1568 = DIRECTION ( 'NONE',  ( 1.000000000000000000, 0.000000000000000000, 0.000000000000000000 ) ) ;
#1569 = CARTESIAN_POINT ( 'NONE',  ( 602.9968534227465398, -12.89326063565962954, 1184.072273915595588 ) ) ;
#1570 = EDGE_CURVE ( 'NONE', #656, #8168, #7208, .T. ) ;
#1571 = CARTESIAN_POINT ( 'NONE',  ( 634.4749999999997954, 17.67766952966358218, 1250.177669529663717 ) ) ;
#1572 = ORIENTED_EDGE ( 'NONE', *, *, #6739, .T. ) ;
#1573 = CARTESIAN_POINT ( 'NONE',  ( 605.6000763285675248, 38.53609217728892133, 1239.580084552283324 ) ) ;
#1574 = FACE_BOUND ( 'NONE', #7403, .T. ) ;
#1575 = EDGE_CURVE ( 'NONE', #4937, #7339, #7786, .T. ) ;
#1576 = CARTESIAN_POINT ( 'NONE',  ( 606.8622064637104359, -21.76205432025033915, 1189.026555850866544 ) ) ;
#1577 = FILL_AREA_STYLE_COLOUR ( '', #7021 ) ;
#1578 = DIRECTION ( 'NONE',  ( 0.3301310043667942118, 0.000000000000000000, -0.9439351248659898497 ) ) ;
#1579 = STYLED_ITEM ( 'NONE', ( #4711 ), #5982 ) ;
#1580 = ORIENTED_EDGE ( 'NONE', *, *, #6342, .T. ) ;
#1581 =( LENGTH_UNIT ( ) NAMED_UNIT ( * ) SI_UNIT ( .MILLI., .METRE. ) );
#1582 = PRESENTATION_STYLE_ASSIGNMENT (( #3731 ) ) ;
#1583 = EDGE_CURVE ( 'NONE', #8199, #1332, #8343, .T. ) ;
#1584 = CARTESIAN_POINT ( 'NONE',  ( 621.7515379038064793, 36.99999999999993605, 1228.149974224846346 ) ) ;
#1585 = DIRECTION ( 'NONE',  ( -1.000000000000000000, 0.000000000000000000, -2.618191646955655209E-47 ) ) ;
#1586 = CARTESIAN_POINT ( 'NONE',  ( 605.9082343047124368, -7.027372558442899653, 1196.802036123831158 ) ) ;
#1587 =( LENGTH_UNIT ( ) NAMED_UNIT ( * ) SI_UNIT ( .MILLI., .METRE. ) );
#1588 = DIRECTION ( 'NONE',  ( 1.000000000000000000, 3.123522194620004932E-16, 1.064861060188242050E-15 ) ) ;
#1589 = ORIENTED_EDGE ( 'NONE', *, *, #4571, .F. ) ;
#1590 = FILL_AREA_STYLE_COLOUR ( '', #8065 ) ;
#1591 = CONICAL_SURFACE ( 'NONE', #3739, 2.499999999999998668, 1.029744258676653645 ) ;
#1592 = UNCERTAINTY_MEASURE_WITH_UNIT (LENGTH_MEASURE( 1.000000000000000082E-05 ), #4403, 'distance_accuracy_value', 'NONE');
#1593 = ORIENTED_EDGE ( 'NONE', *, *, #6014, .T. ) ;
#1594 = SURFACE_SIDE_STYLE ('',( #7700 ) ) ;
#1595 = CARTESIAN_POINT ( 'NONE',  ( 607.5491463932668239, 23.58549650615794491, 1266.158692695940317 ) ) ;
#1596 = CARTESIAN_POINT ( 'NONE',  ( 607.5601389473217750, 38.54287368769317368, 1241.207294833540345 ) ) ;
#1597 = COLOUR_RGB ( '',0.7490196078431372584, 0.7490196078431372584, 0.7490196078431372584 ) ;
#1598 = FILL_AREA_STYLE ('',( #5207 ) ) ;
#1599 = FACE_OUTER_BOUND ( 'NONE', #5799, .T. ) ;
#1600 = CARTESIAN_POINT ( 'NONE',  ( 607.5725970330029213, 23.17634227103373235, 1203.631683176499109 ) ) ;
#1601 = PRESENTATION_STYLE_ASSIGNMENT (( #4366 ) ) ;
#1602 = SURFACE_STYLE_FILL_AREA ( #328 ) ;
#1603 =( NAMED_UNIT ( * ) PLANE_ANGLE_UNIT ( ) SI_UNIT ( $, .RADIAN. ) );
#1604 = SURFACE_STYLE_FILL_AREA ( #5660 ) ;
#1605 = UNCERTAINTY_MEASURE_WITH_UNIT (LENGTH_MEASURE( 1.000000000000000082E-05 ), #7276, 'distance_accuracy_value', 'NONE');
#1606 = MECHANICAL_DESIGN_GEOMETRIC_PRESENTATION_REPRESENTATION (  '', ( #147 ), #4900 ) ;
#1607 = FILL_AREA_STYLE ('',( #7758 ) ) ;
#1608 = EDGE_LOOP ( 'NONE', ( #297, #3120 ) ) ;
#1609 = CARTESIAN_POINT ( 'NONE',  ( 614.4999999999997726, 19.77499999999993463, 1234.999999999999545 ) ) ;
#1610 = MECHANICAL_DESIGN_GEOMETRIC_PRESENTATION_REPRESENTATION (  '', ( #7205 ), #5066 ) ;
#1611 = CARTESIAN_POINT ( 'NONE',  ( 602.3999999999998636, -5.960759970555704955E-14, 1286.540512627446105 ) ) ;
#1612 =( LENGTH_UNIT ( ) NAMED_UNIT ( * ) SI_UNIT ( .MILLI., .METRE. ) );
#1613 = ORIENTED_EDGE ( 'NONE', *, *, #3433, .F. ) ;
#1614 = SURFACE_STYLE_USAGE ( .BOTH. , #7135 ) ;
#1615 = CARTESIAN_POINT ( 'NONE',  ( 605.0876262273973225, -12.27960992063322010, 1186.040978759044037 ) ) ;
#1616 = CARTESIAN_POINT ( 'NONE',  ( 614.5000000000000000, -17.65301013661709106, 1189.999978692961349 ) ) ;
#1617 = ORIENTED_EDGE ( 'NONE', *, *, #4640, .F. ) ;
#1618 = ADVANCED_FACE ( 'NONE', ( #4020 ), #3171, .F. ) ;
#1619 = PRESENTATION_STYLE_ASSIGNMENT (( #206 ) ) ;
#1620 = COLOUR_RGB ( '',0.7490196078431372584, 0.7490196078431372584, 0.7490196078431372584 ) ;
#1621 = CARTESIAN_POINT ( 'NONE',  ( 606.6056020906144113, -22.81808161401180612, 1189.334254650495041 ) ) ;
#1622 = CARTESIAN_POINT ( 'NONE',  ( 607.0999999999999091, 43.64085816174095100, 1221.870778896749698 ) ) ;
#1623 = DIRECTION ( 'NONE',  ( 1.000000000000000000, -9.162209061964950760E-16, 6.261247779448909594E-16 ) ) ;
#1624 = ADVANCED_FACE ( 'NONE', ( #4677 ), #8544, .T. ) ;
#1625 = ORIENTED_EDGE ( 'NONE', *, *, #4523, .T. ) ;
#1626 = AXIS2_PLACEMENT_3D ( 'NONE', #5202, #2337, #7131 ) ;
#1627 = FILL_AREA_STYLE ('',( #8398 ) ) ;
#1628 = EDGE_CURVE ( 'NONE', #2478, #6349, #8844, .T. ) ;
#1629 =( NAMED_UNIT ( * ) PLANE_ANGLE_UNIT ( ) SI_UNIT ( $, .RADIAN. ) );
#1630 = EDGE_CURVE ( 'NONE', #7382, #2643, #4191, .T. ) ;
#1631 = EDGE_CURVE ( 'NONE', #8188, #7759, #2785, .T. ) ;
#1632 = CARTESIAN_POINT ( 'NONE',  ( 607.4999999999997726, 39.02787101038180140, 1242.290767926939907 ) ) ;
#1633 = COLOUR_RGB ( '',0.7490196078431372584, 0.7490196078431372584, 0.7490196078431372584 ) ;
#1634 = FACE_OUTER_BOUND ( 'NONE', #3867, .T. ) ;
#1635 = CARTESIAN_POINT ( 'NONE',  ( 604.0999999999999091, 25.27476584857628694, 1269.787730758122734 ) ) ;
#1636 = VERTEX_POINT ( 'NONE', #4914 ) ;
#1637 = EDGE_CURVE ( 'NONE', #7297, #885, #2773, .T. ) ;
#1638 = SURFACE_SIDE_STYLE ('',( #273 ) ) ;
#1639 = CARTESIAN_POINT ( 'NONE',  ( 606.1844474255401565, 49.79221178962768590, 1240.556681125897285 ) ) ;
#1640 = ADVANCED_FACE ( 'NONE', ( #1501 ), #8147, .F. ) ;
#1641 = VERTEX_POINT ( 'NONE', #175 ) ;
#1642 = FILL_AREA_STYLE_COLOUR ( '', #4544 ) ;
#1643 = CIRCLE ( 'NONE', #39, 2.499999999999968914 ) ;
#1644 = CARTESIAN_POINT ( 'NONE',  ( 607.5307736117923696, 22.14331653610659245, 1267.294169154156634 ) ) ;
#1645 = PRESENTATION_STYLE_ASSIGNMENT (( #1689 ) ) ;
#1646 = CARTESIAN_POINT ( 'NONE',  ( 624.9999999999998863, -6.591949208711866959E-14, 1234.999999999999545 ) ) ;
#1647 = DIRECTION ( 'NONE',  ( 1.000000000000000000, 0.000000000000000000, 2.618191646955655209E-47 ) ) ;
#1648 = DIRECTION ( 'NONE',  ( -1.000000000000000000, 0.000000000000000000, -2.618191646955655209E-47 ) ) ;
#1649 =( NAMED_UNIT ( * ) SI_UNIT ( $, .STERADIAN. ) SOLID_ANGLE_UNIT ( ) );
#1650 = CARTESIAN_POINT ( 'NONE',  ( 607.9999999999998863, -6.579857771297061035E-14, 1234.999999999999545 ) ) ;
#1651 = AXIS2_PLACEMENT_3D ( 'NONE', #164, #3063, #7193 ) ;
#1652 = DIRECTION ( 'NONE',  ( -1.000000000000000000, 0.000000000000000000, -2.618191646955655209E-47 ) ) ;
#1653 = DIRECTION ( 'NONE',  ( 1.000000000000000000, 0.000000000000000000, 2.618191646955655209E-47 ) ) ;
#1654 = CARTESIAN_POINT ( 'NONE',  ( 624.2999999999998408, -5.287761472058875256, 1197.813995554437724 ) ) ;
#1655 = SURFACE_STYLE_FILL_AREA ( #5172 ) ;
#1656 = ORIENTED_EDGE ( 'NONE', *, *, #8540, .F. ) ;
#1657 = CIRCLE ( 'NONE', #8236, 2.999999999999891642 ) ;
#1658 = DIRECTION ( 'NONE',  ( -1.000000000000000000, 0.000000000000000000, -2.618191646955655209E-47 ) ) ;
#1659 = LINE ( 'NONE', #5882, #3206 ) ;
#1660 = ORIENTED_EDGE ( 'NONE', *, *, #5757, .T. ) ;
#1661 = AXIS2_PLACEMENT_3D ( 'NONE', #508, #1275, #4549 ) ;
#1662 =( NAMED_UNIT ( * ) SI_UNIT ( $, .STERADIAN. ) SOLID_ANGLE_UNIT ( ) );
#1663 = CARTESIAN_POINT ( 'NONE',  ( 602.9968534227460850, 52.41938240199225874, 1238.475313301102460 ) ) ;
#1664 = ADVANCED_FACE ( 'NONE', ( #1728 ), #5778, .T. ) ;
#1665 =( NAMED_UNIT ( * ) SI_UNIT ( $, .STERADIAN. ) SOLID_ANGLE_UNIT ( ) );
#1666 = ORIENTED_EDGE ( 'NONE', *, *, #3110, .T. ) ;
#1667 = VECTOR ( 'NONE', #2588, 1000.000000000000000 ) ;
#1668 =( LENGTH_UNIT ( ) NAMED_UNIT ( * ) SI_UNIT ( .MILLI., .METRE. ) );
#1669 = CIRCLE ( 'NONE', #3249, 2.750000000000050626 ) ;
#1670 = CARTESIAN_POINT ( 'NONE',  ( 607.2339711917467184, -22.75511298883496281, 1190.526210839552732 ) ) ;
#1671 = EDGE_LOOP ( 'NONE', ( #5266, #8707, #3157, #4331 ) ) ;
#1672 = COLOUR_RGB ( '',0.7490196078431372584, 0.7490196078431372584, 0.7490196078431372584 ) ;
#1673 = CARTESIAN_POINT ( 'NONE',  ( 625.1974181429168311, -6.832043218604991995E-14, 1259.999999999999773 ) ) ;
#1674 = CARTESIAN_POINT ( 'NONE',  ( 604.0999999999999091, -40.89543020069151424, 1248.287730758122507 ) ) ;
#1675 = COLOUR_RGB ( '',0.7490196078431372584, 0.7490196078431372584, 0.7490196078431372584 ) ;
#1676 =( NAMED_UNIT ( * ) SI_UNIT ( $, .STERADIAN. ) SOLID_ANGLE_UNIT ( ) );
#1677 = CARTESIAN_POINT ( 'NONE',  ( 607.4999999999997726, -5.418011637555555815, 1195.912479717932911 ) ) ;
#1678 = CARTESIAN_POINT ( 'NONE',  ( 607.0496398774454292, -22.80970120590968619, 1190.099005270922135 ) ) ;
#1679 = FILL_AREA_STYLE_COLOUR ( '', #6461 ) ;
#1680 = FILL_AREA_STYLE ('',( #2979 ) ) ;
#1681 = SURFACE_SIDE_STYLE ('',( #7196 ) ) ;
#1682 = ORIENTED_EDGE ( 'NONE', *, *, #3989, .T. ) ;
#1683 = CARTESIAN_POINT ( 'NONE',  ( 634.4749999999997954, -23.23223304703368441, 1236.767766952965985 ) ) ;
#1684 = CARTESIAN_POINT ( 'NONE',  ( 605.3769615805127842, 50.27266050782243667, 1239.095139801833739 ) ) ;
#1685 = UNCERTAINTY_MEASURE_WITH_UNIT (LENGTH_MEASURE( 1.000000000000000082E-05 ), #6164, 'distance_accuracy_value', 'NONE');
#1686 = EDGE_LOOP ( 'NONE', ( #4673, #5004, #5888, #8462 ) ) ;
#1687 = FILL_AREA_STYLE ('',( #6354 ) ) ;
#1688 = CARTESIAN_POINT ( 'NONE',  ( 608.6236184310777162, 36.99999999999993605, 1226.303063742559061 ) ) ;
#1689 = SURFACE_STYLE_USAGE ( .BOTH. , #8610 ) ;
#1690 = AXIS2_PLACEMENT_3D ( 'NONE', #2825, #5439, #5525 ) ;
#1691 = COLOUR_RGB ( '',0.7490196078431372584, 0.7490196078431372584, 0.7490196078431372584 ) ;
#1692 = EDGE_CURVE ( 'NONE', #7289, #2542, #1037, .T. ) ;
#1693 = PRESENTATION_STYLE_ASSIGNMENT (( #7924 ) ) ;
#1694 =( NAMED_UNIT ( * ) SI_UNIT ( $, .STERADIAN. ) SOLID_ANGLE_UNIT ( ) );
#1695 = CARTESIAN_POINT ( 'NONE',  ( 607.8833110975718910, -7.518624284737746244, 1197.294334509896771 ) ) ;
#1696 = CIRCLE ( 'NONE', #5573, 16.75000000000004263 ) ;
#1697 = MECHANICAL_DESIGN_GEOMETRIC_PRESENTATION_REPRESENTATION (  '', ( #8575 ), #1550 ) ;
#1698 = CARTESIAN_POINT ( 'NONE',  ( 604.0999999999999091, -5.238864897449956415E-13, 1277.999999999999545 ) ) ;
#1699 = CARTESIAN_POINT ( 'NONE',  ( 621.9999999999997726, -11.43362879187314540, 1199.810908897079571 ) ) ;
#1700 = UNCERTAINTY_MEASURE_WITH_UNIT (LENGTH_MEASURE( 1.000000000000000082E-05 ), #3378, 'distance_accuracy_value', 'NONE');
#1701 = MECHANICAL_DESIGN_GEOMETRIC_PRESENTATION_REPRESENTATION (  '', ( #4844 ), #536 ) ;
#1702 = PRESENTATION_STYLE_ASSIGNMENT (( #116 ) ) ;
#1703 = ORIENTED_EDGE ( 'NONE', *, *, #7653, .T. ) ;
#1704 = FILL_AREA_STYLE_COLOUR ( '', #3767 ) ;
#1705 = ORIENTED_EDGE ( 'NONE', *, *, #25, .T. ) ;
#1706 = STYLED_ITEM ( 'NONE', ( #8767 ), #3218 ) ;
#1707 = CARTESIAN_POINT ( 'NONE',  ( 614.5000000000000000, 48.25264363156790637, 1232.116761008455114 ) ) ;
#1708 = CARTESIAN_POINT ( 'NONE',  ( 604.5207656784194796, 52.48375552288865009, 1235.744437331878089 ) ) ;
#1709 = ORIENTED_EDGE ( 'NONE', *, *, #4301, .F. ) ;
#1710 = AXIS2_PLACEMENT_3D ( 'NONE', #3768, #2481, #3937 ) ;
#1711 = ADVANCED_FACE ( 'NONE', ( #6494 ), #4314, .F. ) ;
#1712 = DIRECTION ( 'NONE',  ( 1.000000000000000000, 0.000000000000000000, 0.000000000000000000 ) ) ;
#1713 = VECTOR ( 'NONE', #1282, 999.9999999999998863 ) ;
#1714 = CARTESIAN_POINT ( 'NONE',  ( 606.4308125875373889, -21.44445934646796204, 1188.203004195399672 ) ) ;
#1715 = PRESENTATION_STYLE_ASSIGNMENT (( #262 ) ) ;
#1716 = DIRECTION ( 'NONE',  ( 1.000000000000000000, 0.000000000000000000, 2.618191646955655209E-47 ) ) ;
#1717 = ORIENTED_EDGE ( 'NONE', *, *, #6684, .F. ) ;
#1718 = MECHANICAL_DESIGN_GEOMETRIC_PRESENTATION_REPRESENTATION (  '', ( #4864 ), #8022 ) ;
#1719 = DIRECTION ( 'NONE',  ( 0.000000000000000000, 0.000000000000000000, -1.000000000000000000 ) ) ;
#1720 = DIRECTION ( 'NONE',  ( -1.000000000000000000, 0.000000000000000000, -2.618191646955655209E-47 ) ) ;
#1721 =( NAMED_UNIT ( * ) PLANE_ANGLE_UNIT ( ) SI_UNIT ( $, .RADIAN. ) );
#1722 = FILL_AREA_STYLE_COLOUR ( '', #7868 ) ;
#1723 = SURFACE_SIDE_STYLE ('',( #8403 ) ) ;
#1724 = PLANE ( 'NONE',  #4299 ) ;
#1725 = DIRECTION ( 'NONE',  ( 0.000000000000000000, 0.000000000000000000, -1.000000000000000000 ) ) ;
#1726 = ORIENTED_EDGE ( 'NONE', *, *, #3545, .T. ) ;
#1727 = SURFACE_SIDE_STYLE ('',( #5152 ) ) ;
#1728 = FACE_OUTER_BOUND ( 'NONE', #811, .T. ) ;
#1729 =( NAMED_UNIT ( * ) PLANE_ANGLE_UNIT ( ) SI_UNIT ( $, .RADIAN. ) );
#1730 = VERTEX_POINT ( 'NONE', #362 ) ;
#1731 = FILL_AREA_STYLE ('',( #4410 ) ) ;
#1732 = FILL_AREA_STYLE ('',( #7882 ) ) ;
#1733 = EDGE_CURVE ( 'NONE', #1636, #8495, #5864, .T. ) ;
#1734 = SURFACE_STYLE_FILL_AREA ( #1598 ) ;
#1735 = CARTESIAN_POINT ( 'NONE',  ( 634.9999999999997726, 2.775557561562892613E-14, 1209.999999999999773 ) ) ;
#1736 = DIRECTION ( 'NONE',  ( 0.000000000000000000, -0.5877852522924970069, 0.8090169943749301318 ) ) ;
#1737 = CARTESIAN_POINT ( 'NONE',  ( 614.4999999999997726, 43.09999999999993037, 1234.999999999999545 ) ) ;
#1738 = EDGE_CURVE ( 'NONE', #7020, #386, #3052, .T. ) ;
#1739 = SURFACE_SIDE_STYLE ('',( #1602 ) ) ;
#1740 = LINE ( 'NONE', #8523, #6953 ) ;
#1741 = FACE_OUTER_BOUND ( 'NONE', #7144, .T. ) ;
#1742 = PRESENTATION_STYLE_ASSIGNMENT (( #7799 ) ) ;
#1743 = ORIENTED_EDGE ( 'NONE', *, *, #409, .T. ) ;
#1744 = EDGE_CURVE ( 'NONE', #22, #6875, #6925, .T. ) ;
#1745 = DIRECTION ( 'NONE',  ( 1.000000000000000000, 0.000000000000000000, 2.618191646955655209E-47 ) ) ;
#1746 = CARTESIAN_POINT ( 'NONE',  ( 634.9999999999997726, -17.67766952966371719, 1217.322330470335828 ) ) ;
#1747 = VECTOR ( 'NONE', #6338, 1000.000000000000000 ) ;
#1748 = EDGE_CURVE ( 'NONE', #7816, #1332, #6650, .T. ) ;
#1749 = DIRECTION ( 'NONE',  ( 0.000000000000000000, 0.2536844569576938713, 0.9672870289102816210 ) ) ;
#1750 = ORIENTED_EDGE ( 'NONE', *, *, #460, .T. ) ;
#1751 = CARTESIAN_POINT ( 'NONE',  ( 617.4889613857303630, 48.25264363156792058, 1233.410200100247721 ) ) ;
#1752 = PLANE ( 'NONE',  #3830 ) ;
#1753 = ORIENTED_EDGE ( 'NONE', *, *, #5968, .T. ) ;
#1754 = COLOUR_RGB ( '',0.7490196078431372584, 0.7490196078431372584, 0.7490196078431372584 ) ;
#1755 = CARTESIAN_POINT ( 'NONE',  ( 633.9999999999997726, -6.591949208711866959E-14, 1234.999999999999545 ) ) ;
#1756 = DIRECTION ( 'NONE',  ( 1.000000000000000000, 0.000000000000000000, 2.618191646955655209E-47 ) ) ;
#1757 = DIRECTION ( 'NONE',  ( 1.000000000000000000, 0.000000000000000000, 2.618191646955655209E-47 ) ) ;
#1758 = DIRECTION ( 'NONE',  ( 0.000000000000000000, 0.000000000000000000, 1.000000000000000000 ) ) ;
#1759 = COLOUR_RGB ( '',0.7490196078431372584, 0.7490196078431372584, 0.7490196078431372584 ) ;
#1760 = CARTESIAN_POINT ( 'NONE',  ( 604.5911786998608477, 44.41554722012279655, 1233.652147462533776 ) ) ;
#1761 = EDGE_LOOP ( 'NONE', ( #2654, #1126, #2818, #1246 ) ) ;
#1762 = UNCERTAINTY_MEASURE_WITH_UNIT (LENGTH_MEASURE( 1.000000000000000082E-05 ), #7249, 'distance_accuracy_value', 'NONE');
#1763 = CARTESIAN_POINT ( 'NONE',  ( 607.3574338493689311, 49.07750183321947191, 1242.955414942255175 ) ) ;
#1764 = CARTESIAN_POINT ( 'NONE',  ( 606.5001797792298248, 38.52353370204431116, 1235.370727740365737 ) ) ;
#1765 = COLOUR_RGB ( '',0.7490196078431372584, 0.7490196078431372584, 0.7490196078431372584 ) ;
#1766 = CARTESIAN_POINT ( 'NONE',  ( 607.5490640038472065, 37.39637841327328971, 1246.343359460187912 ) ) ;
#1767 = CARTESIAN_POINT ( 'NONE',  ( 623.9999999999998863, 24.99999999999993605, 1234.999999999999545 ) ) ;
#1768 = DIRECTION ( 'NONE',  ( 0.000000000000000000, -0.7071067811865515695, -0.7071067811865434649 ) ) ;
#1769 =( NAMED_UNIT ( * ) PLANE_ANGLE_UNIT ( ) SI_UNIT ( $, .RADIAN. ) );
#1770 = ORIENTED_EDGE ( 'NONE', *, *, #6050, .T. ) ;
#1771 = CARTESIAN_POINT ( 'NONE',  ( 628.7999999999998408, -6.591949208711866959E-14, 1234.999999999999545 ) ) ;
#1772 =( GEOMETRIC_REPRESENTATION_CONTEXT ( 3 ) GLOBAL_UNCERTAINTY_ASSIGNED_CONTEXT ( ( #1605 ) ) GLOBAL_UNIT_ASSIGNED_CONTEXT ( ( #7276, #5839, #5709 ) ) REPRESENTATION_CONTEXT ( 'NONE', 'WORKASPACE' ) );
#1773 = CARTESIAN_POINT ( 'NONE',  ( 614.4999999999997726, -13.31863245756052372, 1194.009464147678500 ) ) ;
#1774 = CARTESIAN_POINT ( 'NONE',  ( 607.9999999999998863, -40.19840497958406189, 1178.449293504735806 ) ) ;
#1775 = ORIENTED_EDGE ( 'NONE', *, *, #3110, .F. ) ;
#1776 =( NAMED_UNIT ( * ) PLANE_ANGLE_UNIT ( ) SI_UNIT ( $, .RADIAN. ) );
#1777 = CARTESIAN_POINT ( 'NONE',  ( 626.9999999999997726, -6.591949208711866959E-14, 1257.000000000000000 ) ) ;
#1778 =( GEOMETRIC_REPRESENTATION_CONTEXT ( 3 ) GLOBAL_UNCERTAINTY_ASSIGNED_CONTEXT ( ( #3658 ) ) GLOBAL_UNIT_ASSIGNED_CONTEXT ( ( #2645, #6005, #7451 ) ) REPRESENTATION_CONTEXT ( 'NONE', 'WORKASPACE' ) );
#1779 = CARTESIAN_POINT ( 'NONE',  ( 607.5486307786449061, 38.56782083908331771, 1241.303272972791547 ) ) ;
#1780 = CARTESIAN_POINT ( 'NONE',  ( 604.0999999999999091, -38.76750196085096434, 1223.454228313178646 ) ) ;
#1781 = CARTESIAN_POINT ( 'NONE',  ( 607.0999999999999091, -40.89543020069157109, 1221.712269241876811 ) ) ;
#1782 = SURFACE_SIDE_STYLE ('',( #8656 ) ) ;
#1783 = AXIS2_PLACEMENT_3D ( 'NONE', #592, #1410, #6131 ) ;
#1784 =( NAMED_UNIT ( * ) SI_UNIT ( $, .STERADIAN. ) SOLID_ANGLE_UNIT ( ) );
#1785 = UNCERTAINTY_MEASURE_WITH_UNIT (LENGTH_MEASURE( 1.000000000000000082E-05 ), #539, 'distance_accuracy_value', 'NONE');
#1786 = CARTESIAN_POINT ( 'NONE',  ( 605.8131461501848207, -7.185960671679946010, 1196.853564525410775 ) ) ;
#1787 = VERTEX_POINT ( 'NONE', #7805 ) ;
#1788 = ADVANCED_FACE ( 'NONE', ( #197 ), #379, .T. ) ;
#1789 = VECTOR ( 'NONE', #4184, 1000.000000000000000 ) ;
#1790 =( NAMED_UNIT ( * ) SI_UNIT ( $, .STERADIAN. ) SOLID_ANGLE_UNIT ( ) );
#1791 = CARTESIAN_POINT ( 'NONE',  ( 571.2463877986918988, -6.591949208711866959E-14, 1234.999999999999545 ) ) ;
#1792 = VERTEX_POINT ( 'NONE', #2432 ) ;
#1793 = CARTESIAN_POINT ( 'NONE',  ( 619.1141691910682994, 43.12089565753961296, 1227.502145420340185 ) ) ;
#1794 = CARTESIAN_POINT ( 'NONE',  ( 605.3031392861344102, 52.32486492540740386, 1231.051939883340538 ) ) ;
#1795 = EDGE_CURVE ( 'NONE', #6930, #7297, #1659, .T. ) ;
#1796 = PRESENTATION_LAYER_ASSIGNMENT (  '', '', ( #1060 ) ) ;
#1797 = MECHANICAL_DESIGN_GEOMETRIC_PRESENTATION_REPRESENTATION (  '', ( #3792 ), #4951 ) ;
#1798 = CARTESIAN_POINT ( 'NONE',  ( 623.9999999999998863, 24.99999999999993605, 1234.999999999999545 ) ) ;
#1799 = ORIENTED_EDGE ( 'NONE', *, *, #2468, .T. ) ;
#1800 = ADVANCED_FACE ( 'NONE', ( #2473 ), #3487, .F. ) ;
#1801 = DIRECTION ( 'NONE',  ( 1.000000000000000000, 0.000000000000000000, 2.618191646955655209E-47 ) ) ;
#1802 = LINE ( 'NONE', #4518, #2577 ) ;
#1803 = CARTESIAN_POINT ( 'NONE',  ( 607.4999999999997726, -19.37153853685412130, 1200.005170466251457 ) ) ;
#1804 = CARTESIAN_POINT ( 'NONE',  ( 604.6131400333570127, 43.94847099984826144, 1236.500000000000227 ) ) ;
#1805 = CIRCLE ( 'NONE', #5822, 3.000000000000030642 ) ;
#1806 = ORIENTED_EDGE ( 'NONE', *, *, #1061, .T. ) ;
#1807 = SURFACE_SIDE_STYLE ('',( #7329 ) ) ;
#1808 = CARTESIAN_POINT ( 'NONE',  ( 606.5247553719456164, 38.52302774874129199, 1234.271642587752922 ) ) ;
#1809 = VECTOR ( 'NONE', #1653, 1000.000000000000000 ) ;
#1810 = FILL_AREA_STYLE ('',( #6654 ) ) ;
#1811 = PRESENTATION_LAYER_ASSIGNMENT (  '', '', ( #4811 ) ) ;
#1812 = AXIS2_PLACEMENT_3D ( 'NONE', #7843, #5702, #8474 ) ;
#1813 = CARTESIAN_POINT ( 'NONE',  ( 607.4999999999967031, -1.508479174237248088, 1195.717606299913541 ) ) ;
#1814 = CARTESIAN_POINT ( 'NONE',  ( 634.9999999999997726, -25.00000000000006750, 1234.999999999999545 ) ) ;
#1815 = DIRECTION ( 'NONE',  ( 1.000000000000000000, 8.786078806946700055E-16, 6.778946662198249905E-16 ) ) ;
#1816 = CARTESIAN_POINT ( 'NONE',  ( 608.9999999999998863, -6.591949208711866959E-14, 1234.999999999999545 ) ) ;
#1817 = ORIENTED_EDGE ( 'NONE', *, *, #4624, .F. ) ;
#1818 = AXIS2_PLACEMENT_3D ( 'NONE', #5408, #3416, #4749 ) ;
#1819 = CARTESIAN_POINT ( 'NONE',  ( 605.8913019907762418, 50.02882006417589622, 1229.909269649489488 ) ) ;
#1820 = DIRECTION ( 'NONE',  ( -0.000000000000000000, 1.000000000000000000, -0.000000000000000000 ) ) ;
#1821 = FACE_OUTER_BOUND ( 'NONE', #2526, .T. ) ;
#1822 = ORIENTED_EDGE ( 'NONE', *, *, #2940, .F. ) ;
#1823 = CARTESIAN_POINT ( 'NONE',  ( 607.9999999999998863, 36.99999999999993605, 1245.059875112768623 ) ) ;
#1824 = SURFACE_STYLE_USAGE ( .BOTH. , #547 ) ;
#1825 = CIRCLE ( 'NONE', #3393, 39.46123530638256938 ) ;
#1826 = CARTESIAN_POINT ( 'NONE',  ( 607.5895663168864758, 38.49999816796012198, 1240.907208479333121 ) ) ;
#1827 = CONICAL_SURFACE ( 'NONE', #5127, 2.499999999999946709, 1.029744258676653645 ) ;
#1828 = DIRECTION ( 'NONE',  ( 1.000000000000000000, 0.000000000000000000, 0.000000000000000000 ) ) ;
#1829 = CARTESIAN_POINT ( 'NONE',  ( 607.1495816767109091, 38.50687900243219275, 1228.220892517961147 ) ) ;
#1830 = LINE ( 'NONE', #3304, #1156 ) ;
#1831 = CARTESIAN_POINT ( 'NONE',  ( 603.5523538966149317, -20.20875772176791685, 1188.706419984270724 ) ) ;
#1832 = STYLED_ITEM ( 'NONE', ( #5713 ), #892 ) ;
#1833 = SURFACE_STYLE_USAGE ( .BOTH. , #7930 ) ;
#1834 =( GEOMETRIC_REPRESENTATION_CONTEXT ( 3 ) GLOBAL_UNCERTAINTY_ASSIGNED_CONTEXT ( ( #60 ) ) GLOBAL_UNIT_ASSIGNED_CONTEXT ( ( #8758, #2605, #4553 ) ) REPRESENTATION_CONTEXT ( 'NONE', 'WORKASPACE' ) );
#1835 = AXIS2_PLACEMENT_3D ( 'NONE', #3319, #3856, #6058 ) ;
#1836 = CARTESIAN_POINT ( 'NONE',  ( 604.4262274022452175, 52.06958429286336099, 1229.031174115891645 ) ) ;
#1837 = ORIENTED_EDGE ( 'NONE', *, *, #8434, .F. ) ;
#1838 = AXIS2_PLACEMENT_3D ( 'NONE', #7413, #6821, #4034 ) ;
#1839 =( GEOMETRIC_REPRESENTATION_CONTEXT ( 3 ) GLOBAL_UNCERTAINTY_ASSIGNED_CONTEXT ( ( #6464 ) ) GLOBAL_UNIT_ASSIGNED_CONTEXT ( ( #6811, #3527, #2232 ) ) REPRESENTATION_CONTEXT ( 'NONE', 'WORKASPACE' ) );
#1840 = CARTESIAN_POINT ( 'NONE',  ( 603.4304468240064807, 52.30652789394337532, 1230.294922789534894 ) ) ;
#1841 = DIRECTION ( 'NONE',  ( 0.000000000000000000, 1.000000000000000000, 0.000000000000000000 ) ) ;
#1842 = SURFACE_STYLE_USAGE ( .BOTH. , #2700 ) ;
#1843 = VERTEX_POINT ( 'NONE', #6511 ) ;
#1844 = MECHANICAL_DESIGN_GEOMETRIC_PRESENTATION_REPRESENTATION (  '', ( #2982 ), #3688 ) ;
#1845 = CARTESIAN_POINT ( 'NONE',  ( 604.0999999999999091, -27.58903336337816015, 1271.273215820293899 ) ) ;
#1846 = CARTESIAN_POINT ( 'NONE',  ( 604.5001109593351885, 50.53979194079434478, 1235.354114018799692 ) ) ;
#1847 = VECTOR ( 'NONE', #7606, 1000.000000000000000 ) ;
#1848 = VERTEX_POINT ( 'NONE', #3667 ) ;
#1849 = CARTESIAN_POINT ( 'NONE',  ( 605.8136477417558581, 38.53196748950534101, 1239.954521616231432 ) ) ;
#1850 = CARTESIAN_POINT ( 'NONE',  ( 633.9999999999997726, -6.591949208711866959E-14, 1250.749999999999545 ) ) ;
#1851 = AXIS2_PLACEMENT_3D ( 'NONE', #7870, #4954, #2215 ) ;
#1852 = MECHANICAL_DESIGN_GEOMETRIC_PRESENTATION_REPRESENTATION (  '', ( #2856 ), #5306 ) ;
#1853 = ADVANCED_FACE ( 'NONE', ( #7898 ), #4552, .T. ) ;
#1854 = CARTESIAN_POINT ( 'NONE',  ( 607.5726731305876456, 0.3069351660035026796, 1195.999999999999773 ) ) ;
#1855 = STYLED_ITEM ( 'NONE', ( #1524 ), #3324 ) ;
#1856 = ORIENTED_EDGE ( 'NONE', *, *, #6687, .F. ) ;
#1857 = EDGE_CURVE ( 'NONE', #8083, #1207, #5262, .T. ) ;
#1858 = CARTESIAN_POINT ( 'NONE',  ( 606.6282858703751799, 38.52092002452811670, 1236.474100659050009 ) ) ;
#1859 = COLOUR_RGB ( '',0.7490196078431372584, 0.7490196078431372584, 0.7490196078431372584 ) ;
#1860 = CARTESIAN_POINT ( 'NONE',  ( 607.5214929316159669, 37.63737404199510905, 1245.946610793692116 ) ) ;
#1861 = VERTEX_POINT ( 'NONE', #7980 ) ;
#1862 = PRESENTATION_LAYER_ASSIGNMENT (  '', '', ( #978 ) ) ;
#1863 =( NAMED_UNIT ( * ) SI_UNIT ( $, .STERADIAN. ) SOLID_ANGLE_UNIT ( ) );
#1864 = PRESENTATION_STYLE_ASSIGNMENT (( #1031 ) ) ;
#1865 = UNCERTAINTY_MEASURE_WITH_UNIT (LENGTH_MEASURE( 1.000000000000000082E-05 ), #7749, 'distance_accuracy_value', 'NONE');
#1866 = DIRECTION ( 'NONE',  ( 0.000000000000000000, 0.000000000000000000, -1.000000000000000000 ) ) ;
#1867 = EDGE_CURVE ( 'NONE', #428, #1868, #4928, .T. ) ;
#1868 = VERTEX_POINT ( 'NONE', #1231 ) ;
#1869 = ADVANCED_FACE ( 'NONE', ( #8799 ), #3796, .T. ) ;
#1870 = AXIS2_PLACEMENT_3D ( 'NONE', #8192, #5653, #3573 ) ;
#1871 = CARTESIAN_POINT ( 'NONE',  ( 606.9760921884941354, 48.25209812854972569, 1228.412524255211792 ) ) ;
#1872 = ADVANCED_FACE ( 'NONE', ( #6223 ), #894, .F. ) ;
#1873 = ORIENTED_EDGE ( 'NONE', *, *, #4200, .T. ) ;
#1874 = CARTESIAN_POINT ( 'NONE',  ( 605.4999999999997726, 47.85924001516893611, 1227.062746066805857 ) ) ;
#1875 = FACE_OUTER_BOUND ( 'NONE', #8155, .T. ) ;
#1876 = CARTESIAN_POINT ( 'NONE',  ( 614.4999999999997726, -6.110811063764795215, 1216.192857390262816 ) ) ;
#1877 = CARTESIAN_POINT ( 'NONE',  ( 604.0999999999999091, 0.9991355369590153579, 1275.437925024752985 ) ) ;
#1878 =( NAMED_UNIT ( * ) PLANE_ANGLE_UNIT ( ) SI_UNIT ( $, .RADIAN. ) );
#1879 = CARTESIAN_POINT ( 'NONE',  ( 606.2080382627673316, 38.67847327726006057, 1229.407420205240896 ) ) ;
#1880 = AXIS2_PLACEMENT_3D ( 'NONE', #5140, #4944, #2886 ) ;
#1881 = CARTESIAN_POINT ( 'NONE',  ( 603.1343010691618929, 38.57672942514918191, 1242.170885410431538 ) ) ;
#1882 = CARTESIAN_POINT ( 'NONE',  ( 614.4999999999997726, -6.110811063764795215, 1216.192857390262816 ) ) ;
#1883 = UNCERTAINTY_MEASURE_WITH_UNIT (LENGTH_MEASURE( 1.000000000000000082E-05 ), #8313, 'distance_accuracy_value', 'NONE');
#1884 = CARTESIAN_POINT ( 'NONE',  ( 606.5043437637324359, 50.61077387535059557, 1227.468883592738621 ) ) ;
#1885 = ORIENTED_EDGE ( 'NONE', *, *, #5052, .F. ) ;
#1886 = DIRECTION ( 'NONE',  ( 0.000000000000000000, -0.7071067811865530128, -0.7071067811865419106 ) ) ;
#1887 = CARTESIAN_POINT ( 'NONE',  ( 602.6392370240827177, 52.51519459675942159, 1233.262068293614220 ) ) ;
#1888 = CARTESIAN_POINT ( 'NONE',  ( 614.4999999999997726, 36.99999999999993605, 1234.999999999999545 ) ) ;
#1889 =( NAMED_UNIT ( * ) SI_UNIT ( $, .STERADIAN. ) SOLID_ANGLE_UNIT ( ) );
#1890 = EDGE_LOOP ( 'NONE', ( #2597, #7903, #6826, #8809, #4251, #4448 ) ) ;
#1891 = CIRCLE ( 'NONE', #6479, 3.024999999999999911 ) ;
#1892 = CARTESIAN_POINT ( 'NONE',  ( 622.3584144640080922, 45.93964049335893662, 1230.820184701370408 ) ) ;
#1893 =( NAMED_UNIT ( * ) SI_UNIT ( $, .STERADIAN. ) SOLID_ANGLE_UNIT ( ) );
#1894 = VERTEX_POINT ( 'NONE', #6144 ) ;
#1895 = CARTESIAN_POINT ( 'NONE',  ( 606.3081755769082974, 38.75838758511843452, 1240.737806063885955 ) ) ;
#1896 = FILL_AREA_STYLE_COLOUR ( '', #3965 ) ;
#1897 = CIRCLE ( 'NONE', #5205, 3.024999999999967049 ) ;
#1898 = DIRECTION ( 'NONE',  ( 1.000000000000000000, 0.000000000000000000, 2.618191646955655209E-47 ) ) ;
#1899 = ORIENTED_EDGE ( 'NONE', *, *, #15, .F. ) ;
#1900 = CARTESIAN_POINT ( 'NONE',  ( 607.0999999999999091, 3.781697177629438456E-13, 1191.999999999999773 ) ) ;
#1901 = CARTESIAN_POINT ( 'NONE',  ( 607.6911936682638498, 38.49999937342017375, 1239.200018611496716 ) ) ;
#1902 = DIRECTION ( 'NONE',  ( 0.000000000000000000, -0.2536844569576762187, -0.9672870289102862840 ) ) ;
#1903 = EDGE_LOOP ( 'NONE', ( #1364, #5845, #5182, #8081 ) ) ;
#1904 = FILL_AREA_STYLE_COLOUR ( '', #1675 ) ;
#1905 = ADVANCED_FACE ( 'NONE', ( #8193 ), #2105, .F. ) ;
#1906 = CARTESIAN_POINT ( 'NONE',  ( 634.9999999999997726, 43.74999999999992895, 1236.499999999999773 ) ) ;
#1907 = VERTEX_POINT ( 'NONE', #185 ) ;
#1908 = VECTOR ( 'NONE', #943, 999.9999999999998863 ) ;
#1909 = CARTESIAN_POINT ( 'NONE',  ( 604.0999999999999091, 25.27476584857618747, 1269.787730758122734 ) ) ;
#1910 = VECTOR ( 'NONE', #911, 1000.000000000000000 ) ;
#1911 = ORIENTED_EDGE ( 'NONE', *, *, #3864, .F. ) ;
#1912 = EDGE_CURVE ( 'NONE', #6764, #5245, #4747, .T. ) ;
#1913 = DIRECTION ( 'NONE',  ( 0.7071067811865450192, -0.4999999999999993894, -0.5000000000000041078 ) ) ;
#1914 = EDGE_CURVE ( 'NONE', #1148, #790, #7513, .T. ) ;
#1915 = FACE_OUTER_BOUND ( 'NONE', #3758, .T. ) ;
#1916 = SURFACE_SIDE_STYLE ('',( #5344 ) ) ;
#1917 = CARTESIAN_POINT ( 'NONE',  ( 607.5934999326431125, 38.50003580713153184, 1229.203475582050714 ) ) ;
#1918 = SURFACE_STYLE_USAGE ( .BOTH. , #6543 ) ;
#1919 = EDGE_LOOP ( 'NONE', ( #6282, #932 ) ) ;
#1920 = EDGE_CURVE ( 'NONE', #6661, #8322, #3574, .T. ) ;
#1921 = ORIENTED_EDGE ( 'NONE', *, *, #4528, .T. ) ;
#1922 = FILL_AREA_STYLE ('',( #7929 ) ) ;
#1923 = CARTESIAN_POINT ( 'NONE',  ( 604.0999999999999091, 40.89543020069148582, 1221.712269241876811 ) ) ;
#1924 = ORIENTED_EDGE ( 'NONE', *, *, #3226, .F. ) ;
#1925 = VECTOR ( 'NONE', #7706, 1000.000000000000000 ) ;
#1926 = ORIENTED_EDGE ( 'NONE', *, *, #6899, .F. ) ;
#1927 = DIRECTION ( 'NONE',  ( 1.000000000000000000, 3.123522194620004932E-16, 1.064861060188242050E-15 ) ) ;
#1928 = DIRECTION ( 'NONE',  ( -1.000000000000000000, 0.000000000000000000, -2.618191646955655209E-47 ) ) ;
#1929 = PRESENTATION_LAYER_ASSIGNMENT (  '', '', ( #5806 ) ) ;
#1930 = CARTESIAN_POINT ( 'NONE',  ( 606.5178845153196789, 39.51053173870131729, 1241.211226185907435 ) ) ;
#1931 = CYLINDRICAL_SURFACE ( 'NONE', #2517, 4.000000000000003553 ) ;
#1932 = PRESENTATION_STYLE_ASSIGNMENT (( #5265 ) ) ;
#1933 = ORIENTED_EDGE ( 'NONE', *, *, #905, .T. ) ;
#1934 =( NAMED_UNIT ( * ) PLANE_ANGLE_UNIT ( ) SI_UNIT ( $, .RADIAN. ) );
#1935 = VECTOR ( 'NONE', #5549, 1000.000000000000000 ) ;
#1936 = CARTESIAN_POINT ( 'NONE',  ( 605.9086279982848282, 38.53013314333528427, 1240.121042630708644 ) ) ;
#1937 = SURFACE_STYLE_FILL_AREA ( #7327 ) ;
#1938 = CARTESIAN_POINT ( 'NONE',  ( 623.9999999999998863, -17.67766952966371719, 1217.322330470335828 ) ) ;
#1939 = VERTEX_POINT ( 'NONE', #6316 ) ;
#1940 = EDGE_CURVE ( 'NONE', #438, #2211, #2281, .T. ) ;
#1941 = DIRECTION ( 'NONE',  ( 0.000000000000000000, 0.7737920872148318363, 0.6334396622912982222 ) ) ;
#1942 = CARTESIAN_POINT ( 'NONE',  ( 607.4999999999997726, -18.59180447997856689, 1200.192904486528732 ) ) ;
#1943 = B_SPLINE_CURVE_WITH_KNOTS ( 'NONE', 3,
 ( #5114, #8326, #1695, #4363 ),
 .UNSPECIFIED., .F., .F.,
 ( 4, 4 ),
 ( 0.001905582865190969498, 0.002620942235457657515 ),
 .UNSPECIFIED. ) ;
#1944 = ORIENTED_EDGE ( 'NONE', *, *, #7177, .F. ) ;
#1945 = CARTESIAN_POINT ( 'NONE',  ( 607.5215066935076038, -1.219543624323079944, 1195.822109082103452 ) ) ;
#1946 = DIRECTION ( 'NONE',  ( 1.000000000000000000, -0.000000000000000000, 2.618191646955655209E-47 ) ) ;
#1947 = CIRCLE ( 'NONE', #6952, 31.50000000000008527 ) ;
#1948 = UNCERTAINTY_MEASURE_WITH_UNIT (LENGTH_MEASURE( 1.000000000000000082E-05 ), #5870, 'distance_accuracy_value', 'NONE');
#1949 = FACE_OUTER_BOUND ( 'NONE', #7910, .T. ) ;
#1950 = ORIENTED_EDGE ( 'NONE', *, *, #5484, .F. ) ;
#1951 = CARTESIAN_POINT ( 'NONE',  ( 607.4211509423091684, 48.90357986550520764, 1227.893848979223321 ) ) ;
#1952 = SURFACE_SIDE_STYLE ('',( #3869 ) ) ;
#1953 = DIRECTION ( 'NONE',  ( 1.000000000000000000, 0.000000000000000000, 2.618191646955655209E-47 ) ) ;
#1954 = EDGE_LOOP ( 'NONE', ( #3305, #697, #5441, #6393, #8304, #3144 ) ) ;
#1955 = AXIS2_PLACEMENT_3D ( 'NONE', #6457, #4412, #281 ) ;
#1956 = VECTOR ( 'NONE', #997, 1000.000000000000000 ) ;
#1957 = ADVANCED_FACE ( 'NONE', ( #325 ), #1334, .F. ) ;
#1958 = DIRECTION ( 'NONE',  ( 1.000000000000000000, 0.000000000000000000, 2.618191646955655209E-47 ) ) ;
#1959 = FILL_AREA_STYLE ('',( #3166 ) ) ;
#1960 = SURFACE_STYLE_USAGE ( .BOTH. , #8787 ) ;
#1961 = PRESENTATION_LAYER_ASSIGNMENT (  '', '', ( #5832 ) ) ;
#1962 = SURFACE_STYLE_FILL_AREA ( #3255 ) ;
#1963 = FILL_AREA_STYLE ('',( #2768 ) ) ;
#1964 = FILL_AREA_STYLE_COLOUR ( '', #8007 ) ;
#1965 = PRESENTATION_LAYER_ASSIGNMENT (  '', '', ( #7411 ) ) ;
#1966 = ORIENTED_EDGE ( 'NONE', *, *, #2644, .T. ) ;
#1967 = EDGE_CURVE ( 'NONE', #8488, #1843, #2098, .T. ) ;
#1968 = CARTESIAN_POINT ( 'NONE',  ( 604.0999999999999091, -40.89543020069171320, 1221.712269241877493 ) ) ;
#1969 = DIRECTION ( 'NONE',  ( 0.4074835525897199107, -0.8326166652811937130, 0.3751088416245149104 ) ) ;
#1970 = LINE ( 'NONE', #3307, #8563 ) ;
#1971 = UNCERTAINTY_MEASURE_WITH_UNIT (LENGTH_MEASURE( 1.000000000000000082E-05 ), #3462, 'distance_accuracy_value', 'NONE');
#1972 = ORIENTED_EDGE ( 'NONE', *, *, #2466, .T. ) ;
#1973 = EDGE_CURVE ( 'NONE', #3353, #900, #5237, .T. ) ;
#1974 = MECHANICAL_DESIGN_GEOMETRIC_PRESENTATION_REPRESENTATION (  '', ( #1381 ), #367 ) ;
#1975 = CARTESIAN_POINT ( 'NONE',  ( 606.8374539575490871, -8.157847676728088970, 1184.924966544049084 ) ) ;
#1976 = VERTEX_POINT ( 'NONE', #8018 ) ;
#1977 = DIRECTION ( 'NONE',  ( 1.000000000000000000, -3.123522194620079874E-16, -1.064861060188240078E-15 ) ) ;
#1978 = CARTESIAN_POINT ( 'NONE',  ( 605.9258164341001702, 50.00533763929225728, 1229.851074632413429 ) ) ;
#1979 = PRESENTATION_LAYER_ASSIGNMENT (  '', '', ( #7842 ) ) ;
#1980 = DIRECTION ( 'NONE',  ( 1.000000000000000000, 0.000000000000000000, 2.618191646955655209E-47 ) ) ;
#1981 = MECHANICAL_DESIGN_GEOMETRIC_PRESENTATION_REPRESENTATION (  '', ( #2832 ), #3539 ) ;
#1982 = FILL_AREA_STYLE ('',( #516 ) ) ;
#1983 = LINE ( 'NONE', #4691, #3516 ) ;
#1984 = UNCERTAINTY_MEASURE_WITH_UNIT (LENGTH_MEASURE( 1.000000000000000082E-05 ), #3471, 'distance_accuracy_value', 'NONE');
#1985 = VERTEX_POINT ( 'NONE', #3835 ) ;
#1986 = CARTESIAN_POINT ( 'NONE',  ( 624.2999999999998408, -6.591949208711866959E-14, 1234.999999999999545 ) ) ;
#1987 = CARTESIAN_POINT ( 'NONE',  ( 607.5307736117925970, 37.55624113388006435, 1223.919901603803964 ) ) ;
#1988 = EDGE_LOOP ( 'NONE', ( #3905, #7800, #7184, #4194 ) ) ;
#1989 = COLOUR_RGB ( '',0.7490196078431372584, 0.7490196078431372584, 0.7490196078431372584 ) ;
#1990 = FILL_AREA_STYLE_COLOUR ( '', #976 ) ;
#1991 = CYLINDRICAL_SURFACE ( 'NONE', #5397, 2.499999999999946709 ) ;
#1992 = ORIENTED_EDGE ( 'NONE', *, *, #2294, .F. ) ;
#1993 = VECTOR ( 'NONE', #8082, 1000.000000000000114 ) ;
#1994 = CARTESIAN_POINT ( 'NONE',  ( 605.3769615805126705, -11.64039705568630367, 1185.922390839433319 ) ) ;
#1995 = DIRECTION ( 'NONE',  ( 1.000000000000000000, 0.000000000000000000, 2.618191646955655209E-47 ) ) ;
#1996 = MECHANICAL_DESIGN_GEOMETRIC_PRESENTATION_REPRESENTATION (  '', ( #817 ), #106 ) ;
#1997 = FILL_AREA_STYLE_COLOUR ( '', #447 ) ;
#1998 = AXIS2_PLACEMENT_3D ( 'NONE', #1402, #4093, #8821 ) ;
#1999 = ORIENTED_EDGE ( 'NONE', *, *, #5807, .F. ) ;
#2000 = AXIS2_PLACEMENT_3D ( 'NONE', #3413, #1481, #5624 ) ;
#2001 = CARTESIAN_POINT ( 'NONE',  ( 606.9999999999998863, 38.99999999999993605, 1234.999999999999545 ) ) ;
#2002 = CARTESIAN_POINT ( 'NONE',  ( 603.6047077932308866, -21.00863595376531379, 1186.874084348125507 ) ) ;
#2003 = DIRECTION ( 'NONE',  ( 1.000000000000000000, 0.000000000000000000, 2.618191646955655209E-47 ) ) ;
#2004 = CARTESIAN_POINT ( 'NONE',  ( 607.0999999999999091, 24.57713359194257308, 1267.127691428619300 ) ) ;
#2005 = FILL_AREA_STYLE ('',( #8181 ) ) ;
#2006 = AXIS2_PLACEMENT_3D ( 'NONE', #8381, #3756, #1012 ) ;
#2007 = CARTESIAN_POINT ( 'NONE',  ( 607.5214760960341209, -37.63753053586378172, 1224.053582393936267 ) ) ;
#2008 = VERTEX_POINT ( 'NONE', #1780 ) ;
#2009 = SURFACE_SIDE_STYLE ('',( #8144 ) ) ;
#2010 = SURFACE_SIDE_STYLE ('',( #808 ) ) ;
#2011 = ORIENTED_EDGE ( 'NONE', *, *, #6138, .T. ) ;
#2012 = AXIS2_PLACEMENT_3D ( 'NONE', #6888, #761, #6849 ) ;
#2013 = DIRECTION ( 'NONE',  ( -4.552280931047950800E-17, 0.3090169943749515591, 0.9510565162951521989 ) ) ;
#2014 = EDGE_CURVE ( 'NONE', #6491, #7446, #8616, .T. ) ;
#2015 = CARTESIAN_POINT ( 'NONE',  ( 605.0698408184160826, -9.792172913741428175, 1183.727249111255787 ) ) ;
#2016 = VERTEX_POINT ( 'NONE', #2462 ) ;
#2017 = CARTESIAN_POINT ( 'NONE',  ( 606.9229947327121408, 48.55993370066436654, 1228.471246748831163 ) ) ;
#2018 = CIRCLE ( 'NONE', #2599, 2.999999999999891642 ) ;
#2019 = EDGE_CURVE ( 'NONE', #7734, #7359, #7796, .T. ) ;
#2020 = CARTESIAN_POINT ( 'NONE',  ( 606.8172208108430823, 39.50236544881610001, 1241.427305033511402 ) ) ;
#2021 = CARTESIAN_POINT ( 'NONE',  ( 607.4999999999997726, -1.506812114585097673, 1274.281561904159389 ) ) ;
#2022 = DIRECTION ( 'NONE',  ( 0.000000000000000000, 0.000000000000000000, 1.000000000000000000 ) ) ;
#2023 = EDGE_LOOP ( 'NONE', ( #1743, #4667, #1593, #464 ) ) ;
#2024 = CARTESIAN_POINT ( 'NONE',  ( 605.9730751881437527, -20.41254704537331577, 1189.089580112251269 ) ) ;
#2025 = STYLED_ITEM ( 'NONE', ( #8651 ), #6177 ) ;
#2026 = ADVANCED_FACE ( 'NONE', ( #1173 ), #6940, .F. ) ;
#2027 = ORIENTED_EDGE ( 'NONE', *, *, #3165, .T. ) ;
#2028 = APPLICATION_PROTOCOL_DEFINITION ( 'draft international standard', 'automotive_design', 1998, #1450 ) ;
#2029 = SURFACE_SIDE_STYLE ('',( #1388 ) ) ;
#2030 = ADVANCED_FACE ( 'NONE', ( #1454 ), #6256, .T. ) ;
#2031 = DIRECTION ( 'NONE',  ( -0.000000000000000000, -1.000000000000000000, 0.000000000000000000 ) ) ;
#2032 =( GEOMETRIC_REPRESENTATION_CONTEXT ( 3 ) GLOBAL_UNCERTAINTY_ASSIGNED_CONTEXT ( ( #7613 ) ) GLOBAL_UNIT_ASSIGNED_CONTEXT ( ( #1587, #7063, #5815 ) ) REPRESENTATION_CONTEXT ( 'NONE', 'WORKASPACE' ) );
#2033 = ORIENTED_EDGE ( 'NONE', *, *, #3765, .F. ) ;
#2034 = CARTESIAN_POINT ( 'NONE',  ( 604.4999890201780772, 40.74992680116817922, 1234.903162844878125 ) ) ;
#2035 = DIRECTION ( 'NONE',  ( 0.5150380749100549327, -0.6061088109378288680, -0.6061088109378346411 ) ) ;
#2036 = CARTESIAN_POINT ( 'NONE',  ( 622.2727853570769412, -17.25701399233835787, 1195.267150885054662 ) ) ;
#2037 = DIRECTION ( 'NONE',  ( 0.000000000000000000, 0.000000000000000000, 1.000000000000000000 ) ) ;
#2038 = ORIENTED_EDGE ( 'NONE', *, *, #6575, .T. ) ;
#2039 =( NAMED_UNIT ( * ) SI_UNIT ( $, .STERADIAN. ) SOLID_ANGLE_UNIT ( ) );
#2040 =( NAMED_UNIT ( * ) PLANE_ANGLE_UNIT ( ) SI_UNIT ( $, .RADIAN. ) );
#2041 = FILL_AREA_STYLE ('',( #6292 ) ) ;
#2042 =( NAMED_UNIT ( * ) SI_UNIT ( $, .STERADIAN. ) SOLID_ANGLE_UNIT ( ) );
#2043 = DIRECTION ( 'NONE',  ( 1.000000000000000000, 9.162209061965000063E-16, -6.261247779448849444E-16 ) ) ;
#2044 = DIRECTION ( 'NONE',  ( 1.000000000000000000, 0.000000000000000000, 0.000000000000000000 ) ) ;
#2045 = CARTESIAN_POINT ( 'NONE',  ( 634.9999999999997726, 20.70266952966373708, 1217.322330470336738 ) ) ;
#2046 = DIRECTION ( 'NONE',  ( -1.000000000000000000, 0.000000000000000000, -2.618191646955655209E-47 ) ) ;
#2047 =( GEOMETRIC_REPRESENTATION_CONTEXT ( 3 ) GLOBAL_UNCERTAINTY_ASSIGNED_CONTEXT ( ( #7698 ) ) GLOBAL_UNIT_ASSIGNED_CONTEXT ( ( #7352, #2683, #6593 ) ) REPRESENTATION_CONTEXT ( 'NONE', 'WORKASPACE' ) );
#2048 = CARTESIAN_POINT ( 'NONE',  ( 610.9953676556920072, 48.03650030224891765, 1240.694898167943848 ) ) ;
#2049 = ORIENTED_EDGE ( 'NONE', *, *, #3650, .T. ) ;
#2050 = LINE ( 'NONE', #4772, #2335 ) ;
#2051 = CARTESIAN_POINT ( 'NONE',  ( 603.4516392267048559, 38.57672944087119049, 1234.334304884723679 ) ) ;
#2052 = SURFACE_SIDE_STYLE ('',( #8148 ) ) ;
#2053 = UNCERTAINTY_MEASURE_WITH_UNIT (LENGTH_MEASURE( 1.000000000000000082E-05 ), #8393, 'distance_accuracy_value', 'NONE');
#2054 = ORIENTED_EDGE ( 'NONE', *, *, #2669, .F. ) ;
#2055 = EDGE_CURVE ( 'NONE', #7446, #3016, #4210, .T. ) ;
#2056 = ORIENTED_EDGE ( 'NONE', *, *, #792, .T. ) ;
#2057 = CARTESIAN_POINT ( 'NONE',  ( 608.9607345775378917, -3.358357423799665842, 1197.187094177166728 ) ) ;
#2058 = CARTESIAN_POINT ( 'NONE',  ( 605.6324285854412892, 51.43724160834365478, 1241.962001553421260 ) ) ;
#2059 = SURFACE_SIDE_STYLE ('',( #2154 ) ) ;
#2060 = SURFACE_STYLE_USAGE ( .BOTH. , #2236 ) ;
#2061 = CARTESIAN_POINT ( 'NONE',  ( 604.0999999999999091, -38.15000223964209169, 1248.446240412995621 ) ) ;
#2062 = ORIENTED_EDGE ( 'NONE', *, *, #507, .F. ) ;
#2063 =( GEOMETRIC_REPRESENTATION_CONTEXT ( 3 ) GLOBAL_UNCERTAINTY_ASSIGNED_CONTEXT ( ( #4207 ) ) GLOBAL_UNIT_ASSIGNED_CONTEXT ( ( #7200, #5102, #3689 ) ) REPRESENTATION_CONTEXT ( 'NONE', 'WORKASPACE' ) );
#2064 = SURFACE_STYLE_FILL_AREA ( #3577 ) ;
#2065 = UNCERTAINTY_MEASURE_WITH_UNIT (LENGTH_MEASURE( 1.000000000000000082E-05 ), #8584, 'distance_accuracy_value', 'NONE');
#2066 = COLOUR_RGB ( '',0.7490196078431372584, 0.7490196078431372584, 0.7490196078431372584 ) ;
#2067 = EDGE_CURVE ( 'NONE', #4129, #386, #3345, .T. ) ;
#2068 = FACE_OUTER_BOUND ( 'NONE', #8056, .T. ) ;
#2069 = ORIENTED_EDGE ( 'NONE', *, *, #1289, .F. ) ;
#2070 = PRESENTATION_STYLE_ASSIGNMENT (( #3318 ) ) ;
#2071 = SURFACE_STYLE_USAGE ( .BOTH. , #7587 ) ;
#2073 = EDGE_CURVE ( 'NONE', #3858, #7190, #1190, .T. ) ;
#2072 = ORIENTED_EDGE ( 'NONE', *, *, #7946, .F. ) ;
#2074 = PRESENTATION_STYLE_ASSIGNMENT (( #6876 ) ) ;
#2075 = STYLED_ITEM ( 'NONE', ( #4671 ), #2030 ) ;
#2076 = CARTESIAN_POINT ( 'NONE',  ( 623.9999999999998863, 23.23223304703357783, 1233.232233047033333 ) ) ;
#2077 = ADVANCED_FACE ( 'NONE', ( #2093 ), #6659, .F. ) ;
#2078 = SURFACE_STYLE_USAGE ( .BOTH. , #621 ) ;
#2079 = ORIENTED_EDGE ( 'NONE', *, *, #3047, .F. ) ;
#2080 = CARTESIAN_POINT ( 'NONE',  ( 606.4308871569140820, -10.15752660943211438, 1184.535777961640633 ) ) ;
#2081 = EDGE_CURVE ( 'NONE', #7630, #178, #7801, .T. ) ;
#2082 = DIRECTION ( 'NONE',  ( 1.000000000000000000, 0.000000000000000000, -1.271368967841055707E-16 ) ) ;
#2083 = SURFACE_STYLE_USAGE ( .BOTH. , #2130 ) ;
#2084 =( GEOMETRIC_REPRESENTATION_CONTEXT ( 3 ) GLOBAL_UNCERTAINTY_ASSIGNED_CONTEXT ( ( #946 ) ) GLOBAL_UNIT_ASSIGNED_CONTEXT ( ( #5508, #6968, #4718 ) ) REPRESENTATION_CONTEXT ( 'NONE', 'WORKASPACE' ) );
#2085 = FILL_AREA_STYLE ('',( #8216 ) ) ;
#2086 = FACE_OUTER_BOUND ( 'NONE', #2620, .T. ) ;
#2087 = DIRECTION ( 'NONE',  ( 0.000000000000000000, 0.000000000000000000, -1.000000000000000000 ) ) ;
#2088 = MECHANICAL_DESIGN_GEOMETRIC_PRESENTATION_REPRESENTATION (  '', ( #636 ), #7099 ) ;
#2089 = CARTESIAN_POINT ( 'NONE',  ( 606.9999999999998863, 52.61907039215403614, 1228.385621722338556 ) ) ;
#2090 = FACE_OUTER_BOUND ( 'NONE', #2626, .T. ) ;
#2091 = FACE_OUTER_BOUND ( 'NONE', #4354, .T. ) ;
#2092 = CARTESIAN_POINT ( 'NONE',  ( 617.4889613857303630, 48.25264363156792058, 1236.589799899752734 ) ) ;
#2093 = FACE_OUTER_BOUND ( 'NONE', #831, .T. ) ;
#2094 = CYLINDRICAL_SURFACE ( 'NONE', #7442, 2.499999999999998668 ) ;
#2095 = ORIENTED_EDGE ( 'NONE', *, *, #2468, .F. ) ;
#2096 = CARTESIAN_POINT ( 'NONE',  ( 614.4999999999997726, 36.99999999999993605, 1234.999999999999545 ) ) ;
#2097 = AXIS2_PLACEMENT_3D ( 'NONE', #7209, #1043, #3701 ) ;
#2098 = B_SPLINE_CURVE_WITH_KNOTS ( 'NONE', 3,
 ( #5253, #8698, #1137, #6633, #1215, #2550, #1094, #5301 ),
 .UNSPECIFIED., .F., .F.,
 ( 4, 2, 2, 4 ),
 ( 0.001845358604726634721, 0.002307388060524878139, 0.002769417516323121123, 0.003693476427919607959 ),
 .UNSPECIFIED. ) ;
#2099 = CARTESIAN_POINT ( 'NONE',  ( 608.6674667257428837, 38.48014767978463624, 1242.170822591078604 ) ) ;
#2100 = DIRECTION ( 'NONE',  ( 0.000000000000000000, -0.3633220134397244228, 0.9316636273624213649 ) ) ;
#2101 = ORIENTED_EDGE ( 'NONE', *, *, #8247, .F. ) ;
#2102 = PRESENTATION_STYLE_ASSIGNMENT (( #1418 ) ) ;
#2103 = DIRECTION ( 'NONE',  ( 0.000000000000000000, 2.602085213965208433E-14, 1.000000000000000000 ) ) ;
#2104 = DIRECTION ( 'NONE',  ( 2.126226658603510571E-31, 0.3090169943749516146, 0.9510565162951523099 ) ) ;
#2105 = CYLINDRICAL_SURFACE ( 'NONE', #4205, 2.499999999999968914 ) ;
#2106 = SURFACE_STYLE_USAGE ( .BOTH. , #7452 ) ;
#2107 =( NAMED_UNIT ( * ) SI_UNIT ( $, .STERADIAN. ) SOLID_ANGLE_UNIT ( ) );
#2108 = CIRCLE ( 'NONE', #8275, 37.56007651763759725 ) ;
#2109 = VERTEX_POINT ( 'NONE', #6306 ) ;
#2110 = CARTESIAN_POINT ( 'NONE',  ( 606.2176002191991984, -21.24067002372804325, 1187.835998605047052 ) ) ;
#2111 = CIRCLE ( 'NONE', #6406, 52.51158483581619407 ) ;
#2112 = MECHANICAL_DESIGN_GEOMETRIC_PRESENTATION_REPRESENTATION (  '', ( #4818 ), #4527 ) ;
#2113 = ORIENTED_EDGE ( 'NONE', *, *, #4580, .T. ) ;
#2114 = B_SPLINE_CURVE_WITH_KNOTS ( 'NONE', 3,
 ( #1326, #6603, #4599, #427 ),
 .UNSPECIFIED., .F., .F.,
 ( 4, 4 ),
 ( 0.007916500103016753040, 0.009513959167009844106 ),
 .UNSPECIFIED. ) ;
#2115 = PRESENTATION_LAYER_ASSIGNMENT (  '', '', ( #7555 ) ) ;
#2116 = DIRECTION ( 'NONE',  ( -1.000000000000000000, 0.000000000000000000, -2.618191646955655209E-47 ) ) ;
#2117 = FILL_AREA_STYLE_COLOUR ( '', #2699 ) ;
#2118 = CYLINDRICAL_SURFACE ( 'NONE', #5008, 1.500000000000056843 ) ;
#2119 = VERTEX_POINT ( 'NONE', #125 ) ;
#2120 = CARTESIAN_POINT ( 'NONE',  ( 604.6131400333568990, 42.24999999999994316, 1236.499999999999773 ) ) ;
#2121 = CARTESIAN_POINT ( 'NONE',  ( 614.5000000000007958, -20.26026495595302990, 1191.074393682661139 ) ) ;
#2122 = EDGE_LOOP ( 'NONE', ( #1270, #198, #4887, #1070 ) ) ;
#2123 = EDGE_CURVE ( 'NONE', #8171, #6951, #3919, .T. ) ;
#2124 = CARTESIAN_POINT ( 'NONE',  ( 607.1043649601765537, -7.883657095545032689, 1185.346422821345868 ) ) ;
#2125 = EDGE_CURVE ( 'NONE', #4374, #2650, #472, .T. ) ;
#2126 = FILL_AREA_STYLE_COLOUR ( '', #5871 ) ;
#2127 = AXIS2_PLACEMENT_3D ( 'NONE', #8543, #5977, #8728 ) ;
#2128 =( NAMED_UNIT ( * ) SI_UNIT ( $, .STERADIAN. ) SOLID_ANGLE_UNIT ( ) );
#2129 = MECHANICAL_DESIGN_GEOMETRIC_PRESENTATION_REPRESENTATION (  '', ( #5575 ), #2420 ) ;
#2130 = SURFACE_SIDE_STYLE ('',( #2719 ) ) ;
#2131 = AXIS2_PLACEMENT_3D ( 'NONE', #6669, #5166, #7394 ) ;
#2132 = EDGE_CURVE ( 'NONE', #2861, #915, #8528, .T. ) ;
#2133 = CARTESIAN_POINT ( 'NONE',  ( 623.9999999999998863, -17.67766952966396943, 1252.677669529663717 ) ) ;
#2134 =( GEOMETRIC_REPRESENTATION_CONTEXT ( 3 ) GLOBAL_UNCERTAINTY_ASSIGNED_CONTEXT ( ( #1224 ) ) GLOBAL_UNIT_ASSIGNED_CONTEXT ( ( #3778, #1776, #7254 ) ) REPRESENTATION_CONTEXT ( 'NONE', 'WORKASPACE' ) );
#2135 = CARTESIAN_POINT ( 'NONE',  ( 604.0999999999999091, 38.76750196085075117, 1246.545771686821581 ) ) ;
#2136 = EDGE_CURVE ( 'NONE', #6875, #22, #901, .T. ) ;
#2137 =( LENGTH_UNIT ( ) NAMED_UNIT ( * ) SI_UNIT ( .MILLI., .METRE. ) );
#2138 = CARTESIAN_POINT ( 'NONE',  ( 614.4999999999990905, -6.194206114629849047, 1191.672626709947053 ) ) ;
#2139 = VERTEX_POINT ( 'NONE', #3726 ) ;
#2140 = STYLED_ITEM ( 'NONE', ( #1864 ), #5061 ) ;
#2141 = EDGE_CURVE ( 'NONE', #763, #1386, #5243, .T. ) ;
#2142 =( GEOMETRIC_REPRESENTATION_CONTEXT ( 3 ) GLOBAL_UNCERTAINTY_ASSIGNED_CONTEXT ( ( #7445 ) ) GLOBAL_UNIT_ASSIGNED_CONTEXT ( ( #5155, #1729, #3119 ) ) REPRESENTATION_CONTEXT ( 'NONE', 'WORKASPACE' ) );
#2143 = AXIS2_PLACEMENT_3D ( 'NONE', #1389, #8297, #7589 ) ;
#2144 = CARTESIAN_POINT ( 'NONE',  ( 603.3950822125647164, 38.57672941667648558, 1232.559210324092874 ) ) ;
#2145 = FILL_AREA_STYLE_COLOUR ( '', #3108 ) ;
#2146 = UNCERTAINTY_MEASURE_WITH_UNIT (LENGTH_MEASURE( 1.000000000000000082E-05 ), #4646, 'distance_accuracy_value', 'NONE');
#2147 = VERTEX_POINT ( 'NONE', #5141 ) ;
#2148 = AXIS2_PLACEMENT_3D ( 'NONE', #1111, #7943, #4560 ) ;
#2149 = SURFACE_STYLE_FILL_AREA ( #7705 ) ;
#2150 = AXIS2_PLACEMENT_3D ( 'NONE', #4689, #6645, #1841 ) ;
#2151 = EDGE_CURVE ( 'NONE', #5925, #2854, #5325, .T. ) ;
#2152 = CARTESIAN_POINT ( 'NONE',  ( 607.0999999999999091, 25.27476584857618747, 1269.787730758122734 ) ) ;
#2153 = CARTESIAN_POINT ( 'NONE',  ( 606.1375378533998628, 49.83550581890913378, 1240.485682054845483 ) ) ;
#2154 = SURFACE_STYLE_FILL_AREA ( #6146 ) ;
#2155 = DIRECTION ( 'NONE',  ( 0.000000000000000000, 0.000000000000000000, -1.000000000000000000 ) ) ;
#2156 = LINE ( 'NONE', #189, #3788 ) ;
#2157 = DIRECTION ( 'NONE',  ( 0.000000000000000000, 0.000000000000000000, 1.000000000000000000 ) ) ;
#2158 = UNCERTAINTY_MEASURE_WITH_UNIT (LENGTH_MEASURE( 1.000000000000000082E-05 ), #8812, 'distance_accuracy_value', 'NONE');
#2159 = CARTESIAN_POINT ( 'NONE',  ( 607.6911936010009185, 38.49999950613828048, 1230.799981497527597 ) ) ;
#2160 = ORIENTED_EDGE ( 'NONE', *, *, #1967, .F. ) ;
#2161 = CIRCLE ( 'NONE', #5022, 4.000000000000003553 ) ;
#2162 = CARTESIAN_POINT ( 'NONE',  ( 602.9956026493454146, -12.89767533286058665, 1184.073359317915447 ) ) ;
#2163 = FILL_AREA_STYLE ('',( #5580 ) ) ;
#2164 = ORIENTED_EDGE ( 'NONE', *, *, #4256, .F. ) ;
#2165 = CARTESIAN_POINT ( 'NONE',  ( 603.6047077932308866, 52.26249122173543071, 1240.108674316016504 ) ) ;
#2166 = CARTESIAN_POINT ( 'NONE',  ( 604.4997795672694565, -16.28227175772703461, 1187.149638516895038 ) ) ;
#2167 = DIRECTION ( 'NONE',  ( 1.000000000000000000, -3.123522194619931469E-16, -1.064861060188244811E-15 ) ) ;
#2168 = SURFACE_SIDE_STYLE ('',( #75 ) ) ;
#2169 = ORIENTED_EDGE ( 'NONE', *, *, #8310, .F. ) ;
#2170 = CARTESIAN_POINT ( 'NONE',  ( 606.7869706196141806, -8.208745431011712057, 1184.853574861525431 ) ) ;
#2171 = DIRECTION ( 'NONE',  ( 1.000000000000000000, 0.000000000000000000, 2.618191646955655209E-47 ) ) ;
#2172 = AXIS2_PLACEMENT_3D ( 'NONE', #5848, #5185, #1758 ) ;
#2173 = SURFACE_STYLE_FILL_AREA ( #4088 ) ;
#2174 = ORIENTED_EDGE ( 'NONE', *, *, #8045, .F. ) ;
#2175 = FILL_AREA_STYLE ('',( #5599 ) ) ;
#2176 = EDGE_CURVE ( 'NONE', #5387, #4222, #2738, .T. ) ;
#2177 = DIRECTION ( 'NONE',  ( 1.000000000000000000, 0.000000000000000000, -2.618191646955655209E-47 ) ) ;
#2178 = PRESENTATION_STYLE_ASSIGNMENT (( #1360 ) ) ;
#2179 = CARTESIAN_POINT ( 'NONE',  ( 614.4999999999997726, -14.90675698565364549, 1189.121719432582722 ) ) ;
#2180 = DIRECTION ( 'NONE',  ( 0.000000000000000000, 0.9510565162951640783, -0.3090169943749149217 ) ) ;
#2181 = ORIENTED_EDGE ( 'NONE', *, *, #1011, .T. ) ;
#2182 = CARTESIAN_POINT ( 'NONE',  ( 634.9999999999997726, -6.591949208711866959E-14, 1259.999999999999773 ) ) ;
#2183 = DIRECTION ( 'NONE',  ( 0.000000000000000000, 0.000000000000000000, 1.000000000000000000 ) ) ;
#2184 = EDGE_CURVE ( 'NONE', #123, #6512, #7863, .T. ) ;
#2185 =( NAMED_UNIT ( * ) SI_UNIT ( $, .STERADIAN. ) SOLID_ANGLE_UNIT ( ) );
#2186 = EDGE_CURVE ( 'NONE', #1008, #3970, #1643, .T. ) ;
#2187 = ORIENTED_EDGE ( 'NONE', *, *, #3384, .T. ) ;
#2188 = PRESENTATION_LAYER_ASSIGNMENT (  '', '', ( #591 ) ) ;
#2189 = EDGE_CURVE ( 'NONE', #4508, #4633, #674, .T. ) ;
#2190 = CARTESIAN_POINT ( 'NONE',  ( 604.0999999999999091, -0.9991355369594924207, 1280.562074975246105 ) ) ;
#2191 = DIRECTION ( 'NONE',  ( 1.000000000000000000, -0.000000000000000000, 2.618191646955655209E-47 ) ) ;
#2192 = DIRECTION ( 'NONE',  ( 0.000000000000000000, 0.000000000000000000, -1.000000000000000000 ) ) ;
#2193 = CARTESIAN_POINT ( 'NONE',  ( 624.9999999999998863, -6.591949208711866959E-14, 1234.999999999999545 ) ) ;
#2194 = CARTESIAN_POINT ( 'NONE',  ( 607.1556735176840220, 39.49298338643225748, 1241.788180483769111 ) ) ;
#2195 = PRESENTATION_LAYER_ASSIGNMENT (  '', '', ( #7205 ) ) ;
#2196 = CYLINDRICAL_SURFACE ( 'NONE', #8337, 2.499999999999959144 ) ;
#2197 = CARTESIAN_POINT ( 'NONE',  ( 606.4690233198126634, 38.52037636875058269, 1229.901900402563115 ) ) ;
#2198 = CARTESIAN_POINT ( 'NONE',  ( 634.9999999999997726, -6.386820869854684955E-14, 1251.749999999999773 ) ) ;
#2199 = CIRCLE ( 'NONE', #2778, 4.000000000000079048 ) ;
#2200 = VERTEX_POINT ( 'NONE', #8674 ) ;
#2201 = CARTESIAN_POINT ( 'NONE',  ( 607.4999999999997726, -25.27476584857656761, 1269.787730758122734 ) ) ;
#2202 = EDGE_LOOP ( 'NONE', ( #3008, #8389, #7962, #5710 ) ) ;
#2203 = DIRECTION ( 'NONE',  ( -1.000000000000000000, 0.000000000000000000, -2.618191646955655209E-47 ) ) ;
#2204 = SURFACE_SIDE_STYLE ('',( #3500 ) ) ;
#2205 = CARTESIAN_POINT ( 'NONE',  ( 606.3092534645777505, -17.42976345557765683, 1199.929598956279051 ) ) ;
#2206 = PRESENTATION_LAYER_ASSIGNMENT (  '', '', ( #1485 ) ) ;
#2207 = ORIENTED_EDGE ( 'NONE', *, *, #8694, .T. ) ;
#2208 =( LENGTH_UNIT ( ) NAMED_UNIT ( * ) SI_UNIT ( .MILLI., .METRE. ) );
#2209 = FILL_AREA_STYLE_COLOUR ( '', #6289 ) ;
#2210 = CARTESIAN_POINT ( 'NONE',  ( 623.9999999999998863, 20.17766952966373495, 1217.322330470336738 ) ) ;
#2211 = VERTEX_POINT ( 'NONE', #7130 ) ;
#2212 = AXIS2_PLACEMENT_3D ( 'NONE', #8379, #2333, #5749 ) ;
#2213 = SURFACE_STYLE_FILL_AREA ( #983 ) ;
#2214 = CARTESIAN_POINT ( 'NONE',  ( 605.4999999999997726, 52.61907039215403614, 1242.937253933193688 ) ) ;
#2215 = DIRECTION ( 'NONE',  ( 0.000000000000000000, 0.000000000000000000, 1.000000000000000000 ) ) ;
#2216 = COLOUR_RGB ( '',0.7490196078431372584, 0.7490196078431372584, 0.7490196078431372584 ) ;
#2217 = FILL_AREA_STYLE ('',( #3385 ) ) ;
#2218 = PRESENTATION_STYLE_ASSIGNMENT (( #6490 ) ) ;
#2219 = CARTESIAN_POINT ( 'NONE',  ( 604.5711370221572452, 44.66588926247750635, 1236.191922239466066 ) ) ;
#2220 = CARTESIAN_POINT ( 'NONE',  ( 607.0999999999999091, -0.9991355369593966085, 1194.562074975246105 ) ) ;
#2221 = ORIENTED_EDGE ( 'NONE', *, *, #1011, .F. ) ;
#2222 = FACE_BOUND ( 'NONE', #1154, .T. ) ;
#2223 = DIRECTION ( 'NONE',  ( 0.000000000000000000, 0.000000000000000000, 1.000000000000000000 ) ) ;
#2224 = UNCERTAINTY_MEASURE_WITH_UNIT (LENGTH_MEASURE( 1.000000000000000082E-05 ), #211, 'distance_accuracy_value', 'NONE');
#2225 = ORIENTED_EDGE ( 'NONE', *, *, #122, .T. ) ;
#2226 = MECHANICAL_DESIGN_GEOMETRIC_PRESENTATION_REPRESENTATION (  '', ( #6100 ), #635 ) ;
#2227 = DIRECTION ( 'NONE',  ( 1.000000000000000000, 0.000000000000000000, 2.618191646955655209E-47 ) ) ;
#2228 = CARTESIAN_POINT ( 'NONE',  ( 604.0999999999999091, -43.64085816174094390, 1248.129221103249620 ) ) ;
#2229 = CARTESIAN_POINT ( 'NONE',  ( 604.0999999999999091, 22.96049833377463401, 1201.697754304047976 ) ) ;
#2230 = VECTOR ( 'NONE', #8372, 999.9999999999998863 ) ;
#2231 = SURFACE_STYLE_FILL_AREA ( #3653 ) ;
#2232 =( NAMED_UNIT ( * ) SI_UNIT ( $, .STERADIAN. ) SOLID_ANGLE_UNIT ( ) );
#2233 = PRESENTATION_LAYER_ASSIGNMENT (  '', '', ( #489 ) ) ;
#2234 = EDGE_CURVE ( 'NONE', #4990, #7297, #1047, .T. ) ;
#2235 = CIRCLE ( 'NONE', #8546, 2.750000000000117240 ) ;
#2236 = SURFACE_SIDE_STYLE ('',( #1513 ) ) ;
#2237 = ADVANCED_FACE ( 'NONE', ( #5835 ), #3662, .F. ) ;
#2238 =( LENGTH_UNIT ( ) NAMED_UNIT ( * ) SI_UNIT ( .MILLI., .METRE. ) );
#2239 = UNCERTAINTY_MEASURE_WITH_UNIT (LENGTH_MEASURE( 1.000000000000000082E-05 ), #510, 'distance_accuracy_value', 'NONE');
#2240 = COLOUR_RGB ( '',0.7490196078431372584, 0.7490196078431372584, 0.7490196078431372584 ) ;
#2241 = CARTESIAN_POINT ( 'NONE',  ( 607.4999999999962483, -21.86911960815606193, 1267.666991199912673 ) ) ;
#2242 = ORIENTED_EDGE ( 'NONE', *, *, #6293, .T. ) ;
#2243 =( NAMED_UNIT ( * ) PLANE_ANGLE_UNIT ( ) SI_UNIT ( $, .RADIAN. ) );
#2244 = FACE_OUTER_BOUND ( 'NONE', #8646, .T. ) ;
#2245 = STYLED_ITEM ( 'NONE', ( #2074 ), #527 ) ;
#2246 =( NAMED_UNIT ( * ) PLANE_ANGLE_UNIT ( ) SI_UNIT ( $, .RADIAN. ) );
#2247 = STYLED_ITEM ( 'NONE', ( #5288 ), #8724 ) ;
#2248 = ORIENTED_EDGE ( 'NONE', *, *, #5484, .T. ) ;
#2249 = FILL_AREA_STYLE_COLOUR ( '', #6559 ) ;
#2250 = CARTESIAN_POINT ( 'NONE',  ( 602.5524870479284800, -15.81535007614955113, 1184.895834182159660 ) ) ;
#2251 = CARTESIAN_POINT ( 'NONE',  ( 634.4749999999997954, -20.17766952966396943, 1252.677669529663717 ) ) ;
#2252 = VERTEX_POINT ( 'NONE', #5175 ) ;
#2253 = AXIS2_PLACEMENT_3D ( 'NONE', #684, #4192, #2100 ) ;
#2254 = CARTESIAN_POINT ( 'NONE',  ( 607.9999999999998863, -16.02300943028801328, 1170.594231326548652 ) ) ;
#2255 = SURFACE_SIDE_STYLE ('',( #1534 ) ) ;
#2256 = CARTESIAN_POINT ( 'NONE',  ( 606.2270374124564114, -22.73904103279781097, 1188.844869865773717 ) ) ;
#2257 = DIRECTION ( 'NONE',  ( 2.775557561562889810E-17, 8.815909524110140548E-19, -1.000000000000000000 ) ) ;
#2258 = DIRECTION ( 'NONE',  ( 1.000000000000000000, 0.000000000000000000, 2.618191646955655209E-47 ) ) ;
#2259 =( GEOMETRIC_REPRESENTATION_CONTEXT ( 3 ) GLOBAL_UNCERTAINTY_ASSIGNED_CONTEXT ( ( #8428 ) ) GLOBAL_UNIT_ASSIGNED_CONTEXT ( ( #255, #3763, #1665 ) ) REPRESENTATION_CONTEXT ( 'NONE', 'WORKASPACE' ) );
#2260 = ORIENTED_EDGE ( 'NONE', *, *, #5274, .T. ) ;
#2261 = MECHANICAL_DESIGN_GEOMETRIC_PRESENTATION_REPRESENTATION (  '', ( #7703 ), #1834 ) ;
#2262 = VECTOR ( 'NONE', #3007, 999.9999999999998863 ) ;
#2263 = SURFACE_STYLE_FILL_AREA ( #7688 ) ;
#2264 = MECHANICAL_DESIGN_GEOMETRIC_PRESENTATION_REPRESENTATION (  '', ( #7280 ), #669 ) ;
#2265 = FILL_AREA_STYLE ('',( #354 ) ) ;
#2266 = CARTESIAN_POINT ( 'NONE',  ( 622.3584144640069553, -10.22088905124960689, 1190.017171591908664 ) ) ;
#2267 = SURFACE_STYLE_FILL_AREA ( #893 ) ;
#2268 =( BOUNDED_SURFACE ( )  B_SPLINE_SURFACE ( 3, 3, ( 
 ( #6971, #3344, #723, #1496 ),
 ( #5602, #7565, #41, #3469 ),
 ( #6889, #5513, #2048, #8223 ),
 ( #7649, #6797, #638, #2809 ),
 ( #5424, #4866, #8140, #2679 ),
 ( #762, #4098, #6215, #2092 ),
 ( #3512, #6850, #1409, #6087 ) ),
 .UNSPECIFIED., .F., .F., .T. ) 
 B_SPLINE_SURFACE_WITH_KNOTS ( ( 4, 3, 4 ),
 ( 4, 4 ),
 ( 0.000000000000000000, 1.000000000000000000, 2.000000000000000000 ),
 ( 0.000000000000000000, 1.000000000000000000 ),
 .UNSPECIFIED. ) 
 GEOMETRIC_REPRESENTATION_ITEM ( )  RATIONAL_B_SPLINE_SURFACE ( (
 ( 1.377595011997999830, 1.123818639325999902, 1.123818639325999902, 1.377595011997999830),
 ( 1.087884123068999953, 0.8874774112015999528, 0.8874774112015999528, 1.087884123068999953),
 ( 1.087884123068999953, 0.8874774112015999528, 0.8874774112015999528, 1.087884123068999953),
 ( 1.377595011997999830, 1.123818639325999902, 1.123818639325999902, 1.377595011997999830),
 ( 1.087884123068999953, 0.8874774112015999528, 0.8874774112015999528, 1.087884123068999953),
 ( 1.087884123068999953, 0.8874774112015999528, 0.8874774112015999528, 1.087884123068999953),
 ( 1.377595011997999830, 1.123818639325999902, 1.123818639325999902, 1.377595011997999830) ) ) 
 REPRESENTATION_ITEM ( '' )  SURFACE ( )  );
#2269 = SURFACE_STYLE_USAGE ( .BOTH. , #170 ) ;
#2270 =( NAMED_UNIT ( * ) PLANE_ANGLE_UNIT ( ) SI_UNIT ( $, .RADIAN. ) );
#2271 = VERTEX_POINT ( 'NONE', #7896 ) ;
#2272 =( LENGTH_UNIT ( ) NAMED_UNIT ( * ) SI_UNIT ( .MILLI., .METRE. ) );
#2273 = MECHANICAL_DESIGN_GEOMETRIC_PRESENTATION_REPRESENTATION (  '', ( #7294 ), #8578 ) ;
#2274 =( LENGTH_UNIT ( ) NAMED_UNIT ( * ) SI_UNIT ( .MILLI., .METRE. ) );
#2275 = VERTEX_POINT ( 'NONE', #7038 ) ;
#2276 = AXIS2_PLACEMENT_3D ( 'NONE', #5386, #6089, #7566 ) ;
#2277 = CARTESIAN_POINT ( 'NONE',  ( 602.3999999999998636, -6.591949208711866959E-14, 1234.999999999999545 ) ) ;
#2278 = DIRECTION ( 'NONE',  ( 0.4074835525897193556, -0.09945700877523205863, -0.9077805118938965245 ) ) ;
#2279 = CARTESIAN_POINT ( 'NONE',  ( 607.5000000000000000, 38.75292420032759821, 1241.762597068439391 ) ) ;
#2280 = SURFACE_STYLE_USAGE ( .BOTH. , #6539 ) ;
#2281 = LINE ( 'NONE', #5654, #1925 ) ;
#2282 = CIRCLE ( 'NONE', #5724, 2.499999999999946709 ) ;
#2283 = FILL_AREA_STYLE_COLOUR ( '', #1247 ) ;
#2284 = FILL_AREA_STYLE_COLOUR ( '', #440 ) ;
#2285 = FILL_AREA_STYLE_COLOUR ( '', #4760 ) ;
#2286 = LINE ( 'NONE', #6942, #2230 ) ;
#2287 = DIRECTION ( 'NONE',  ( 1.000000000000000000, 0.000000000000000000, 2.618191646955655209E-47 ) ) ;
#2288 = STYLED_ITEM ( 'NONE', ( #7995 ), #5480 ) ;
#2289 = PRESENTATION_LAYER_ASSIGNMENT (  '', '', ( #7456 ) ) ;
#2290 = EDGE_CURVE ( 'NONE', #4822, #6689, #4935, .T. ) ;
#2291 = AXIS2_PLACEMENT_3D ( 'NONE', #5603, #6307, #171 ) ;
#2292 = CARTESIAN_POINT ( 'NONE',  ( 604.0999999999999091, -0.9991355369594853153, 1280.562074975246105 ) ) ;
#2293 = EDGE_LOOP ( 'NONE', ( #6339, #4707, #3339, #1666 ) ) ;
#2294 = EDGE_CURVE ( 'NONE', #7699, #3329, #7227, .T. ) ;
#2295 = CARTESIAN_POINT ( 'NONE',  ( 634.9999999999997726, -6.591949208711866959E-14, 1234.999999999999545 ) ) ;
#2296 = FACE_OUTER_BOUND ( 'NONE', #6026, .T. ) ;
#2297 = DIRECTION ( 'NONE',  ( 0.5150380749100549327, -1.049727191138618203E-16, -0.8571673007021118895 ) ) ;
#2298 = EDGE_LOOP ( 'NONE', ( #5259, #8043, #1390 ) ) ;
#2299 = EDGE_CURVE ( 'NONE', #7289, #3392, #8363, .T. ) ;
#2300 = PRESENTATION_LAYER_ASSIGNMENT (  '', '', ( #7461 ) ) ;
#2301 = ORIENTED_EDGE ( 'NONE', *, *, #6848, .F. ) ;
#2302 = ADVANCED_FACE ( 'NONE', ( #6468 ), #4535, .T. ) ;
#2303 = SURFACE_STYLE_FILL_AREA ( #7862 ) ;
#2304 = LINE ( 'NONE', #7774, #9 ) ;
#2305 = COLOUR_RGB ( '',0.7490196078431372584, 0.7490196078431372584, 0.7490196078431372584 ) ;
#2306 = EDGE_LOOP ( 'NONE', ( #2438, #3829, #4010, #8877 ) ) ;
#2307 = SURFACE_SIDE_STYLE ('',( #2263 ) ) ;
#2308 =( NAMED_UNIT ( * ) PLANE_ANGLE_UNIT ( ) SI_UNIT ( $, .RADIAN. ) );
#2309 =( NAMED_UNIT ( * ) SI_UNIT ( $, .STERADIAN. ) SOLID_ANGLE_UNIT ( ) );
#2310 =( NAMED_UNIT ( * ) PLANE_ANGLE_UNIT ( ) SI_UNIT ( $, .RADIAN. ) );
#2311 = DIRECTION ( 'NONE',  ( 0.000000000000000000, 0.000000000000000000, 1.000000000000000000 ) ) ;
#2312 =( NAMED_UNIT ( * ) SI_UNIT ( $, .STERADIAN. ) SOLID_ANGLE_UNIT ( ) );
#2313 = ORIENTED_EDGE ( 'NONE', *, *, #3650, .F. ) ;
#2314 = SURFACE_STYLE_USAGE ( .BOTH. , #1638 ) ;
#2315 = MECHANICAL_DESIGN_GEOMETRIC_PRESENTATION_REPRESENTATION (  '', ( #286 ), #3320 ) ;
#2316 = CARTESIAN_POINT ( 'NONE',  ( 604.7939022483622011, 50.44792753473398506, 1232.567623521126279 ) ) ;
#2317 = UNCERTAINTY_MEASURE_WITH_UNIT (LENGTH_MEASURE( 1.000000000000000082E-05 ), #1304, 'distance_accuracy_value', 'NONE');
#2318 = ORIENTED_EDGE ( 'NONE', *, *, #521, .F. ) ;
#2319 = B_SPLINE_CURVE_WITH_KNOTS ( 'NONE', 3,
 ( #3480, #53, #814, #2943, #6358, #8323 ),
 .UNSPECIFIED., .F., .F.,
 ( 4, 2, 4 ),
 ( 0.003562144415347284938, 0.004154572466836941105, 0.004747000518326597272 ),
 .UNSPECIFIED. ) ;
#2320 = DIRECTION ( 'NONE',  ( -1.000000000000000000, 0.000000000000000000, 2.618191646955655209E-47 ) ) ;
#2321 = DIRECTION ( 'NONE',  ( 0.000000000000000000, 0.9510565162951521989, -0.3090169943749515591 ) ) ;
#2322 = CARTESIAN_POINT ( 'NONE',  ( 634.9999999999997726, -6.591949208711866959E-14, 1234.999999999999545 ) ) ;
#2323 = CARTESIAN_POINT ( 'NONE',  ( 607.4999999999996589, 21.79748189635917299, 1202.195292192608804 ) ) ;
#2324 = CARTESIAN_POINT ( 'NONE',  ( 607.6589922421940173, -7.398347536150493120, 1196.922573200898569 ) ) ;
#2325 = EDGE_CURVE ( 'NONE', #2275, #5969, #6423, .T. ) ;
#2326 = FACE_OUTER_BOUND ( 'NONE', #1988, .T. ) ;
#2327 = LINE ( 'NONE', #1206, #3242 ) ;
#2328 =( NAMED_UNIT ( * ) SI_UNIT ( $, .STERADIAN. ) SOLID_ANGLE_UNIT ( ) );
#2329 = UNCERTAINTY_MEASURE_WITH_UNIT (LENGTH_MEASURE( 1.000000000000000082E-05 ), #3883, 'distance_accuracy_value', 'NONE');
#2330 = AXIS2_PLACEMENT_3D ( 'NONE', #2096, #6134, #5606 ) ;
#2331 =( NAMED_UNIT ( * ) SI_UNIT ( $, .STERADIAN. ) SOLID_ANGLE_UNIT ( ) );
#2332 = VERTEX_POINT ( 'NONE', #1152 ) ;
#2333 = DIRECTION ( 'NONE',  ( 1.000000000000000000, 0.000000000000000000, 2.618191646955655209E-47 ) ) ;
#2334 = CARTESIAN_POINT ( 'NONE',  ( 623.9999999999998863, -25.00000000000006750, 1234.999999999999545 ) ) ;
#2335 = VECTOR ( 'NONE', #727, 1000.000000000000227 ) ;
#2336 =( LENGTH_UNIT ( ) NAMED_UNIT ( * ) SI_UNIT ( .MILLI., .METRE. ) );
#2337 = DIRECTION ( 'NONE',  ( 1.000000000000000000, 0.000000000000000000, 2.618191646955655209E-47 ) ) ;
#2338 = ORIENTED_EDGE ( 'NONE', *, *, #2948, .F. ) ;
#2339 = ADVANCED_FACE ( 'NONE', ( #7372, #8673 ), #2482, .T. ) ;
#2340 = CARTESIAN_POINT ( 'NONE',  ( 605.4597290430538123, -20.23003331967296958, 1186.587199294272523 ) ) ;
#2341 = ORIENTED_EDGE ( 'NONE', *, *, #5695, .F. ) ;
#2342 =( NAMED_UNIT ( * ) SI_UNIT ( $, .STERADIAN. ) SOLID_ANGLE_UNIT ( ) );
#2343 =( GEOMETRIC_REPRESENTATION_CONTEXT ( 3 ) GLOBAL_UNCERTAINTY_ASSIGNED_CONTEXT ( ( #4032 ) ) GLOBAL_UNIT_ASSIGNED_CONTEXT ( ( #2685, #6594, #4589 ) ) REPRESENTATION_CONTEXT ( 'NONE', 'WORKASPACE' ) );
#2344 = SURFACE_STYLE_USAGE ( .BOTH. , #2255 ) ;
#2345 = SURFACE_SIDE_STYLE ('',( #2442 ) ) ;
#2346 =( NAMED_UNIT ( * ) PLANE_ANGLE_UNIT ( ) SI_UNIT ( $, .RADIAN. ) );
#2347 = EDGE_CURVE ( 'NONE', #3392, #7289, #2964, .T. ) ;
#2348 = CARTESIAN_POINT ( 'NONE',  ( 603.6047077932308866, 52.26249122173543071, 1240.108674316016504 ) ) ;
#2349 = ORIENTED_EDGE ( 'NONE', *, *, #3058, .F. ) ;
#2350 = ADVANCED_FACE ( 'NONE', ( #3991, #3235 ), #7949, .T. ) ;
#2351 = FACE_BOUND ( 'NONE', #1686, .T. ) ;
#2352 = MECHANICAL_DESIGN_GEOMETRIC_PRESENTATION_REPRESENTATION (  '', ( #4920 ), #4767 ) ;
#2353 = PRESENTATION_STYLE_ASSIGNMENT (( #4262 ) ) ;
#2354 = EDGE_CURVE ( 'NONE', #3540, #7071, #7424, .T. ) ;
#2355 = FILL_AREA_STYLE_COLOUR ( '', #7663 ) ;
#2356 = CARTESIAN_POINT ( 'NONE',  ( 605.2976980612108946, -22.36672475995955267, 1187.925770574018770 ) ) ;
#2357 = CARTESIAN_POINT ( 'NONE',  ( 606.7984186997567804, -6.059959691214547028, 1195.684457677461523 ) ) ;
#2358 = CARTESIAN_POINT ( 'NONE',  ( 607.0999999999999091, -1.769417945496342731E-13, 1277.999999999999545 ) ) ;
#2359 = DIRECTION ( 'NONE',  ( -2.218671295934095265E-31, -0.3090169943749515591, -0.9510565162951521989 ) ) ;
#2360 = ORIENTED_EDGE ( 'NONE', *, *, #1104, .F. ) ;
#2361 = CARTESIAN_POINT ( 'NONE',  ( 623.9999999999998863, 17.67766952966358218, 1252.677669529663717 ) ) ;
#2362 = CARTESIAN_POINT ( 'NONE',  ( 602.3999999999998636, -6.591949208711866959E-14, 1183.459487372553212 ) ) ;
#2363 = ORIENTED_EDGE ( 'NONE', *, *, #2947, .F. ) ;
#2364 = DIRECTION ( 'NONE',  ( -3.952720641290395052E-20, 1.000000000000000000, 8.815909524110140548E-19 ) ) ;
#2365 =( LENGTH_UNIT ( ) NAMED_UNIT ( * ) SI_UNIT ( .MILLI., .METRE. ) );
#2366 = DIRECTION ( 'NONE',  ( 0.000000000000000000, -0.9510565162951533091, -0.3090169943749485615 ) ) ;
#2367 = DIRECTION ( 'NONE',  ( 0.000000000000000000, 0.000000000000000000, 1.000000000000000000 ) ) ;
#2368 = CARTESIAN_POINT ( 'NONE',  ( 607.6257314732665691, -6.894013537486205934, 1196.758705151252343 ) ) ;
#2369 =( NAMED_UNIT ( * ) SI_UNIT ( $, .STERADIAN. ) SOLID_ANGLE_UNIT ( ) );
#2370 = DIRECTION ( 'NONE',  ( -3.952720641076125114E-20, 1.000000000000000000, 7.719816105722250430E-14 ) ) ;
#2371 = SURFACE_STYLE_USAGE ( .BOTH. , #2425 ) ;
#2372 = FACE_BOUND ( 'NONE', #6608, .T. ) ;
#2373 = ORIENTED_EDGE ( 'NONE', *, *, #1744, .T. ) ;
#2374 = CIRCLE ( 'NONE', #7673, 4.000000000000003553 ) ;
#2375 = APPLICATION_CONTEXT ( 'automotive_design' ) ;
#2376 =( GEOMETRIC_REPRESENTATION_CONTEXT ( 3 ) GLOBAL_UNCERTAINTY_ASSIGNED_CONTEXT ( ( #4107 ) ) GLOBAL_UNIT_ASSIGNED_CONTEXT ( ( #4324, #6507, #2328 ) ) REPRESENTATION_CONTEXT ( 'NONE', 'WORKASPACE' ) );
#2377 = FILL_AREA_STYLE_COLOUR ( '', #5092 ) ;
#2378 = DIRECTION ( 'NONE',  ( 1.000000000000000000, 0.000000000000000000, 2.618191646955655209E-47 ) ) ;
#2379 = CARTESIAN_POINT ( 'NONE',  ( 634.9999999999997726, 17.67766952966373495, 1217.322330470336738 ) ) ;
#2380 = ORIENTED_EDGE ( 'NONE', *, *, #6638, .T. ) ;
#2381 = CLOSED_SHELL ( 'NONE', ( #1788, #8898, #5605, #3922, #2026, #8880, #5755, #1800, #8212, #4084, #177, #956, #4971, #8824, #949, #1340, #5708, #2411, #1618, #7453, #2510, #2835, #4244, #5872, #2848, #8156, #6082, #1872, #7331, #1058, #1460, #6072, #5961, #1853, #4459, #4684, #1337, #6852, #535, #4639, #2237, #5131, #6738, #6284, #2885, #5698, #3046, #2302, #74, #3871, #5595, #6693, #5982, #6470, #7764, #5250, #2800, #4931, #6413, #1403, #2566, #1711, #1163, #5761, #4984, #1230, #2794, #6467, #527, #1167, #3324, #6229, #7506, #4344, #8258, #4350, #1624, #6024, #2574, #6682, #7396, #5480, #1957, #4808, #4470, #350, #2030, #5539, #345, #1869, #3813, #1640, #7053, #8766, #4762, #5223, #4754, #3895, #4855, #7554, #685, #6998, #7290, #7300, #7109, #4911, #7285, #4978, #843, #288, #4356, #2505, #6244, #675, #337, #8374, #7449, #3218, #5913, #3700, #397, #4159, #2339, #1006, #2890, #2457, #6573, #6903, #5589, #6785, #299, #6177, #399, #5768, #3438, #6325, #6910, #5323, #1664, #7612, #7838, #6359, #1009, #8770, #8716, #295, #4103, #892, #4419, #2350, #1407, #4220, #2077, #6298, #8649, #7001, #4421, #2578, #7888, #5154, #5748, #1905, #2978, #7561, #7773, #4806, #8666, #1277, #779, #3533, #1180, #4919, #2692, #7776, #8724, #5061, #6516, #6946, #8486, #574, #8552 ) ) ;
#2382 = COLOUR_RGB ( '',0.7490196078431372584, 0.7490196078431372584, 0.7490196078431372584 ) ;
#2383 = MECHANICAL_DESIGN_GEOMETRIC_PRESENTATION_REPRESENTATION (  '', ( #8111 ), #781 ) ;
#2384 =( LENGTH_UNIT ( ) NAMED_UNIT ( * ) SI_UNIT ( .MILLI., .METRE. ) );
#2385 = CARTESIAN_POINT ( 'NONE',  ( 604.6497702539901411, 50.49267350507984986, 1236.759390666852141 ) ) ;
#2386 = ORIENTED_EDGE ( 'NONE', *, *, #7065, .T. ) ;
#2387 = CARTESIAN_POINT ( 'NONE',  ( 603.6047077932308866, -6.591949208711866959E-14, 1234.999999999999545 ) ) ;
#2388 =( GEOMETRIC_REPRESENTATION_CONTEXT ( 3 ) GLOBAL_UNCERTAINTY_ASSIGNED_CONTEXT ( ( #1865 ) ) GLOBAL_UNIT_ASSIGNED_CONTEXT ( ( #7749, #1091, #8420 ) ) REPRESENTATION_CONTEXT ( 'NONE', 'WORKASPACE' ) );
#2389 = CARTESIAN_POINT ( 'NONE',  ( 606.7538881770524313, -21.69464831753240119, 1188.806010203192955 ) ) ;
#2390 = CARTESIAN_POINT ( 'NONE',  ( 604.0999999999999091, -40.89543020069151424, 1248.287730758122507 ) ) ;
#2391 = ORIENTED_EDGE ( 'NONE', *, *, #3005, .F. ) ;
#2392 =( GEOMETRIC_REPRESENTATION_CONTEXT ( 3 ) GLOBAL_UNCERTAINTY_ASSIGNED_CONTEXT ( ( #8329 ) ) GLOBAL_UNIT_ASSIGNED_CONTEXT ( ( #6484, #7145, #2889 ) ) REPRESENTATION_CONTEXT ( 'NONE', 'WORKASPACE' ) );
#2393 = DIRECTION ( 'NONE',  ( 1.000000000000000000, 0.000000000000000000, 0.000000000000000000 ) ) ;
#2394 = B_SPLINE_CURVE_WITH_KNOTS ( 'NONE', 3,
 ( #3597, #2928, #5677, #266 ),
 .UNSPECIFIED., .F., .F.,
 ( 4, 4 ),
 ( 0.0003349465606324959137, 0.001044096160410607106 ),
 .UNSPECIFIED. ) ;
#2395 = STYLED_ITEM ( 'NONE', ( #421 ), #4084 ) ;
#2396 = EDGE_CURVE ( 'NONE', #8322, #7614, #7459, .T. ) ;
#2397 = SURFACE_SIDE_STYLE ('',( #1030 ) ) ;
#2398 = FACE_OUTER_BOUND ( 'NONE', #3097, .T. ) ;
#2399 = EDGE_CURVE ( 'NONE', #8585, #2200, #6847, .T. ) ;
#2400 = CARTESIAN_POINT ( 'NONE',  ( 607.4999999999997726, 39.48272485508043417, 1242.937253933193688 ) ) ;
#2401 = CARTESIAN_POINT ( 'NONE',  ( 614.4999999999997726, 19.77499999999993463, 1234.999999999999545 ) ) ;
#2402 = DIRECTION ( 'NONE',  ( 0.000000000000000000, -0.7071067811865530128, -0.7071067811865419106 ) ) ;
#2403 = STYLED_ITEM ( 'NONE', ( #2070 ), #405 ) ;
#2404 = ORIENTED_EDGE ( 'NONE', *, *, #1073, .F. ) ;
#2405 = FILL_AREA_STYLE ('',( #1590 ) ) ;
#2406 = PRESENTATION_STYLE_ASSIGNMENT (( #8508 ) ) ;
#2407 = CARTESIAN_POINT ( 'NONE',  ( 605.0879707846751216, 50.35730341407457189, 1238.451334153946846 ) ) ;
#2408 = ORIENTED_EDGE ( 'NONE', *, *, #2132, .T. ) ;
#2409 =( LENGTH_UNIT ( ) NAMED_UNIT ( * ) SI_UNIT ( .MILLI., .METRE. ) );
#2410 = PRESENTATION_LAYER_ASSIGNMENT (  '', '', ( #5568 ) ) ;
#2411 = ADVANCED_FACE ( 'NONE', ( #7284 ), #3192, .F. ) ;
#2412 = CARTESIAN_POINT ( 'NONE',  ( 634.9999999999997726, -14.65266952966396907, 1252.677669529663717 ) ) ;
#2413 =( NAMED_UNIT ( * ) SI_UNIT ( $, .STERADIAN. ) SOLID_ANGLE_UNIT ( ) );
#2414 = COLOUR_RGB ( '',0.7490196078431372584, 0.7490196078431372584, 0.7490196078431372584 ) ;
#2415 = CARTESIAN_POINT ( 'NONE',  ( 614.4999999999997726, 48.39999999999993463, 1234.999999999999545 ) ) ;
#2416 = EDGE_CURVE ( 'NONE', #706, #6641, #7704, .T. ) ;
#2417 = PRESENTATION_STYLE_ASSIGNMENT (( #3702 ) ) ;
#2418 = CARTESIAN_POINT ( 'NONE',  ( 634.4749999999997954, -15.17766952966396765, 1252.677669529663717 ) ) ;
#2419 = PRESENTATION_LAYER_ASSIGNMENT (  '', '', ( #4844 ) ) ;
#2420 =( GEOMETRIC_REPRESENTATION_CONTEXT ( 3 ) GLOBAL_UNCERTAINTY_ASSIGNED_CONTEXT ( ( #7534 ) ) GLOBAL_UNIT_ASSIGNED_CONTEXT ( ( #3360, #8763, #8852 ) ) REPRESENTATION_CONTEXT ( 'NONE', 'WORKASPACE' ) );
#2421 = CARTESIAN_POINT ( 'NONE',  ( 607.0999999999999091, -40.89543020069161372, 1248.287730758122507 ) ) ;
#2422 = DIRECTION ( 'NONE',  ( 1.000000000000000000, 0.000000000000000000, 2.618191646955655209E-47 ) ) ;
#2423 = UNCERTAINTY_MEASURE_WITH_UNIT (LENGTH_MEASURE( 1.000000000000000082E-05 ), #4613, 'distance_accuracy_value', 'NONE');
#2424 = STYLED_ITEM ( 'NONE', ( #3155 ), #5131 ) ;
#2425 = SURFACE_SIDE_STYLE ('',( #1655 ) ) ;
#2426 = PLANE ( 'NONE',  #1661 ) ;
#2427 = AXIS2_PLACEMENT_3D ( 'NONE', #5774, #2359, #2180 ) ;
#2428 = ORIENTED_EDGE ( 'NONE', *, *, #5955, .F. ) ;
#2429 = DIRECTION ( 'NONE',  ( 0.7071067811865450192, -0.5000000000000027756, 0.5000000000000007772 ) ) ;
#2430 = PRESENTATION_STYLE_ASSIGNMENT (( #1055 ) ) ;
#2431 = CIRCLE ( 'NONE', #105, 3.024999999999999911 ) ;
#2432 = CARTESIAN_POINT ( 'NONE',  ( 602.4999999999997726, -5.960759970555704955E-14, 1286.540512627446105 ) ) ;
#2433 = EDGE_LOOP ( 'NONE', ( #7426, #6034, #1999, #3028, #3450 ) ) ;
#2434 = COLOUR_RGB ( '',0.7490196078431372584, 0.7490196078431372584, 0.7490196078431372584 ) ;
#2435 = CARTESIAN_POINT ( 'NONE',  ( 611.6224504219918572, 48.25264363156790637, 1235.181040074207431 ) ) ;
#2436 = CARTESIAN_POINT ( 'NONE',  ( 604.6651398937440263, 52.45355841184021983, 1236.848668723404899 ) ) ;
#2437 = SURFACE_STYLE_USAGE ( .BOTH. , #5228 ) ;
#2438 = ORIENTED_EDGE ( 'NONE', *, *, #6232, .F. ) ;
#2439 = CARTESIAN_POINT ( 'NONE',  ( 634.9999999999997726, 17.67766952966358218, 1252.677669529663717 ) ) ;
#2440 = CARTESIAN_POINT ( 'NONE',  ( 604.0999999999999091, -2.324529457808921507E-13, 1277.999999999999545 ) ) ;
#2441 = MECHANICAL_DESIGN_GEOMETRIC_PRESENTATION_REPRESENTATION (  '', ( #1266 ), #2806 ) ;
#2442 = SURFACE_STYLE_FILL_AREA ( #1064 ) ;
#2443 = CARTESIAN_POINT ( 'NONE',  ( 607.4999999999997726, 38.80965204566629012, 1227.062746066805857 ) ) ;
#2444 = CARTESIAN_POINT ( 'NONE',  ( 634.4749999999997954, 17.67766952966373495, 1217.322330470336738 ) ) ;
#2445 = ORIENTED_EDGE ( 'NONE', *, *, #840, .F. ) ;
#2446 = CARTESIAN_POINT ( 'NONE',  ( 607.4999999999997726, 47.85924001516893611, 1242.937253933193688 ) ) ;
#2447 = DIRECTION ( 'NONE',  ( 1.000000000000000000, 0.000000000000000000, 2.618191646955655209E-47 ) ) ;
#2448 = PRESENTATION_STYLE_ASSIGNMENT (( #6343 ) ) ;
#2449 = CARTESIAN_POINT ( 'NONE',  ( 607.4999999999997726, -40.89543020069157109, 1221.712269241876811 ) ) ;
#2450 = CARTESIAN_POINT ( 'NONE',  ( 607.4999999999997726, 36.93954603556433369, 1221.119833192928809 ) ) ;
#2451 = ORIENTED_EDGE ( 'NONE', *, *, #7568, .T. ) ;
#2452 = LINE ( 'NONE', #7920, #4906 ) ;
#2453 = DIRECTION ( 'NONE',  ( 1.000000000000000000, 0.000000000000000000, 2.618191646955655209E-47 ) ) ;
#2454 = ORIENTED_EDGE ( 'NONE', *, *, #7217, .T. ) ;
#2455 =( GEOMETRIC_REPRESENTATION_CONTEXT ( 3 ) GLOBAL_UNCERTAINTY_ASSIGNED_CONTEXT ( ( #6804 ) ) GLOBAL_UNIT_ASSIGNED_CONTEXT ( ( #3951, #8776, #7958 ) ) REPRESENTATION_CONTEXT ( 'NONE', 'WORKASPACE' ) );
#2456 = CARTESIAN_POINT ( 'NONE',  ( 606.9999999999998863, 52.61907039215403614, 1241.614378277661672 ) ) ;
#2457 = ADVANCED_FACE ( 'NONE', ( #2705, #8202 ), #6109, .T. ) ;
#2458 = DIRECTION ( 'NONE',  ( -2.126226658603510133E-31, -0.3090169943749515591, -0.9510565162951521989 ) ) ;
#2459 = FACE_OUTER_BOUND ( 'NONE', #7325, .T. ) ;
#2460 = CARTESIAN_POINT ( 'NONE',  ( 607.5167217791206440, 38.66216569211010778, 1241.584540159736889 ) ) ;
#2461 = CARTESIAN_POINT ( 'NONE',  ( 604.0999999999999091, 40.89543020069148582, 1221.712269241876811 ) ) ;
#2462 = CARTESIAN_POINT ( 'NONE',  ( 606.9999999999998863, -21.07996606476801560, 1191.527113213661551 ) ) ;
#2463 = PRESENTATION_STYLE_ASSIGNMENT (( #1045 ) ) ;
#2464 = COLOUR_RGB ( '',0.7490196078431372584, 0.7490196078431372584, 0.7490196078431372584 ) ;
#2465 = SURFACE_STYLE_FILL_AREA ( #8618 ) ;
#2466 = EDGE_CURVE ( 'NONE', #3016, #7446, #8419, .T. ) ;
#2467 = PRESENTATION_STYLE_ASSIGNMENT (( #1223 ) ) ;
#2468 = EDGE_CURVE ( 'NONE', #3553, #4937, #890, .T. ) ;
#2469 = FILL_AREA_STYLE ('',( #7894 ) ) ;
#2470 = VERTEX_POINT ( 'NONE', #8380 ) ;
#2471 = FILL_AREA_STYLE_COLOUR ( '', #111 ) ;
#2472 = VECTOR ( 'NONE', #3314, 1000.000000000000000 ) ;
#2473 = FACE_OUTER_BOUND ( 'NONE', #731, .T. ) ;
#2474 = ORIENTED_EDGE ( 'NONE', *, *, #7059, .T. ) ;
#2475 = CARTESIAN_POINT ( 'NONE',  ( 621.9830592763686354, 43.12089565753963427, 1235.470794184419219 ) ) ;
#2476 = CARTESIAN_POINT ( 'NONE',  ( 604.5726466184875108, 50.51662664804142366, 1233.604810428468681 ) ) ;
#2477 = FILL_AREA_STYLE ('',( #8670 ) ) ;
#2478 = VERTEX_POINT ( 'NONE', #7039 ) ;
#2479 =( GEOMETRIC_REPRESENTATION_CONTEXT ( 3 ) GLOBAL_UNCERTAINTY_ASSIGNED_CONTEXT ( ( #8411 ) ) GLOBAL_UNIT_ASSIGNED_CONTEXT ( ( #1269, #8700, #4017 ) ) REPRESENTATION_CONTEXT ( 'NONE', 'WORKASPACE' ) );
#2480 = CARTESIAN_POINT ( 'NONE',  ( 634.9999999999997726, -17.67766952966396943, 1252.677669529663717 ) ) ;
#2481 = DIRECTION ( 'NONE',  ( 1.000000000000000000, 0.000000000000000000, 2.618191646955655209E-47 ) ) ;
#2482 = PLANE ( 'NONE',  #7994 ) ;
#2483 = DIRECTION ( 'NONE',  ( -4.552280931047950800E-17, 0.3090169943749515591, 0.9510565162951521989 ) ) ;
#2484 = ORIENTED_EDGE ( 'NONE', *, *, #3698, .T. ) ;
#2485 = CARTESIAN_POINT ( 'NONE',  ( 602.4999999999997726, 42.24999999999994316, 1234.999999999999545 ) ) ;
#2486 =( NAMED_UNIT ( * ) PLANE_ANGLE_UNIT ( ) SI_UNIT ( $, .RADIAN. ) );
#2487 = COLOUR_RGB ( '',0.7490196078431372584, 0.7490196078431372584, 0.7490196078431372584 ) ;
#2488 = CARTESIAN_POINT ( 'NONE',  ( 607.5727085777413095, 36.99652035532827909, 1247.342747536294382 ) ) ;
#2489 = CARTESIAN_POINT ( 'NONE',  ( 607.5726731305876456, -0.1536970509148823938, 1196.000000000000227 ) ) ;
#2490 =( NAMED_UNIT ( * ) SI_UNIT ( $, .STERADIAN. ) SOLID_ANGLE_UNIT ( ) );
#2491 = EDGE_LOOP ( 'NONE', ( #8460, #89, #2609, #2881, #8165 ) ) ;
#2492 = CARTESIAN_POINT ( 'NONE',  ( 607.4426212710577602, 48.62932210718748394, 1227.032924912265116 ) ) ;
#2493 = VECTOR ( 'NONE', #765, 1000.000000000000000 ) ;
#2494 = CARTESIAN_POINT ( 'NONE',  ( 611.4708994708988712, -14.90675698565152629, 1189.121719432581585 ) ) ;
#2495 =( NAMED_UNIT ( * ) SI_UNIT ( $, .STERADIAN. ) SOLID_ANGLE_UNIT ( ) );
#2496 = ORIENTED_EDGE ( 'NONE', *, *, #7879, .T. ) ;
#2497 = DIRECTION ( 'NONE',  ( 1.000000000000000000, 0.000000000000000000, 2.618191646955655209E-47 ) ) ;
#2498 = CARTESIAN_POINT ( 'NONE',  ( 607.0999999999999091, 0.9991355369590453339, 1275.437925024752985 ) ) ;
#2499 = CARTESIAN_POINT ( 'NONE',  ( 634.9999999999997726, 22.86100198691064023, 1232.861001986910424 ) ) ;
#2500 = DIRECTION ( 'NONE',  ( 1.000000000000000000, 0.000000000000000000, 2.618191646955655209E-47 ) ) ;
#2501 = FILL_AREA_STYLE_COLOUR ( '', #1444 ) ;
#2502 = CARTESIAN_POINT ( 'NONE',  ( 607.4583788021827786, 38.50251836381762871, 1229.328663334789326 ) ) ;
#2503 =( NAMED_UNIT ( * ) SI_UNIT ( $, .STERADIAN. ) SOLID_ANGLE_UNIT ( ) );
#2504 = UNCERTAINTY_MEASURE_WITH_UNIT (LENGTH_MEASURE( 1.000000000000000082E-05 ), #7000, 'distance_accuracy_value', 'NONE');
#2505 = ADVANCED_FACE ( 'NONE', ( #2244 ), #246, .T. ) ;
#2506 =( LENGTH_UNIT ( ) NAMED_UNIT ( * ) SI_UNIT ( .MILLI., .METRE. ) );
#2507 = ORIENTED_EDGE ( 'NONE', *, *, #2522, .F. ) ;
#2508 = PRESENTATION_STYLE_ASSIGNMENT (( #8112 ) ) ;
#2509 = DIRECTION ( 'NONE',  ( 2.618191646955655209E-47, 0.000000000000000000, 1.000000000000000000 ) ) ;
#2510 = ADVANCED_FACE ( 'NONE', ( #5836 ), #3976, .F. ) ;
#2511 = CARTESIAN_POINT ( 'NONE',  ( 602.9039097035204122, 52.44427194720051943, 1231.970407034873915 ) ) ;
#2512 = DIRECTION ( 'NONE',  ( -0.000000000000000000, 1.000000000000000000, -0.000000000000000000 ) ) ;
#2513 = ORIENTED_EDGE ( 'NONE', *, *, #418, .F. ) ;
#2514 = CARTESIAN_POINT ( 'NONE',  ( 602.4999999999997726, -6.591949208711866959E-14, 1234.999999999999545 ) ) ;
#2515 = CARTESIAN_POINT ( 'NONE',  ( 604.0999999999999091, 38.76750196085075117, 1246.545771686821581 ) ) ;
#2516 = COLOUR_RGB ( '',0.7490196078431372584, 0.7490196078431372584, 0.7490196078431372584 ) ;
#2517 = AXIS2_PLACEMENT_3D ( 'NONE', #7273, #4647, #3180 ) ;
#2518 = CYLINDRICAL_SURFACE ( 'NONE', #6126, 2.499999999999946709 ) ;
#2519 = ORIENTED_EDGE ( 'NONE', *, *, #8091, .T. ) ;
#2520 = DIRECTION ( 'NONE',  ( 0.000000000000000000, 0.000000000000000000, 1.000000000000000000 ) ) ;
#2521 =( LENGTH_UNIT ( ) NAMED_UNIT ( * ) SI_UNIT ( .MILLI., .METRE. ) );
#2522 = EDGE_CURVE ( 'NONE', #2470, #8477, #3089, .T. ) ;
#2523 = AXIS2_PLACEMENT_3D ( 'NONE', #5700, #8287, #3657 ) ;
#2524 = CARTESIAN_POINT ( 'NONE',  ( 607.4999999999997726, 1.506812114585190265, 1195.718438095840156 ) ) ;
#2525 = CIRCLE ( 'NONE', #61, 4.000000000000003553 ) ;
#2526 = EDGE_LOOP ( 'NONE', ( #8675, #3258, #2380, #3979, #6702, #596 ) ) ;
#2527 = PLANE ( 'NONE',  #5414 ) ;
#2528 = CARTESIAN_POINT ( 'NONE',  ( 606.5258378761839140, 38.52300698347443131, 1235.741346420132231 ) ) ;
#2529 = AXIS2_PLACEMENT_3D ( 'NONE', #5547, #6249, #6884 ) ;
#2530 = DIRECTION ( 'NONE',  ( 0.7071067811865474617, 8.659560562354931626E-17, 0.7071067811865474617 ) ) ;
#2531 = EDGE_LOOP ( 'NONE', ( #6378, #6142, #5482, #8909, #6583, #6220 ) ) ;
#2532 = AXIS2_PLACEMENT_3D ( 'NONE', #4359, #6538, #368 ) ;
#2533 = FACE_OUTER_BOUND ( 'NONE', #2968, .T. ) ;
#2534 = DIRECTION ( 'NONE',  ( -1.000000000000000000, 0.000000000000000000, -2.618191646955655209E-47 ) ) ;
#2535 = SURFACE_SIDE_STYLE ('',( #8735 ) ) ;
#2536 = ORIENTED_EDGE ( 'NONE', *, *, #3276, .T. ) ;
#2537 = PRESENTATION_LAYER_ASSIGNMENT (  '', '', ( #4377 ) ) ;
#2538 = CARTESIAN_POINT ( 'NONE',  ( 607.2932550341488422, 49.16096153971464844, 1227.079398109386830 ) ) ;
#2539 = AXIS2_PLACEMENT_3D ( 'NONE', #2817, #7019, #7110 ) ;
#2540 = CYLINDRICAL_SURFACE ( 'NONE', #7968, 7.499999999999951150 ) ;
#2541 = SURFACE_STYLE_FILL_AREA ( #3828 ) ;
#2542 = VERTEX_POINT ( 'NONE', #3714 ) ;
#2543 =( NAMED_UNIT ( * ) SI_UNIT ( $, .STERADIAN. ) SOLID_ANGLE_UNIT ( ) );
#2544 = COLOUR_RGB ( '',0.7490196078431372584, 0.7490196078431372584, 0.7490196078431372584 ) ;
#2545 = FACE_OUTER_BOUND ( 'NONE', #2122, .T. ) ;
#2546 = AXIS2_PLACEMENT_3D ( 'NONE', #2439, #1801, #2612 ) ;
#2547 = COLOUR_RGB ( '',0.7490196078431372584, 0.7490196078431372584, 0.7490196078431372584 ) ;
#2548 = DIRECTION ( 'NONE',  ( 1.000000000000000000, 0.000000000000000000, 2.618191646955655209E-47 ) ) ;
#2549 = FILL_AREA_STYLE ('',( #2501 ) ) ;
#2550 = CARTESIAN_POINT ( 'NONE',  ( 607.5215066935078312, 1.219543624323292663, 1274.177890917896548 ) ) ;
#2551 =( NAMED_UNIT ( * ) SI_UNIT ( $, .STERADIAN. ) SOLID_ANGLE_UNIT ( ) );
#2552 = STYLED_ITEM ( 'NONE', ( #4705 ), #843 ) ;
#2553 = PLANE ( 'NONE',  #5973 ) ;
#2554 =( NAMED_UNIT ( * ) PLANE_ANGLE_UNIT ( ) SI_UNIT ( $, .RADIAN. ) );
#2555 = ORIENTED_EDGE ( 'NONE', *, *, #3635, .T. ) ;
#2556 = CIRCLE ( 'NONE', #7113, 2.749999999999965805 ) ;
#2557 = CARTESIAN_POINT ( 'NONE',  ( 606.2180058820292743, 51.41882954476680823, 1240.627197470865667 ) ) ;
#2558 = CIRCLE ( 'NONE', #7855, 4.000000000000007994 ) ;
#2559 = CARTESIAN_POINT ( 'NONE',  ( 606.1715711864814011, 38.52457897844591628, 1241.037020801878271 ) ) ;
#2560 = CARTESIAN_POINT ( 'NONE',  ( 607.0999999999999091, 25.97239810520980541, 1272.447770087625941 ) ) ;
#2561 = PRESENTATION_STYLE_ASSIGNMENT (( #1842 ) ) ;
#2562 = VERTEX_POINT ( 'NONE', #7803 ) ;
#2563 = STYLED_ITEM ( 'NONE', ( #3743 ), #4931 ) ;
#2564 =( NAMED_UNIT ( * ) PLANE_ANGLE_UNIT ( ) SI_UNIT ( $, .RADIAN. ) );
#2565 =( GEOMETRIC_REPRESENTATION_CONTEXT ( 3 ) GLOBAL_UNCERTAINTY_ASSIGNED_CONTEXT ( ( #1984 ) ) GLOBAL_UNIT_ASSIGNED_CONTEXT ( ( #3471, #42, #5555 ) ) REPRESENTATION_CONTEXT ( 'NONE', 'WORKASPACE' ) );
#2566 = ADVANCED_FACE ( 'NONE', ( #2296 ), #1563, .F. ) ;
#2567 = ORIENTED_EDGE ( 'NONE', *, *, #739, .T. ) ;
#2568 =( LENGTH_UNIT ( ) NAMED_UNIT ( * ) SI_UNIT ( .MILLI., .METRE. ) );
#2569 = CARTESIAN_POINT ( 'NONE',  ( 634.9999999999997726, -6.591949208711866959E-14, 1234.999999999999545 ) ) ;
#2570 = COLOUR_RGB ( '',0.7490196078431372584, 0.7490196078431372584, 0.7490196078431372584 ) ;
#2571 = AXIS2_PLACEMENT_3D ( 'NONE', #845, #3017, #5770 ) ;
#2572 = AXIS2_PLACEMENT_3D ( 'NONE', #8459, #5057, #7783 ) ;
#2573 = ORIENTED_EDGE ( 'NONE', *, *, #2790, .T. ) ;
#2574 = ADVANCED_FACE ( 'NONE', ( #1232 ), #562, .T. ) ;
#2575 = DIRECTION ( 'NONE',  ( 0.000000000000000000, 0.000000000000000000, 1.000000000000000000 ) ) ;
#2576 = CARTESIAN_POINT ( 'NONE',  ( 607.0272280077952018, 38.51291522747589369, 1232.120011239261885 ) ) ;
#2577 = VECTOR ( 'NONE', #6698, 1000.000000000000000 ) ;
#2578 = ADVANCED_FACE ( 'NONE', ( #5220 ), #523, .F. ) ;
#2579 = SURFACE_STYLE_USAGE ( .BOTH. , #1075 ) ;
#2580 = ORIENTED_EDGE ( 'NONE', *, *, #7892, .F. ) ;
#2581 = CYLINDRICAL_SURFACE ( 'NONE', #3132, 4.000000000000003553 ) ;
#2582 = UNCERTAINTY_MEASURE_WITH_UNIT (LENGTH_MEASURE( 1.000000000000000082E-05 ), #1333, 'distance_accuracy_value', 'NONE');
#2583 = CARTESIAN_POINT ( 'NONE',  ( 607.4999999999997726, -6.591949208711866959E-14, 1283.512955535913534 ) ) ;
#2584 = SURFACE_STYLE_USAGE ( .BOTH. , #2535 ) ;
#2585 = ORIENTED_EDGE ( 'NONE', *, *, #5274, .F. ) ;
#2586 = VECTOR ( 'NONE', #862, 1000.000000000000000 ) ;
#2587 = CARTESIAN_POINT ( 'NONE',  ( 606.4308125875264750, 51.13329017626536199, 1229.066174189416643 ) ) ;
#2588 = DIRECTION ( 'NONE',  ( 1.000000000000000000, 0.000000000000000000, 2.618191646955655209E-47 ) ) ;
#2589 = ORIENTED_EDGE ( 'NONE', *, *, #624, .T. ) ;
#2590 = CARTESIAN_POINT ( 'NONE',  ( 607.0999999999999091, 40.89543020069148582, 1221.712269241876811 ) ) ;
#2591 = AXIS2_PLACEMENT_3D ( 'NONE', #124, #5551, #5601 ) ;
#2592 = CARTESIAN_POINT ( 'NONE',  ( 634.9999999999997726, 17.67766952966358218, 1252.677669529663717 ) ) ;
#2593 =( NAMED_UNIT ( * ) PLANE_ANGLE_UNIT ( ) SI_UNIT ( $, .RADIAN. ) );
#2594 = DIRECTION ( 'NONE',  ( 1.000000000000000000, 0.000000000000000000, 2.618191646955655209E-47 ) ) ;
#2595 = DIRECTION ( 'NONE',  ( 1.000000000000000000, -1.109265194285483964E-15, -3.199555054770554946E-17 ) ) ;
#2596 =( NAMED_UNIT ( * ) PLANE_ANGLE_UNIT ( ) SI_UNIT ( $, .RADIAN. ) );
#2597 = ORIENTED_EDGE ( 'NONE', *, *, #5911, .F. ) ;
#2598 = DIRECTION ( 'NONE',  ( 1.000000000000000000, -3.123522194620079874E-16, -1.064861060188240078E-15 ) ) ;
#2599 = AXIS2_PLACEMENT_3D ( 'NONE', #3821, #8048, #1866 ) ;
#2600 = ORIENTED_EDGE ( 'NONE', *, *, #7603, .F. ) ;
#2601 =( LENGTH_UNIT ( ) NAMED_UNIT ( * ) SI_UNIT ( .MILLI., .METRE. ) );
#2602 = UNCERTAINTY_MEASURE_WITH_UNIT (LENGTH_MEASURE( 1.000000000000000082E-05 ), #4955, 'distance_accuracy_value', 'NONE');
#2603 =( NAMED_UNIT ( * ) SI_UNIT ( $, .STERADIAN. ) SOLID_ANGLE_UNIT ( ) );
#2604 = EDGE_LOOP ( 'NONE', ( #4941, #402, #1933, #4607, #3024 ) ) ;
#2605 =( NAMED_UNIT ( * ) PLANE_ANGLE_UNIT ( ) SI_UNIT ( $, .RADIAN. ) );
#2606 = CARTESIAN_POINT ( 'NONE',  ( 603.0146053720970940, 52.41482317529801804, 1231.542804975099671 ) ) ;
#2607 = SURFACE_STYLE_USAGE ( .BOTH. , #8712 ) ;
#2608 = LINE ( 'NONE', #1283, #2772 ) ;
#2609 = ORIENTED_EDGE ( 'NONE', *, *, #1178, .T. ) ;
#2610 = VECTOR ( 'NONE', #8405, 999.9999999999998863 ) ;
#2611 = CARTESIAN_POINT ( 'NONE',  ( 616.2743412310713893, 48.25264363156792058, 1232.116761008456024 ) ) ;
#2612 = DIRECTION ( 'NONE',  ( 0.000000000000000000, 0.000000000000000000, 1.000000000000000000 ) ) ;
#2613 = FILL_AREA_STYLE ('',( #1194 ) ) ;
#2614 = EDGE_CURVE ( 'NONE', #6117, #7003, #4981, .T. ) ;
#2615 = VERTEX_POINT ( 'NONE', #5353 ) ;
#2616 = FACE_OUTER_BOUND ( 'NONE', #1118, .T. ) ;
#2617 = SURFACE_STYLE_USAGE ( .BOTH. , #7593 ) ;
#2618 = CIRCLE ( 'NONE', #4751, 38.34320131763259099 ) ;
#2619 =( LENGTH_UNIT ( ) NAMED_UNIT ( * ) SI_UNIT ( .MILLI., .METRE. ) );
#2620 = EDGE_LOOP ( 'NONE', ( #8293, #5604, #6695, #1944 ) ) ;
#2621 = EDGE_CURVE ( 'NONE', #4788, #1976, #1394, .T. ) ;
#2622 = FILL_AREA_STYLE ('',( #6027 ) ) ;
#2623 = AXIS2_PLACEMENT_3D ( 'NONE', #5788, #5121, #7845 ) ;
#2624 = SURFACE_STYLE_FILL_AREA ( #6574 ) ;
#2625 = CARTESIAN_POINT ( 'NONE',  ( 604.0999999999999091, 25.27476584857618747, 1200.212269241876584 ) ) ;
#2626 = EDGE_LOOP ( 'NONE', ( #1174, #600, #6724, #7333 ) ) ;
#2627 = EDGE_CURVE ( 'NONE', #6432, #7020, #2695, .T. ) ;
#2628 = CARTESIAN_POINT ( 'NONE',  ( 605.6553541615588756, 50.17337885997337565, 1230.323130571096044 ) ) ;
#2629 = LINE ( 'NONE', #6624, #1667 ) ;
#2630 =( GEOMETRIC_REPRESENTATION_CONTEXT ( 3 ) GLOBAL_UNCERTAINTY_ASSIGNED_CONTEXT ( ( #1330 ) ) GLOBAL_UNIT_ASSIGNED_CONTEXT ( ( #7841, #4283, #2369 ) ) REPRESENTATION_CONTEXT ( 'NONE', 'WORKASPACE' ) );
#2631 = ORIENTED_EDGE ( 'NONE', *, *, #6836, .F. ) ;
#2632 = DIRECTION ( 'NONE',  ( 0.000000000000000000, 0.000000000000000000, 1.000000000000000000 ) ) ;
#2633 =( NAMED_UNIT ( * ) PLANE_ANGLE_UNIT ( ) SI_UNIT ( $, .RADIAN. ) );
#2634 = AXIS2_PLACEMENT_3D ( 'NONE', #3475, #8320, #2183 ) ;
#2635 = CARTESIAN_POINT ( 'NONE',  ( 607.5727107149371022, -36.99661100119843127, 1222.657550854536794 ) ) ;
#2636 = ORIENTED_EDGE ( 'NONE', *, *, #8431, .T. ) ;
#2637 = CARTESIAN_POINT ( 'NONE',  ( 605.8136477257838806, 38.53196765410007885, 1230.045478411770773 ) ) ;
#2638 = EDGE_LOOP ( 'NONE', ( #3718, #7152, #7328, #969, #500, #6004, #4934, #4260 ) ) ;
#2639 = CARTESIAN_POINT ( 'NONE',  ( 607.4999999999997726, -6.591949208711866959E-14, 1234.999999999999545 ) ) ;
#2640 = EDGE_LOOP ( 'NONE', ( #3363, #2682, #1463, #3204 ) ) ;
#2641 = COLOUR_RGB ( '',0.7490196078431372584, 0.7490196078431372584, 0.7490196078431372584 ) ;
#2642 = DIRECTION ( 'NONE',  ( 1.000000000000000000, 0.000000000000000000, 0.000000000000000000 ) ) ;
#2643 = VERTEX_POINT ( 'NONE', #2741 ) ;
#2644 = EDGE_CURVE ( 'NONE', #5917, #6195, #3262, .T. ) ;
#2645 =( LENGTH_UNIT ( ) NAMED_UNIT ( * ) SI_UNIT ( .MILLI., .METRE. ) );
#2646 =( NAMED_UNIT ( * ) SI_UNIT ( $, .STERADIAN. ) SOLID_ANGLE_UNIT ( ) );
#2647 = VECTOR ( 'NONE', #2726, 1000.000000000000000 ) ;
#2648 = CARTESIAN_POINT ( 'NONE',  ( 602.5524785557831819, 52.53910765856635834, 1235.440684872004795 ) ) ;
#2649 = DIRECTION ( 'NONE',  ( 3.952720641290395052E-20, -1.000000000000000000, -8.815909524110140548E-19 ) ) ;
#2650 = VERTEX_POINT ( 'NONE', #4879 ) ;
#2651 = AXIS2_PLACEMENT_3D ( 'NONE', #6084, #2673, #4540 ) ;
#2652 = DIRECTION ( 'NONE',  ( 0.000000000000000000, 0.000000000000000000, -1.000000000000000000 ) ) ;
#2653 = DIRECTION ( 'NONE',  ( 1.000000000000000000, 1.109265194285485936E-15, 3.199555054769799982E-17 ) ) ;
#2654 = ORIENTED_EDGE ( 'NONE', *, *, #8655, .F. ) ;
#2655 = COLOUR_RGB ( '',0.7490196078431372584, 0.7490196078431372584, 0.7490196078431372584 ) ;
#2656 = CARTESIAN_POINT ( 'NONE',  ( 604.0999999999999091, -25.27476584857636510, 1196.212269241876584 ) ) ;
#2657 = CARTESIAN_POINT ( 'NONE',  ( 607.0999999999999091, 25.27476584857663866, 1200.212269241877721 ) ) ;
#2658 = CARTESIAN_POINT ( 'NONE',  ( 608.4010596141337146, 36.99999999999994316, 1244.022047722241723 ) ) ;
#2659 =( BOUNDED_SURFACE ( )  B_SPLINE_SURFACE ( 3, 2, ( 
 ( #2841, #4218, #1994 ),
 ( #793, #1398, #4897 ),
 ( #5590, #8255, #5501 ),
 ( #2801, #1488, #753 ),
 ( #713, #8213, #6245 ),
 ( #7637, #2080, #4755 ),
 ( #3549, #6881, #4136 ),
 ( #3460, #6291, #7509 ),
 ( #6206, #1347, #35 ),
 ( #7598, #5629, #3505 ),
 ( #2170, #8305, #5542 ),
 ( #2124, #4853, #6958 ),
 ( #119, #2882, #7471 ),
 ( #1300, #4044, #6788 ),
 ( #625, #3368, #6118 ),
 ( #8865, #5457, #8172 ) ),
 .UNSPECIFIED., .F., .F., .T. ) 
 B_SPLINE_SURFACE_WITH_KNOTS ( ( 4, 2, 2, 2, 2, 2, 2, 4 ),
 ( 3, 3 ),
 ( 0.01491433157380647571, 0.01609324795245518566, 0.01668270614177953803, 0.01727216433110389388, 0.01786162252042824972, 0.01845108070975260556, 0.01904053889907696140, 0.01962999708840131377 ),
 ( 0.000000000000000000, 1.000000000000000000 ),
 .UNSPECIFIED. ) 
 GEOMETRIC_REPRESENTATION_ITEM ( )  RATIONAL_B_SPLINE_SURFACE ( (
 ( 1.000000000000000000, 0.7014466316118054268, 1.000000000000000000),
 ( 1.000000000000000000, 0.7252064885971091224, 1.000000000000000000),
 ( 1.000000000000000000, 0.7494979334085489775, 1.000000000000000000),
 ( 1.000000000000000000, 0.7846526923844567847, 1.000000000000000000),
 ( 1.000000000000000000, 0.7961970447439550291, 1.000000000000000000),
 ( 1.000000000000000000, 0.8188661702641594209, 1.000000000000000000),
 ( 1.000000000000000000, 0.8300669581759397841, 1.000000000000000000),
 ( 1.000000000000000000, 0.8514997014300796918, 1.000000000000000000),
 ( 1.000000000000000000, 0.8617589113887128560, 1.000000000000000000),
 ( 1.000000000000000000, 0.8813334187733384839, 1.000000000000000000),
 ( 1.000000000000000000, 0.8906315990756251688, 1.000000000000000000),
 ( 1.000000000000000000, 0.9073957971465665961, 1.000000000000000000),
 ( 1.000000000000000000, 0.9150683044077593253, 1.000000000000000000),
 ( 1.000000000000000000, 0.9275827546211171670, 1.000000000000000000),
 ( 1.000000000000000000, 0.9325758756151896200, 1.000000000000000000),
 ( 1.000000000000000000, 0.9354143466934927709, 1.000000000000000000) ) ) 
 REPRESENTATION_ITEM ( '' )  SURFACE ( )  );
#2660 = ORIENTED_EDGE ( 'NONE', *, *, #8040, .T. ) ;
#2661 = SURFACE_STYLE_USAGE ( .BOTH. , #5983 ) ;
#2662 = CARTESIAN_POINT ( 'NONE',  ( 606.5206731439471923, -20.99806767549434028, 1189.883994049210514 ) ) ;
#2663 = AXIS2_PLACEMENT_3D ( 'NONE', #136, #1374, #7025 ) ;
#2664 = AXIS2_PLACEMENT_3D ( 'NONE', #5744, #2950, #4976 ) ;
#2665 = COLOUR_RGB ( '',0.7490196078431372584, 0.7490196078431372584, 0.7490196078431372584 ) ;
#2666 = SURFACE_SIDE_STYLE ('',( #7600 ) ) ;
#2667 = PRESENTATION_STYLE_ASSIGNMENT (( #8817 ) ) ;
#2668 = SURFACE_SIDE_STYLE ('',( #6791 ) ) ;
#2669 = EDGE_CURVE ( 'NONE', #3799, #6090, #3975, .T. ) ;
#2670 =( GEOMETRIC_REPRESENTATION_CONTEXT ( 3 ) GLOBAL_UNCERTAINTY_ASSIGNED_CONTEXT ( ( #1700 ) ) GLOBAL_UNIT_ASSIGNED_CONTEXT ( ( #3378, #1307, #1493 ) ) REPRESENTATION_CONTEXT ( 'NONE', 'WORKASPACE' ) );
#2671 = ORIENTED_EDGE ( 'NONE', *, *, #5178, .F. ) ;
#2672 =( GEOMETRIC_REPRESENTATION_CONTEXT ( 3 ) GLOBAL_UNCERTAINTY_ASSIGNED_CONTEXT ( ( #1948 ) ) GLOBAL_UNIT_ASSIGNED_CONTEXT ( ( #5870, #3032, #3695 ) ) REPRESENTATION_CONTEXT ( 'NONE', 'WORKASPACE' ) );
#2673 = DIRECTION ( 'NONE',  ( 3.952720641290395052E-20, -1.000000000000000000, -8.815909524110140548E-19 ) ) ;
#2674 = EDGE_CURVE ( 'NONE', #6604, #4717, #5703, .T. ) ;
#2675 = CARTESIAN_POINT ( 'NONE',  ( 607.5806413310118614, 38.50888329565563595, 1241.009502171968279 ) ) ;
#2676 = CARTESIAN_POINT ( 'NONE',  ( 608.8163394127152515, -15.18417907262657529, 1189.425073399398570 ) ) ;
#2677 = SURFACE_STYLE_FILL_AREA ( #7391 ) ;
#2678 = PRESENTATION_LAYER_ASSIGNMENT (  '', '', ( #4370 ) ) ;
#2679 = CARTESIAN_POINT ( 'NONE',  ( 616.2743412310713893, 48.25264363156792058, 1237.883238991543521 ) ) ;
#2680 =( NAMED_UNIT ( * ) SI_UNIT ( $, .STERADIAN. ) SOLID_ANGLE_UNIT ( ) );
#2681 = COLOUR_RGB ( '',0.7490196078431372584, 0.7490196078431372584, 0.7490196078431372584 ) ;
#2682 = ORIENTED_EDGE ( 'NONE', *, *, #6675, .T. ) ;
#2683 =( NAMED_UNIT ( * ) PLANE_ANGLE_UNIT ( ) SI_UNIT ( $, .RADIAN. ) );
#2684 = ORIENTED_EDGE ( 'NONE', *, *, #3521, .T. ) ;
#2685 =( LENGTH_UNIT ( ) NAMED_UNIT ( * ) SI_UNIT ( .MILLI., .METRE. ) );
#2686 = CARTESIAN_POINT ( 'NONE',  ( 607.4999999999997726, -40.89543020069157109, 1225.712269241876811 ) ) ;
#2687 = UNCERTAINTY_MEASURE_WITH_UNIT (LENGTH_MEASURE( 1.000000000000000082E-05 ), #4997, 'distance_accuracy_value', 'NONE');
#2688 = ORIENTED_EDGE ( 'NONE', *, *, #8823, .T. ) ;
#2689 = CARTESIAN_POINT ( 'NONE',  ( 602.5520893771184774, 52.53921391020828935, 1234.128284996607135 ) ) ;
#2690 = VECTOR ( 'NONE', #5236, 1000.000000000000114 ) ;
#2691 =( GEOMETRIC_REPRESENTATION_CONTEXT ( 3 ) GLOBAL_UNCERTAINTY_ASSIGNED_CONTEXT ( ( #5984 ) ) GLOBAL_UNIT_ASSIGNED_CONTEXT ( ( #2208, #4335, #2342 ) ) REPRESENTATION_CONTEXT ( 'NONE', 'WORKASPACE' ) );
#2692 = ADVANCED_FACE ( 'NONE', ( #3441 ), #6278, .F. ) ;
#2693 = CARTESIAN_POINT ( 'NONE',  ( 604.0044412163784955, 52.19274395745313910, 1229.447708715401859 ) ) ;
#2694 = ORIENTED_EDGE ( 'NONE', *, *, #305, .F. ) ;
#2695 = LINE ( 'NONE', #8892, #4831 ) ;
#2696 =( GEOMETRIC_REPRESENTATION_CONTEXT ( 3 ) GLOBAL_UNCERTAINTY_ASSIGNED_CONTEXT ( ( #5488 ) ) GLOBAL_UNIT_ASSIGNED_CONTEXT ( ( #2384, #4213, #787 ) ) REPRESENTATION_CONTEXT ( 'NONE', 'WORKASPACE' ) );
#2697 = CARTESIAN_POINT ( 'NONE',  ( 605.6859436487920902, 38.53314596152609539, 1240.945839935174945 ) ) ;
#2698 = CARTESIAN_POINT ( 'NONE',  ( 626.9999999999997726, -6.591949208711866959E-14, 1259.999999999999773 ) ) ;
#2699 = COLOUR_RGB ( '',0.7490196078431372584, 0.7490196078431372584, 0.7490196078431372584 ) ;
#2700 = SURFACE_SIDE_STYLE ('',( #8714 ) ) ;
#2701 = ORIENTED_EDGE ( 'NONE', *, *, #8262, .F. ) ;
#2702 = UNCERTAINTY_MEASURE_WITH_UNIT (LENGTH_MEASURE( 1.000000000000000082E-05 ), #4587, 'distance_accuracy_value', 'NONE');
#2703 = AXIS2_PLACEMENT_3D ( 'NONE', #6643, #8027, #1886 ) ;
#2704 = EDGE_LOOP ( 'NONE', ( #3953, #5224, #5586, #5577 ) ) ;
#2705 = FACE_BOUND ( 'NONE', #6784, .T. ) ;
#2706 = COLOUR_RGB ( '',0.7490196078431372584, 0.7490196078431372584, 0.7490196078431372584 ) ;
#2707 = ORIENTED_EDGE ( 'NONE', *, *, #8434, .T. ) ;
#2708 = AXIS2_PLACEMENT_3D ( 'NONE', #2193, #6317, #7028 ) ;
#2709 = CARTESIAN_POINT ( 'NONE',  ( 604.6017159594031227, 41.76601602045942485, 1236.423172186530110 ) ) ;
#2710 = DIRECTION ( 'NONE',  ( 0.000000000000000000, -0.5877852522924479350, -0.8090169943749657699 ) ) ;
#2711 = FACE_OUTER_BOUND ( 'NONE', #6912, .T. ) ;
#2712 = DIRECTION ( 'NONE',  ( 0.000000000000000000, 0.000000000000000000, -1.000000000000000000 ) ) ;
#2713 = VERTEX_POINT ( 'NONE', #7492 ) ;
#2714 = AXIS2_PLACEMENT_3D ( 'NONE', #986, #218, #6488 ) ;
#2715 = AXIS2_PLACEMENT_3D ( 'NONE', #2214, #4224, #7101 ) ;
#2716 = CARTESIAN_POINT ( 'NONE',  ( 606.9999999999998863, -21.07996606476801560, 1191.527113213661551 ) ) ;
#2717 = STYLED_ITEM ( 'NONE', ( #6929 ), #2978 ) ;
#2718 = CARTESIAN_POINT ( 'NONE',  ( 606.9219064543957529, -8.798676647942317075, 1186.797244375150058 ) ) ;
#2719 = SURFACE_STYLE_FILL_AREA ( #5505 ) ;
#2720 = MECHANICAL_DESIGN_GEOMETRIC_PRESENTATION_REPRESENTATION (  '', ( #2288 ), #7588 ) ;
#2721 = AXIS2_PLACEMENT_3D ( 'NONE', #2657, #7467, #2710 ) ;
#2722 = SURFACE_SIDE_STYLE ('',( #4715 ) ) ;
#2723 = SURFACE_SIDE_STYLE ('',( #1447 ) ) ;
#2724 = DIRECTION ( 'NONE',  ( 0.000000000000000000, -0.5877852522924970069, 0.8090169943749301318 ) ) ;
#2725 = SURFACE_STYLE_FILL_AREA ( #4187 ) ;
#2726 = DIRECTION ( 'NONE',  ( 1.000000000000000000, 0.000000000000000000, 2.618191646955655209E-47 ) ) ;
#2727 = SURFACE_STYLE_FILL_AREA ( #8876 ) ;
#2728 = ORIENTED_EDGE ( 'NONE', *, *, #7048, .F. ) ;
#2729 = DIRECTION ( 'NONE',  ( 1.000000000000000000, 0.000000000000000000, -2.618191646955655209E-47 ) ) ;
#2730 = PRODUCT_DEFINITION ( 'UNKNOWN', '', #6974, #3370 ) ;
#2731 = CARTESIAN_POINT ( 'NONE',  ( 608.6333020189798617, 38.48014767591708107, 1226.912316121270806 ) ) ;
#2732 = DIRECTION ( 'NONE',  ( 0.000000000000000000, 0.000000000000000000, 1.000000000000000000 ) ) ;
#2733 = ORIENTED_EDGE ( 'NONE', *, *, #5858, .F. ) ;
#2734 = MECHANICAL_DESIGN_GEOMETRIC_PRESENTATION_REPRESENTATION (  '', ( #6601 ), #563 ) ;
#2735 = DIRECTION ( 'NONE',  ( 0.000000000000000000, -0.9510565162951478690, 0.3090169943749654369 ) ) ;
#2736 = VERTEX_POINT ( 'NONE', #736 ) ;
#2737 = MANIFOLD_SOLID_BREP ( 'Link6-1-solid1', #2381 ) ;
#2738 = B_SPLINE_CURVE_WITH_KNOTS ( 'NONE', 3,
 ( #6481, #5849, #7909, #8316, #4439, #1760, #7286, #5891, #4908, #805, #7650, #437, #8634, #6563, #3559, #852, #2896, #391, #5640, #8354, #2219, #7693, #7950, #1546, #1804, #8538 ),
 .UNSPECIFIED., .F., .F.,
 ( 4, 2, 2, 2, 2, 2, 2, 2, 2, 2, 2, 2, 4 ),
 ( 0.000000000000000000, 0.0002934484030381500274, 0.0005868968060763000549, 0.0008803452091144500823, 0.001173793612152600110, 0.001760690418229394127, 0.002347587224306188578, 0.002641035627344918112, 0.002934484030383647645, 0.003521380836461114518, 0.003814829239499836246, 0.004108277642538557539, 0.004695174448615728642 ),
 .UNSPECIFIED. ) ;
#2739 = EDGE_CURVE ( 'NONE', #5486, #8083, #8726, .T. ) ;
#2740 = CARTESIAN_POINT ( 'NONE',  ( 607.2438653119884293, 49.33595273199496489, 1242.905162303567749 ) ) ;
#2741 = CARTESIAN_POINT ( 'NONE',  ( 607.4999999999997726, 3.920475055707583024E-13, 1187.999999999999773 ) ) ;
#2742 = AXIS2_PLACEMENT_3D ( 'NONE', #4139, #4180, #8131 ) ;
#2743 = CARTESIAN_POINT ( 'NONE',  ( 607.4999229790176969, 39.48270974710592895, 1242.954806083956100 ) ) ;
#2744 = EDGE_CURVE ( 'NONE', #6934, #5084, #2558, .T. ) ;
#2745 = EDGE_LOOP ( 'NONE', ( #6205, #7010 ) ) ;
#2746 = DIRECTION ( 'NONE',  ( 0.000000000000000000, 0.000000000000000000, -1.000000000000000000 ) ) ;
#2747 = VECTOR ( 'NONE', #7969, 1000.000000000000000 ) ;
#2748 = PRESENTATION_STYLE_ASSIGNMENT (( #1331 ) ) ;
#2749 = EDGE_LOOP ( 'NONE', ( #3641, #7157, #8162, #5028, #6855, #1108 ) ) ;
#2750 = CARTESIAN_POINT ( 'NONE',  ( 0.000000000000000000, 0.000000000000000000, 0.000000000000000000 ) ) ;
#2751 = CARTESIAN_POINT ( 'NONE',  ( 602.5747849446765940, -15.39594916023571081, 1184.765978723566150 ) ) ;
#2752 = CARTESIAN_POINT ( 'NONE',  ( 603.6047077932308866, -6.591949208711866959E-14, 1234.999999999999545 ) ) ;
#2753 = EDGE_LOOP ( 'NONE', ( #8841, #3309, #617, #6780 ) ) ;
#2754 = CARTESIAN_POINT ( 'NONE',  ( 603.7996618306415257, 52.23531784410555900, 1240.334187631781333 ) ) ;
#2755 = LINE ( 'NONE', #2076, #6735 ) ;
#2756 = CARTESIAN_POINT ( 'NONE',  ( 608.9607345775378917, 36.99999999999993605, 1243.490842794001765 ) ) ;
#2757 = EDGE_LOOP ( 'NONE', ( #2011, #8778 ) ) ;
#2758 = PRESENTATION_LAYER_ASSIGNMENT (  '', '', ( #3181 ) ) ;
#2759 = CARTESIAN_POINT ( 'NONE',  ( 607.9999999999998863, 53.19117901536822757, 1214.244174350441654 ) ) ;
#2760 = VECTOR ( 'NONE', #238, 1000.000000000000000 ) ;
#2761 = PRESENTATION_STYLE_ASSIGNMENT (( #4143 ) ) ;
#2762 = CARTESIAN_POINT ( 'NONE',  ( 604.0999999999999091, -0.9991355369594507874, 1194.562074975246333 ) ) ;
#2763 = DIRECTION ( 'NONE',  ( 1.000000000000000000, 0.000000000000000000, 2.618191646955655209E-47 ) ) ;
#2764 = MECHANICAL_DESIGN_GEOMETRIC_PRESENTATION_REPRESENTATION (  '', ( #5497 ), #5960 ) ;
#2765 = B_SPLINE_CURVE_WITH_KNOTS ( 'NONE', 3,
 ( #1139, #3217, #6671, #6043, #1879, #5388, #595, #2637 ),
 .UNSPECIFIED., .F., .F.,
 ( 4, 2, 2, 4 ),
 ( -8.165828670319138984E-06, 0.001139595322189879351, 0.001713475897620214163, 0.002287356473050548757 ),
 .UNSPECIFIED. ) ;
#2766 = FACE_OUTER_BOUND ( 'NONE', #1954, .T. ) ;
#2767 = SPHERICAL_SURFACE ( 'NONE', #8768, 28.62500000000000000 ) ;
#2768 = FILL_AREA_STYLE_COLOUR ( '', #4783 ) ;
#2769 = DIRECTION ( 'NONE',  ( 0.000000000000000000, 1.000000000000000000, 0.000000000000000000 ) ) ;
#2770 = VERTEX_POINT ( 'NONE', #5070 ) ;
#2771 = PLANE ( 'NONE',  #307 ) ;
#2772 = VECTOR ( 'NONE', #5963, 1000.000000000000000 ) ;
#2773 = LINE ( 'NONE', #7570, #4609 ) ;
#2774 = DIRECTION ( 'NONE',  ( 1.000000000000000000, 0.000000000000000000, 2.618191646955655209E-47 ) ) ;
#2775 = UNCERTAINTY_MEASURE_WITH_UNIT (LENGTH_MEASURE( 1.000000000000000082E-05 ), #2797, 'distance_accuracy_value', 'NONE');
#2776 = ORIENTED_EDGE ( 'NONE', *, *, #6782, .T. ) ;
#2777 = DIRECTION ( 'NONE',  ( 3.042942622439954786E-45, 0.9510565162951523099, -0.3090169943749516146 ) ) ;
#2778 = AXIS2_PLACEMENT_3D ( 'NONE', #597, #3879, #8792 ) ;
#2779 = DIRECTION ( 'NONE',  ( 1.000000000000000000, 1.109265194285485936E-15, 3.199555054769799982E-17 ) ) ;
#2780 = CARTESIAN_POINT ( 'NONE',  ( 614.4999999999997726, 36.99999999999993605, 1242.499999999999773 ) ) ;
#2781 = SURFACE_STYLE_USAGE ( .BOTH. , #54 ) ;
#2782 = CARTESIAN_POINT ( 'NONE',  ( 606.1838590434900880, 49.79275734730742187, 1229.444208782444093 ) ) ;
#2783 =( NAMED_UNIT ( * ) PLANE_ANGLE_UNIT ( ) SI_UNIT ( $, .RADIAN. ) );
#2784 = ORIENTED_EDGE ( 'NONE', *, *, #5757, .F. ) ;
#2785 = CIRCLE ( 'NONE', #2634, 4.000000000000003553 ) ;
#2786 =( NAMED_UNIT ( * ) PLANE_ANGLE_UNIT ( ) SI_UNIT ( $, .RADIAN. ) );
#2787 = UNCERTAINTY_MEASURE_WITH_UNIT (LENGTH_MEASURE( 1.000000000000000082E-05 ), #1612, 'distance_accuracy_value', 'NONE');
#2788 = EDGE_CURVE ( 'NONE', #6715, #34, #1943, .T. ) ;
#2789 = ORIENTED_EDGE ( 'NONE', *, *, #1236, .T. ) ;
#2790 = EDGE_CURVE ( 'NONE', #7071, #5389, #4399, .T. ) ;
#2791 = VECTOR ( 'NONE', #7351, 1000.000000000000000 ) ;
#2792 = CARTESIAN_POINT ( 'NONE',  ( 623.9999999999998863, 17.67766952966358218, 1255.177669529663717 ) ) ;
#2793 = ORIENTED_EDGE ( 'NONE', *, *, #2739, .T. ) ;
#2794 = ADVANCED_FACE ( 'NONE', ( #5020 ), #6985, .F. ) ;
#2795 = CYLINDRICAL_SURFACE ( 'NONE', #2831, 1.500000000000056843 ) ;
#2796 =( GEOMETRIC_REPRESENTATION_CONTEXT ( 3 ) GLOBAL_UNCERTAINTY_ASSIGNED_CONTEXT ( ( #4369 ) ) GLOBAL_UNIT_ASSIGNED_CONTEXT ( ( #4867, #7438, #2680 ) ) REPRESENTATION_CONTEXT ( 'NONE', 'WORKASPACE' ) );
#2797 =( LENGTH_UNIT ( ) NAMED_UNIT ( * ) SI_UNIT ( .MILLI., .METRE. ) );
#2798 = CARTESIAN_POINT ( 'NONE',  ( 611.6224504219918572, -14.73870756338646615, 1189.053064386135929 ) ) ;
#2799 = ORIENTED_EDGE ( 'NONE', *, *, #2125, .F. ) ;
#2800 = ADVANCED_FACE ( 'NONE', ( #2945 ), #812, .T. ) ;
#2801 = CARTESIAN_POINT ( 'NONE',  ( 604.8430000528142045, -10.00741719858329759, 1183.680469461075290 ) ) ;
#2802 = CARTESIAN_POINT ( 'NONE',  ( 606.2717697627246025, -9.953103582899483825, 1185.971049048847590 ) ) ;
#2803 = CYLINDRICAL_SURFACE ( 'NONE', #2529, 2.749999999999994227 ) ;
#2804 = CARTESIAN_POINT ( 'NONE',  ( 571.2463877986918988, -6.591949208711866959E-14, 1250.749999999999545 ) ) ;
#2805 = COLOUR_RGB ( '',0.7490196078431372584, 0.7490196078431372584, 0.7490196078431372584 ) ;
#2806 =( GEOMETRIC_REPRESENTATION_CONTEXT ( 3 ) GLOBAL_UNCERTAINTY_ASSIGNED_CONTEXT ( ( #422 ) ) GLOBAL_UNIT_ASSIGNED_CONTEXT ( ( #4597, #3271, #1790 ) ) REPRESENTATION_CONTEXT ( 'NONE', 'WORKASPACE' ) );
#2807 = DIRECTION ( 'NONE',  ( 1.000000000000000000, 0.000000000000000000, 2.618191646955655209E-47 ) ) ;
#2808 = DIRECTION ( 'NONE',  ( 0.000000000000000000, 0.000000000000000000, -1.000000000000000000 ) ) ;
#2809 = CARTESIAN_POINT ( 'NONE',  ( 614.5000000000000000, 48.25264363156790637, 1237.883238991543067 ) ) ;
#2810 =( NAMED_UNIT ( * ) SI_UNIT ( $, .STERADIAN. ) SOLID_ANGLE_UNIT ( ) );
#2811 = SURFACE_SIDE_STYLE ('',( #1363 ) ) ;
#2812 = VERTEX_POINT ( 'NONE', #3613 ) ;
#2813 =( NAMED_UNIT ( * ) PLANE_ANGLE_UNIT ( ) SI_UNIT ( $, .RADIAN. ) );
#2814 = AXIS2_PLACEMENT_3D ( 'NONE', #7658, #770, #5611 ) ;
#2815 = CIRCLE ( 'NONE', #4087, 4.000000000000003553 ) ;
#2816 = CARTESIAN_POINT ( 'NONE',  ( 603.4389198562257661, 38.57672943399093413, 1233.742424175169845 ) ) ;
#2817 = CARTESIAN_POINT ( 'NONE',  ( 623.9999999999998863, 17.67766952966358218, 1252.677669529663717 ) ) ;
#2818 = ORIENTED_EDGE ( 'NONE', *, *, #4690, .F. ) ;
#2819 = DIRECTION ( 'NONE',  ( 0.000000000000000000, 0.9510565162951553075, -0.3090169943749417891 ) ) ;
#2820 = AXIS2_PLACEMENT_3D ( 'NONE', #8643, #7475, #6299 ) ;
#2821 = CARTESIAN_POINT ( 'NONE',  ( 604.0999999999999091, 24.57713359194256952, 1267.127691428619300 ) ) ;
#2822 = AXIS2_PLACEMENT_3D ( 'NONE', #2996, #190, #5117 ) ;
#2823 = CARTESIAN_POINT ( 'NONE',  ( 605.8136477257838806, 38.53196765410007885, 1230.045478411770773 ) ) ;
#2824 =( LENGTH_UNIT ( ) NAMED_UNIT ( * ) SI_UNIT ( .MILLI., .METRE. ) );
#2825 = CARTESIAN_POINT ( 'NONE',  ( 607.4999999999997726, -25.27476584857636510, 1200.212269241876584 ) ) ;
#2826 = CARTESIAN_POINT ( 'NONE',  ( 608.4778712475466591, -2.984978431516757791, 1197.065775988414543 ) ) ;
#2827 = COLOUR_RGB ( '',0.7490196078431372584, 0.7490196078431372584, 0.7490196078431372584 ) ;
#2828 = CARTESIAN_POINT ( 'NONE',  ( 603.9229823141703264, -21.34507245583393598, 1187.030044391789033 ) ) ;
#2829 =( GEOMETRIC_REPRESENTATION_CONTEXT ( 3 ) GLOBAL_UNCERTAINTY_ASSIGNED_CONTEXT ( ( #3903 ) ) GLOBAL_UNIT_ASSIGNED_CONTEXT ( ( #6070, #7427, #3201 ) ) REPRESENTATION_CONTEXT ( 'NONE', 'WORKASPACE' ) );
#2830 = ORIENTED_EDGE ( 'NONE', *, *, #8886, .T. ) ;
#2831 = AXIS2_PLACEMENT_3D ( 'NONE', #202, #1483, #7765 ) ;
#2832 = STYLED_ITEM ( 'NONE', ( #289 ), #2302 ) ;
#2833 = PLANE ( 'NONE',  #2006 ) ;
#2834 = ORIENTED_EDGE ( 'NONE', *, *, #627, .F. ) ;
#2835 = ADVANCED_FACE ( 'NONE', ( #5346 ), #4541, .F. ) ;
#2836 = COLOUR_RGB ( '',0.7490196078431372584, 0.7490196078431372584, 0.7490196078431372584 ) ;
#2837 = CARTESIAN_POINT ( 'NONE',  ( 602.5520893771179090, -17.06456020367592785, 1185.301612999968484 ) ) ;
#2838 = AXIS2_PLACEMENT_3D ( 'NONE', #4644, #7897, #2509 ) ;
#2839 = CARTESIAN_POINT ( 'NONE',  ( 612.7256587689291791, -17.65301013661711238, 1189.999978692961122 ) ) ;
#2840 = ORIENTED_EDGE ( 'NONE', *, *, #4247, .T. ) ;
#2841 = CARTESIAN_POINT ( 'NONE',  ( 603.6047077932306593, -11.29135995801101267, 1183.716749983374029 ) ) ;
#2842 = CARTESIAN_POINT ( 'NONE',  ( 606.7422597811707874, -21.14710286946808893, 1190.338132817385713 ) ) ;
#2843 = AXIS2_PLACEMENT_3D ( 'NONE', #5064, #364, #5866 ) ;
#2844 =( GEOMETRIC_REPRESENTATION_CONTEXT ( 3 ) GLOBAL_UNCERTAINTY_ASSIGNED_CONTEXT ( ( #7458 ) ) GLOBAL_UNIT_ASSIGNED_CONTEXT ( ( #4325, #6420, #2331 ) ) REPRESENTATION_CONTEXT ( 'NONE', 'WORKASPACE' ) );
#2845 = EDGE_CURVE ( 'NONE', #6673, #1939, #1102, .T. ) ;
#2846 = CARTESIAN_POINT ( 'NONE',  ( 623.9999999999998863, 26.76776695296629427, 1236.767766952965985 ) ) ;
#2847 = MECHANICAL_DESIGN_GEOMETRIC_PRESENTATION_REPRESENTATION (  '', ( #5149 ), #1839 ) ;
#2848 = ADVANCED_FACE ( 'NONE', ( #3216 ), #8734, .F. ) ;
#2849 = FACE_OUTER_BOUND ( 'NONE', #7651, .T. ) ;
#2850 = FILL_AREA_STYLE_COLOUR ( '', #8012 ) ;
#2851 = AXIS2_PLACEMENT_3D ( 'NONE', #857, #4453, #1039 ) ;
#2852 = CIRCLE ( 'NONE', #7864, 2.749999999999971578 ) ;
#2853 = CARTESIAN_POINT ( 'NONE',  ( 618.0046323443070833, -9.427924931432094979, 1187.554753052402248 ) ) ;
#2854 = VERTEX_POINT ( 'NONE', #456 ) ;
#2855 = AXIS2_PLACEMENT_3D ( 'NONE', #5857, #1946, #355 ) ;
#2856 = STYLED_ITEM ( 'NONE', ( #2761 ), #4421 ) ;
#2857 = DIRECTION ( 'NONE',  ( 1.000000000000000000, 8.786078806946700055E-16, 6.778946662198249905E-16 ) ) ;
#2858 = AXIS2_PLACEMENT_3D ( 'NONE', #3068, #1898, #1725 ) ;
#2859 = CARTESIAN_POINT ( 'NONE',  ( 603.4528182177188000, 38.57672944146958827, 1235.074588566788634 ) ) ;
#2860 = UNCERTAINTY_MEASURE_WITH_UNIT (LENGTH_MEASURE( 1.000000000000000082E-05 ), #864, 'distance_accuracy_value', 'NONE');
#2861 = VERTEX_POINT ( 'NONE', #2418 ) ;
#2862 = DIRECTION ( 'NONE',  ( -4.552280931047950800E-17, 0.3090169943749515591, 0.9510565162951521989 ) ) ;
#2863 = AXIS2_PLACEMENT_3D ( 'NONE', #207, #4336, #5716 ) ;
#2864 = AXIS2_PLACEMENT_3D ( 'NONE', #7867, #3107, #5190 ) ;
#2865 = AXIS2_PLACEMENT_3D ( 'NONE', #110, #68, #4746 ) ;
#2866 = DIRECTION ( 'NONE',  ( 1.271368967841055707E-16, 0.000000000000000000, 1.000000000000000000 ) ) ;
#2867 =( NAMED_UNIT ( * ) SI_UNIT ( $, .STERADIAN. ) SOLID_ANGLE_UNIT ( ) );
#2868 = PRESENTATION_STYLE_ASSIGNMENT (( #3528 ) ) ;
#2869 =( LENGTH_UNIT ( ) NAMED_UNIT ( * ) SI_UNIT ( .MILLI., .METRE. ) );
#2870 = CARTESIAN_POINT ( 'NONE',  ( 603.6047077932306593, -21.00863595376518944, 1186.874084348125734 ) ) ;
#2871 = UNCERTAINTY_MEASURE_WITH_UNIT (LENGTH_MEASURE( 1.000000000000000082E-05 ), #5506, 'distance_accuracy_value', 'NONE');
#2872 = CARTESIAN_POINT ( 'NONE',  ( 607.4999999999998863, 39.25523951955518243, 1227.384926724582101 ) ) ;
#2873 = EDGE_LOOP ( 'NONE', ( #6777, #287, #7847, #7586, #8376, #446 ) ) ;
#2874 = FILL_AREA_STYLE_COLOUR ( '', #4112 ) ;
#2875 = DIRECTION ( 'NONE',  ( 0.5150380749100549327, 0.000000000000000000, 0.8571673007021118895 ) ) ;
#2876 = EDGE_LOOP ( 'NONE', ( #2580, #2631, #5608, #2069, #6898, #573 ) ) ;
#2877 = STYLED_ITEM ( 'NONE', ( #1715 ), #6072 ) ;
#2878 = CARTESIAN_POINT ( 'NONE',  ( 604.6651398937667636, -14.45085252889793281, 1184.542431417081616 ) ) ;
#2879 = CARTESIAN_POINT ( 'NONE',  ( 619.1650013148059770, -21.40557066085921534, 1193.651294942964114 ) ) ;
#2880 =( NAMED_UNIT ( * ) PLANE_ANGLE_UNIT ( ) SI_UNIT ( $, .RADIAN. ) );
#2881 = ORIENTED_EDGE ( 'NONE', *, *, #8903, .T. ) ;
#2882 = CARTESIAN_POINT ( 'NONE',  ( 607.3978678140711054, -8.420227304732243567, 1186.164132732788175 ) ) ;
#2883 = CARTESIAN_POINT ( 'NONE',  ( 607.4999999999963620, -36.89366507909319637, 1248.573805049530847 ) ) ;
#2884 = AXIS2_PLACEMENT_3D ( 'NONE', #3725, #210, #8493 ) ;
#2885 = ADVANCED_FACE ( 'NONE', ( #8653 ), #5950, .T. ) ;
#2886 = DIRECTION ( 'NONE',  ( 0.000000000000000000, -0.7071067811865530128, -0.7071067811865419106 ) ) ;
#2887 = PRESENTATION_STYLE_ASSIGNMENT (( #3727 ) ) ;
#2888 = ORIENTED_EDGE ( 'NONE', *, *, #4676, .T. ) ;
#2889 =( NAMED_UNIT ( * ) SI_UNIT ( $, .STERADIAN. ) SOLID_ANGLE_UNIT ( ) );
#2890 = ADVANCED_FACE ( 'NONE', ( #4770 ), #5470, .T. ) ;
#2891 = CARTESIAN_POINT ( 'NONE',  ( 614.4999999999997726, 53.19117901536822757, 1234.999999999999545 ) ) ;
#2892 = CARTESIAN_POINT ( 'NONE',  ( 607.4999999999997726, 3.925373642904172430E-13, 1195.999999999999773 ) ) ;
#2893 = CARTESIAN_POINT ( 'NONE',  ( 621.9830592763686354, -13.77284144777346597, 1194.135074600251073 ) ) ;
#2894 = EDGE_CURVE ( 'NONE', #7742, #8322, #3274, .T. ) ;
#2895 = CARTESIAN_POINT ( 'NONE',  ( 634.4749999999997954, -17.67766952966396943, 1252.677669529663717 ) ) ;
#2896 = CARTESIAN_POINT ( 'NONE',  ( 604.5112275998307041, 45.17371337061024406, 1235.482403555983410 ) ) ;
#2897 =( LENGTH_UNIT ( ) NAMED_UNIT ( * ) SI_UNIT ( .MILLI., .METRE. ) );
#2898 = ORIENTED_EDGE ( 'NONE', *, *, #128, .T. ) ;
#2899 = VECTOR ( 'NONE', #4660, 1000.000000000000000 ) ;
#2900 = SURFACE_STYLE_USAGE ( .BOTH. , #5517 ) ;
#2901 = CARTESIAN_POINT ( 'NONE',  ( 605.3769615805127842, 50.27266050782243667, 1230.904860198166716 ) ) ;
#2902 = ORIENTED_EDGE ( 'NONE', *, *, #5090, .T. ) ;
#2903 =( LENGTH_UNIT ( ) NAMED_UNIT ( * ) SI_UNIT ( .MILLI., .METRE. ) );
#2904 = SURFACE_SIDE_STYLE ('',( #2149 ) ) ;
#2905 =( NAMED_UNIT ( * ) PLANE_ANGLE_UNIT ( ) SI_UNIT ( $, .RADIAN. ) );
#2906 = AXIS2_PLACEMENT_3D ( 'NONE', #6272, #7665, #4973 ) ;
#2907 =( NAMED_UNIT ( * ) SI_UNIT ( $, .STERADIAN. ) SOLID_ANGLE_UNIT ( ) );
#2908 =( LENGTH_UNIT ( ) NAMED_UNIT ( * ) SI_UNIT ( .MILLI., .METRE. ) );
#2909 = CARTESIAN_POINT ( 'NONE',  ( 607.4999999999997726, -40.89543020069157109, 1221.712269241876811 ) ) ;
#2910 =( GEOMETRIC_REPRESENTATION_CONTEXT ( 3 ) GLOBAL_UNCERTAINTY_ASSIGNED_CONTEXT ( ( #1592 ) ) GLOBAL_UNIT_ASSIGNED_CONTEXT ( ( #4403, #6493, #991 ) ) REPRESENTATION_CONTEXT ( 'NONE', 'WORKASPACE' ) );
#2911 = CARTESIAN_POINT ( 'NONE',  ( 607.4999999999997726, -5.418011637555555815, 1195.912479717932911 ) ) ;
#2912 = CARTESIAN_POINT ( 'NONE',  ( 623.9999999999998863, -26.76776695296641506, 1233.232233047033333 ) ) ;
#2913 = SURFACE_SIDE_STYLE ('',( #1604 ) ) ;
#2914 = CARTESIAN_POINT ( 'NONE',  ( 608.1925701465529528, -20.42480290173644875, 1202.732318457633255 ) ) ;
#2915 = ORIENTED_EDGE ( 'NONE', *, *, #7819, .T. ) ;
#2916 = CARTESIAN_POINT ( 'NONE',  ( 607.4999999999997726, -2.042075114456043218E-13, 1281.999999999999545 ) ) ;
#2917 = ORIENTED_EDGE ( 'NONE', *, *, #6125, .T. ) ;
#2918 = DIRECTION ( 'NONE',  ( 0.000000000000000000, 0.000000000000000000, -1.000000000000000000 ) ) ;
#2919 = CARTESIAN_POINT ( 'NONE',  ( 605.9082343047073209, -16.76693600842054721, 1199.966612121439312 ) ) ;
#2920 = STYLED_ITEM ( 'NONE', ( #4735 ), #1905 ) ;
#2921 = EDGE_LOOP ( 'NONE', ( #1151, #8110, #5821, #3580 ) ) ;
#2922 = FILL_AREA_STYLE ('',( #3626 ) ) ;
#2923 =( NAMED_UNIT ( * ) SI_UNIT ( $, .STERADIAN. ) SOLID_ANGLE_UNIT ( ) );
#2924 = CARTESIAN_POINT ( 'NONE',  ( 603.6047077932308866, 52.26249122173543071, 1240.108674316016504 ) ) ;
#2925 = CARTESIAN_POINT ( 'NONE',  ( 604.0999999999999091, 25.27476584857618747, 1269.787730758122734 ) ) ;
#2926 = EDGE_LOOP ( 'NONE', ( #4642, #8003, #2062, #1885 ) ) ;
#2927 = AXIS2_PLACEMENT_3D ( 'NONE', #7482, #8224, #7517 ) ;
#2928 = CARTESIAN_POINT ( 'NONE',  ( 607.7773841867003739, 38.32990817419614871, 1239.339745265577903 ) ) ;
#2929 = PRESENTATION_STYLE_ASSIGNMENT (( #6487 ) ) ;
#2930 = LINE ( 'NONE', #6304, #4413 ) ;
#2931 = FACE_OUTER_BOUND ( 'NONE', #6891, .T. ) ;
#2932 = LINE ( 'NONE', #8504, #3556 ) ;
#2933 = ORIENTED_EDGE ( 'NONE', *, *, #8104, .T. ) ;
#2934 = EDGE_CURVE ( 'NONE', #5084, #7071, #6890, .T. ) ;
#2935 = UNCERTAINTY_MEASURE_WITH_UNIT (LENGTH_MEASURE( 1.000000000000000082E-05 ), #3434, 'distance_accuracy_value', 'NONE');
#2936 = ORIENTED_EDGE ( 'NONE', *, *, #7349, .F. ) ;
#2937 = CIRCLE ( 'NONE', #49, 7.499999999999972466 ) ;
#2938 = STYLED_ITEM ( 'NONE', ( #3748 ), #3922 ) ;
#2939 = CYLINDRICAL_SURFACE ( 'NONE', #8731, 51.54051262744641093 ) ;
#2940 = EDGE_CURVE ( 'NONE', #8791, #3974, #6011, .T. ) ;
#2941 = CARTESIAN_POINT ( 'NONE',  ( 607.5725970330029213, 22.67115849100212444, 1266.735354324153150 ) ) ;
#2942 = CYLINDRICAL_SURFACE ( 'NONE', #5261, 7.999999999999967137 ) ;
#2943 = CARTESIAN_POINT ( 'NONE',  ( 607.5602717220526756, -17.79614459578802510, 1200.263506319281987 ) ) ;
#2944 = FILL_AREA_STYLE ('',( #8468 ) ) ;
#2945 = FACE_OUTER_BOUND ( 'NONE', #4133, .T. ) ;
#2946 = B_SPLINE_CURVE_WITH_KNOTS ( 'NONE', 3,
 ( #8017, #452, #8092, #492, #7436, #7966, #8648, #4542, #4669, #5381, #4625, #3913 ),
 .UNSPECIFIED., .F., .F.,
 ( 4, 2, 2, 2, 2, 4 ),
 ( 0.000000000000000000, 0.0009233691069799565250, 0.001846738213959913050, 0.002308422767449891042, 0.002770107320939869684, 0.003693476427919560254 ),
 .UNSPECIFIED. ) ;
#2947 = EDGE_CURVE ( 'NONE', #6491, #8015, #2852, .T. ) ;
#2948 = EDGE_CURVE ( 'NONE', #6447, #6851, #7, .T. ) ;
#2949 = DIRECTION ( 'NONE',  ( 1.000000000000000000, -0.000000000000000000, 2.618191646955655209E-47 ) ) ;
#2950 = DIRECTION ( 'NONE',  ( 1.000000000000000000, 0.000000000000000000, 2.618191646955655209E-47 ) ) ;
#2951 = UNCERTAINTY_MEASURE_WITH_UNIT (LENGTH_MEASURE( 1.000000000000000082E-05 ), #8442, 'distance_accuracy_value', 'NONE');
#2952 = EDGE_CURVE ( 'NONE', #1641, #8857, #8145, .T. ) ;
#2953 =( GEOMETRIC_REPRESENTATION_CONTEXT ( 3 ) GLOBAL_UNCERTAINTY_ASSIGNED_CONTEXT ( ( #1025 ) ) GLOBAL_UNIT_ASSIGNED_CONTEXT ( ( #2869, #1603, #6989 ) ) REPRESENTATION_CONTEXT ( 'NONE', 'WORKASPACE' ) );
#2954 = ORIENTED_EDGE ( 'NONE', *, *, #3335, .T. ) ;
#2955 = DIRECTION ( 'NONE',  ( 1.000000000000000000, 0.000000000000000000, 2.618191646955655209E-47 ) ) ;
#2956 = CARTESIAN_POINT ( 'NONE',  ( 603.6047077932308866, -11.29135995801084569, 1183.716749983373802 ) ) ;
#2957 = COLOUR_RGB ( '',0.7490196078431372584, 0.7490196078431372584, 0.7490196078431372584 ) ;
#2958 = PRESENTATION_LAYER_ASSIGNMENT (  '', '', ( #8254 ) ) ;
#2959 = ORIENTED_EDGE ( 'NONE', *, *, #2993, .T. ) ;
#2960 =( NAMED_UNIT ( * ) SI_UNIT ( $, .STERADIAN. ) SOLID_ANGLE_UNIT ( ) );
#2961 = CARTESIAN_POINT ( 'NONE',  ( 607.4999999999997726, 25.27476584857623365, 1269.787730758122734 ) ) ;
#2962 = ORIENTED_EDGE ( 'NONE', *, *, #7988, .F. ) ;
#2963 = PRESENTATION_LAYER_ASSIGNMENT (  '', '', ( #4111 ) ) ;
#2964 = CIRCLE ( 'NONE', #6983, 30.49999999999997158 ) ;
#2965 = CARTESIAN_POINT ( 'NONE',  ( 604.6499976216239247, -13.92857917902878739, 1186.434605700203065 ) ) ;
#2966 = DIRECTION ( 'NONE',  ( 0.000000000000000000, -0.2536844569576762187, -0.9672870289102862840 ) ) ;
#2967 = PRESENTATION_LAYER_ASSIGNMENT (  '', '', ( #2552 ) ) ;
#2968 = EDGE_LOOP ( 'NONE', ( #8527, #8795, #6626, #5625 ) ) ;
#2969 = PRESENTATION_LAYER_ASSIGNMENT (  '', '', ( #7703 ) ) ;
#2970 = AXIS2_PLACEMENT_3D ( 'NONE', #784, #8294, #3538 ) ;
#2971 = FILL_AREA_STYLE_COLOUR ( '', #1672 ) ;
#2972 = CYLINDRICAL_SURFACE ( 'NONE', #2715, 2.000000000000001776 ) ;
#2973 = DIRECTION ( 'NONE',  ( 0.000000000000000000, -6.938893903907222067E-15, 1.000000000000000000 ) ) ;
#2974 = MECHANICAL_DESIGN_GEOMETRIC_PRESENTATION_REPRESENTATION (  '', ( #93 ), #7134 ) ;
#2975 = SURFACE_STYLE_FILL_AREA ( #2265 ) ;
#2976 =( NAMED_UNIT ( * ) PLANE_ANGLE_UNIT ( ) SI_UNIT ( $, .RADIAN. ) );
#2977 = COLOUR_RGB ( '',0.7490196078431372584, 0.7490196078431372584, 0.7490196078431372584 ) ;
#2978 = ADVANCED_FACE ( 'NONE', ( #5515 ), #2094, .F. ) ;
#2979 = FILL_AREA_STYLE_COLOUR ( '', #2464 ) ;
#2980 = DIRECTION ( 'NONE',  ( -1.000000000000000000, 0.000000000000000000, -2.618191646955655209E-47 ) ) ;
#2981 = ORIENTED_EDGE ( 'NONE', *, *, #2019, .F. ) ;
#2982 = STYLED_ITEM ( 'NONE', ( #8361 ), #4911 ) ;
#2983 =( NAMED_UNIT ( * ) PLANE_ANGLE_UNIT ( ) SI_UNIT ( $, .RADIAN. ) );
#2984 = CARTESIAN_POINT ( 'NONE',  ( 606.9219064543955255, 48.56248545262000249, 1241.527431902981107 ) ) ;
#2985 = ORIENTED_EDGE ( 'NONE', *, *, #4676, .F. ) ;
#2986 = PRESENTATION_LAYER_ASSIGNMENT (  '', '', ( #817 ) ) ;
#2987 = CARTESIAN_POINT ( 'NONE',  ( 607.4999999999997726, 21.72616315871098536, 1267.941811217762734 ) ) ;
#2988 = DIRECTION ( 'NONE',  ( -1.000000000000000000, 0.000000000000000000, -2.618191646955655209E-47 ) ) ;
#2989 = LINE ( 'NONE', #3125, #3380 ) ;
#2990 = CARTESIAN_POINT ( 'NONE',  ( 607.5960556515167355, -17.40469049624281439, 1200.173831115893563 ) ) ;
#2991 = CARTESIAN_POINT ( 'NONE',  ( 607.4999999999997726, 21.72616315871143655, 1202.058188782236812 ) ) ;
#2992 =( GEOMETRIC_REPRESENTATION_CONTEXT ( 3 ) GLOBAL_UNCERTAINTY_ASSIGNED_CONTEXT ( ( #599 ) ) GLOBAL_UNIT_ASSIGNED_CONTEXT ( ( #8245, #6873, #7542 ) ) REPRESENTATION_CONTEXT ( 'NONE', 'WORKASPACE' ) );
#2993 = EDGE_CURVE ( 'NONE', #782, #4732, #6145, .T. ) ;
#2994 = CARTESIAN_POINT ( 'NONE',  ( 614.4999999999997726, 38.99999999999993605, 1227.499999999999545 ) ) ;
#2995 = FILL_AREA_STYLE_COLOUR ( '', #1620 ) ;
#2996 = CARTESIAN_POINT ( 'NONE',  ( 604.0999999999999091, -40.89543020069151424, 1248.287730758122507 ) ) ;
#2997 = CIRCLE ( 'NONE', #8444, 4.000000000000064837 ) ;
#2998 = COLOUR_RGB ( '',0.7490196078431372584, 0.7490196078431372584, 0.7490196078431372584 ) ;
#2999 = AXIS2_PLACEMENT_3D ( 'NONE', #1888, #2649, #8115 ) ;
#3000 = SURFACE_SIDE_STYLE ('',( #3660 ) ) ;
#3001 = EDGE_CURVE ( 'NONE', #5204, #5628, #2932, .T. ) ;
#3002 = ORIENTED_EDGE ( 'NONE', *, *, #7345, .T. ) ;
#3003 = DIRECTION ( 'NONE',  ( 1.000000000000000000, 0.000000000000000000, 0.000000000000000000 ) ) ;
#3004 =( GEOMETRIC_REPRESENTATION_CONTEXT ( 3 ) GLOBAL_UNCERTAINTY_ASSIGNED_CONTEXT ( ( #5392 ) ) GLOBAL_UNIT_ASSIGNED_CONTEXT ( ( #4456, #6360, #7793 ) ) REPRESENTATION_CONTEXT ( 'NONE', 'WORKASPACE' ) );
#3005 = EDGE_CURVE ( 'NONE', #1641, #5975, #5000, .T. ) ;
#3006 = DIRECTION ( 'NONE',  ( 0.5150380749100549327, -0.6061088109378329758, 0.6061088109378305333 ) ) ;
#3007 = DIRECTION ( 'NONE',  ( 0.5150380749100549327, 0.000000000000000000, -0.8571673007021118895 ) ) ;
#3008 = ORIENTED_EDGE ( 'NONE', *, *, #1738, .F. ) ;
#3009 = FACE_OUTER_BOUND ( 'NONE', #4959, .T. ) ;
#3010 = CARTESIAN_POINT ( 'NONE',  ( 602.6650245653742104, -14.55046173132398124, 1184.517045271789812 ) ) ;
#3011 = MECHANICAL_DESIGN_GEOMETRIC_PRESENTATION_REPRESENTATION (  '', ( #6023 ), #3575 ) ;
#3012 = ORIENTED_EDGE ( 'NONE', *, *, #8161, .F. ) ;
#3013 = CARTESIAN_POINT ( 'NONE',  ( 604.6404644068039715, 38.55548153738464379, 1236.725557774042727 ) ) ;
#3014 =( NAMED_UNIT ( * ) PLANE_ANGLE_UNIT ( ) SI_UNIT ( $, .RADIAN. ) );
#3015 = FILL_AREA_STYLE ('',( #6295 ) ) ;
#3016 = VERTEX_POINT ( 'NONE', #6257 ) ;
#3017 = DIRECTION ( 'NONE',  ( 1.000000000000000000, 0.000000000000000000, 0.000000000000000000 ) ) ;
#3018 = CARTESIAN_POINT ( 'NONE',  ( 607.4999999999997726, -40.89543020069157109, 1221.712269241876811 ) ) ;
#3019 = PRESENTATION_LAYER_ASSIGNMENT (  '', '', ( #5619 ) ) ;
#3020 = CARTESIAN_POINT ( 'NONE',  ( 620.1836605872844075, -15.18417907262564270, 1189.425073399398570 ) ) ;
#3021 = CARTESIAN_POINT ( 'NONE',  ( 606.6060680055206831, -6.212512167197004942, 1195.984151794827994 ) ) ;
#3022 = FILL_AREA_STYLE_COLOUR ( '', #4742 ) ;
#3023 = DIRECTION ( 'NONE',  ( 1.000000000000000000, -0.000000000000000000, 2.618191646955655209E-47 ) ) ;
#3024 = ORIENTED_EDGE ( 'NONE', *, *, #8104, .F. ) ;
#3025 = STYLED_ITEM ( 'NONE', ( #4047 ), #6467 ) ;
#3026 = CARTESIAN_POINT ( 'NONE',  ( 604.6499976216240384, 50.49260238908173193, 1236.760666186209164 ) ) ;
#3027 = UNCERTAINTY_MEASURE_WITH_UNIT (LENGTH_MEASURE( 1.000000000000000082E-05 ), #7079, 'distance_accuracy_value', 'NONE');
#3028 = ORIENTED_EDGE ( 'NONE', *, *, #1973, .F. ) ;
#3029 = PRESENTATION_STYLE_ASSIGNMENT (( #1551 ) ) ;
#3030 =( LENGTH_UNIT ( ) NAMED_UNIT ( * ) SI_UNIT ( .MILLI., .METRE. ) );
#3031 = DIRECTION ( 'NONE',  ( -0.9123038419487410344, 0.000000000000000000, -0.4095139801832980431 ) ) ;
#3032 =( NAMED_UNIT ( * ) PLANE_ANGLE_UNIT ( ) SI_UNIT ( $, .RADIAN. ) );
#3033 = PRESENTATION_LAYER_ASSIGNMENT (  '', '', ( #7489 ) ) ;
#3034 = CARTESIAN_POINT ( 'NONE',  ( 607.9999999999998863, 53.19117901536822757, 1230.336310473455796 ) ) ;
#3035 = CARTESIAN_POINT ( 'NONE',  ( 605.7875131229856152, 38.53242678851808023, 1230.048264828153151 ) ) ;
#3036 = FILL_AREA_STYLE ('',( #953 ) ) ;
#3037 = CARTESIAN_POINT ( 'NONE',  ( 634.9999999999997726, -6.386820869854684955E-14, 1251.749999999999773 ) ) ;
#3038 = DIRECTION ( 'NONE',  ( -2.618191646955655209E-47, 0.000000000000000000, 1.000000000000000000 ) ) ;
#3039 = UNCERTAINTY_MEASURE_WITH_UNIT (LENGTH_MEASURE( 1.000000000000000082E-05 ), #27, 'distance_accuracy_value', 'NONE');
#3040 = CARTESIAN_POINT ( 'NONE',  ( 606.9999999999998863, 43.26735247905153159, 1234.999999999999545 ) ) ;
#3041 = ORIENTED_EDGE ( 'NONE', *, *, #1512, .T. ) ;
#3042 = DIRECTION ( 'NONE',  ( 0.000000000000000000, 0.000000000000000000, -1.000000000000000000 ) ) ;
#3043 = SURFACE_STYLE_USAGE ( .BOTH. , #6469 ) ;
#3044 = SURFACE_STYLE_USAGE ( .BOTH. , #920 ) ;
#3046 = ADVANCED_FACE ( 'NONE', ( #3560 ), #221, .T. ) ;
#3045 = EDGE_LOOP ( 'NONE', ( #5495, #5805, #6560, #8298 ) ) ;
#3047 = EDGE_CURVE ( 'NONE', #782, #4288, #3703, .T. ) ;
#3048 = CARTESIAN_POINT ( 'NONE',  ( 604.4997795672694565, 50.53989677573285633, 1234.301214229922607 ) ) ;
#3049 = EDGE_CURVE ( 'NONE', #6736, #6641, #4700, .T. ) ;
#3050 = ORIENTED_EDGE ( 'NONE', *, *, #3222, .T. ) ;
#3051 = CARTESIAN_POINT ( 'NONE',  ( 605.1054593850947185, -18.83614417451342149, 1188.175943906038128 ) ) ;
#3052 = CIRCLE ( 'NONE', #1626, 2.499999999999952038 ) ;
#3053 = CARTESIAN_POINT ( 'NONE',  ( 614.4999999999997726, 36.99999999999993605, 1227.499999999999545 ) ) ;
#3054 = CARTESIAN_POINT ( 'NONE',  ( 606.0268390423555047, -22.67557279801355108, 1188.623083804566022 ) ) ;
#3055 = DIRECTION ( 'NONE',  ( -1.000000000000000000, 0.000000000000000000, 0.000000000000000000 ) ) ;
#3056 = DIRECTION ( 'NONE',  ( 0.000000000000000000, 0.7071067811865577868, -0.7071067811865371366 ) ) ;
#3058 = EDGE_CURVE ( 'NONE', #5075, #4381, #5684, .T. ) ;
#3057 = VERTEX_POINT ( 'NONE', #2220 ) ;
#3059 = DIRECTION ( 'NONE',  ( 0.000000000000000000, -0.9510565162951640783, 0.3090169943749151993 ) ) ;
#3060 = PRESENTATION_LAYER_ASSIGNMENT (  '', '', ( #1184 ) ) ;
#3061 =( LENGTH_UNIT ( ) NAMED_UNIT ( * ) SI_UNIT ( .MILLI., .METRE. ) );
#3062 = EDGE_CURVE ( 'NONE', #7359, #7734, #3848, .T. ) ;
#3063 = DIRECTION ( 'NONE',  ( 1.000000000000000000, -1.209143741480679917E-16, 3.928746171838239762E-17 ) ) ;
#3064 = DIRECTION ( 'NONE',  ( 1.000000000000000000, 0.000000000000000000, 2.618191646955655209E-47 ) ) ;
#3065 = CARTESIAN_POINT ( 'NONE',  ( 607.4999999999996589, -22.45598184994014801, 1191.653759864909716 ) ) ;
#3066 =( NAMED_UNIT ( * ) SI_UNIT ( $, .STERADIAN. ) SOLID_ANGLE_UNIT ( ) );
#3067 = MECHANICAL_DESIGN_GEOMETRIC_PRESENTATION_REPRESENTATION (  '', ( #5806 ), #1492 ) ;
#3068 = CARTESIAN_POINT ( 'NONE',  ( 607.4999999999997726, 25.27476584857668485, 1200.212269241877721 ) ) ;
#3069 = EDGE_LOOP ( 'NONE', ( #2338, #1412, #6805, #1318 ) ) ;
#3070 =( NAMED_UNIT ( * ) SI_UNIT ( $, .STERADIAN. ) SOLID_ANGLE_UNIT ( ) );
#3071 =( NAMED_UNIT ( * ) PLANE_ANGLE_UNIT ( ) SI_UNIT ( $, .RADIAN. ) );
#3072 = CARTESIAN_POINT ( 'NONE',  ( 605.5187674742863919, 50.23112678721407320, 1239.411051023332902 ) ) ;
#3073 = ORIENTED_EDGE ( 'NONE', *, *, #3716, .F. ) ;
#3074 = DIRECTION ( 'NONE',  ( 0.000000000000000000, -0.3633220134397114887, 0.9316636273624263609 ) ) ;
#3075 = SURFACE_STYLE_FILL_AREA ( #7074 ) ;
#3076 = STYLED_ITEM ( 'NONE', ( #1541 ), #7561 ) ;
#3077 = DIRECTION ( 'NONE',  ( 0.000000000000000000, 0.000000000000000000, 1.000000000000000000 ) ) ;
#3078 = PRESENTATION_STYLE_ASSIGNMENT (( #324 ) ) ;
#3079 = CARTESIAN_POINT ( 'NONE',  ( 607.5693836934591445, 22.67934386749822551, 1203.259829005864958 ) ) ;
#3080 =( LENGTH_UNIT ( ) NAMED_UNIT ( * ) SI_UNIT ( .MILLI., .METRE. ) );
#3081 = CYLINDRICAL_SURFACE ( 'NONE', #5355, 2.749999999999970246 ) ;
#3082 = AXIS2_PLACEMENT_3D ( 'NONE', #5173, #3711, #8623 ) ;
#3083 = DIRECTION ( 'NONE',  ( -1.000000000000000000, 0.000000000000000000, -2.618191646955655209E-47 ) ) ;
#3084 = PRESENTATION_STYLE_ASSIGNMENT (( #2371 ) ) ;
#3085 = ORIENTED_EDGE ( 'NONE', *, *, #7060, .T. ) ;
#3086 = AXIS2_PLACEMENT_3D ( 'NONE', #5394, #4826, #1421 ) ;
#3087 = CONICAL_SURFACE ( 'NONE', #2664, 3.024999999999944844, 0.7853981633974518317 ) ;
#3088 = CARTESIAN_POINT ( 'NONE',  ( 603.4999999999997726, -6.591949208711866959E-14, 1234.999999999999545 ) ) ;
#3089 = LINE ( 'NONE', #5706, #524 ) ;
#3090 = PRESENTATION_STYLE_ASSIGNMENT (( #6425 ) ) ;
#3091 = ORIENTED_EDGE ( 'NONE', *, *, #249, .F. ) ;
#3092 = CIRCLE ( 'NONE', #8108, 3.025000000000055422 ) ;
#3093 = PRESENTATION_LAYER_ASSIGNMENT (  '', '', ( #6544 ) ) ;
#3094 = VECTOR ( 'NONE', #4457, 1000.000000000000000 ) ;
#3095 =( LENGTH_UNIT ( ) NAMED_UNIT ( * ) SI_UNIT ( .MILLI., .METRE. ) );
#3096 = SURFACE_STYLE_USAGE ( .BOTH. , #5885 ) ;
#3097 = EDGE_LOOP ( 'NONE', ( #8246, #1775, #3114, #6175 ) ) ;
#3098 = COLOUR_RGB ( '',0.7490196078431372584, 0.7490196078431372584, 0.7490196078431372584 ) ;
#3099 = CARTESIAN_POINT ( 'NONE',  ( 604.8707877653400828, -12.93115087692715370, 1186.182582234774145 ) ) ;
#3100 =( NAMED_UNIT ( * ) PLANE_ANGLE_UNIT ( ) SI_UNIT ( $, .RADIAN. ) );
#3101 = CARTESIAN_POINT ( 'NONE',  ( 607.4999999999998863, -21.61916442724327680, 1191.702309381805208 ) ) ;
#3102 = DIRECTION ( 'NONE',  ( -1.000000000000000000, 0.000000000000000000, -2.618191646955655209E-47 ) ) ;
#3103 = CARTESIAN_POINT ( 'NONE',  ( 607.4999999999997726, 38.84594645289728021, 1228.058707895181669 ) ) ;
#3104 = EDGE_CURVE ( 'NONE', #1038, #478, #5450, .T. ) ;
#3105 = EDGE_LOOP ( 'NONE', ( #4744, #8511 ) ) ;
#3106 = CARTESIAN_POINT ( 'NONE',  ( 607.4999999999997726, -6.591949208711866959E-14, 1234.999999999999545 ) ) ;
#3107 = DIRECTION ( 'NONE',  ( 1.000000000000000000, 0.000000000000000000, 2.618191646955655209E-47 ) ) ;
#3108 = COLOUR_RGB ( '',0.7490196078431372584, 0.7490196078431372584, 0.7490196078431372584 ) ;
#3109 = DIRECTION ( 'NONE',  ( 0.5150380749100549327, -0.8571673007021118895, -2.887810915554104296E-15 ) ) ;
#3110 = EDGE_CURVE ( 'NONE', #386, #7020, #1560, .T. ) ;
#3111 = EDGE_CURVE ( 'NONE', #3971, #8849, #7310, .T. ) ;
#3112 = FILL_AREA_STYLE ('',( #7564 ) ) ;
#3113 = DIRECTION ( 'NONE',  ( 1.000000000000000000, 9.162209061965000063E-16, -6.261247779448838597E-16 ) ) ;
#3114 = ORIENTED_EDGE ( 'NONE', *, *, #7504, .T. ) ;
#3115 = STYLED_ITEM ( 'NONE', ( #5233 ), #2350 ) ;
#3116 = EDGE_CURVE ( 'NONE', #3974, #6951, #7304, .T. ) ;
#3117 = DIRECTION ( 'NONE',  ( 0.000000000000000000, 0.000000000000000000, 1.000000000000000000 ) ) ;
#3118 = CARTESIAN_POINT ( 'NONE',  ( 607.4999999999997726, -40.89543020069157109, 1217.712269241876811 ) ) ;
#3119 =( NAMED_UNIT ( * ) SI_UNIT ( $, .STERADIAN. ) SOLID_ANGLE_UNIT ( ) );
#3120 = ORIENTED_EDGE ( 'NONE', *, *, #4861, .T. ) ;
#3121 = LINE ( 'NONE', #2456, #5581 ) ;
#3122 = CARTESIAN_POINT ( 'NONE',  ( 621.9999999999997726, 43.09999999999993037, 1234.999999999999545 ) ) ;
#3123 = PRESENTATION_STYLE_ASSIGNMENT (( #4411 ) ) ;
#3124 = PRESENTATION_LAYER_ASSIGNMENT (  '', '', ( #8134 ) ) ;
#3125 = CARTESIAN_POINT ( 'NONE',  ( 634.9999999999997726, -17.67766952966371719, 1219.822330470335828 ) ) ;
#3126 = DIRECTION ( 'NONE',  ( 0.000000000000000000, -1.000000000000000000, 0.000000000000000000 ) ) ;
#3127 = DIRECTION ( 'NONE',  ( 0.000000000000000000, 0.9510565162951640783, -0.3090169943749149217 ) ) ;
#3128 = PRESENTATION_LAYER_ASSIGNMENT (  '', '', ( #2563 ) ) ;
#3129 = SURFACE_SIDE_STYLE ('',( #5829 ) ) ;
#3130 = DIRECTION ( 'NONE',  ( 0.000000000000000000, 0.000000000000000000, -1.000000000000000000 ) ) ;
#3131 = UNCERTAINTY_MEASURE_WITH_UNIT (LENGTH_MEASURE( 1.000000000000000082E-05 ), #3639, 'distance_accuracy_value', 'NONE');
#3132 = AXIS2_PLACEMENT_3D ( 'NONE', #3862, #6618, #3202 ) ;
#3133 = CARTESIAN_POINT ( 'NONE',  ( 634.9999999999997726, 42.24999999999994316, 1233.499999999999545 ) ) ;
#3134 = DIRECTION ( 'NONE',  ( 1.000000000000000000, 0.000000000000000000, 2.618191646955655209E-47 ) ) ;
#3135 = EDGE_LOOP ( 'NONE', ( #5151, #1537, #1456, #212, #2260, #649 ) ) ;
#3136 = CARTESIAN_POINT ( 'NONE',  ( 605.6193347757807715, 52.11924932150800061, 1239.619618548253129 ) ) ;
#3137 = DIRECTION ( 'NONE',  ( 1.000000000000000000, 0.000000000000000000, -1.271368967841055707E-16 ) ) ;
#3138 = CIRCLE ( 'NONE', #7153, 2.999999999999891642 ) ;
#3139 = ORIENTED_EDGE ( 'NONE', *, *, #5034, .T. ) ;
#3140 = VECTOR ( 'NONE', #1588, 1000.000000000000000 ) ;
#3141 = DIRECTION ( 'NONE',  ( -1.000000000000000000, 0.000000000000000000, -2.618191646955655209E-47 ) ) ;
#3142 = CARTESIAN_POINT ( 'NONE',  ( 603.6047077932306593, 52.26249122173548045, 1229.891325683983496 ) ) ;
#3143 = SURFACE_SIDE_STYLE ('',( #385 ) ) ;
#3144 = ORIENTED_EDGE ( 'NONE', *, *, #5493, .T. ) ;
#3145 = COLOUR_RGB ( '',0.7490196078431372584, 0.7490196078431372584, 0.7490196078431372584 ) ;
#3146 = DIRECTION ( 'NONE',  ( 1.000000000000000000, 0.000000000000000000, 0.000000000000000000 ) ) ;
#3147 = AXIS2_PLACEMENT_3D ( 'NONE', #247, #7804, #5707 ) ;
#3148 = CARTESIAN_POINT ( 'NONE',  ( 607.4999999999997726, -18.98552287849643960, 1200.125364783554460 ) ) ;
#3149 = CARTESIAN_POINT ( 'NONE',  ( 607.5490687605314406, 38.56672879658489705, 1228.700466189750387 ) ) ;
#3150 = EDGE_LOOP ( 'NONE', ( #2959, #5437, #646, #3668 ) ) ;
#3151 = CIRCLE ( 'NONE', #5609, 37.56007651763759725 ) ;
#3152 = FACE_OUTER_BOUND ( 'NONE', #6400, .T. ) ;
#3153 = CARTESIAN_POINT ( 'NONE',  ( 607.5726552945698131, 37.13914768482150919, 1246.904269707381218 ) ) ;
#3154 = CARTESIAN_POINT ( 'NONE',  ( 607.5694170630785038, -0.3071695971763111488, 1195.991171229383554 ) ) ;
#3155 = PRESENTATION_STYLE_ASSIGNMENT (( #3902 ) ) ;
#3156 = SURFACE_SIDE_STYLE ('',( #401 ) ) ;
#3157 = ORIENTED_EDGE ( 'NONE', *, *, #3604, .F. ) ;
#3158 = CARTESIAN_POINT ( 'NONE',  ( 606.8891546611688455, 48.61583264711759256, 1228.513329172162003 ) ) ;
#3159 = EDGE_CURVE ( 'NONE', #5969, #534, #2282, .T. ) ;
#3160 = DIRECTION ( 'NONE',  ( 1.000000000000000000, 0.000000000000000000, 0.000000000000000000 ) ) ;
#3161 = FILL_AREA_STYLE_COLOUR ( '', #2066 ) ;
#3162 = EDGE_LOOP ( 'NONE', ( #3183, #1052, #4771 ) ) ;
#3163 =( GEOMETRIC_REPRESENTATION_CONTEXT ( 3 ) GLOBAL_UNCERTAINTY_ASSIGNED_CONTEXT ( ( #2053 ) ) GLOBAL_UNIT_ASSIGNED_CONTEXT ( ( #8393, #2346, #5088 ) ) REPRESENTATION_CONTEXT ( 'NONE', 'WORKASPACE' ) );
#3164 = SURFACE_STYLE_FILL_AREA ( #411 ) ;
#3165 = EDGE_CURVE ( 'NONE', #3917, #251, #7917, .T. ) ;
#3166 = FILL_AREA_STYLE_COLOUR ( '', #2240 ) ;
#3167 =( LENGTH_UNIT ( ) NAMED_UNIT ( * ) SI_UNIT ( .MILLI., .METRE. ) );
#3168 = LINE ( 'NONE', #8094, #2747 ) ;
#3169 = SURFACE_STYLE_FILL_AREA ( #8617 ) ;
#3170 = AXIS2_PLACEMENT_3D ( 'NONE', #1816, #6660, #4616 ) ;
#3171 = CYLINDRICAL_SURFACE ( 'NONE', #3474, 2.499999999999946709 ) ;
#3172 = FACE_OUTER_BOUND ( 'NONE', #3942, .T. ) ;
#3173 = AXIS2_PLACEMENT_3D ( 'NONE', #3593, #6482, #1578 ) ;
#3174 = EDGE_CURVE ( 'NONE', #65, #5903, #5150, .T. ) ;
#3175 = FACE_OUTER_BOUND ( 'NONE', #2873, .T. ) ;
#3176 = DIRECTION ( 'NONE',  ( 0.000000000000000000, -0.8415518235641724631, 0.5401763862441749664 ) ) ;
#3177 = ORIENTED_EDGE ( 'NONE', *, *, #6121, .F. ) ;
#3178 = CARTESIAN_POINT ( 'NONE',  ( 604.2794120192422724, 52.13116131327746672, 1240.838065155601498 ) ) ;
#3179 =( NAMED_UNIT ( * ) SI_UNIT ( $, .STERADIAN. ) SOLID_ANGLE_UNIT ( ) );
#3180 = DIRECTION ( 'NONE',  ( 0.000000000000000000, 0.000000000000000000, -1.000000000000000000 ) ) ;
#3181 = STYLED_ITEM ( 'NONE', ( #2887 ), #6573 ) ;
#3182 =( NAMED_UNIT ( * ) SI_UNIT ( $, .STERADIAN. ) SOLID_ANGLE_UNIT ( ) );
#3183 = ORIENTED_EDGE ( 'NONE', *, *, #4745, .F. ) ;
#3184 = EDGE_CURVE ( 'NONE', #2200, #3584, #5861, .T. ) ;
#3185 = CARTESIAN_POINT ( 'NONE',  ( 623.9999999999998863, -20.17766952966396943, 1252.677669529663717 ) ) ;
#3186 = CARTESIAN_POINT ( 'NONE',  ( 605.1476524569661706, 52.35478394799041979, 1238.618928041561958 ) ) ;
#3187 = DIRECTION ( 'NONE',  ( 1.000000000000000000, 0.000000000000000000, 2.618191646955655209E-47 ) ) ;
#3188 = ORIENTED_EDGE ( 'NONE', *, *, #1795, .T. ) ;
#3189 = AXIS2_PLACEMENT_3D ( 'NONE', #8471, #1046, #3785 ) ;
#3190 = CARTESIAN_POINT ( 'NONE',  ( 606.6051873971531450, 39.03484788869437239, 1241.146995785587023 ) ) ;
#3191 = LINE ( 'NONE', #5889, #1260 ) ;
#3192 = CYLINDRICAL_SURFACE ( 'NONE', #6418, 2.499999999999968914 ) ;
#3193 = STYLED_ITEM ( 'NONE', ( #1932 ), #1337 ) ;
#3194 = CARTESIAN_POINT ( 'NONE',  ( 634.4749999999997954, -17.67766952966396943, 1252.677669529663717 ) ) ;
#3195 = ORIENTED_EDGE ( 'NONE', *, *, #4156, .T. ) ;
#3196 = UNCERTAINTY_MEASURE_WITH_UNIT (LENGTH_MEASURE( 1.000000000000000082E-05 ), #2824, 'distance_accuracy_value', 'NONE');
#3197 = CARTESIAN_POINT ( 'NONE',  ( 604.0999999999999091, -40.89543020069171320, 1221.712269241876811 ) ) ;
#3198 = AXIS2_PLACEMENT_3D ( 'NONE', #7080, #1652, #240 ) ;
#3199 = CARTESIAN_POINT ( 'NONE',  ( 634.9999999999997726, -6.552148187739577405E-14, 1263.249999999999773 ) ) ;
#3200 = ORIENTED_EDGE ( 'NONE', *, *, #8310, .T. ) ;
#3201 =( NAMED_UNIT ( * ) SI_UNIT ( $, .STERADIAN. ) SOLID_ANGLE_UNIT ( ) );
#3202 = DIRECTION ( 'NONE',  ( 0.000000000000000000, 0.000000000000000000, -1.000000000000000000 ) ) ;
#3203 =( LENGTH_UNIT ( ) NAMED_UNIT ( * ) SI_UNIT ( .MILLI., .METRE. ) );
#3204 = ORIENTED_EDGE ( 'NONE', *, *, #6575, .F. ) ;
#3205 = CARTESIAN_POINT ( 'NONE',  ( 606.2270374124448153, 50.92288738954336225, 1227.636606440524474 ) ) ;
#3206 = VECTOR ( 'NONE', #2297, 999.9999999999998863 ) ;
#3207 = FACE_OUTER_BOUND ( 'NONE', #1015, .T. ) ;
#3208 =( NAMED_UNIT ( * ) PLANE_ANGLE_UNIT ( ) SI_UNIT ( $, .RADIAN. ) );
#3209 = VERTEX_POINT ( 'NONE', #8550 ) ;
#3210 = FACE_OUTER_BOUND ( 'NONE', #2604, .T. ) ;
#3211 = COLOUR_RGB ( '',0.7490196078431372584, 0.7490196078431372584, 0.7490196078431372584 ) ;
#3212 = DIRECTION ( 'NONE',  ( 0.000000000000000000, -3.469446951953611033E-15, 1.000000000000000000 ) ) ;
#3213 = EDGE_CURVE ( 'NONE', #4465, #178, #3564, .T. ) ;
#3214 = PRESENTATION_STYLE_ASSIGNMENT (( #3300 ) ) ;
#3215 = CARTESIAN_POINT ( 'NONE',  ( 607.9660578629751626, 38.49313616047083286, 1228.787262099569489 ) ) ;
#3216 = FACE_OUTER_BOUND ( 'NONE', #7935, .T. ) ;
#3217 = CARTESIAN_POINT ( 'NONE',  ( 606.7981623291500455, 39.26653432687344747, 1228.614484129027005 ) ) ;
#3218 = ADVANCED_FACE ( 'NONE', ( #3280 ), #8602, .F. ) ;
#3219 = AXIS2_PLACEMENT_3D ( 'NONE', #6523, #346, #4268 ) ;
#3220 = UNCERTAINTY_MEASURE_WITH_UNIT (LENGTH_MEASURE( 1.000000000000000082E-05 ), #1370, 'distance_accuracy_value', 'NONE');
#3221 = ORIENTED_EDGE ( 'NONE', *, *, #7721, .F. ) ;
#3222 = EDGE_CURVE ( 'NONE', #1787, #3540, #6761, .T. ) ;
#3223 = CARTESIAN_POINT ( 'NONE',  ( 603.6047077932302045, 52.26249122173548756, 1240.108674316015595 ) ) ;
#3224 = MECHANICAL_DESIGN_GEOMETRIC_PRESENTATION_REPRESENTATION (  '', ( #8370 ), #8843 ) ;
#3225 = CARTESIAN_POINT ( 'NONE',  ( 614.0816915235512852, -18.92462212113121467, 1202.244880174104537 ) ) ;
#3226 = EDGE_CURVE ( 'NONE', #3347, #192, #8598, .T. ) ;
#3227 = DIRECTION ( 'NONE',  ( 0.000000000000000000, 0.000000000000000000, -1.000000000000000000 ) ) ;
#3228 = ORIENTED_EDGE ( 'NONE', *, *, #8661, .F. ) ;
#3229 = DIRECTION ( 'NONE',  ( 0.7071067811865450192, -0.7071067811865500152, -7.406550393246823247E-15 ) ) ;
#3230 = B_SPLINE_CURVE_WITH_KNOTS ( 'NONE', 3,
 ( #6676, #7314, #6635, #459, #5391, #5954 ),
 .UNSPECIFIED., .F., .F.,
 ( 4, 2, 4 ),
 ( 0.000000000000000000, 0.0007189124337263788590, 0.001437824867452757718 ),
 .UNSPECIFIED. ) ;
#3231 = CARTESIAN_POINT ( 'NONE',  ( 604.0999999999999091, 25.27476584857623365, 1265.787730758122734 ) ) ;
#3232 = ORIENTED_EDGE ( 'NONE', *, *, #3720, .F. ) ;
#3233 =( NAMED_UNIT ( * ) SI_UNIT ( $, .STERADIAN. ) SOLID_ANGLE_UNIT ( ) );
#3234 = CARTESIAN_POINT ( 'NONE',  ( 604.0999999999999091, 38.15000223964206327, 1221.553759587003697 ) ) ;
#3235 = FACE_OUTER_BOUND ( 'NONE', #7993, .T. ) ;
#3236 = B_SPLINE_CURVE_WITH_KNOTS ( 'NONE', 3,
 ( #467, #4555, #7455, #3225, #5962, #5222 ),
 .UNSPECIFIED., .F., .F.,
 ( 4, 2, 4 ),
 ( 0.08836687624550036702, 0.09617685027834158018, 0.1039868243111827795 ),
 .UNSPECIFIED. ) ;
#3237 = CIRCLE ( 'NONE', #2814, 2.499999999999998668 ) ;
#3238 = VECTOR ( 'NONE', #5738, 1000.000000000000000 ) ;
#3239 = ORIENTED_EDGE ( 'NONE', *, *, #5094, .F. ) ;
#3240 = DIRECTION ( 'NONE',  ( -1.045086722460999689E-15, 0.5877852522924688072, 0.8090169943749505599 ) ) ;
#3241 = CYLINDRICAL_SURFACE ( 'NONE', #2127, 4.000000000000003553 ) ;
#3242 = VECTOR ( 'NONE', #1820, 1000.000000000000000 ) ;
#3243 = ORIENTED_EDGE ( 'NONE', *, *, #1575, .F. ) ;
#3244 = CARTESIAN_POINT ( 'NONE',  ( 607.5576513134526522, -0.6136698518629417620, 1195.955655477490609 ) ) ;
#3245 = CARTESIAN_POINT ( 'NONE',  ( 623.9999999999998863, 23.23223304703357783, 1233.232233047033333 ) ) ;
#3246 = ORIENTED_EDGE ( 'NONE', *, *, #5493, .F. ) ;
#3247 = AXIS2_PLACEMENT_3D ( 'NONE', #3133, #4463, #375 ) ;
#3248 = CARTESIAN_POINT ( 'NONE',  ( 607.4999999999997726, 48.25263776748239053, 1227.030566949724061 ) ) ;
#3249 = AXIS2_PLACEMENT_3D ( 'NONE', #8349, #1543, #4265 ) ;
#3250 = CONICAL_SURFACE ( 'NONE', #3395, 3.025000000000055422, 0.7853981633974518317 ) ;
#3251 = ORIENTED_EDGE ( 'NONE', *, *, #244, .F. ) ;
#3252 = EDGE_CURVE ( 'NONE', #5975, #6746, #8291, .T. ) ;
#3253 = DIRECTION ( 'NONE',  ( 1.000000000000000000, 0.000000000000000000, 0.000000000000000000 ) ) ;
#3254 = PRESENTATION_LAYER_ASSIGNMENT (  '', '', ( #6265 ) ) ;
#3255 = FILL_AREA_STYLE ('',( #1065 ) ) ;
#3256 = CARTESIAN_POINT ( 'NONE',  ( 607.1670910274835933, 38.50782887552225731, 1229.552964246025340 ) ) ;
#3257 = FILL_AREA_STYLE ('',( #7885 ) ) ;
#3258 = ORIENTED_EDGE ( 'NONE', *, *, #6465, .T. ) ;
#3259 = CARTESIAN_POINT ( 'NONE',  ( 634.7499999999997726, -6.555209804737445152E-14, 1262.999999999999773 ) ) ;
#3260 = ORIENTED_EDGE ( 'NONE', *, *, #6638, .F. ) ;
#3261 = STYLED_ITEM ( 'NONE', ( #3851 ), #956 ) ;
#3262 = CIRCLE ( 'NONE', #1690, 4.000000000000003553 ) ;
#3263 =( GEOMETRIC_REPRESENTATION_CONTEXT ( 3 ) GLOBAL_UNCERTAINTY_ASSIGNED_CONTEXT ( ( #5661 ) ) GLOBAL_UNIT_ASSIGNED_CONTEXT ( ( #4982, #1010, #146 ) ) REPRESENTATION_CONTEXT ( 'NONE', 'WORKASPACE' ) );
#3264 = DIRECTION ( 'NONE',  ( 0.000000000000000000, -0.3090169943749505599, -0.9510565162951525320 ) ) ;
#3265 = VERTEX_POINT ( 'NONE', #6234 ) ;
#3266 =( GEOMETRIC_REPRESENTATION_CONTEXT ( 3 ) GLOBAL_UNCERTAINTY_ASSIGNED_CONTEXT ( ( #2775 ) ) GLOBAL_UNIT_ASSIGNED_CONTEXT ( ( #2797, #4039, #4655 ) ) REPRESENTATION_CONTEXT ( 'NONE', 'WORKASPACE' ) );
#3267 = COLOUR_RGB ( '',0.7490196078431372584, 0.7490196078431372584, 0.7490196078431372584 ) ;
#3268 = CARTESIAN_POINT ( 'NONE',  ( 605.6580883418140502, 50.17195167713003201, 1239.681919535888483 ) ) ;
#3269 = MECHANICAL_DESIGN_GEOMETRIC_PRESENTATION_REPRESENTATION (  '', ( #4125 ), #7578 ) ;
#3270 = PRESENTATION_STYLE_ASSIGNMENT (( #8114 ) ) ;
#3271 =( NAMED_UNIT ( * ) PLANE_ANGLE_UNIT ( ) SI_UNIT ( $, .RADIAN. ) );
#3272 = VERTEX_POINT ( 'NONE', #4843 ) ;
#3273 = CIRCLE ( 'NONE', #8429, 7.499999999999972466 ) ;
#3274 = CIRCLE ( 'NONE', #8284, 1.999999999999972911 ) ;
#3275 = SURFACE_STYLE_FILL_AREA ( #1287 ) ;
#3276 = EDGE_CURVE ( 'NONE', #6930, #4990, #785, .T. ) ;
#3277 =( LENGTH_UNIT ( ) NAMED_UNIT ( * ) SI_UNIT ( .MILLI., .METRE. ) );
#3278 = DIRECTION ( 'NONE',  ( 0.000000000000000000, 0.8090169943749422332, -0.5877852522924801315 ) ) ;
#3279 = VECTOR ( 'NONE', #4659, 1000.000000000000000 ) ;
#3280 = FACE_OUTER_BOUND ( 'NONE', #6153, .T. ) ;
#3281 = CIRCLE ( 'NONE', #2865, 2.749999999999962697 ) ;
#3282 = EDGE_LOOP ( 'NONE', ( #223, #5865, #8122, #5878, #5407 ) ) ;
#3283 = CARTESIAN_POINT ( 'NONE',  ( 594.4999999999997726, -6.591949208711866959E-14, 1182.249999999999545 ) ) ;
#3284 = LINE ( 'NONE', #1343, #6157 ) ;
#3285 = CIRCLE ( 'NONE', #1870, 7.999999999999966249 ) ;
#3286 = COLOUR_RGB ( '',0.7490196078431372584, 0.7490196078431372584, 0.7490196078431372584 ) ;
#3287 = B_SPLINE_CURVE_WITH_KNOTS ( 'NONE', 3,
 ( #3679, #6966, #4948, #7686, #1540, #6441 ),
 .UNSPECIFIED., .F., .F.,
 ( 4, 2, 4 ),
 ( 0.02754849647050627848, 0.03528398737268263058, 0.04301947827485898268 ),
 .UNSPECIFIED. ) ;
#3288 = CARTESIAN_POINT ( 'NONE',  ( 623.9999999999998863, 15.17766952966373672, 1217.322330470336738 ) ) ;
#3289 = ORIENTED_EDGE ( 'NONE', *, *, #2627, .T. ) ;
#3290 = CARTESIAN_POINT ( 'NONE',  ( 604.0999999999999091, 25.27476584857668485, 1196.212269241876584 ) ) ;
#3291 = SURFACE_STYLE_FILL_AREA ( #538 ) ;
#3292 = DIRECTION ( 'NONE',  ( 1.000000000000000000, 0.000000000000000000, 0.000000000000000000 ) ) ;
#3293 = ORIENTED_EDGE ( 'NONE', *, *, #1458, .F. ) ;
#3294 = MECHANICAL_DESIGN_GEOMETRIC_PRESENTATION_REPRESENTATION (  '', ( #1426 ), #4703 ) ;
#3295 = CARTESIAN_POINT ( 'NONE',  ( 606.1374842375844310, 49.83556452229058209, 1229.514392774830412 ) ) ;
#3296 = SURFACE_STYLE_FILL_AREA ( #4579 ) ;
#3297 = ORIENTED_EDGE ( 'NONE', *, *, #568, .F. ) ;
#3298 = CARTESIAN_POINT ( 'NONE',  ( 604.0999999999999091, 3.925373642904172430E-13, 1195.999999999999773 ) ) ;
#3299 = CONICAL_SURFACE ( 'NONE', #6741, 2.499999999999959144, 1.029744258676653645 ) ;
#3300 = SURFACE_STYLE_USAGE ( .BOTH. , #5299 ) ;
#3301 = CARTESIAN_POINT ( 'NONE',  ( 608.4824320620875824, 38.48286226344423255, 1227.037068168166115 ) ) ;
#3302 = CARTESIAN_POINT ( 'NONE',  ( 607.5216434175007407, -36.88365405938291985, 1221.735744282970018 ) ) ;
#3303 = ORIENTED_EDGE ( 'NONE', *, *, #2081, .F. ) ;
#3304 = CARTESIAN_POINT ( 'NONE',  ( 634.9999999999997726, 14.65266952966373637, 1217.322330470336738 ) ) ;
#3305 = ORIENTED_EDGE ( 'NONE', *, *, #3174, .F. ) ;
#3306 = CARTESIAN_POINT ( 'NONE',  ( 614.4999999999997726, 19.77499999999993463, 1234.999999999999545 ) ) ;
#3307 = CARTESIAN_POINT ( 'NONE',  ( 604.0999999999999091, -43.64085816174093679, 1248.129221103249620 ) ) ;
#3308 = UNCERTAINTY_MEASURE_WITH_UNIT (LENGTH_MEASURE( 1.000000000000000082E-05 ), #668, 'distance_accuracy_value', 'NONE');
#3309 = ORIENTED_EDGE ( 'NONE', *, *, #5101, .T. ) ;
#3310 = CARTESIAN_POINT ( 'NONE',  ( 607.2351410596204460, 49.34449329823249286, 1227.099236519125498 ) ) ;
#3311 = ORIENTED_EDGE ( 'NONE', *, *, #3811, .T. ) ;
#3312 = CARTESIAN_POINT ( 'NONE',  ( 603.9231089476284069, 52.21811135188301733, 1240.476985231955723 ) ) ;
#3313 = SURFACE_STYLE_FILL_AREA ( #465 ) ;
#3314 = DIRECTION ( 'NONE',  ( 0.000000000000000000, 1.000000000000000000, 0.000000000000000000 ) ) ;
#3315 = CARTESIAN_POINT ( 'NONE',  ( 604.0999999999999091, 40.89543020069148582, 1221.712269241876811 ) ) ;
#3316 =( NAMED_UNIT ( * ) PLANE_ANGLE_UNIT ( ) SI_UNIT ( $, .RADIAN. ) );
#3317 = ORIENTED_EDGE ( 'NONE', *, *, #6843, .T. ) ;
#3318 = SURFACE_STYLE_USAGE ( .BOTH. , #8201 ) ;
#3319 = CARTESIAN_POINT ( 'NONE',  ( 604.0999999999999091, 25.27476584857618747, 1200.212269241876584 ) ) ;
#3320 =( GEOMETRIC_REPRESENTATION_CONTEXT ( 3 ) GLOBAL_UNCERTAINTY_ASSIGNED_CONTEXT ( ( #6979 ) ) GLOBAL_UNIT_ASSIGNED_CONTEXT ( ( #8133, #7601, #6209 ) ) REPRESENTATION_CONTEXT ( 'NONE', 'WORKASPACE' ) );
#3321 = EDGE_CURVE ( 'NONE', #7857, #3858, #6592, .T. ) ;
#3322 =( NAMED_UNIT ( * ) SI_UNIT ( $, .STERADIAN. ) SOLID_ANGLE_UNIT ( ) );
#3323 = ORIENTED_EDGE ( 'NONE', *, *, #2014, .T. ) ;
#3324 = ADVANCED_FACE ( 'NONE', ( #8335 ), #2118, .F. ) ;
#3325 = CARTESIAN_POINT ( 'NONE',  ( 604.5414307682138997, 41.04900371032769613, 1234.079846744231872 ) ) ;
#3326 = MECHANICAL_DESIGN_GEOMETRIC_PRESENTATION_REPRESENTATION (  '', ( #6053 ), #3886 ) ;
#3327 = CARTESIAN_POINT ( 'NONE',  ( 621.9830592763686354, -12.87733769392321115, 1193.844107792574732 ) ) ;
#3328 = DIRECTION ( 'NONE',  ( 1.000000000000000000, 0.000000000000000000, 2.618191646955655209E-47 ) ) ;
#3329 = VERTEX_POINT ( 'NONE', #705 ) ;
#3330 = CARTESIAN_POINT ( 'NONE',  ( 607.0999999999999091, 40.89543020069148582, 1221.712269241876811 ) ) ;
#3331 = SURFACE_STYLE_USAGE ( .BOTH. , #8306 ) ;
#3332 = CARTESIAN_POINT ( 'NONE',  ( 607.4999999999997726, -24.61577057861096307, 1204.157611462035675 ) ) ;
#3333 = SURFACE_STYLE_FILL_AREA ( #6750 ) ;
#3334 = DIRECTION ( 'NONE',  ( 0.000000000000000000, -0.2536844569576892083, -0.9672870289102828423 ) ) ;
#3335 = EDGE_CURVE ( 'NONE', #921, #3265, #4888, .T. ) ;
#3336 =( NAMED_UNIT ( * ) PLANE_ANGLE_UNIT ( ) SI_UNIT ( $, .RADIAN. ) );
#3337 = MECHANICAL_DESIGN_GEOMETRIC_PRESENTATION_REPRESENTATION (  '', ( #7067 ), #2630 ) ;
#3338 = CARTESIAN_POINT ( 'NONE',  ( 607.4999999999997726, 40.89543020069168477, 1217.712269241877493 ) ) ;
#3339 = ORIENTED_EDGE ( 'NONE', *, *, #2067, .T. ) ;
#3340 = DIRECTION ( 'NONE',  ( -2.126226658603510571E-31, -0.3090169943749516146, -0.9510565162951523099 ) ) ;
#3341 = CARTESIAN_POINT ( 'NONE',  ( 607.5951979511409036, 38.49999808834343895, 1240.806325431353798 ) ) ;
#3342 = FILL_AREA_STYLE_COLOUR ( '', #121 ) ;
#3343 = PRESENTATION_LAYER_ASSIGNMENT (  '', '', ( #3907 ) ) ;
#3344 = CARTESIAN_POINT ( 'NONE',  ( 606.9345033921583763, 45.93964049335891531, 1234.524019298301482 ) ) ;
#3345 = LINE ( 'NONE', #5425, #2647 ) ;
#3346 = CARTESIAN_POINT ( 'NONE',  ( 605.4999999999997726, 47.85924001516893611, 1242.937253933193688 ) ) ;
#3347 = VERTEX_POINT ( 'NONE', #2916 ) ;
#3348 = FILL_AREA_STYLE ('',( #5429 ) ) ;
#3349 = ORIENTED_EDGE ( 'NONE', *, *, #7287, .T. ) ;
#3350 = DIRECTION ( 'NONE',  ( 0.000000000000000000, -1.000000000000000000, 0.000000000000000000 ) ) ;
#3351 = ORIENTED_EDGE ( 'NONE', *, *, #6445, .F. ) ;
#3352 = CARTESIAN_POINT ( 'NONE',  ( 604.6410798133994149, -10.20224929002959335, 1183.649813170509333 ) ) ;
#3353 = VERTEX_POINT ( 'NONE', #7629 ) ;
#3354 = CARTESIAN_POINT ( 'NONE',  ( 606.5405478087059237, 50.97639180694577021, 1241.083047158550471 ) ) ;
#3355 = AXIS2_PLACEMENT_3D ( 'NONE', #7175, #5029, #5664 ) ;
#3356 = SURFACE_STYLE_FILL_AREA ( #6733 ) ;
#3357 = CARTESIAN_POINT ( 'NONE',  ( 607.4999999999997726, -25.27476584857656761, 1265.787730758122734 ) ) ;
#3358 = CYLINDRICAL_SURFACE ( 'NONE', #7221, 15.74999999999993072 ) ;
#3359 = ORIENTED_EDGE ( 'NONE', *, *, #7401, .F. ) ;
#3360 =( LENGTH_UNIT ( ) NAMED_UNIT ( * ) SI_UNIT ( .MILLI., .METRE. ) );
#3361 = ORIENTED_EDGE ( 'NONE', *, *, #3599, .T. ) ;
#3362 = CARTESIAN_POINT ( 'NONE',  ( 607.4999999999997726, -6.591949208711866959E-14, 1234.999999999999545 ) ) ;
#3363 = ORIENTED_EDGE ( 'NONE', *, *, #3604, .T. ) ;
#3364 = VECTOR ( 'NONE', #1234, 1000.000000000000000 ) ;
#3365 = CARTESIAN_POINT ( 'NONE',  ( 604.6131400333568990, 42.15076441847475053, 1236.500000000000227 ) ) ;
#3366 = LINE ( 'NONE', #1777, #6422 ) ;
#3367 = ORIENTED_EDGE ( 'NONE', *, *, #5650, .T. ) ;
#3368 = CARTESIAN_POINT ( 'NONE',  ( 607.5121926298255630, -8.042431147738255959, 1186.963947126817629 ) ) ;
#3369 = CARTESIAN_POINT ( 'NONE',  ( 606.2695368773604514, -20.76393620303194609, 1189.481198157902782 ) ) ;
#3370 = PRODUCT_DEFINITION_CONTEXT ( 'detailed design', #1450, 'design' ) ;
#3371 = AXIS2_PLACEMENT_3D ( 'NONE', #1429, #104, #1475 ) ;
#3372 = COLOUR_RGB ( '',0.7490196078431372584, 0.7490196078431372584, 0.7490196078431372584 ) ;
#3373 = EDGE_CURVE ( 'NONE', #26, #1229, #6003, .T. ) ;
#3374 = CARTESIAN_POINT ( 'NONE',  ( 606.7430998433852665, -9.141631126572281829, 1186.439436496567396 ) ) ;
#3375 = DIRECTION ( 'NONE',  ( 1.000000000000000000, 0.000000000000000000, 2.618191646955655209E-47 ) ) ;
#3376 = SURFACE_STYLE_USAGE ( .BOTH. , #2668 ) ;
#3377 = STYLED_ITEM ( 'NONE', ( #8870 ), #295 ) ;
#3378 =( LENGTH_UNIT ( ) NAMED_UNIT ( * ) SI_UNIT ( .MILLI., .METRE. ) );
#3379 =( LENGTH_UNIT ( ) NAMED_UNIT ( * ) SI_UNIT ( .MILLI., .METRE. ) );
#3380 = VECTOR ( 'NONE', #3781, 1000.000000000000000 ) ;
#3381 = EDGE_CURVE ( 'NONE', #1730, #2562, #6867, .T. ) ;
#3382 = CYLINDRICAL_SURFACE ( 'NONE', #7952, 4.000000000000003553 ) ;
#3383 = LINE ( 'NONE', #8220, #7972 ) ;
#3384 = EDGE_CURVE ( 'NONE', #4465, #6421, #1436, .T. ) ;
#3385 = FILL_AREA_STYLE_COLOUR ( '', #5741 ) ;
#3386 = DIRECTION ( 'NONE',  ( 0.000000000000000000, 0.000000000000000000, 1.000000000000000000 ) ) ;
#3387 = ORIENTED_EDGE ( 'NONE', *, *, #6893, .T. ) ;
#3388 = ORIENTED_EDGE ( 'NONE', *, *, #4807, .F. ) ;
#3389 = CARTESIAN_POINT ( 'NONE',  ( 608.6446412951438560, 38.48014767720073337, 1242.783377349895773 ) ) ;
#3390 = CYLINDRICAL_SURFACE ( 'NONE', #2253, 2.749999999999970246 ) ;
#3391 = UNCERTAINTY_MEASURE_WITH_UNIT (LENGTH_MEASURE( 1.000000000000000082E-05 ), #8136, 'distance_accuracy_value', 'NONE');
#3392 = VERTEX_POINT ( 'NONE', #3496 ) ;
#3393 = AXIS2_PLACEMENT_3D ( 'NONE', #7112, #321, #5734 ) ;
#3394 = PRESENTATION_LAYER_ASSIGNMENT (  '', '', ( #6417 ) ) ;
#3395 = AXIS2_PLACEMENT_3D ( 'NONE', #3880, #4546, #3920 ) ;
#3396 = STYLED_ITEM ( 'NONE', ( #6033 ), #4356 ) ;
#3397 = CARTESIAN_POINT ( 'NONE',  ( 603.8004994583104690, 52.23520109262275923, 1229.664843441410767 ) ) ;
#3398 = ORIENTED_EDGE ( 'NONE', *, *, #7229, .T. ) ;
#3399 = CARTESIAN_POINT ( 'NONE',  ( 606.6054584979957554, 50.48204470786882325, 1242.589707472932105 ) ) ;
#3400 = DIRECTION ( 'NONE',  ( -0.4074835525897669286, 0.09945700877517177352, -0.9077805118938817586 ) ) ;
#3401 = CIRCLE ( 'NONE', #5705, 3.999999999999965805 ) ;
#3402 = CARTESIAN_POINT ( 'NONE',  ( 607.0093743655786511, 38.51068457545218848, 1240.347180958104900 ) ) ;
#3403 = AXIS2_PLACEMENT_3D ( 'NONE', #5579, #1336, #6947 ) ;
#3404 = PRESENTATION_STYLE_ASSIGNMENT (( #7531 ) ) ;
#3405 = ORIENTED_EDGE ( 'NONE', *, *, #7177, .T. ) ;
#3406 = UNCERTAINTY_MEASURE_WITH_UNIT (LENGTH_MEASURE( 1.000000000000000082E-05 ), #3030, 'distance_accuracy_value', 'NONE');
#3407 = STYLED_ITEM ( 'NONE', ( #3084 ), #1167 ) ;
#3408 = AXIS2_PLACEMENT_3D ( 'NONE', #6861, #186, #4924 ) ;
#3409 = ORIENTED_EDGE ( 'NONE', *, *, #63, .T. ) ;
#3410 = MECHANICAL_DESIGN_GEOMETRIC_PRESENTATION_REPRESENTATION (  '', ( #8134 ), #3263 ) ;
#3411 =( LENGTH_UNIT ( ) NAMED_UNIT ( * ) SI_UNIT ( .MILLI., .METRE. ) );
#3412 =( NAMED_UNIT ( * ) PLANE_ANGLE_UNIT ( ) SI_UNIT ( $, .RADIAN. ) );
#3413 = CARTESIAN_POINT ( 'NONE',  ( 614.4999999999997726, -11.89715428343568604, 1198.384324122636599 ) ) ;
#3414 = AXIS2_PLACEMENT_3D ( 'NONE', #7072, #3692, #3074 ) ;
#3415 = ORIENTED_EDGE ( 'NONE', *, *, #7503, .F. ) ;
#3416 = DIRECTION ( 'NONE',  ( 2.126226658603510133E-31, 0.3090169943749515591, 0.9510565162951521989 ) ) ;
#3417 = CARTESIAN_POINT ( 'NONE',  ( 604.0999999999999091, -40.89543020069171320, 1221.712269241877493 ) ) ;
#3418 = CARTESIAN_POINT ( 'NONE',  ( 608.0895787380883348, 36.99999999999993605, 1244.754491510124808 ) ) ;
#3419 = SURFACE_SIDE_STYLE ('',( #7548 ) ) ;
#3420 = ORIENTED_EDGE ( 'NONE', *, *, #1567, .T. ) ;
#3421 = MECHANICAL_DESIGN_GEOMETRIC_PRESENTATION_REPRESENTATION (  '', ( #7299 ), #4134 ) ;
#3422 = PRESENTATION_LAYER_ASSIGNMENT (  '', '', ( #2856 ) ) ;
#3423 = CARTESIAN_POINT ( 'NONE',  ( 606.9278903275584298, 38.51215366881597646, 1240.301993755592775 ) ) ;
#3424 = VECTOR ( 'NONE', #8808, 999.9999999999998863 ) ;
#3425 =( GEOMETRIC_REPRESENTATION_CONTEXT ( 3 ) GLOBAL_UNCERTAINTY_ASSIGNED_CONTEXT ( ( #3838 ) ) GLOBAL_UNIT_ASSIGNED_CONTEXT ( ( #3061, #2486, #439 ) ) REPRESENTATION_CONTEXT ( 'NONE', 'WORKASPACE' ) );
#3426 = SURFACE_STYLE_USAGE ( .BOTH. , #5377 ) ;
#3427 = VECTOR ( 'NONE', #1565, 1000.000000000000000 ) ;
#3428 = LINE ( 'NONE', #2089, #5268 ) ;
#3429 =( GEOMETRIC_REPRESENTATION_CONTEXT ( 3 ) GLOBAL_UNCERTAINTY_ASSIGNED_CONTEXT ( ( #6726 ) ) GLOBAL_UNIT_ASSIGNED_CONTEXT ( ( #1508, #2905, #1467 ) ) REPRESENTATION_CONTEXT ( 'NONE', 'WORKASPACE' ) );
#3430 = PRESENTATION_STYLE_ASSIGNMENT (( #4766 ) ) ;
#3431 = DIRECTION ( 'NONE',  ( 1.000000000000000000, 0.000000000000000000, 2.618191646955655209E-47 ) ) ;
#3432 = ORIENTED_EDGE ( 'NONE', *, *, #4256, .T. ) ;
#3433 = EDGE_CURVE ( 'NONE', #7179, #2252, #3281, .T. ) ;
#3434 =( LENGTH_UNIT ( ) NAMED_UNIT ( * ) SI_UNIT ( .MILLI., .METRE. ) );
#3435 = CARTESIAN_POINT ( 'NONE',  ( 608.9848048832868699, 38.48014767571833517, 1234.334329207920746 ) ) ;
#3436 = ORIENTED_EDGE ( 'NONE', *, *, #4466, .T. ) ;
#3437 = CARTESIAN_POINT ( 'NONE',  ( 605.4999999999997726, -4.657394203157376289, 1194.980521252314475 ) ) ;
#3438 = ADVANCED_FACE ( 'NONE', ( #5494, #8204 ), #2833, .T. ) ;
#3439 = PRESENTATION_STYLE_ASSIGNMENT (( #4196 ) ) ;
#3440 = CARTESIAN_POINT ( 'NONE',  ( 606.8623019030884507, 50.44799588827053327, 1241.490479634956046 ) ) ;
#3441 = FACE_OUTER_BOUND ( 'NONE', #6535, .T. ) ;
#3442 = AXIS2_PLACEMENT_3D ( 'NONE', #7337, #6749, #1256 ) ;
#3443 = FILL_AREA_STYLE ('',( #4972 ) ) ;
#3444 =( NAMED_UNIT ( * ) PLANE_ANGLE_UNIT ( ) SI_UNIT ( $, .RADIAN. ) );
#3445 = ORIENTED_EDGE ( 'NONE', *, *, #4146, .T. ) ;
#3446 = CARTESIAN_POINT ( 'NONE',  ( 604.8391247790021907, -22.06613967883691174, 1187.596654648853928 ) ) ;
#3447 = EDGE_CURVE ( 'NONE', #5642, #3272, #334, .T. ) ;
#3448 = AXIS2_PLACEMENT_3D ( 'NONE', #4337, #6480, #7097 ) ;
#3449 = FILL_AREA_STYLE_COLOUR ( '', #3267 ) ;
#3450 = ORIENTED_EDGE ( 'NONE', *, *, #8660, .T. ) ;
#3451 = CARTESIAN_POINT ( 'NONE',  ( 603.4304468240064807, -20.63840037666087568, 1186.707484619571005 ) ) ;
#3452 = CARTESIAN_POINT ( 'NONE',  ( 603.4999999999997726, -6.591949208711866959E-14, 1283.512955535913534 ) ) ;
#3453 = ORIENTED_EDGE ( 'NONE', *, *, #2325, .F. ) ;
#3454 = CARTESIAN_POINT ( 'NONE',  ( 604.0055797636993020, 52.19247483808570109, 1240.553473808617582 ) ) ;
#3455 =( NAMED_UNIT ( * ) SI_UNIT ( $, .STERADIAN. ) SOLID_ANGLE_UNIT ( ) );
#3456 = CARTESIAN_POINT ( 'NONE',  ( 608.8071957304526904, 36.99999999999994316, 1243.538004482143606 ) ) ;
#3457 = CARTESIAN_POINT ( 'NONE',  ( 634.9999999999997726, 17.67766952966358218, 1252.677669529663717 ) ) ;
#3458 = ORIENTED_EDGE ( 'NONE', *, *, #4792, .T. ) ;
#3459 =( GEOMETRIC_REPRESENTATION_CONTEXT ( 3 ) GLOBAL_UNCERTAINTY_ASSIGNED_CONTEXT ( ( #4353 ) ) GLOBAL_UNIT_ASSIGNED_CONTEXT ( ( #7530, #6862, #2107 ) ) REPRESENTATION_CONTEXT ( 'NONE', 'WORKASPACE' ) );
#3460 = CARTESIAN_POINT ( 'NONE',  ( 606.0307782197243114, -8.911162389497272684, 1184.154488390715642 ) ) ;
#3461 =( LENGTH_UNIT ( ) NAMED_UNIT ( * ) SI_UNIT ( .MILLI., .METRE. ) );
#3462 =( LENGTH_UNIT ( ) NAMED_UNIT ( * ) SI_UNIT ( .MILLI., .METRE. ) );
#3463 = DIRECTION ( 'NONE',  ( 0.000000000000000000, 0.000000000000000000, -1.000000000000000000 ) ) ;
#3464 = AXIS2_PLACEMENT_3D ( 'NONE', #2909, #102, #2155 ) ;
#3465 = FILL_AREA_STYLE_COLOUR ( '', #7410 ) ;
#3466 = PRESENTATION_STYLE_ASSIGNMENT (( #3426 ) ) ;
#3467 = DIRECTION ( 'NONE',  ( 0.000000000000000000, 0.000000000000000000, -1.000000000000000000 ) ) ;
#3468 = STYLED_ITEM ( 'NONE', ( #5777 ), #6998 ) ;
#3469 = CARTESIAN_POINT ( 'NONE',  ( 611.5110386142704328, 48.25264363156792058, 1236.589799899751824 ) ) ;
#3470 = DIRECTION ( 'NONE',  ( 1.000000000000000000, 0.000000000000000000, 2.618191646955655209E-47 ) ) ;
#3471 =( LENGTH_UNIT ( ) NAMED_UNIT ( * ) SI_UNIT ( .MILLI., .METRE. ) );
#3472 = ORIENTED_EDGE ( 'NONE', *, *, #4571, .T. ) ;
#3473 = CARTESIAN_POINT ( 'NONE',  ( 607.4999999999997726, -38.04327785582322008, 1245.483229554403579 ) ) ;
#3474 = AXIS2_PLACEMENT_3D ( 'NONE', #458, #1141, #8701 ) ;
#3475 = CARTESIAN_POINT ( 'NONE',  ( 604.0999999999999091, -5.238864897449956415E-13, 1277.999999999999545 ) ) ;
#3476 = DIRECTION ( 'NONE',  ( 0.000000000000000000, 0.000000000000000000, -1.000000000000000000 ) ) ;
#3477 = UNCERTAINTY_MEASURE_WITH_UNIT (LENGTH_MEASURE( 1.000000000000000082E-05 ), #918, 'distance_accuracy_value', 'NONE');
#3478 = ORIENTED_EDGE ( 'NONE', *, *, #8431, .F. ) ;
#3479 = CIRCLE ( 'NONE', #8650, 4.000000000000003553 ) ;
#3480 = CARTESIAN_POINT ( 'NONE',  ( 607.4999999999997726, -18.59180447997856689, 1200.192904486528732 ) ) ;
#3481 = LINE ( 'NONE', #6185, #5015 ) ;
#3482 = CARTESIAN_POINT ( 'NONE',  ( 607.4999999999998863, 47.85924001516900006, 1242.181324987175230 ) ) ;
#3483 = CARTESIAN_POINT ( 'NONE',  ( 606.5206731439469650, 49.39663120947219710, 1228.971263464729645 ) ) ;
#3484 = EDGE_CURVE ( 'NONE', #6062, #4303, #5077, .T. ) ;
#3485 = CARTESIAN_POINT ( 'NONE',  ( 624.2999999999998408, -6.591949208711866959E-14, 1266.499999999999773 ) ) ;
#3486 = CARTESIAN_POINT ( 'NONE',  ( 607.0748067488674451, 38.50950023560724844, 1229.611847603020806 ) ) ;
#3487 = CONICAL_SURFACE ( 'NONE', #4056, 3.024999999999999911, 0.7853981633974518317 ) ;
#3488 = CARTESIAN_POINT ( 'NONE',  ( 607.4999999999997726, 3.920475055707583024E-13, 1191.999999999999773 ) ) ;
#3489 = UNCERTAINTY_MEASURE_WITH_UNIT (LENGTH_MEASURE( 1.000000000000000082E-05 ), #3095, 'distance_accuracy_value', 'NONE');
#3490 = FACE_OUTER_BOUND ( 'NONE', #3282, .T. ) ;
#3491 = EDGE_CURVE ( 'NONE', #6259, #1008, #8576, .T. ) ;
#3492 = ORIENTED_EDGE ( 'NONE', *, *, #8599, .F. ) ;
#3493 =( NAMED_UNIT ( * ) SI_UNIT ( $, .STERADIAN. ) SOLID_ANGLE_UNIT ( ) );
#3494 = DIRECTION ( 'NONE',  ( 0.000000000000000000, -4.250072516143173595E-14, 1.000000000000000000 ) ) ;
#3495 = EDGE_CURVE ( 'NONE', #3584, #6288, #7014, .T. ) ;
#3496 = CARTESIAN_POINT ( 'NONE',  ( 634.9999999999997726, -6.591949208711866959E-14, 1265.499999999999545 ) ) ;
#3497 = VERTEX_POINT ( 'NONE', #1611 ) ;
#3498 = CARTESIAN_POINT ( 'NONE',  ( 604.5269354190069180, 40.93946001587665506, 1235.755402960904803 ) ) ;
#3499 = AXIS2_PLACEMENT_3D ( 'NONE', #2179, #2483, #4957 ) ;
#3500 = SURFACE_STYLE_FILL_AREA ( #1439 ) ;
#3501 = CIRCLE ( 'NONE', #2651, 7.500000000000062172 ) ;
#3502 = FILL_AREA_STYLE_COLOUR ( '', #8265 ) ;
#3503 = SURFACE_STYLE_USAGE ( .BOTH. , #2168 ) ;
#3504 = ORIENTED_EDGE ( 'NONE', *, *, #7712, .T. ) ;
#3505 = CARTESIAN_POINT ( 'NONE',  ( 606.6272743714251874, -9.346740129675650266, 1186.275499288771243 ) ) ;
#3506 = CARTESIAN_POINT ( 'NONE',  ( 607.4999999999997726, -25.27476584857636510, 1196.212269241876584 ) ) ;
#3507 = CARTESIAN_POINT ( 'NONE',  ( 607.4999999999997726, -40.89543020069176293, 1248.287730758122507 ) ) ;
#3508 = CARTESIAN_POINT ( 'NONE',  ( 604.0999999999999091, 0.9991355369590153579, 1275.437925024752985 ) ) ;
#3509 = CONICAL_SURFACE ( 'NONE', #7242, 3.025000000000055422, 0.7853981633974518317 ) ;
#3510 = DIRECTION ( 'NONE',  ( 0.7071067811865450192, -0.4999999999999956701, -0.5000000000000077716 ) ) ;
#3511 =( NAMED_UNIT ( * ) PLANE_ANGLE_UNIT ( ) SI_UNIT ( $, .RADIAN. ) );
#3512 = CARTESIAN_POINT ( 'NONE',  ( 621.9830592763686354, 43.12089565753963427, 1234.529205815581690 ) ) ;
#3513 =( LENGTH_UNIT ( ) NAMED_UNIT ( * ) SI_UNIT ( .MILLI., .METRE. ) );
#3514 = ORIENTED_EDGE ( 'NONE', *, *, #8107, .T. ) ;
#3515 = B_SPLINE_CURVE_WITH_KNOTS ( 'NONE', 3,
 ( #2400, #219, #1632, #7781 ),
 .UNSPECIFIED., .F., .F.,
 ( 4, 4 ),
 ( -8.944274753384075512E-06, 0.001171957682706256491 ),
 .UNSPECIFIED. ) ;
#3516 = VECTOR ( 'NONE', #7666, 1000.000000000000000 ) ;
#3517 = PRESENTATION_STYLE_ASSIGNMENT (( #2900 ) ) ;
#3518 = CARTESIAN_POINT ( 'NONE',  ( 608.9720855128078938, 38.48014767749607756, 1233.742469785853700 ) ) ;
#3519 = FACE_OUTER_BOUND ( 'NONE', #320, .T. ) ;
#3520 = ORIENTED_EDGE ( 'NONE', *, *, #8051, .F. ) ;
#3521 = EDGE_CURVE ( 'NONE', #3970, #1008, #6450, .T. ) ;
#3522 = FILL_AREA_STYLE ('',( #8279 ) ) ;
#3523 = FILL_AREA_STYLE_COLOUR ( '', #6106 ) ;
#3524 = PRESENTATION_LAYER_ASSIGNMENT (  '', '', ( #4379 ) ) ;
#3525 = CARTESIAN_POINT ( 'NONE',  ( 694.5604054726488812, -11.89715428343568604, 1198.384324122636599 ) ) ;
#3526 = FILL_AREA_STYLE ('',( #4828 ) ) ;
#3527 =( NAMED_UNIT ( * ) PLANE_ANGLE_UNIT ( ) SI_UNIT ( $, .RADIAN. ) );
#3528 = SURFACE_STYLE_USAGE ( .BOTH. , #7030 ) ;
#3529 = SURFACE_STYLE_FILL_AREA ( #5657 ) ;
#3530 = AXIS2_PLACEMENT_3D ( 'NONE', #4947, #4442, #4306 ) ;
#3531 = CIRCLE ( 'NONE', #3809, 2.499999999999959144 ) ;
#3532 = VECTOR ( 'NONE', #4021, 1000.000000000000000 ) ;
#3533 = ADVANCED_FACE ( 'NONE', ( #7220 ), #7876, .F. ) ;
#3534 = CYLINDRICAL_SURFACE ( 'NONE', #809, 4.000000000000003553 ) ;
#3535 = ORIENTED_EDGE ( 'NONE', *, *, #3815, .T. ) ;
#3536 = CIRCLE ( 'NONE', #5701, 4.000000000000003553 ) ;
#3537 =( GEOMETRIC_REPRESENTATION_CONTEXT ( 3 ) GLOBAL_UNCERTAINTY_ASSIGNED_CONTEXT ( ( #1201 ) ) GLOBAL_UNIT_ASSIGNED_CONTEXT ( ( #703, #4790, #6154 ) ) REPRESENTATION_CONTEXT ( 'NONE', 'WORKASPACE' ) );
#3538 = DIRECTION ( 'NONE',  ( 0.000000000000000000, 0.9510565162951534202, 0.3090169943749478954 ) ) ;
#3539 =( GEOMETRIC_REPRESENTATION_CONTEXT ( 3 ) GLOBAL_UNCERTAINTY_ASSIGNED_CONTEXT ( ( #3578 ) ) GLOBAL_UNIT_ASSIGNED_CONTEXT ( ( #4429, #2243, #3754 ) ) REPRESENTATION_CONTEXT ( 'NONE', 'WORKASPACE' ) );
#3541 = EDGE_CURVE ( 'NONE', #8439, #2109, #8447, .T. ) ;
#3540 = VERTEX_POINT ( 'NONE', #5125 ) ;
#3542 = PRESENTATION_LAYER_ASSIGNMENT (  '', '', ( #3261 ) ) ;
#3543 = DIRECTION ( 'NONE',  ( 0.000000000000000000, 0.000000000000000000, -1.000000000000000000 ) ) ;
#3544 = CARTESIAN_POINT ( 'NONE',  ( 604.8704162719285478, -12.93241442928297502, 1186.182872674856526 ) ) ;
#3545 = EDGE_CURVE ( 'NONE', #5779, #306, #4860, .T. ) ;
#3546 = CARTESIAN_POINT ( 'NONE',  ( 606.7984186996733342, -18.20648558760585800, 1199.631103181845674 ) ) ;
#3547 =( LENGTH_UNIT ( ) NAMED_UNIT ( * ) SI_UNIT ( .MILLI., .METRE. ) );
#3548 = EDGE_LOOP ( 'NONE', ( #4291, #580, #6473, #2915 ) ) ;
#3549 = CARTESIAN_POINT ( 'NONE',  ( 605.6324285854491336, -9.273724856915420034, 1183.928899393270513 ) ) ;
#3550 = SURFACE_SIDE_STYLE ('',( #5800 ) ) ;
#3551 = PLANE ( 'NONE',  #1286 ) ;
#3552 = PRESENTATION_LAYER_ASSIGNMENT (  '', '', ( #5575 ) ) ;
#3553 = VERTEX_POINT ( 'NONE', #2956 ) ;
#3554 = CYLINDRICAL_SURFACE ( 'NONE', #8118, 2.749999999999994227 ) ;
#3555 =( NAMED_UNIT ( * ) PLANE_ANGLE_UNIT ( ) SI_UNIT ( $, .RADIAN. ) );
#3556 = VECTOR ( 'NONE', #5641, 1000.000000000000114 ) ;
#3557 = SURFACE_STYLE_USAGE ( .BOTH. , #6887 ) ;
#3558 = SURFACE_SIDE_STYLE ('',( #5511 ) ) ;
#3559 = CARTESIAN_POINT ( 'NONE',  ( 604.5014646403243432, 45.24032471338271222, 1235.196366783594158 ) ) ;
#3560 = FACE_OUTER_BOUND ( 'NONE', #4658, .T. ) ;
#3561 = ORIENTED_EDGE ( 'NONE', *, *, #1631, .T. ) ;
#3562 = TOROIDAL_SURFACE ( 'NONE', #5729, 48.51295553591380383, 4.000000000000000000 ) ;
#3563 =( NAMED_UNIT ( * ) PLANE_ANGLE_UNIT ( ) SI_UNIT ( $, .RADIAN. ) );
#3564 = CIRCLE ( 'NONE', #1263, 5.000000000000004441 ) ;
#3565 = CARTESIAN_POINT ( 'NONE',  ( 607.4999999999997726, 3.920475055707583024E-13, 1187.999999999999773 ) ) ;
#3566 = DIRECTION ( 'NONE',  ( 1.000000000000000000, 0.000000000000000000, 2.618191646955655209E-47 ) ) ;
#3567 = UNCERTAINTY_MEASURE_WITH_UNIT (LENGTH_MEASURE( 1.000000000000000082E-05 ), #3, 'distance_accuracy_value', 'NONE');
#3568 = VERTEX_POINT ( 'NONE', #3930 ) ;
#3569 = PLANE ( 'NONE',  #7575 ) ;
#3570 = PRESENTATION_LAYER_ASSIGNMENT (  '', '', ( #4864 ) ) ;
#3571 =( GEOMETRIC_REPRESENTATION_CONTEXT ( 3 ) GLOBAL_UNCERTAINTY_ASSIGNED_CONTEXT ( ( #8149 ) ) GLOBAL_UNIT_ASSIGNED_CONTEXT ( ( #8581, #7901, #688 ) ) REPRESENTATION_CONTEXT ( 'NONE', 'WORKASPACE' ) );
#3572 = DIRECTION ( 'NONE',  ( 0.000000000000000000, -0.7737920872147800999, -0.6334396622913615049 ) ) ;
#3573 = DIRECTION ( 'NONE',  ( -2.775557561562903026E-14, 0.9510565162951559737, -0.3090169943749400683 ) ) ;
#3574 = LINE ( 'NONE', #6503, #1042 ) ;
#3575 =( GEOMETRIC_REPRESENTATION_CONTEXT ( 3 ) GLOBAL_UNCERTAINTY_ASSIGNED_CONTEXT ( ( #1317 ) ) GLOBAL_UNIT_ASSIGNED_CONTEXT ( ( #8830, #5468, #5639 ) ) REPRESENTATION_CONTEXT ( 'NONE', 'WORKASPACE' ) );
#3576 = CARTESIAN_POINT ( 'NONE',  ( 607.5847919917117679, -6.198171343397512523, 1196.532612316922496 ) ) ;
#3577 = FILL_AREA_STYLE ('',( #6943 ) ) ;
#3578 = UNCERTAINTY_MEASURE_WITH_UNIT (LENGTH_MEASURE( 1.000000000000000082E-05 ), #4429, 'distance_accuracy_value', 'NONE');
#3579 = CARTESIAN_POINT ( 'NONE',  ( 607.0999999999999091, -38.15000223964214854, 1248.446240412995621 ) ) ;
#3580 = ORIENTED_EDGE ( 'NONE', *, *, #6140, .F. ) ;
#3581 = CIRCLE ( 'NONE', #2742, 1.500000000000056843 ) ;
#3582 = SURFACE_SIDE_STYLE ('',( #195 ) ) ;
#3583 = DIRECTION ( 'NONE',  ( 0.000000000000000000, 0.000000000000000000, 1.000000000000000000 ) ) ;
#3584 = VERTEX_POINT ( 'NONE', #2560 ) ;
#3585 =( GEOMETRIC_REPRESENTATION_CONTEXT ( 3 ) GLOBAL_UNCERTAINTY_ASSIGNED_CONTEXT ( ( #1971 ) ) GLOBAL_UNIT_ASSIGNED_CONTEXT ( ( #3462, #8867, #1349 ) ) REPRESENTATION_CONTEXT ( 'NONE', 'WORKASPACE' ) );
#3586 = SURFACE_STYLE_FILL_AREA ( #7807 ) ;
#3587 =( NAMED_UNIT ( * ) PLANE_ANGLE_UNIT ( ) SI_UNIT ( $, .RADIAN. ) );
#3588 = CARTESIAN_POINT ( 'NONE',  ( 604.0999999999999091, -25.27476584857656761, 1265.787730758122734 ) ) ;
#3589 = ORIENTED_EDGE ( 'NONE', *, *, #128, .F. ) ;
#3590 = EDGE_CURVE ( 'NONE', #2650, #4374, #6012, .T. ) ;
#3591 = CARTESIAN_POINT ( 'NONE',  ( 605.4083482010859143, 38.53986697092305036, 1239.186763214222083 ) ) ;
#3592 = STYLED_ITEM ( 'NONE', ( #4346 ), #6298 ) ;
#3593 = CARTESIAN_POINT ( 'NONE',  ( 614.4999999999997726, 48.23927892964394459, 1234.999999999999545 ) ) ;
#3594 = EDGE_CURVE ( 'NONE', #856, #5347, #7155, .T. ) ;
#3595 = VERTEX_POINT ( 'NONE', #3885 ) ;
#3596 = SURFACE_STYLE_USAGE ( .BOTH. , #7736 ) ;
#3597 = CARTESIAN_POINT ( 'NONE',  ( 607.6911936682638498, 38.49999937342017375, 1239.200018611496716 ) ) ;
#3598 = COLOUR_RGB ( '',0.7490196078431372584, 0.7490196078431372584, 0.7490196078431372584 ) ;
#3599 = EDGE_CURVE ( 'NONE', #6296, #1229, #3236, .T. ) ;
#3600 = CARTESIAN_POINT ( 'NONE',  ( 634.9999999999997726, 20.17766952966373495, 1217.322330470336738 ) ) ;
#3601 = DIRECTION ( 'NONE',  ( -1.045086722461000478E-15, 0.9510565162951523099, 0.3090169943749515591 ) ) ;
#3602 = ORIENTED_EDGE ( 'NONE', *, *, #8547, .T. ) ;
#3603 = MECHANICAL_DESIGN_GEOMETRIC_PRESENTATION_REPRESENTATION (  '', ( #7489 ), #291 ) ;
#3604 = EDGE_CURVE ( 'NONE', #6476, #2139, #4002, .T. ) ;
#3605 = SURFACE_STYLE_FILL_AREA ( #7068 ) ;
#3606 = DIRECTION ( 'NONE',  ( 1.000000000000000000, 0.000000000000000000, 2.618191646955655209E-47 ) ) ;
#3607 = ORIENTED_EDGE ( 'NONE', *, *, #4033, .F. ) ;
#3608 = CARTESIAN_POINT ( 'NONE',  ( 634.9999999999997726, -6.591949208711866959E-14, 1259.999999999999773 ) ) ;
#3609 =( LENGTH_UNIT ( ) NAMED_UNIT ( * ) SI_UNIT ( .MILLI., .METRE. ) );
#3610 = MECHANICAL_DESIGN_GEOMETRIC_PRESENTATION_REPRESENTATION (  '', ( #5215 ), #6492 ) ;
#3611 = FACE_OUTER_BOUND ( 'NONE', #5369, .T. ) ;
#3612 =( GEOMETRIC_REPRESENTATION_CONTEXT ( 3 ) GLOBAL_UNCERTAINTY_ASSIGNED_CONTEXT ( ( #6275 ) ) GLOBAL_UNIT_ASSIGNED_CONTEXT ( ( #8895, #5528, #6905 ) ) REPRESENTATION_CONTEXT ( 'NONE', 'WORKASPACE' ) );
#3613 = CARTESIAN_POINT ( 'NONE',  ( 624.2999999999998408, 36.99999999999993605, 1228.537852678034596 ) ) ;
#3614 = LINE ( 'NONE', #2912, #1523 ) ;
#3615 = CARTESIAN_POINT ( 'NONE',  ( 623.9999999999998863, 1.767766952966400185, 1208.232233047033333 ) ) ;
#3616 = CARTESIAN_POINT ( 'NONE',  ( 608.6246497991354545, -19.70380580096868428, 1202.498052298667517 ) ) ;
#3617 = EDGE_LOOP ( 'NONE', ( #5990, #2391, #1750, #358 ) ) ;
#3618 = AXIS2_PLACEMENT_3D ( 'NONE', #7178, #1014, #5078 ) ;
#3619 =( NAMED_UNIT ( * ) SI_UNIT ( $, .STERADIAN. ) SOLID_ANGLE_UNIT ( ) );
#3620 = ORIENTED_EDGE ( 'NONE', *, *, #6188, .F. ) ;
#3621 = AXIS2_PLACEMENT_3D ( 'NONE', #1774, #7386, #7250 ) ;
#3622 = CARTESIAN_POINT ( 'NONE',  ( 603.2785983466511652, -20.26195501478677130, 1186.543912340623365 ) ) ;
#3623 = EDGE_CURVE ( 'NONE', #7297, #4990, #6874, .T. ) ;
#3624 = CARTESIAN_POINT ( 'NONE',  ( 608.5962817270536789, -17.83053712479125608, 1190.284927253831484 ) ) ;
#3625 = ORIENTED_EDGE ( 'NONE', *, *, #8198, .T. ) ;
#3626 = FILL_AREA_STYLE_COLOUR ( '', #2681 ) ;
#3627 = SURFACE_STYLE_USAGE ( .BOTH. , #3550 ) ;
#3628 = CARTESIAN_POINT ( 'NONE',  ( 606.2205445950430658, -20.71124103594942767, 1189.411528547972694 ) ) ;
#3629 = FACE_OUTER_BOUND ( 'NONE', #965, .T. ) ;
#3630 = DIRECTION ( 'NONE',  ( 0.000000000000000000, 0.000000000000000000, -1.000000000000000000 ) ) ;
#3631 = ORIENTED_EDGE ( 'NONE', *, *, #3765, .T. ) ;
#3632 = AXIS2_PLACEMENT_3D ( 'NONE', #1497, #7233, #303 ) ;
#3633 = SURFACE_SIDE_STYLE ('',( #163 ) ) ;
#3634 = FILL_AREA_STYLE ('',( #2355 ) ) ;
#3635 = EDGE_CURVE ( 'NONE', #5247, #292, #5598, .T. ) ;
#3636 =( LENGTH_UNIT ( ) NAMED_UNIT ( * ) SI_UNIT ( .MILLI., .METRE. ) );
#3637 = CARTESIAN_POINT ( 'NONE',  ( 617.3775495780080291, -15.08306624795938866, 1189.164953305322797 ) ) ;
#3638 =( GEOMETRIC_REPRESENTATION_CONTEXT ( 3 ) GLOBAL_UNCERTAINTY_ASSIGNED_CONTEXT ( ( #5732 ) ) GLOBAL_UNIT_ASSIGNED_CONTEXT ( ( #4495, #5904, #1133 ) ) REPRESENTATION_CONTEXT ( 'NONE', 'WORKASPACE' ) );
#3639 =( LENGTH_UNIT ( ) NAMED_UNIT ( * ) SI_UNIT ( .MILLI., .METRE. ) );
#3640 = CARTESIAN_POINT ( 'NONE',  ( 602.4999999999997726, -6.591949208711866959E-14, 1234.999999999999545 ) ) ;
#3641 = ORIENTED_EDGE ( 'NONE', *, *, #1567, .F. ) ;
#3642 = CARTESIAN_POINT ( 'NONE',  ( 633.9999999999997726, -6.206185466980451242E-14, 1203.499999999999545 ) ) ;
#3643 = UNCERTAINTY_MEASURE_WITH_UNIT (LENGTH_MEASURE( 1.000000000000000082E-05 ), #670, 'distance_accuracy_value', 'NONE');
#3644 = ORIENTED_EDGE ( 'NONE', *, *, #5435, .F. ) ;
#3645 =( GEOMETRIC_REPRESENTATION_CONTEXT ( 3 ) GLOBAL_UNCERTAINTY_ASSIGNED_CONTEXT ( ( #133 ) ) GLOBAL_UNIT_ASSIGNED_CONTEXT ( ( #2619, #477, #6570 ) ) REPRESENTATION_CONTEXT ( 'NONE', 'WORKASPACE' ) );
#3646 = VECTOR ( 'NONE', #1757, 1000.000000000000000 ) ;
#3647 = SURFACE_SIDE_STYLE ('',( #7747 ) ) ;
#3648 = CARTESIAN_POINT ( 'NONE',  ( 607.5582677888357921, 22.44551792177108851, 1266.943323395239531 ) ) ;
#3649 = FILL_AREA_STYLE_COLOUR ( '', #8240 ) ;
#3650 = EDGE_CURVE ( 'NONE', #1346, #1252, #5881, .T. ) ;
#3651 = SURFACE_STYLE_FILL_AREA ( #4320 ) ;
#3652 = LINE ( 'NONE', #4416, #1956 ) ;
#3653 = FILL_AREA_STYLE ('',( #8367 ) ) ;
#3654 = FILL_AREA_STYLE ('',( #2283 ) ) ;
#3655 = VECTOR ( 'NONE', #5652, 1000.000000000000000 ) ;
#3656 = STYLED_ITEM ( 'NONE', ( #3123 ), #7290 ) ;
#3657 = DIRECTION ( 'NONE',  ( 0.000000000000000000, 0.000000000000000000, -1.000000000000000000 ) ) ;
#3658 = UNCERTAINTY_MEASURE_WITH_UNIT (LENGTH_MEASURE( 1.000000000000000082E-05 ), #2645, 'distance_accuracy_value', 'NONE');
#3659 = STYLED_ITEM ( 'NONE', ( #4904 ), #8486 ) ;
#3660 = SURFACE_STYLE_FILL_AREA ( #1607 ) ;
#3661 = VERTEX_POINT ( 'NONE', #7320 ) ;
#3662 = CYLINDRICAL_SURFACE ( 'NONE', #6085, 4.000000000000003553 ) ;
#3663 = FILL_AREA_STYLE_COLOUR ( '', #1691 ) ;
#3664 = CIRCLE ( 'NONE', #1083, 7.499999999999951150 ) ;
#3665 = AXIS2_PLACEMENT_3D ( 'NONE', #5681, #5093, #3681 ) ;
#3666 = AXIS2_PLACEMENT_3D ( 'NONE', #4963, #7788, #5688 ) ;
#3667 = CARTESIAN_POINT ( 'NONE',  ( 634.9999999999997726, 17.67766952966358218, 1249.652669529663626 ) ) ;
#3668 = ORIENTED_EDGE ( 'NONE', *, *, #7991, .F. ) ;
#3669 = CARTESIAN_POINT ( 'NONE',  ( 602.6395298383961290, -17.88333711591100439, 1185.592989968658230 ) ) ;
#3670 = ORIENTED_EDGE ( 'NONE', *, *, #4933, .F. ) ;
#3671 = COLOUR_RGB ( '',0.7490196078431372584, 0.7490196078431372584, 0.7490196078431372584 ) ;
#3672 = COLOUR_RGB ( '',0.7490196078431372584, 0.7490196078431372584, 0.7490196078431372584 ) ;
#3673 = DIRECTION ( 'NONE',  ( -2.126226658603510571E-31, -0.3090169943749515591, -0.9510565162951523099 ) ) ;
#3674 = CARTESIAN_POINT ( 'NONE',  ( 607.4999999999997726, -36.93954603556382210, 1248.880166807067781 ) ) ;
#3675 =( LENGTH_UNIT ( ) NAMED_UNIT ( * ) SI_UNIT ( .MILLI., .METRE. ) );
#3676 = DIRECTION ( 'NONE',  ( 1.000000000000000000, 0.000000000000000000, 2.618191646955655209E-47 ) ) ;
#3677 = ORIENTED_EDGE ( 'NONE', *, *, #3373, .T. ) ;
#3678 = CARTESIAN_POINT ( 'NONE',  ( 605.4999999999997726, -28.03780796592236513, 1174.393993287292687 ) ) ;
#3679 = CARTESIAN_POINT ( 'NONE',  ( 608.9607345775378917, 36.99999999999993605, 1243.490842794001765 ) ) ;
#3680 =( NAMED_UNIT ( * ) SI_UNIT ( $, .STERADIAN. ) SOLID_ANGLE_UNIT ( ) );
#3681 = DIRECTION ( 'NONE',  ( 0.000000000000000000, 0.000000000000000000, -1.000000000000000000 ) ) ;
#3682 = CARTESIAN_POINT ( 'NONE',  ( 606.5043437637324359, -22.80210656005420233, 1189.193536667566605 ) ) ;
#3683 =( GEOMETRIC_REPRESENTATION_CONTEXT ( 3 ) GLOBAL_UNCERTAINTY_ASSIGNED_CONTEXT ( ( #778 ) ) GLOBAL_UNIT_ASSIGNED_CONTEXT ( ( #2908, #5740, #1649 ) ) REPRESENTATION_CONTEXT ( 'NONE', 'WORKASPACE' ) );
#3684 = DIRECTION ( 'NONE',  ( 0.000000000000000000, 0.7071067811865552333, 0.7071067811865399122 ) ) ;
#3685 = SURFACE_STYLE_FILL_AREA ( #6973 ) ;
#3686 = ORIENTED_EDGE ( 'NONE', *, *, #2234, .T. ) ;
#3687 = SURFACE_SIDE_STYLE ('',( #4189 ) ) ;
#3688 =( GEOMETRIC_REPRESENTATION_CONTEXT ( 3 ) GLOBAL_UNCERTAINTY_ASSIGNED_CONTEXT ( ( #4636 ) ) GLOBAL_UNIT_ASSIGNED_CONTEXT ( ( #2903, #8512, #278 ) ) REPRESENTATION_CONTEXT ( 'NONE', 'WORKASPACE' ) );
#3689 =( NAMED_UNIT ( * ) SI_UNIT ( $, .STERADIAN. ) SOLID_ANGLE_UNIT ( ) );
#3690 = LINE ( 'NONE', #2362, #6840 ) ;
#3691 = ORIENTED_EDGE ( 'NONE', *, *, #5101, .F. ) ;
#3692 = DIRECTION ( 'NONE',  ( -1.000000000000000000, 8.786078806946739498E-16, 6.778946662198179893E-16 ) ) ;
#3693 = CARTESIAN_POINT ( 'NONE',  ( 608.1914322194400029, 36.99999999999993605, 1225.543110451208349 ) ) ;
#3694 = SURFACE_SIDE_STYLE ('',( #3075 ) ) ;
#3695 =( NAMED_UNIT ( * ) SI_UNIT ( $, .STERADIAN. ) SOLID_ANGLE_UNIT ( ) );
#3696 = CIRCLE ( 'NONE', #2855, 37.96174931891926718 ) ;
#3697 = AXIS2_PLACEMENT_3D ( 'NONE', #3197, #2393, #4443 ) ;
#3698 = EDGE_CURVE ( 'NONE', #3329, #306, #6052, .T. ) ;
#3699 = DIRECTION ( 'NONE',  ( 1.000000000000000000, -0.000000000000000000, 2.618191646955655209E-47 ) ) ;
#3700 = ADVANCED_FACE ( 'NONE', ( #1106 ), #1931, .F. ) ;
#3701 = DIRECTION ( 'NONE',  ( -1.000000000000000000, 0.000000000000000000, 0.000000000000000000 ) ) ;
#3702 = SURFACE_STYLE_USAGE ( .BOTH. , #952 ) ;
#3703 = CIRCLE ( 'NONE', #5592, 48.51295553591383936 ) ;
#3704 =( NAMED_UNIT ( * ) PLANE_ANGLE_UNIT ( ) SI_UNIT ( $, .RADIAN. ) );
#3705 = EDGE_CURVE ( 'NONE', #7816, #8332, #3844, .T. ) ;
#3706 = PRESENTATION_STYLE_ASSIGNMENT (( #5830 ) ) ;
#3707 = SURFACE_STYLE_USAGE ( .BOTH. , #2913 ) ;
#3708 = AXIS2_PLACEMENT_3D ( 'NONE', #8866, #2171, #4757 ) ;
#3709 = VECTOR ( 'NONE', #4985, 1000.000000000000000 ) ;
#3710 = PRESENTATION_STYLE_ASSIGNMENT (( #963 ) ) ;
#3711 = DIRECTION ( 'NONE',  ( 1.000000000000000000, 0.000000000000000000, 2.618191646955655209E-47 ) ) ;
#3712 = EDGE_LOOP ( 'NONE', ( #2445, #2313, #7543, #8063, #8238, #4753 ) ) ;
#3713 = DIRECTION ( 'NONE',  ( 0.000000000000000000, 0.000000000000000000, -1.000000000000000000 ) ) ;
#3714 = CARTESIAN_POINT ( 'NONE',  ( 633.9999999999997726, -6.206185466980451242E-14, 1203.499999999999545 ) ) ;
#3715 = AXIS2_PLACEMENT_3D ( 'NONE', #5612, #2104, #7576 ) ;
#3716 = EDGE_CURVE ( 'NONE', #5900, #2211, #3985, .T. ) ;
#3717 = SURFACE_STYLE_FILL_AREA ( #4472 ) ;
#3718 = ORIENTED_EDGE ( 'NONE', *, *, #4933, .T. ) ;
#3719 = CARTESIAN_POINT ( 'NONE',  ( 605.1643392756070625, 52.35226520750548218, 1231.392864788703946 ) ) ;
#3720 = EDGE_CURVE ( 'NONE', #2109, #5760, #565, .T. ) ;
#3721 = CYLINDRICAL_SURFACE ( 'NONE', #8719, 15.74999999999993072 ) ;
#3722 = ORIENTED_EDGE ( 'NONE', *, *, #3226, .T. ) ;
#3723 = CARTESIAN_POINT ( 'NONE',  ( 604.6383268423996924, 38.55552634494883790, 1233.287549146179117 ) ) ;
#3724 = CARTESIAN_POINT ( 'NONE',  ( 607.1605382135073796, -21.89126671927325773, 1189.736711179744589 ) ) ;
#3725 = CARTESIAN_POINT ( 'NONE',  ( 623.9999999999998863, -17.67766952966371719, 1217.322330470335828 ) ) ;
#3726 = CARTESIAN_POINT ( 'NONE',  ( 617.5291005291007878, 48.23927892964394459, 1234.999999999999545 ) ) ;
#3727 = SURFACE_STYLE_USAGE ( .BOTH. , #8394 ) ;
#3728 = PRESENTATION_LAYER_ASSIGNMENT (  '', '', ( #2877 ) ) ;
#3729 = ORIENTED_EDGE ( 'NONE', *, *, #7933, .T. ) ;
#3730 =( NAMED_UNIT ( * ) SI_UNIT ( $, .STERADIAN. ) SOLID_ANGLE_UNIT ( ) );
#3731 = SURFACE_STYLE_USAGE ( .BOTH. , #798 ) ;
#3732 = STYLED_ITEM ( 'NONE', ( #6760 ), #6229 ) ;
#3733 = CARTESIAN_POINT ( 'NONE',  ( 607.4999999999997726, -4.897540822919332015, 1195.302283525767280 ) ) ;
#3734 = SURFACE_SIDE_STYLE ('',( #268 ) ) ;
#3735 = CARTESIAN_POINT ( 'NONE',  ( 623.9999999999998863, 17.67766952966373495, 1217.322330470336738 ) ) ;
#3736 = SURFACE_STYLE_USAGE ( .BOTH. , #1681 ) ;
#3737 = ORIENTED_EDGE ( 'NONE', *, *, #8001, .F. ) ;
#3738 = FILL_AREA_STYLE_COLOUR ( '', #6202 ) ;
#3739 = AXIS2_PLACEMENT_3D ( 'NONE', #3735, #270, #6446 ) ;
#3740 = DIRECTION ( 'NONE',  ( -0.7071067811865520136, 8.659560562354878624E-17, -0.7071067811865431318 ) ) ;
#3741 = CARTESIAN_POINT ( 'NONE',  ( 607.4999999999997726, 47.85924001516893611, 1227.062746066805857 ) ) ;
#3742 = VERTEX_POINT ( 'NONE', #7983 ) ;
#3743 = PRESENTATION_STYLE_ASSIGNMENT (( #948 ) ) ;
#3744 =( LENGTH_UNIT ( ) NAMED_UNIT ( * ) SI_UNIT ( .MILLI., .METRE. ) );
#3745 = LINE ( 'NONE', #3034, #8692 ) ;
#3746 = CARTESIAN_POINT ( 'NONE',  ( 607.4999999999997726, 24.61577057861418183, 1204.157611462035675 ) ) ;
#3747 = DIRECTION ( 'NONE',  ( -0.9996573249755571489, 0.000000000000000000, 0.02617694830788020594 ) ) ;
#3748 = PRESENTATION_STYLE_ASSIGNMENT (( #3707 ) ) ;
#3749 = UNCERTAINTY_MEASURE_WITH_UNIT (LENGTH_MEASURE( 1.000000000000000082E-05 ), #5404, 'distance_accuracy_value', 'NONE');
#3750 = CARTESIAN_POINT ( 'NONE',  ( 607.9999999999998863, -21.00113857098596526, 1202.919581268213733 ) ) ;
#3751 = STYLED_ITEM ( 'NONE', ( #103 ), #1340 ) ;
#3752 = ORIENTED_EDGE ( 'NONE', *, *, #3873, .F. ) ;
#3753 = EDGE_CURVE ( 'NONE', #3960, #2736, #1657, .T. ) ;
#3754 =( NAMED_UNIT ( * ) SI_UNIT ( $, .STERADIAN. ) SOLID_ANGLE_UNIT ( ) );
#3755 = CIRCLE ( 'NONE', #601, 2.750000000000039968 ) ;
#3756 = DIRECTION ( 'NONE',  ( 1.000000000000000000, 0.000000000000000000, 0.000000000000000000 ) ) ;
#3757 = DIRECTION ( 'NONE',  ( 0.000000000000000000, 0.000000000000000000, 1.000000000000000000 ) ) ;
#3758 = EDGE_LOOP ( 'NONE', ( #7945, #2898, #6919, #5451 ) ) ;
#3759 = AXIS2_PLACEMENT_3D ( 'NONE', #6506, #7032, #6414 ) ;
#3760 = DIRECTION ( 'NONE',  ( 0.000000000000000000, 0.000000000000000000, 1.000000000000000000 ) ) ;
#3761 = CARTESIAN_POINT ( 'NONE',  ( 634.9999999999997726, -6.591949208711866959E-14, 1259.999999999999773 ) ) ;
#3762 = EDGE_CURVE ( 'NONE', #874, #706, #6101, .T. ) ;
#3763 =( NAMED_UNIT ( * ) PLANE_ANGLE_UNIT ( ) SI_UNIT ( $, .RADIAN. ) );
#3764 = EDGE_LOOP ( 'NONE', ( #1911, #5746, #5519, #8346 ) ) ;
#3765 = EDGE_CURVE ( 'NONE', #192, #8488, #7040, .T. ) ;
#3766 = PLANE ( 'NONE',  #7984 ) ;
#3767 = COLOUR_RGB ( '',0.7490196078431372584, 0.7490196078431372584, 0.7490196078431372584 ) ;
#3768 = CARTESIAN_POINT ( 'NONE',  ( 634.4749999999997954, 2.775557561562892613E-14, 1209.999999999999773 ) ) ;
#3769 = CARTESIAN_POINT ( 'NONE',  ( 605.0353804504625259, -22.19315125213085693, 1187.738042851022328 ) ) ;
#3770 = DIRECTION ( 'NONE',  ( 1.000000000000000000, 0.000000000000000000, 2.618191646955655209E-47 ) ) ;
#3771 = ORIENTED_EDGE ( 'NONE', *, *, #7118, .F. ) ;
#3772 = PRESENTATION_LAYER_ASSIGNMENT (  '', '', ( #2920 ) ) ;
#3773 = CARTESIAN_POINT ( 'NONE',  ( 606.7042614038697366, 38.51937750897859303, 1236.833097976877752 ) ) ;
#3774 =( NAMED_UNIT ( * ) SI_UNIT ( $, .STERADIAN. ) SOLID_ANGLE_UNIT ( ) );
#3775 = SURFACE_STYLE_USAGE ( .BOTH. , #356 ) ;
#3776 = EDGE_LOOP ( 'NONE', ( #5129, #3894, #7228, #6565 ) ) ;
#3777 = ORIENTED_EDGE ( 'NONE', *, *, #7819, .F. ) ;
#3778 =( LENGTH_UNIT ( ) NAMED_UNIT ( * ) SI_UNIT ( .MILLI., .METRE. ) );
#3779 = DIRECTION ( 'NONE',  ( -2.618191646955655209E-47, 0.000000000000000000, 1.000000000000000000 ) ) ;
#3780 = STYLED_ITEM ( 'NONE', ( #6528 ), #7554 ) ;
#3781 = DIRECTION ( 'NONE',  ( 1.000000000000000000, 0.000000000000000000, 2.618191646955655209E-47 ) ) ;
#3782 = CARTESIAN_POINT ( 'NONE',  ( 607.0999999999999091, 3.781697177629438456E-13, 1191.999999999999773 ) ) ;
#3783 = CARTESIAN_POINT ( 'NONE',  ( 606.8172208058489332, 39.50236556506152397, 1228.572694970882594 ) ) ;
#3784 = FILL_AREA_STYLE_COLOUR ( '', #1989 ) ;
#3785 = DIRECTION ( 'NONE',  ( 0.000000000000000000, 0.000000000000000000, -1.000000000000000000 ) ) ;
#3786 = STYLED_ITEM ( 'NONE', ( #6830 ), #7764 ) ;
#3787 = FILL_AREA_STYLE ('',( #7171 ) ) ;
#3788 = VECTOR ( 'NONE', #1557, 1000.000000000000000 ) ;
#3789 = EDGE_LOOP ( 'NONE', ( #4067, #8505 ) ) ;
#3790 = AXIS2_PLACEMENT_3D ( 'NONE', #7846, #332, #8571 ) ;
#3791 = B_SPLINE_CURVE_WITH_KNOTS ( 'NONE', 3,
 ( #7015, #1584, #4308, #937, #5332, #479 ),
 .UNSPECIFIED., .F., .F.,
 ( 4, 2, 4 ),
 ( 0.08895022737431977633, 0.09675907790326390701, 0.1045679284322080238 ),
 .UNSPECIFIED. ) ;
#3792 = STYLED_ITEM ( 'NONE', ( #1329 ), #3871 ) ;
#3793 = AXIS2_PLACEMENT_3D ( 'NONE', #322, #2321, #4318 ) ;
#3794 = SURFACE_SIDE_STYLE ('',( #871 ) ) ;
#3795 = SURFACE_STYLE_USAGE ( .BOTH. , #7219 ) ;
#3796 =( BOUNDED_SURFACE ( )  B_SPLINE_SURFACE ( 3, 2, ( 
 ( #3223, #1278, #1183 ),
 ( #3312, #3136, #6599 ),
 ( #3178, #7318, #3268 ),
 ( #8662, #8026, #1145 ),
 ( #8709, #2557, #5310 ),
 ( #8757, #8068, #2153 ),
 ( #2058, #3354, #8283 ),
 ( #8845, #1509, #7527 ),
 ( #4115, #3440, #1469 ),
 ( #3399, #6860, #5524 ),
 ( #17, #735, #4878 ),
 ( #99, #6810, #652 ),
 ( #2740, #6901, #8325 ),
 ( #4199, #6098, #694 ),
 ( #6937, #7577, #1423 ),
 ( #6186, #3482, #5613 ) ),
 .UNSPECIFIED., .F., .F., .F. ) 
 B_SPLINE_SURFACE_WITH_KNOTS ( ( 4, 2, 2, 2, 2, 2, 2, 4 ),
 ( 3, 3 ),
 ( 0.01491433157380585468, 0.01609324795245460626, 0.01668270614177898292, 0.01727216433110335958, 0.01786162252042773624, 0.01845108070975211290, 0.01904053889907648955, 0.01962999708840086621 ),
 ( 0.000000000000000000, 1.000000000000000000 ),
 .UNSPECIFIED. ) 
 GEOMETRIC_REPRESENTATION_ITEM ( )  RATIONAL_B_SPLINE_SURFACE ( (
 ( 1.000000000000000000, 0.7014466316117680122, 1.000000000000000000),
 ( 1.000000000000000000, 0.7252064885950778583, 1.000000000000000000),
 ( 1.000000000000000000, 0.7494979334112262803, 1.000000000000000000),
 ( 1.000000000000000000, 0.7846526923830652311, 1.000000000000000000),
 ( 1.000000000000000000, 0.7961970447462031197, 1.000000000000000000),
 ( 1.000000000000000000, 0.8188661702618830196, 1.000000000000000000),
 ( 1.000000000000000000, 0.8300669581758310933, 1.000000000000000000),
 ( 1.000000000000000000, 0.8514997014301244338, 1.000000000000000000),
 ( 1.000000000000000000, 0.8617589113843723281, 1.000000000000000000),
 ( 1.000000000000000000, 0.8813334187776521444, 1.000000000000000000),
 ( 1.000000000000000000, 0.8906315990748001621, 1.000000000000000000),
 ( 1.000000000000000000, 0.9073957971473547435, 1.000000000000000000),
 ( 1.000000000000000000, 0.9150683044066730831, 1.000000000000000000),
 ( 1.000000000000000000, 0.9275827546221705466, 1.000000000000000000),
 ( 1.000000000000000000, 0.9325758756143748274, 1.000000000000000000),
 ( 1.000000000000000000, 0.9354143466934784490, 1.000000000000000000) ) ) 
 REPRESENTATION_ITEM ( '' )  SURFACE ( )  );
#3797 = DIRECTION ( 'NONE',  ( 0.000000000000000000, 0.000000000000000000, 1.000000000000000000 ) ) ;
#3798 = DIRECTION ( 'NONE',  ( -1.000000000000000000, 1.109265194285485936E-15, 3.199555054769049947E-17 ) ) ;
#3799 = VERTEX_POINT ( 'NONE', #2924 ) ;
#3800 = CIRCLE ( 'NONE', #8699, 7.499999999999972466 ) ;
#3801 = COLOUR_RGB ( '',0.7490196078431372584, 0.7490196078431372584, 0.7490196078431372584 ) ;
#3802 = FACE_OUTER_BOUND ( 'NONE', #1671, .T. ) ;
#3803 = CARTESIAN_POINT ( 'NONE',  ( 604.9247293758355681, 52.40026137713083898, 1232.089892725928848 ) ) ;
#3804 = CARTESIAN_POINT ( 'NONE',  ( 571.2463877986918988, -6.591949208711866959E-14, 1234.999999999999545 ) ) ;
#3805 = ORIENTED_EDGE ( 'NONE', *, *, #118, .F. ) ;
#3806 = AXIS2_PLACEMENT_3D ( 'NONE', #8299, #7505, #3997 ) ;
#3807 = SURFACE_SIDE_STYLE ('',( #4517 ) ) ;
#3808 = DIRECTION ( 'NONE',  ( 1.000000000000000000, 3.732113731436789969E-16, -1.045086722461000084E-15 ) ) ;
#3809 = AXIS2_PLACEMENT_3D ( 'NONE', #848, #4397, #985 ) ;
#3810 = CARTESIAN_POINT ( 'NONE',  ( 607.3921064981473137, -21.88529344287907108, 1190.545126319623023 ) ) ;
#3811 = EDGE_CURVE ( 'NONE', #522, #5187, #5764, .T. ) ;
#3812 = CARTESIAN_POINT ( 'NONE',  ( 607.5808923608336727, 38.50859887188811825, 1228.993259310092981 ) ) ;
#3813 = ADVANCED_FACE ( 'NONE', ( #5717 ), #4714, .T. ) ;
#3814 = ORIENTED_EDGE ( 'NONE', *, *, #651, .T. ) ;
#3815 = EDGE_CURVE ( 'NONE', #2542, #1985, #7674, .T. ) ;
#3816 = CIRCLE ( 'NONE', #7685, 38.34320131763257677 ) ;
#3817 = DIRECTION ( 'NONE',  ( 1.000000000000000000, 0.000000000000000000, 0.000000000000000000 ) ) ;
#3818 = MECHANICAL_DESIGN_GEOMETRIC_PRESENTATION_REPRESENTATION (  '', ( #2395 ), #7416 ) ;
#3819 = FILL_AREA_STYLE_COLOUR ( '', #6150 ) ;
#3820 = UNCERTAINTY_MEASURE_WITH_UNIT (LENGTH_MEASURE( 1.000000000000000082E-05 ), #4968, 'distance_accuracy_value', 'NONE');
#3821 = CARTESIAN_POINT ( 'NONE',  ( 634.7499999999997726, -6.591949208711866959E-14, 1259.999999999999773 ) ) ;
#3822 = STYLED_ITEM ( 'NONE', ( #8717 ), #675 ) ;
#3823 = FILL_AREA_STYLE ('',( #7338 ) ) ;
#3824 = ORIENTED_EDGE ( 'NONE', *, *, #7336, .T. ) ;
#3825 = AXIS2_PLACEMENT_3D ( 'NONE', #3088, #1658, #4375 ) ;
#3826 = CARTESIAN_POINT ( 'NONE',  ( 606.3861829328810700, 49.57435414980955812, 1229.153045701015799 ) ) ;
#3827 = CARTESIAN_POINT ( 'NONE',  ( 624.2999999999998408, 36.99999999999993605, 1234.999999999999545 ) ) ;
#3828 = FILL_AREA_STYLE ('',( #4537 ) ) ;
#3829 = ORIENTED_EDGE ( 'NONE', *, *, #1973, .T. ) ;
#3830 = AXIS2_PLACEMENT_3D ( 'NONE', #1150, #8119, #1189 ) ;
#3831 = FILL_AREA_STYLE ('',( #7305 ) ) ;
#3832 = DIRECTION ( 'NONE',  ( -0.000000000000000000, -1.000000000000000000, 0.000000000000000000 ) ) ;
#3833 = CARTESIAN_POINT ( 'NONE',  ( 634.9999999999997726, -6.555209804737446414E-14, 1262.999999999999773 ) ) ;
#3834 = SURFACE_STYLE_USAGE ( .BOTH. , #3967 ) ;
#3835 = CARTESIAN_POINT ( 'NONE',  ( 633.9999999999997726, -6.591949208711866959E-14, 1266.499999999999773 ) ) ;
#3836 = SURFACE_SIDE_STYLE ('',( #4727 ) ) ;
#3837 = PRESENTATION_LAYER_ASSIGNMENT (  '', '', ( #8575 ) ) ;
#3838 = UNCERTAINTY_MEASURE_WITH_UNIT (LENGTH_MEASURE( 1.000000000000000082E-05 ), #3061, 'distance_accuracy_value', 'NONE');
#3839 = COLOUR_RGB ( '',0.7490196078431372584, 0.7490196078431372584, 0.7490196078431372584 ) ;
#3840 = CIRCLE ( 'NONE', #3697, 4.000000000000027534 ) ;
#3841 = AXIS2_PLACEMENT_3D ( 'NONE', #1411, #8141, #6763 ) ;
#3842 = EDGE_LOOP ( 'NONE', ( #2793, #2496 ) ) ;
#3843 = DIRECTION ( 'NONE',  ( 0.000000000000000000, 0.8415518235642154288, -0.5401763862441079089 ) ) ;
#3844 = LINE ( 'NONE', #7408, #3364 ) ;
#3845 = MECHANICAL_DESIGN_GEOMETRIC_PRESENTATION_REPRESENTATION (  '', ( #6156 ), #5169 ) ;
#3846 = STYLED_ITEM ( 'NONE', ( #1249 ), #4684 ) ;
#3847 = VERTEX_POINT ( 'NONE', #7583 ) ;
#3848 = CIRCLE ( 'NONE', #2572, 2.750000000000043077 ) ;
#3849 = CARTESIAN_POINT ( 'NONE',  ( 614.5000000000007958, 48.03650030224896739, 1229.305101832054788 ) ) ;
#3850 = CARTESIAN_POINT ( 'NONE',  ( 602.7320782014844553, 52.49030885540553726, 1237.194795919946728 ) ) ;
#3851 = PRESENTATION_STYLE_ASSIGNMENT (( #5272 ) ) ;
#3852 = ORIENTED_EDGE ( 'NONE', *, *, #8262, .T. ) ;
#3853 = COLOUR_RGB ( '',0.7490196078431372584, 0.7490196078431372584, 0.7490196078431372584 ) ;
#3854 = SURFACE_SIDE_STYLE ('',( #4651 ) ) ;
#3855 = FACE_OUTER_BOUND ( 'NONE', #2876, .T. ) ;
#3856 = DIRECTION ( 'NONE',  ( 1.000000000000000000, 0.000000000000000000, 0.000000000000000000 ) ) ;
#3857 = CARTESIAN_POINT ( 'NONE',  ( 607.5168998183647773, 38.66124332569199851, 1228.417266722487511 ) ) ;
#3858 = VERTEX_POINT ( 'NONE', #8163 ) ;
#3859 = AXIS2_PLACEMENT_3D ( 'NONE', #7516, #678, #8222 ) ;
#3860 = EDGE_CURVE ( 'NONE', #8356, #8332, #4795, .T. ) ;
#3861 = DIRECTION ( 'NONE',  ( 0.000000000000000000, 0.000000000000000000, -1.000000000000000000 ) ) ;
#3862 = CARTESIAN_POINT ( 'NONE',  ( 607.4999999999997726, 25.27476584857623365, 1269.787730758122734 ) ) ;
#3863 = CIRCLE ( 'NONE', #277, 28.62500000000001066 ) ;
#3864 = EDGE_CURVE ( 'NONE', #2470, #921, #4080, .T. ) ;
#3865 = DIRECTION ( 'NONE',  ( 1.000000000000000000, 0.000000000000000000, 2.618191646955655209E-47 ) ) ;
#3866 = CARTESIAN_POINT ( 'NONE',  ( 607.8832624263626485, 38.18365371492888016, 1230.499013034233030 ) ) ;
#3867 = EDGE_LOOP ( 'NONE', ( #6483, #5621 ) ) ;
#3868 = DIRECTION ( 'NONE',  ( -1.000000000000000000, -1.109265194285485936E-15, -3.199555054769799982E-17 ) ) ;
#3869 = SURFACE_STYLE_FILL_AREA ( #5942 ) ;
#3870 = ORIENTED_EDGE ( 'NONE', *, *, #7336, .F. ) ;
#3871 = ADVANCED_FACE ( 'NONE', ( #59 ), #6907, .F. ) ;
#3872 = SURFACE_SIDE_STYLE ('',( #8058 ) ) ;
#3873 = EDGE_CURVE ( 'NONE', #1843, #2332, #773, .T. ) ;
#3874 = PRESENTATION_STYLE_ASSIGNMENT (( #4585 ) ) ;
#3875 =( NAMED_UNIT ( * ) SI_UNIT ( $, .STERADIAN. ) SOLID_ANGLE_UNIT ( ) );
#3876 = CARTESIAN_POINT ( 'NONE',  ( 607.2839672302582130, 39.48933976463931828, 1228.000170826121575 ) ) ;
#3877 = VECTOR ( 'NONE', #8686, 1000.000000000000000 ) ;
#3878 = PRESENTATION_STYLE_ASSIGNMENT (( #7973 ) ) ;
#3879 = DIRECTION ( 'NONE',  ( 1.000000000000000000, 0.000000000000000000, 0.000000000000000000 ) ) ;
#3880 = CARTESIAN_POINT ( 'NONE',  ( 634.9999999999997726, -17.67766952966371719, 1217.322330470335828 ) ) ;
#3881 =( GEOMETRIC_REPRESENTATION_CONTEXT ( 3 ) GLOBAL_UNCERTAINTY_ASSIGNED_CONTEXT ( ( #2224 ) ) GLOBAL_UNIT_ASSIGNED_CONTEXT ( ( #211, #5919, #3179 ) ) REPRESENTATION_CONTEXT ( 'NONE', 'WORKASPACE' ) );
#3882 = ORIENTED_EDGE ( 'NONE', *, *, #4865, .T. ) ;
#3883 =( LENGTH_UNIT ( ) NAMED_UNIT ( * ) SI_UNIT ( .MILLI., .METRE. ) );
#3884 = SURFACE_SIDE_STYLE ('',( #3356 ) ) ;
#3885 = CARTESIAN_POINT ( 'NONE',  ( 634.9999999999997726, 17.67766952966358218, 1255.702669529663808 ) ) ;
#3886 =( GEOMETRIC_REPRESENTATION_CONTEXT ( 3 ) GLOBAL_UNCERTAINTY_ASSIGNED_CONTEXT ( ( #3027 ) ) GLOBAL_UNIT_ASSIGNED_CONTEXT ( ( #7079, #3704, #909 ) ) REPRESENTATION_CONTEXT ( 'NONE', 'WORKASPACE' ) );
#3887 =( NAMED_UNIT ( * ) SI_UNIT ( $, .STERADIAN. ) SOLID_ANGLE_UNIT ( ) );
#3888 = ORIENTED_EDGE ( 'NONE', *, *, #6836, .T. ) ;
#3889 = DIRECTION ( 'NONE',  ( 1.000000000000000000, 0.000000000000000000, 0.000000000000000000 ) ) ;
#3890 = VERTEX_POINT ( 'NONE', #2198 ) ;
#3891 = DIRECTION ( 'NONE',  ( -1.000000000000000000, 0.000000000000000000, -2.618191646955655209E-47 ) ) ;
#3892 = FILL_AREA_STYLE ('',( #1896 ) ) ;
#3893 = STYLED_ITEM ( 'NONE', ( #2561 ), #1277 ) ;
#3894 = ORIENTED_EDGE ( 'NONE', *, *, #2894, .T. ) ;
#3895 = ADVANCED_FACE ( 'NONE', ( #7667 ), #7253, .T. ) ;
#3896 =( LENGTH_UNIT ( ) NAMED_UNIT ( * ) SI_UNIT ( .MILLI., .METRE. ) );
#3897 = CARTESIAN_POINT ( 'NONE',  ( 634.9999999999997726, 2.775557561562892613E-14, 1209.999999999999773 ) ) ;
#3898 = PRESENTATION_LAYER_ASSIGNMENT (  '', '', ( #881 ) ) ;
#3899 = PRESENTATION_STYLE_ASSIGNMENT (( #2579 ) ) ;
#3900 = ORIENTED_EDGE ( 'NONE', *, *, #413, .T. ) ;
#3901 = DIRECTION ( 'NONE',  ( 1.000000000000000000, 3.732113731436789969E-16, -1.045086722461000084E-15 ) ) ;
#3902 = SURFACE_STYLE_USAGE ( .BOTH. , #398 ) ;
#3903 = UNCERTAINTY_MEASURE_WITH_UNIT (LENGTH_MEASURE( 1.000000000000000082E-05 ), #6070, 'distance_accuracy_value', 'NONE');
#3904 = PRESENTATION_STYLE_ASSIGNMENT (( #2584 ) ) ;
#3905 = ORIENTED_EDGE ( 'NONE', *, *, #8107, .F. ) ;
#3906 = CARTESIAN_POINT ( 'NONE',  ( 606.7538881770415173, 50.63711002705884567, 1228.641891234103241 ) ) ;
#3907 = STYLED_ITEM ( 'NONE', ( #6554 ), #1788 ) ;
#3908 = FILL_AREA_STYLE_COLOUR ( '', #3098 ) ;
#3909 = EDGE_LOOP ( 'NONE', ( #1656, #8336, #5296, #3824 ) ) ;
#3910 = EDGE_CURVE ( 'NONE', #2736, #3960, #7244, .T. ) ;
#3911 = CARTESIAN_POINT ( 'NONE',  ( 604.0999999999999091, 3.920475055707583024E-13, 1187.999999999999773 ) ) ;
#3912 = AXIS2_PLACEMENT_3D ( 'NONE', #8788, #2595, #3968 ) ;
#3913 = CARTESIAN_POINT ( 'NONE',  ( 607.4999999999997726, -24.61577057861096307, 1204.157611462035675 ) ) ;
#3914 = CARTESIAN_POINT ( 'NONE',  ( 634.9999999999997726, 17.67766952966373495, 1217.322330470336738 ) ) ;
#3915 = CARTESIAN_POINT ( 'NONE',  ( 607.0999999999999091, 3.781697177629438456E-13, 1191.999999999999773 ) ) ;
#3916 = SURFACE_SIDE_STYLE ('',( #6719 ) ) ;
#3917 = VERTEX_POINT ( 'NONE', #8373 ) ;
#3918 = CARTESIAN_POINT ( 'NONE',  ( 603.2644075454128370, 38.57672939133718870, 1239.756700591273784 ) ) ;
#3919 = CIRCLE ( 'NONE', #3219, 4.000000000000003553 ) ;
#3920 = DIRECTION ( 'NONE',  ( 0.000000000000000000, 0.000000000000000000, -1.000000000000000000 ) ) ;
#3921 = UNCERTAINTY_MEASURE_WITH_UNIT (LENGTH_MEASURE( 1.000000000000000082E-05 ), #5343, 'distance_accuracy_value', 'NONE');
#3922 = ADVANCED_FACE ( 'NONE', ( #7756 ), #3087, .F. ) ;
#3923 = CARTESIAN_POINT ( 'NONE',  ( 603.7996618306415257, -11.06848701405889379, 1183.672905954209682 ) ) ;
#3924 = EDGE_CURVE ( 'NONE', #3392, #1985, #1740, .T. ) ;
#3925 = EDGE_LOOP ( 'NONE', ( #1220, #1082, #2054, #7085 ) ) ;
#3926 = SURFACE_STYLE_FILL_AREA ( #4685 ) ;
#3927 = CARTESIAN_POINT ( 'NONE',  ( 607.0999999999999091, 40.89543020069148582, 1221.712269241876811 ) ) ;
#3928 = AXIS2_PLACEMENT_3D ( 'NONE', #7507, #33, #2037 ) ;
#3929 = CARTESIAN_POINT ( 'NONE',  ( 634.4749999999997954, 17.67766952966358218, 1252.677669529663717 ) ) ;
#3930 = CARTESIAN_POINT ( 'NONE',  ( 604.0999999999999091, -40.89543020069157109, 1225.712269241876811 ) ) ;
#3931 = CARTESIAN_POINT ( 'NONE',  ( 611.4708994708988712, 48.23927892964394459, 1234.999999999999545 ) ) ;
#3932 = EDGE_LOOP ( 'NONE', ( #897, #3737 ) ) ;
#3933 = PRESENTATION_LAYER_ASSIGNMENT (  '', '', ( #2938 ) ) ;
#3934 = CYLINDRICAL_SURFACE ( 'NONE', #1838, 2.749999999999940048 ) ;
#3935 = VERTEX_POINT ( 'NONE', #329 ) ;
#3936 = SURFACE_STYLE_FILL_AREA ( #3990 ) ;
#3937 = DIRECTION ( 'NONE',  ( 0.000000000000000000, 0.7071067811865577868, -0.7071067811865371366 ) ) ;
#3938 = SURFACE_SIDE_STYLE ('',( #1937 ) ) ;
#3939 = DIRECTION ( 'NONE',  ( 0.000000000000000000, 0.5877852522924681411, 0.8090169943749510040 ) ) ;
#3940 = CIRCLE ( 'NONE', #6679, 28.62500000000008882 ) ;
#3941 = STYLED_ITEM ( 'NONE', ( #3078 ), #7285 ) ;
#3942 = EDGE_LOOP ( 'NONE', ( #1617, #2484, #786, #7636 ) ) ;
#3943 = CARTESIAN_POINT ( 'NONE',  ( 614.4999999999997726, 43.26735247905153159, 1234.999999999999545 ) ) ;
#3944 = DIRECTION ( 'NONE',  ( 1.000000000000000000, -0.000000000000000000, 2.618191646955655209E-47 ) ) ;
#3945 = VECTOR ( 'NONE', #8739, 1000.000000000000000 ) ;
#3946 = ORIENTED_EDGE ( 'NONE', *, *, #3989, .F. ) ;
#3947 = MECHANICAL_DESIGN_GEOMETRIC_PRESENTATION_REPRESENTATION (  '', ( #6250 ), #4371 ) ;
#3948 = CIRCLE ( 'NONE', #1812, 52.54051262744652462 ) ;
#3949 = FILL_AREA_STYLE ('',( #4003 ) ) ;
#3950 = DIRECTION ( 'NONE',  ( 1.000000000000000000, -0.000000000000000000, 2.618191646955655209E-47 ) ) ;
#3951 =( LENGTH_UNIT ( ) NAMED_UNIT ( * ) SI_UNIT ( .MILLI., .METRE. ) );
#3952 = DIRECTION ( 'NONE',  ( 1.000000000000000000, 0.000000000000000000, 2.618191646955655209E-47 ) ) ;
#3953 = ORIENTED_EDGE ( 'NONE', *, *, #6238, .F. ) ;
#3954 = MECHANICAL_DESIGN_GEOMETRIC_PRESENTATION_REPRESENTATION (  '', ( #6696 ), #2392 ) ;
#3955 = CARTESIAN_POINT ( 'NONE',  ( 606.6273342027692479, 49.22796539625937129, 1228.832500663945893 ) ) ;
#3956 = PRESENTATION_LAYER_ASSIGNMENT (  '', '', ( #5126 ) ) ;
#3957 = PRESENTATION_LAYER_ASSIGNMENT (  '', '', ( #1384 ) ) ;
#3958 = PRESENTATION_STYLE_ASSIGNMENT (( #486 ) ) ;
#3959 = DIRECTION ( 'NONE',  ( 0.000000000000000000, 0.000000000000000000, -1.000000000000000000 ) ) ;
#3960 = VERTEX_POINT ( 'NONE', #8427 ) ;
#3961 = DIRECTION ( 'NONE',  ( 0.000000000000000000, 0.000000000000000000, -1.000000000000000000 ) ) ;
#3962 = AXIS2_PLACEMENT_3D ( 'NONE', #2514, #3141, #7942 ) ;
#3963 = SURFACE_STYLE_USAGE ( .BOTH. , #3872 ) ;
#3964 = AXIS2_PLACEMENT_3D ( 'NONE', #2750, #6870, #8166 ) ;
#3965 = COLOUR_RGB ( '',0.7490196078431372584, 0.7490196078431372584, 0.7490196078431372584 ) ;
#3966 = FILL_AREA_STYLE ('',( #3342 ) ) ;
#3967 = SURFACE_SIDE_STYLE ('',( #6038 ) ) ;
#3968 = DIRECTION ( 'NONE',  ( 0.000000000000000000, -0.9510565162951539753, 0.3090169943749465631 ) ) ;
#3969 = SURFACE_STYLE_USAGE ( .BOTH. , #5210 ) ;
#3970 = VERTEX_POINT ( 'NONE', #3615 ) ;
#3971 = VERTEX_POINT ( 'NONE', #4285 ) ;
#3972 = PRESENTATION_STYLE_ASSIGNMENT (( #8751 ) ) ;
#3973 = AXIS2_PLACEMENT_3D ( 'NONE', #1440, #2167, #4893 ) ;
#3974 = VERTEX_POINT ( 'NONE', #7034 ) ;
#3975 = CIRCLE ( 'NONE', #6271, 2.000000000000080380 ) ;
#3976 = CONICAL_SURFACE ( 'NONE', #5569, 2.499999999999952038, 1.029744258676653645 ) ;
#3977 = EDGE_CURVE ( 'NONE', #2736, #5204, #867, .T. ) ;
#3978 = CARTESIAN_POINT ( 'NONE',  ( 605.2976980612105535, 51.68195070448699369, 1228.274717558593238 ) ) ;
#3979 = ORIENTED_EDGE ( 'NONE', *, *, #3381, .T. ) ;
#3980 = COLOUR_RGB ( '',0.7490196078431372584, 0.7490196078431372584, 0.7490196078431372584 ) ;
#3981 = PRESENTATION_LAYER_ASSIGNMENT (  '', '', ( #7852 ) ) ;
#3982 =( NAMED_UNIT ( * ) SI_UNIT ( $, .STERADIAN. ) SOLID_ANGLE_UNIT ( ) );
#3983 = EDGE_CURVE ( 'NONE', #1386, #763, #4226, .T. ) ;
#3984 = CARTESIAN_POINT ( 'NONE',  ( 606.5140365199906682, 38.51959287470274518, 1240.094831922194771 ) ) ;
#3985 = LINE ( 'NONE', #6602, #6237 ) ;
#3986 = CARTESIAN_POINT ( 'NONE',  ( 571.2463877986918988, -6.591949208711866959E-14, 1234.999999999999545 ) ) ;
#3987 = VERTEX_POINT ( 'NONE', #1654 ) ;
#3988 = AXIS2_PLACEMENT_3D ( 'NONE', #3346, #2769, #3386 ) ;
#3989 = EDGE_CURVE ( 'NONE', #5433, #6476, #7890, .T. ) ;
#3990 = FILL_AREA_STYLE ('',( #7947 ) ) ;
#3991 = FACE_BOUND ( 'NONE', #3842, .T. ) ;
#3992 = EDGE_CURVE ( 'NONE', #1907, #4108, #3948, .T. ) ;
#3993 = VECTOR ( 'NONE', #7013, 1000.000000000000000 ) ;
#3994 = CARTESIAN_POINT ( 'NONE',  ( 614.4999999999997726, -19.18458665283686315, 1200.226423322300661 ) ) ;
#3995 = AXIS2_PLACEMENT_3D ( 'NONE', #6199, #4078, #3583 ) ;
#3996 = ORIENTED_EDGE ( 'NONE', *, *, #7167, .F. ) ;
#3997 = DIRECTION ( 'NONE',  ( 0.000000000000000000, -0.5877852522924614798, 0.8090169943749560000 ) ) ;
#3998 =( LENGTH_UNIT ( ) NAMED_UNIT ( * ) SI_UNIT ( .MILLI., .METRE. ) );
#3999 = STYLED_ITEM ( 'NONE', ( #4798 ), #4754 ) ;
#4000 = LINE ( 'NONE', #3199, #7389 ) ;
#4001 = ORIENTED_EDGE ( 'NONE', *, *, #3174, .T. ) ;
#4002 = CIRCLE ( 'NONE', #4559, 5.000000000000004441 ) ;
#4003 = FILL_AREA_STYLE_COLOUR ( '', #4238 ) ;
#4004 = CARTESIAN_POINT ( 'NONE',  ( 605.5184424030782111, -19.71677132451066683, 1188.590134941481438 ) ) ;
#4005 = FACE_OUTER_BOUND ( 'NONE', #7922, .T. ) ;
#4006 = FILL_AREA_STYLE_COLOUR ( '', #1597 ) ;
#4007 = ORIENTED_EDGE ( 'NONE', *, *, #840, .T. ) ;
#4008 = PRESENTATION_LAYER_ASSIGNMENT (  '', '', ( #265 ) ) ;
#4009 = CARTESIAN_POINT ( 'NONE',  ( 606.8622064636992945, 50.44818825203603296, 1228.509631962771664 ) ) ;
#4010 = ORIENTED_EDGE ( 'NONE', *, *, #6342, .F. ) ;
#4011 = CARTESIAN_POINT ( 'NONE',  ( 614.4999999999997726, -11.43362879187332659, 1199.810908897079571 ) ) ;
#4012 = PRESENTATION_STYLE_ASSIGNMENT (( #1960 ) ) ;
#4013 = SURFACE_SIDE_STYLE ('',( #1962 ) ) ;
#4014 = DIRECTION ( 'NONE',  ( 0.000000000000000000, 0.9510565162951534202, 0.3090169943749478954 ) ) ;
#4015 = DIRECTION ( 'NONE',  ( 0.000000000000000000, 0.3633220134397254220, -0.9316636273624209208 ) ) ;
#4016 = ORIENTED_EDGE ( 'NONE', *, *, #3116, .T. ) ;
#4017 =( NAMED_UNIT ( * ) SI_UNIT ( $, .STERADIAN. ) SOLID_ANGLE_UNIT ( ) );
#4018 = STYLED_ITEM ( 'NONE', ( #483 ), #5961 ) ;
#4019 = ORIENTED_EDGE ( 'NONE', *, *, #3590, .F. ) ;
#4020 = FACE_OUTER_BOUND ( 'NONE', #1024, .T. ) ;
#4021 = DIRECTION ( 'NONE',  ( 0.000000000000000000, -1.000000000000000000, 0.000000000000000000 ) ) ;
#4022 = UNCERTAINTY_MEASURE_WITH_UNIT (LENGTH_MEASURE( 1.000000000000000082E-05 ), #930, 'distance_accuracy_value', 'NONE');
#4023 = EDGE_LOOP ( 'NONE', ( #2728, #7251, #5293 ) ) ;
#4024 = CARTESIAN_POINT ( 'NONE',  ( 604.8232062333104295, 52.42099789326203307, 1232.448078595409015 ) ) ;
#4025 = CARTESIAN_POINT ( 'NONE',  ( 604.0999999999999091, 3.920475055707583024E-13, 1191.999999999999773 ) ) ;
#4026 = VERTEX_POINT ( 'NONE', #1699 ) ;
#4027 = CARTESIAN_POINT ( 'NONE',  ( 604.0999999999999091, 27.58903336337773737, 1198.726784179705419 ) ) ;
#4028 = CARTESIAN_POINT ( 'NONE',  ( 606.0123153884154590, 49.94158639361634755, 1229.709988053333291 ) ) ;
#4029 = CARTESIAN_POINT ( 'NONE',  ( 605.9511094419164010, 39.52574547654482018, 1240.972935776864688 ) ) ;
#4030 = SURFACE_STYLE_FILL_AREA ( #426 ) ;
#4031 = ORIENTED_EDGE ( 'NONE', *, *, #4620, .T. ) ;
#4032 = UNCERTAINTY_MEASURE_WITH_UNIT (LENGTH_MEASURE( 1.000000000000000082E-05 ), #2685, 'distance_accuracy_value', 'NONE');
#4033 = EDGE_CURVE ( 'NONE', #6764, #4508, #5694, .T. ) ;
#4034 = DIRECTION ( 'NONE',  ( 0.000000000000000000, -0.7737920872148309481, -0.6334396622912995545 ) ) ;
#4035 = EDGE_LOOP ( 'NONE', ( #7042, #7484, #3670, #8659 ) ) ;
#4036 = CARTESIAN_POINT ( 'NONE',  ( 604.0999999999999091, 25.97239810520980186, 1272.447770087625941 ) ) ;
#4037 = EDGE_LOOP ( 'NONE', ( #2318, #4001, #1218, #4188 ) ) ;
#4038 = EDGE_CURVE ( 'NONE', #7790, #1641, #7213, .T. ) ;
#4039 =( NAMED_UNIT ( * ) PLANE_ANGLE_UNIT ( ) SI_UNIT ( $, .RADIAN. ) );
#4040 = B_SPLINE_CURVE_WITH_KNOTS ( 'NONE', 3,
 ( #2348, #7143, #981, #304, #8664, #8030, #2648, #5398, #1887, #2511, #2606, #4596, #1840, #7454 ),
 .UNSPECIFIED., .F., .F.,
 ( 4, 2, 2, 2, 2, 2, 4 ),
 ( 0.000000000000000000, 0.002615852654970423057, 0.003923778982455635236, 0.005231705309940846982, 0.007847557964910606074, 0.009155484292395776186, 0.01046341061988094630 ),
 .UNSPECIFIED. ) ;
#4041 = EDGE_CURVE ( 'NONE', #8534, #178, #6120, .T. ) ;
#4042 = CARTESIAN_POINT ( 'NONE',  ( 607.4999999999997726, -2.046973701652632624E-13, 1277.999999999999545 ) ) ;
#4043 = ORIENTED_EDGE ( 'NONE', *, *, #4627, .F. ) ;
#4044 = CARTESIAN_POINT ( 'NONE',  ( 607.4897421227099130, -8.157196732289191843, 1186.678096770973525 ) ) ;
#4045 = CARTESIAN_POINT ( 'NONE',  ( 634.7499999999997726, -6.591949208711866959E-14, 1257.000000000000000 ) ) ;
#4046 = SURFACE_STYLE_USAGE ( .BOTH. , #79 ) ;
#4047 = PRESENTATION_STYLE_ASSIGNMENT (( #4856 ) ) ;
#4048 =( GEOMETRIC_REPRESENTATION_CONTEXT ( 3 ) GLOBAL_UNCERTAINTY_ASSIGNED_CONTEXT ( ( #8321 ) ) GLOBAL_UNIT_ASSIGNED_CONTEXT ( ( #7696, #174, #7066 ) ) REPRESENTATION_CONTEXT ( 'NONE', 'WORKASPACE' ) );
#4049 = FILL_AREA_STYLE ('',( #1997 ) ) ;
#4050 =( LENGTH_UNIT ( ) NAMED_UNIT ( * ) SI_UNIT ( .MILLI., .METRE. ) );
#4051 = MECHANICAL_DESIGN_GEOMETRIC_PRESENTATION_REPRESENTATION (  '', ( #8203 ), #7638 ) ;
#4052 = FILL_AREA_STYLE ('',( #5463 ) ) ;
#4053 = PRESENTATION_STYLE_ASSIGNMENT (( #8264 ) ) ;
#4054 = CARTESIAN_POINT ( 'NONE',  ( 634.9999999999997726, -1.767766952966344451, 1211.767766952965985 ) ) ;
#4055 = DIRECTION ( 'NONE',  ( 0.000000000000000000, -0.7071067811865530128, -0.7071067811865419106 ) ) ;
#4056 = AXIS2_PLACEMENT_3D ( 'NONE', #2379, #5128, #7088 ) ;
#4057 = SURFACE_SIDE_STYLE ('',( #679 ) ) ;
#4058 = CARTESIAN_POINT ( 'NONE',  ( 607.5000000000001137, -36.89332033547012912, 1221.428496913423487 ) ) ;
#4059 = ORIENTED_EDGE ( 'NONE', *, *, #3484, .T. ) ;
#4060 = FACE_BOUND ( 'NONE', #5676, .T. ) ;
#4061 = PRESENTATION_STYLE_ASSIGNMENT (( #4730 ) ) ;
#4062 = SURFACE_STYLE_FILL_AREA ( #1462 ) ;
#4063 = EDGE_LOOP ( 'NONE', ( #7502, #5011 ) ) ;
#4064 = STYLED_ITEM ( 'NONE', ( #2417 ), #1957 ) ;
#4065 =( GEOMETRIC_REPRESENTATION_CONTEXT ( 3 ) GLOBAL_UNCERTAINTY_ASSIGNED_CONTEXT ( ( #5026 ) ) GLOBAL_UNIT_ASSIGNED_CONTEXT ( ( #5314, #8667, #1889 ) ) REPRESENTATION_CONTEXT ( 'NONE', 'WORKASPACE' ) );
#4066 = DIRECTION ( 'NONE',  ( 0.000000000000000000, 0.000000000000000000, -1.000000000000000000 ) ) ;
#4067 = ORIENTED_EDGE ( 'NONE', *, *, #2845, .T. ) ;
#4068 = PRESENTATION_STYLE_ASSIGNMENT (( #1323 ) ) ;
#4069 = PRESENTATION_LAYER_ASSIGNMENT (  '', '', ( #7657 ) ) ;
#4070 = CARTESIAN_POINT ( 'NONE',  ( 605.9338154541594577, 38.52879663466839588, 1240.968985504045349 ) ) ;
#4071 = CARTESIAN_POINT ( 'NONE',  ( 607.5726731305876456, -6.591040784099759592E-14, 1273.999999999999545 ) ) ;
#4072 = CARTESIAN_POINT ( 'NONE',  ( 607.5602717220519935, -6.020215289526777092, 1196.437274946229536 ) ) ;
#4073 = ORIENTED_EDGE ( 'NONE', *, *, #3184, .T. ) ;
#4074 =( NAMED_UNIT ( * ) PLANE_ANGLE_UNIT ( ) SI_UNIT ( $, .RADIAN. ) );
#4075 = ORIENTED_EDGE ( 'NONE', *, *, #2123, .F. ) ;
#4076 = TOROIDAL_SURFACE ( 'NONE', #5946, 3.000000000000000000, 1.000000000000000000 ) ;
#4077 = CARTESIAN_POINT ( 'NONE',  ( 603.6047077932308866, -11.29135995801084569, 1183.716749983373802 ) ) ;
#4078 = DIRECTION ( 'NONE',  ( 1.000000000000000000, -0.000000000000000000, 2.618191646955655209E-47 ) ) ;
#4079 = ORIENTED_EDGE ( 'NONE', *, *, #6629, .F. ) ;
#4080 = CIRCLE ( 'NONE', #1358, 2.499999999999968914 ) ;
#4081 = CARTESIAN_POINT ( 'NONE',  ( 604.5712613586026691, 41.33542852217553332, 1236.192961139223371 ) ) ;
#4082 = DIRECTION ( 'NONE',  ( 1.000000000000000000, 0.000000000000000000, 2.618191646955655209E-47 ) ) ;
#4083 = EDGE_LOOP ( 'NONE', ( #2701, #7656, #2776, #4428 ) ) ;
#4084 = ADVANCED_FACE ( 'NONE', ( #3172 ), #3250, .F. ) ;
#4085 = SURFACE_STYLE_USAGE ( .BOTH. , #4709 ) ;
#4086 = CARTESIAN_POINT ( 'NONE',  ( 623.9999999999998863, 15.17766952966373672, 1217.322330470336738 ) ) ;
#4087 = AXIS2_PLACEMENT_3D ( 'NONE', #366, #5868, #4358 ) ;
#4088 = FILL_AREA_STYLE ('',( #4221 ) ) ;
#4089 = FILL_AREA_STYLE_COLOUR ( '', #7187 ) ;
#4090 = EDGE_CURVE ( 'NONE', #3661, #612, #3230, .T. ) ;
#4091 = CIRCLE ( 'NONE', #2820, 2.750000000000117240 ) ;
#4092 = DIRECTION ( 'NONE',  ( 0.000000000000000000, 0.9983374403816100973, 0.05763987449929959539 ) ) ;
#4093 = DIRECTION ( 'NONE',  ( 1.000000000000000000, -3.123522194620079874E-16, -1.064861060188240078E-15 ) ) ;
#4094 = CIRCLE ( 'NONE', #208, 4.000000000000003553 ) ;
#4095 = CARTESIAN_POINT ( 'NONE',  ( 624.2999999999998408, 31.49999999999993250, 1234.999999999999545 ) ) ;
#4096 = PRESENTATION_STYLE_ASSIGNMENT (( #803 ) ) ;
#4097 =( GEOMETRIC_REPRESENTATION_CONTEXT ( 3 ) GLOBAL_UNCERTAINTY_ASSIGNED_CONTEXT ( ( #8164 ) ) GLOBAL_UNIT_ASSIGNED_CONTEXT ( ( #1581, #886, #8397 ) ) REPRESENTATION_CONTEXT ( 'NONE', 'WORKASPACE' ) );
#4098 = CARTESIAN_POINT ( 'NONE',  ( 622.3584144640069553, 45.93964049335893662, 1239.179815298631411 ) ) ;
#4099 =( LENGTH_UNIT ( ) NAMED_UNIT ( * ) SI_UNIT ( .MILLI., .METRE. ) );
#4100 =( GEOMETRIC_REPRESENTATION_CONTEXT ( 3 ) GLOBAL_UNCERTAINTY_ASSIGNED_CONTEXT ( ( #5370 ) ) GLOBAL_UNIT_ASSIGNED_CONTEXT ( ( #7779, #2308, #312 ) ) REPRESENTATION_CONTEXT ( 'NONE', 'WORKASPACE' ) );
#4101 = EDGE_LOOP ( 'NONE', ( #6533, #1992, #1921, #1726 ) ) ;
#4102 = CONICAL_SURFACE ( 'NONE', #2539, 2.499999999999946709, 1.029744258676653645 ) ;
#4103 = ADVANCED_FACE ( 'NONE', ( #4635, #8702 ), #2553, .T. ) ;
#4104 = FACE_OUTER_BOUND ( 'NONE', #8067, .T. ) ;
#4105 = CARTESIAN_POINT ( 'NONE',  ( 608.9647766695919699, 38.48014767820383497, 1236.436513992954815 ) ) ;
#4106 =( LENGTH_UNIT ( ) NAMED_UNIT ( * ) SI_UNIT ( .MILLI., .METRE. ) );
#4107 = UNCERTAINTY_MEASURE_WITH_UNIT (LENGTH_MEASURE( 1.000000000000000082E-05 ), #4324, 'distance_accuracy_value', 'NONE');
#4108 = VERTEX_POINT ( 'NONE', #6045 ) ;
#4109 = DIRECTION ( 'NONE',  ( -2.126226658603510571E-31, -0.3090169943749516146, -0.9510565162951523099 ) ) ;
#4110 = AXIS2_PLACEMENT_3D ( 'NONE', #151, #2203, #4938 ) ;
#4111 = STYLED_ITEM ( 'NONE', ( #5361 ), #8824 ) ;
#4112 = COLOUR_RGB ( '',0.7490196078431372584, 0.7490196078431372584, 0.7490196078431372584 ) ;
#4113 = CARTESIAN_POINT ( 'NONE',  ( 607.4999999999997726, -40.89543020069176293, 1244.287730758122507 ) ) ;
#4114 = DIRECTION ( 'NONE',  ( 0.000000000000000000, -6.938893903907222067E-15, 1.000000000000000000 ) ) ;
#4115 = CARTESIAN_POINT ( 'NONE',  ( 606.2272117582067494, 50.92268653960323377, 1242.363498312958882 ) ) ;
#4116 = DIRECTION ( 'NONE',  ( -0.9123038419486995121, 0.000000000000000000, 0.4095139801833904691 ) ) ;
#4117 = CIRCLE ( 'NONE', #520, 2.750000000000125233 ) ;
#4118 = FACE_OUTER_BOUND ( 'NONE', #5883, .T. ) ;
#4119 = MECHANICAL_DESIGN_GEOMETRIC_PRESENTATION_REPRESENTATION (  '', ( #5144 ), #5434 ) ;
#4120 = CARTESIAN_POINT ( 'NONE',  ( 594.4999999999997726, -7.237950395262095496E-14, 1287.749999999999773 ) ) ;
#4121 = ORIENTED_EDGE ( 'NONE', *, *, #7824, .T. ) ;
#4122 = UNCERTAINTY_MEASURE_WITH_UNIT (LENGTH_MEASURE( 1.000000000000000082E-05 ), #4426, 'distance_accuracy_value', 'NONE');
#4123 = FACE_OUTER_BOUND ( 'NONE', #4478, .T. ) ;
#4124 = MECHANICAL_DESIGN_GEOMETRIC_PRESENTATION_REPRESENTATION (  '', ( #3407 ), #2844 ) ;
#4125 = STYLED_ITEM ( 'NONE', ( #5909 ), #2848 ) ;
#4126 = ORIENTED_EDGE ( 'NONE', *, *, #3381, .F. ) ;
#4127 = FILL_AREA_STYLE ('',( #1434 ) ) ;
#4128 = FILL_AREA_STYLE ('',( #5532 ) ) ;
#4129 = VERTEX_POINT ( 'NONE', #557 ) ;
#4130 = PRESENTATION_LAYER_ASSIGNMENT (  '', '', ( #5997 ) ) ;
#4131 = CARTESIAN_POINT ( 'NONE',  ( 604.6069600705990297, 41.85623386769447052, 1233.539332911982683 ) ) ;
#4132 = CARTESIAN_POINT ( 'NONE',  ( 608.9607345775378917, -6.591949208711866959E-14, 1234.999999999999545 ) ) ;
#4133 = EDGE_LOOP ( 'NONE', ( #807, #3317, #3677, #5319 ) ) ;
#4134 =( GEOMETRIC_REPRESENTATION_CONTEXT ( 3 ) GLOBAL_UNCERTAINTY_ASSIGNED_CONTEXT ( ( #4461 ) ) GLOBAL_UNIT_ASSIGNED_CONTEXT ( ( #626, #2040, #6747 ) ) REPRESENTATION_CONTEXT ( 'NONE', 'WORKASPACE' ) );
#4135 = CIRCLE ( 'NONE', #4999, 4.000000000000014211 ) ;
#4136 = CARTESIAN_POINT ( 'NONE',  ( 606.2218452448362314, -10.03825994054214910, 1185.945007848716159 ) ) ;
#4137 = CARTESIAN_POINT ( 'NONE',  ( 607.0748067799610226, 38.50950009381009664, 1240.388152494911765 ) ) ;
#4138 = VECTOR ( 'NONE', #746, 1000.000000000000114 ) ;
#4139 = CARTESIAN_POINT ( 'NONE',  ( 602.4999999999997726, 43.74999999999992895, 1234.999999999999545 ) ) ;
#4140 =( NAMED_UNIT ( * ) PLANE_ANGLE_UNIT ( ) SI_UNIT ( $, .RADIAN. ) );
#4141 = CIRCLE ( 'NONE', #2721, 2.750000000000107025 ) ;
#4142 =( NAMED_UNIT ( * ) SI_UNIT ( $, .STERADIAN. ) SOLID_ANGLE_UNIT ( ) );
#4143 = SURFACE_STYLE_USAGE ( .BOTH. , #2723 ) ;
#4144 = MECHANICAL_DESIGN_GEOMETRIC_PRESENTATION_REPRESENTATION (  '', ( #978 ), #404 ) ;
#4145 = PRESENTATION_STYLE_ASSIGNMENT (( #6926 ) ) ;
#4146 = EDGE_CURVE ( 'NONE', #763, #790, #1970, .T. ) ;
#4147 = FILL_AREA_STYLE ('',( #5509 ) ) ;
#4148 = CARTESIAN_POINT ( 'NONE',  ( 609.8349986851939093, -6.986688594988241796, 1188.966316162103340 ) ) ;
#4149 = AXIS2_PLACEMENT_3D ( 'NONE', #8564, #7259, #7925 ) ;
#4150 =( LENGTH_UNIT ( ) NAMED_UNIT ( * ) SI_UNIT ( .MILLI., .METRE. ) );
#4151 = PRESENTATION_STYLE_ASSIGNMENT (( #4725 ) ) ;
#4152 = ORIENTED_EDGE ( 'NONE', *, *, #8499, .T. ) ;
#4153 = DIRECTION ( 'NONE',  ( 0.000000000000000000, 0.3633220134397304735, -0.9316636273624189224 ) ) ;
#4154 = CARTESIAN_POINT ( 'NONE',  ( 603.2609871974979114, 38.57672939159953529, 1230.194283941986896 ) ) ;
#4155 = DIRECTION ( 'NONE',  ( -1.000000000000000000, 0.000000000000000000, -2.618191646955655209E-47 ) ) ;
#4156 = EDGE_CURVE ( 'NONE', #1861, #6195, #8105, .T. ) ;
#4157 = VERTEX_POINT ( 'NONE', #7572 ) ;
#4158 = PRESENTATION_LAYER_ASSIGNMENT (  '', '', ( #6883 ) ) ;
#4159 = ADVANCED_FACE ( 'NONE', ( #4915 ), #3390, .T. ) ;
#4160 =( NAMED_UNIT ( * ) SI_UNIT ( $, .STERADIAN. ) SOLID_ANGLE_UNIT ( ) );
#4161 = FACE_BOUND ( 'NONE', #1437, .T. ) ;
#4162 =( NAMED_UNIT ( * ) PLANE_ANGLE_UNIT ( ) SI_UNIT ( $, .RADIAN. ) );
#4163 =( NAMED_UNIT ( * ) SI_UNIT ( $, .STERADIAN. ) SOLID_ANGLE_UNIT ( ) );
#4164 = COLOUR_RGB ( '',0.7490196078431372584, 0.7490196078431372584, 0.7490196078431372584 ) ;
#4165 = CARTESIAN_POINT ( 'NONE',  ( 607.1495817317596675, 38.50687900247268658, 1241.779107559108070 ) ) ;
#4166 = DIRECTION ( 'NONE',  ( 0.000000000000000000, 0.000000000000000000, -1.000000000000000000 ) ) ;
#4167 = SURFACE_STYLE_FILL_AREA ( #5571 ) ;
#4168 = CARTESIAN_POINT ( 'NONE',  ( 607.5216434175006270, -24.01273275248261996, 1265.979559103655220 ) ) ;
#4169 = ORIENTED_EDGE ( 'NONE', *, *, #5324, .F. ) ;
#4170 = PRESENTATION_STYLE_ASSIGNMENT (( #2071 ) ) ;
#4171 = DIRECTION ( 'NONE',  ( -1.000000000000000000, -0.000000000000000000, -2.618191646955655209E-47 ) ) ;
#4172 = VERTEX_POINT ( 'NONE', #2686 ) ;
#4173 = CARTESIAN_POINT ( 'NONE',  ( 605.7124629327198591, 51.37744935945300284, 1242.019808197468819 ) ) ;
#4174 = CARTESIAN_POINT ( 'NONE',  ( 604.6035059258407500, -14.80137300083911711, 1184.642791076175399 ) ) ;
#4175 = CARTESIAN_POINT ( 'NONE',  ( 607.0999999999999091, 40.89543020069152846, 1248.287730758122507 ) ) ;
#4176 = FILL_AREA_STYLE ('',( #5499 ) ) ;
#4177 = ORIENTED_EDGE ( 'NONE', *, *, #7462, .T. ) ;
#4178 =( GEOMETRIC_REPRESENTATION_CONTEXT ( 3 ) GLOBAL_UNCERTAINTY_ASSIGNED_CONTEXT ( ( #2317 ) ) GLOBAL_UNIT_ASSIGNED_CONTEXT ( ( #1304, #1536, #5046 ) ) REPRESENTATION_CONTEXT ( 'NONE', 'WORKASPACE' ) );
#4179 = CARTESIAN_POINT ( 'NONE',  ( 606.9229947327123682, -21.21505808203339782, 1190.834254329814257 ) ) ;
#4180 = DIRECTION ( 'NONE',  ( 1.000000000000000000, -0.000000000000000000, 2.618191646955655209E-47 ) ) ;
#4181 = DIRECTION ( 'NONE',  ( 0.000000000000000000, 0.000000000000000000, -1.000000000000000000 ) ) ;
#4182 = MECHANICAL_DESIGN_GEOMETRIC_PRESENTATION_REPRESENTATION (  '', ( #591 ), #2047 ) ;
#4183 = LINE ( 'NONE', #81, #4960 ) ;
#4184 = DIRECTION ( 'NONE',  ( 1.000000000000000000, -1.109265194285485936E-15, -3.199555054769049947E-17 ) ) ;
#4185 = CARTESIAN_POINT ( 'NONE',  ( 607.4999999999997726, 25.27476584857668485, 1200.212269241877721 ) ) ;
#4186 = CARTESIAN_POINT ( 'NONE',  ( 619.1650013148048401, -6.986688594988241796, 1188.966316162103340 ) ) ;
#4187 = FILL_AREA_STYLE ('',( #6254 ) ) ;
#4188 = ORIENTED_EDGE ( 'NONE', *, *, #3762, .F. ) ;
#4189 = SURFACE_STYLE_FILL_AREA ( #90 ) ;
#4190 = AXIS2_PLACEMENT_3D ( 'NONE', #5787, #5072, #3038 ) ;
#4191 = LINE ( 'NONE', #3565, #2493 ) ;
#4192 = DIRECTION ( 'NONE',  ( 1.000000000000000000, -8.786078806946739498E-16, -6.778946662198179893E-16 ) ) ;
#4193 = UNCERTAINTY_MEASURE_WITH_UNIT (LENGTH_MEASURE( 1.000000000000000082E-05 ), #5540, 'distance_accuracy_value', 'NONE');
#4194 = ORIENTED_EDGE ( 'NONE', *, *, #7462, .F. ) ;
#4195 = SURFACE_STYLE_FILL_AREA ( #1464 ) ;
#4196 = SURFACE_STYLE_USAGE ( .BOTH. , #2904 ) ;
#4197 = EDGE_CURVE ( 'NONE', #4222, #438, #6767, .T. ) ;
#4198 = SURFACE_STYLE_FILL_AREA ( #6859 ) ;
#4199 = CARTESIAN_POINT ( 'NONE',  ( 607.4408324014468690, 48.63648529694571465, 1242.966590666467255 ) ) ;
#4200 = EDGE_CURVE ( 'NONE', #2147, #656, #5432, .T. ) ;
#4201 = CYLINDRICAL_SURFACE ( 'NONE', #7768, 7.499999999999951150 ) ;
#4202 = EDGE_CURVE ( 'NONE', #3497, #8593, #4665, .T. ) ;
#4203 = SURFACE_SIDE_STYLE ('',( #653 ) ) ;
#4204 = DIRECTION ( 'NONE',  ( 0.000000000000000000, 0.000000000000000000, 1.000000000000000000 ) ) ;
#4205 = AXIS2_PLACEMENT_3D ( 'NONE', #1735, #4322, #139 ) ;
#4206 = CARTESIAN_POINT ( 'NONE',  ( 604.2728499854630400, -21.65650652813357979, 1187.220385004458421 ) ) ;
#4207 = UNCERTAINTY_MEASURE_WITH_UNIT (LENGTH_MEASURE( 1.000000000000000082E-05 ), #7200, 'distance_accuracy_value', 'NONE');
#4208 =( NAMED_UNIT ( * ) SI_UNIT ( $, .STERADIAN. ) SOLID_ANGLE_UNIT ( ) );
#4209 = ORIENTED_EDGE ( 'NONE', *, *, #7724, .F. ) ;
#4210 = CIRCLE ( 'NONE', #6225, 2.750000000000031086 ) ;
#4211 = CARTESIAN_POINT ( 'NONE',  ( 606.9999999999998863, -13.37034721763856382, 1193.850302481958579 ) ) ;
#4212 = ORIENTED_EDGE ( 'NONE', *, *, #4513, .F. ) ;
#4213 =( NAMED_UNIT ( * ) PLANE_ANGLE_UNIT ( ) SI_UNIT ( $, .RADIAN. ) );
#4214 = CARTESIAN_POINT ( 'NONE',  ( 604.9079586357880771, -13.41196165574306853, 1184.257459431896223 ) ) ;
#4215 = CARTESIAN_POINT ( 'NONE',  ( 604.0999999999999091, 43.64085816174091548, 1221.870778896749698 ) ) ;
#4216 = FACE_OUTER_BOUND ( 'NONE', #4979, .T. ) ;
#4217 = ORIENTED_EDGE ( 'NONE', *, *, #1912, .T. ) ;
#4218 = CARTESIAN_POINT ( 'NONE',  ( 605.4597290430541534, -12.08988952461514543, 1183.942306245089640 ) ) ;
#4219 = PRESENTATION_STYLE_ASSIGNMENT (( #3627 ) ) ;
#4220 = ADVANCED_FACE ( 'NONE', ( #3519 ), #1827, .F. ) ;
#4221 = FILL_AREA_STYLE_COLOUR ( '', #4164 ) ;
#4222 = VERTEX_POINT ( 'NONE', #6219 ) ;
#4223 = SURFACE_STYLE_USAGE ( .BOTH. , #6841 ) ;
#4224 = DIRECTION ( 'NONE',  ( 0.000000000000000000, -1.000000000000000000, 0.000000000000000000 ) ) ;
#4225 =( GEOMETRIC_REPRESENTATION_CONTEXT ( 3 ) GLOBAL_UNCERTAINTY_ASSIGNED_CONTEXT ( ( #3820 ) ) GLOBAL_UNIT_ASSIGNED_CONTEXT ( ( #4968, #1553, #4160 ) ) REPRESENTATION_CONTEXT ( 'NONE', 'WORKASPACE' ) );
#4226 = CIRCLE ( 'NONE', #2822, 2.749999999999994227 ) ;
#4227 = B_SPLINE_CURVE_WITH_KNOTS ( 'NONE', 3,
 ( #2120, #3365, #6915, #749, #2709, #1294, #5452, #4081, #8169, #4847, #3498, #6827, #7592, #2034, #662, #7544, #6201, #5496, #3325, #575, #1392, #4891, #30, #4131, #72, #6161 ),
 .UNSPECIFIED., .F., .F.,
 ( 4, 2, 2, 2, 2, 2, 2, 2, 2, 2, 2, 2, 4 ),
 ( 0.000000000000000000, 0.0002934484030382615918, 0.0005868968060765231837, 0.0008803452091147847755, 0.001173793612153046367, 0.001760690418230063730, 0.002347587224307081093, 0.002641035627345922517, 0.002934484030384763072, 0.003521380836462438112, 0.003814829239501263489, 0.004108277642540088433, 0.004695174448617466835 ),
 .UNSPECIFIED. ) ;
#4228 = DIRECTION ( 'NONE',  ( -1.000000000000000000, 0.000000000000000000, -2.618191646955655209E-47 ) ) ;
#4229 = SURFACE_SIDE_STYLE ('',( #2725 ) ) ;
#4230 = DIRECTION ( 'NONE',  ( -1.000000000000000000, 3.732113731436710097E-16, -1.045086722461002056E-15 ) ) ;
#4231 = ORIENTED_EDGE ( 'NONE', *, *, #690, .T. ) ;
#4232 = CARTESIAN_POINT ( 'NONE',  ( 604.0999999999999091, -2.350887694229761094E-13, 1277.999999999999545 ) ) ;
#4233 = AXIS2_PLACEMENT_3D ( 'NONE', #1874, #8089, #6757 ) ;
#4234 = FILL_AREA_STYLE_COLOUR ( '', #5231 ) ;
#4235 = ORIENTED_EDGE ( 'NONE', *, *, #6675, .F. ) ;
#4236 = DIRECTION ( 'NONE',  ( 1.000000000000000000, 0.000000000000000000, 2.618191646955655209E-47 ) ) ;
#4237 = DIRECTION ( 'NONE',  ( 0.000000000000000000, -0.5877852522924642553, -0.8090169943749538906 ) ) ;
#4238 = COLOUR_RGB ( '',0.7490196078431372584, 0.7490196078431372584, 0.7490196078431372584 ) ;
#4239 = FILL_AREA_STYLE ('',( #7660 ) ) ;
#4240 = DIRECTION ( 'NONE',  ( 1.000000000000000000, 0.000000000000000000, 2.618191646955655209E-47 ) ) ;
#4241 = CARTESIAN_POINT ( 'NONE',  ( 604.0999999999999091, -25.27476584857656761, 1273.787730758122734 ) ) ;
#4242 = SURFACE_STYLE_USAGE ( .BOTH. , #4884 ) ;
#4243 = MECHANICAL_DESIGN_GEOMETRIC_PRESENTATION_REPRESENTATION (  '', ( #6407 ), #1227 ) ;
#4244 = ADVANCED_FACE ( 'NONE', ( #46 ), #4102, .F. ) ;
#4245 = CARTESIAN_POINT ( 'NONE',  ( 607.6250932442018211, 38.49999782384902147, 1229.729209133702398 ) ) ;
#4246 = ORIENTED_EDGE ( 'NONE', *, *, #2055, .T. ) ;
#4247 = EDGE_CURVE ( 'NONE', #8593, #4845, #3690, .T. ) ;
#4248 = CIRCLE ( 'NONE', #6838, 4.000000000000007994 ) ;
#4249 = PRESENTATION_STYLE_ASSIGNMENT (( #5076 ) ) ;
#4250 = SURFACE_STYLE_FILL_AREA ( #4128 ) ;
#4251 = ORIENTED_EDGE ( 'NONE', *, *, #1221, .F. ) ;
#4252 = EDGE_CURVE ( 'NONE', #7790, #1894, #748, .T. ) ;
#4253 = CARTESIAN_POINT ( 'NONE',  ( 614.4999999999997726, 38.99999999999993605, 1234.999999999999545 ) ) ;
#4254 = CARTESIAN_POINT ( 'NONE',  ( 606.6415855359932721, -18.17137020459787777, 1192.600439513159472 ) ) ;
#4255 = ORIENTED_EDGE ( 'NONE', *, *, #5853, .F. ) ;
#4256 = EDGE_CURVE ( 'NONE', #4402, #192, #7551, .T. ) ;
#4257 = CARTESIAN_POINT ( 'NONE',  ( 604.7939022483625422, -17.90259443954527185, 1187.772815453194880 ) ) ;
#4258 = DIRECTION ( 'NONE',  ( 0.000000000000000000, 1.000000000000000000, 0.000000000000000000 ) ) ;
#4259 = MECHANICAL_DESIGN_GEOMETRIC_PRESENTATION_REPRESENTATION (  '', ( #6430 ), #957 ) ;
#4260 = ORIENTED_EDGE ( 'NONE', *, *, #4282, .T. ) ;
#4261 = FACE_OUTER_BOUND ( 'NONE', #7054, .T. ) ;
#4262 = SURFACE_STYLE_USAGE ( .BOTH. , #3633 ) ;
#4263 = PRESENTATION_LAYER_ASSIGNMENT (  '', '', ( #8879 ) ) ;
#4264 =( NAMED_UNIT ( * ) PLANE_ANGLE_UNIT ( ) SI_UNIT ( $, .RADIAN. ) );
#4265 = DIRECTION ( 'NONE',  ( 0.000000000000000000, 0.8415518235641745726, -0.5401763862441714137 ) ) ;
#4266 = CARTESIAN_POINT ( 'NONE',  ( 606.8330994093270192, -22.82756072965688077, 1189.697414322580698 ) ) ;
#4267 = DIRECTION ( 'NONE',  ( 1.000000000000000000, 0.000000000000000000, 0.000000000000000000 ) ) ;
#4268 = DIRECTION ( 'NONE',  ( 0.000000000000000000, 4.336808689942013949E-14, 1.000000000000000000 ) ) ;
#4269 = CARTESIAN_POINT ( 'NONE',  ( 607.4999999999997726, -6.591949208711866959E-14, 1234.999999999999545 ) ) ;
#4270 = ORIENTED_EDGE ( 'NONE', *, *, #3062, .F. ) ;
#4271 =( GEOMETRIC_REPRESENTATION_CONTEXT ( 3 ) GLOBAL_UNCERTAINTY_ASSIGNED_CONTEXT ( ( #1049 ) ) GLOBAL_UNIT_ASSIGNED_CONTEXT ( ( #3461, #1443, #2923 ) ) REPRESENTATION_CONTEXT ( 'NONE', 'WORKASPACE' ) );
#4272 =( GEOMETRIC_REPRESENTATION_CONTEXT ( 3 ) GLOBAL_UNCERTAINTY_ASSIGNED_CONTEXT ( ( #2687 ) ) GLOBAL_UNIT_ASSIGNED_CONTEXT ( ( #4997, #8452, #7818 ) ) REPRESENTATION_CONTEXT ( 'NONE', 'WORKASPACE' ) );
#4273 =( LENGTH_UNIT ( ) NAMED_UNIT ( * ) SI_UNIT ( .MILLI., .METRE. ) );
#4274 =( NAMED_UNIT ( * ) SI_UNIT ( $, .STERADIAN. ) SOLID_ANGLE_UNIT ( ) );
#4275 = UNCERTAINTY_MEASURE_WITH_UNIT (LENGTH_MEASURE( 1.000000000000000082E-05 ), #8693, 'distance_accuracy_value', 'NONE');
#4276 = ORIENTED_EDGE ( 'NONE', *, *, #2744, .T. ) ;
#4277 = CARTESIAN_POINT ( 'NONE',  ( 607.5693836934591445, 23.17839377596435568, 1266.377590012036990 ) ) ;
#4278 = FILL_AREA_STYLE_COLOUR ( '', #5115 ) ;
#4279 = AXIS2_PLACEMENT_3D ( 'NONE', #7163, #3699, #5782 ) ;
#4280 = AXIS2_PLACEMENT_3D ( 'NONE', #4432, #4471, #3797 ) ;
#4281 = DIRECTION ( 'NONE',  ( -8.628166150854823190E-32, 0.9510565162951523099, -0.3090169943749515591 ) ) ;
#4282 = EDGE_CURVE ( 'NONE', #6090, #8857, #8754, .T. ) ;
#4283 =( NAMED_UNIT ( * ) PLANE_ANGLE_UNIT ( ) SI_UNIT ( $, .RADIAN. ) );
#4284 = CARTESIAN_POINT ( 'NONE',  ( 608.9607345775378917, -6.591949208711866959E-14, 1272.961749318918919 ) ) ;
#4285 = CARTESIAN_POINT ( 'NONE',  ( 634.9999999999997726, -27.13899801308934556, 1232.861001986910424 ) ) ;
#4286 = UNCERTAINTY_MEASURE_WITH_UNIT (LENGTH_MEASURE( 1.000000000000000082E-05 ), #3896, 'distance_accuracy_value', 'NONE');
#4287 = SURFACE_STYLE_FILL_AREA ( #107 ) ;
#4288 = VERTEX_POINT ( 'NONE', #3741 ) ;
#4289 = DIRECTION ( 'NONE',  ( 0.000000000000000000, -0.7071067811865530128, -0.7071067811865419106 ) ) ;
#4290 = CARTESIAN_POINT ( 'NONE',  ( 634.9999999999997726, -17.67766952966371719, 1217.322330470335828 ) ) ;
#4291 = ORIENTED_EDGE ( 'NONE', *, *, #1637, .F. ) ;
#4292 = AXIS2_PLACEMENT_3D ( 'NONE', #6632, #5993, #2594 ) ;
#4293 = PRESENTATION_STYLE_ASSIGNMENT (( #1614 ) ) ;
#4294 = CARTESIAN_POINT ( 'NONE',  ( 604.5938922241773525, -14.26536098359351001, 1186.525505531232511 ) ) ;
#4295 = CARTESIAN_POINT ( 'NONE',  ( 616.2743412310704798, -17.65301013661711238, 1189.999978692961122 ) ) ;
#4296 = ORIENTED_EDGE ( 'NONE', *, *, #5212, .F. ) ;
#4297 = FILL_AREA_STYLE_COLOUR ( '', #7694 ) ;
#4298 = CARTESIAN_POINT ( 'NONE',  ( 605.6293070246991874, -22.51477359949187829, 1188.228828976041541 ) ) ;
#4299 = AXIS2_PLACEMENT_3D ( 'NONE', #2358, #8458, #3601 ) ;
#4300 = DIRECTION ( 'NONE',  ( 0.000000000000000000, -5.329070518200751394E-15, 1.000000000000000000 ) ) ;
#4301 = EDGE_CURVE ( 'NONE', #4717, #6090, #8098, .T. ) ;
#4302 = DIRECTION ( 'NONE',  ( -1.000000000000000000, -3.123522194620004932E-16, -1.064861060188242050E-15 ) ) ;
#4303 = VERTEX_POINT ( 'NONE', #6978 ) ;
#4304 = MECHANICAL_DESIGN_GEOMETRIC_PRESENTATION_REPRESENTATION (  '', ( #717 ), #6036 ) ;
#4305 = EDGE_CURVE ( 'NONE', #5728, #2770, #8705, .T. ) ;
#4306 = DIRECTION ( 'NONE',  ( 1.000000000000000000, 0.000000000000000000, 0.000000000000000000 ) ) ;
#4307 =( NAMED_UNIT ( * ) PLANE_ANGLE_UNIT ( ) SI_UNIT ( $, .RADIAN. ) );
#4308 = CARTESIAN_POINT ( 'NONE',  ( 619.1974690679519426, 36.99999999999994316, 1227.794285587128570 ) ) ;
#4309 = CARTESIAN_POINT ( 'NONE',  ( 622.0654966078413963, -14.64881417590321711, 1191.455891678353055 ) ) ;
#4310 = DIRECTION ( 'NONE',  ( 1.000000000000000000, 0.000000000000000000, 2.618191646955655209E-47 ) ) ;
#4311 = LINE ( 'NONE', #5683, #2610 ) ;
#4312 = SURFACE_SIDE_STYLE ('',( #3685 ) ) ;
#4313 = EDGE_LOOP ( 'NONE', ( #1322, #4296 ) ) ;
#4314 = PLANE ( 'NONE',  #1179 ) ;
#4315 = CARTESIAN_POINT ( 'NONE',  ( 607.1607601753318022, 39.49283888283171962, 1241.796663182512475 ) ) ;
#4316 = ORIENTED_EDGE ( 'NONE', *, *, #8694, .F. ) ;
#4317 = DIRECTION ( 'NONE',  ( 3.952720641290395052E-20, -1.000000000000000000, -8.815909524110140548E-19 ) ) ;
#4318 = DIRECTION ( 'NONE',  ( 1.000000000000000000, 0.000000000000000000, 0.000000000000000000 ) ) ;
#4319 = VECTOR ( 'NONE', #6363, 1000.000000000000000 ) ;
#4320 = FILL_AREA_STYLE ('',( #7750 ) ) ;
#4321 = PRESENTATION_LAYER_ASSIGNMENT (  '', '', ( #3893 ) ) ;
#4322 = DIRECTION ( 'NONE',  ( 1.000000000000000000, 0.000000000000000000, 2.618191646955655209E-47 ) ) ;
#4323 = DIRECTION ( 'NONE',  ( 1.000000000000000000, 0.000000000000000000, 0.000000000000000000 ) ) ;
#4324 =( LENGTH_UNIT ( ) NAMED_UNIT ( * ) SI_UNIT ( .MILLI., .METRE. ) );
#4325 =( LENGTH_UNIT ( ) NAMED_UNIT ( * ) SI_UNIT ( .MILLI., .METRE. ) );
#4326 = ORIENTED_EDGE ( 'NONE', *, *, #5178, .T. ) ;
#4327 = FILL_AREA_STYLE ('',( #8478 ) ) ;
#4328 = DIRECTION ( 'NONE',  ( 0.000000000000000000, -8.815909524110140548E-19, 1.000000000000000000 ) ) ;
#4329 = STYLED_ITEM ( 'NONE', ( #8481 ), #1800 ) ;
#4330 = FILL_AREA_STYLE ('',( #4378 ) ) ;
#4331 = ORIENTED_EDGE ( 'NONE', *, *, #413, .F. ) ;
#4332 = CARTESIAN_POINT ( 'NONE',  ( 608.8163394127152515, -14.50401081475951237, 1189.204073335665043 ) ) ;
#4333 = AXIS2_PLACEMENT_3D ( 'NONE', #5438, #8891, #2192 ) ;
#4334 = VERTEX_POINT ( 'NONE', #132 ) ;
#4335 =( NAMED_UNIT ( * ) PLANE_ANGLE_UNIT ( ) SI_UNIT ( $, .RADIAN. ) );
#4336 = DIRECTION ( 'NONE',  ( -1.000000000000000000, 9.162209061964950760E-16, -6.261247779448909594E-16 ) ) ;
#4337 = CARTESIAN_POINT ( 'NONE',  ( 607.9999999999998863, -6.579857771297061035E-14, 1234.999999999999545 ) ) ;
#4338 = LINE ( 'NONE', #7813, #6909 ) ;
#4339 = ORIENTED_EDGE ( 'NONE', *, *, #1465, .F. ) ;
#4340 = AXIS2_PLACEMENT_3D ( 'NONE', #7927, #3431, #5469 ) ;
#4341 = EDGE_CURVE ( 'NONE', #8482, #6678, #326, .T. ) ;
#4342 = FACE_OUTER_BOUND ( 'NONE', #3162, .T. ) ;
#4343 = STYLED_ITEM ( 'NONE', ( #311 ), #7506 ) ;
#4344 = ADVANCED_FACE ( 'NONE', ( #8782 ), #7342, .T. ) ;
#4345 = DIRECTION ( 'NONE',  ( 1.000000000000000000, -0.000000000000000000, 2.618191646955655209E-47 ) ) ;
#4346 = PRESENTATION_STYLE_ASSIGNMENT (( #2269 ) ) ;
#4347 = SURFACE_STYLE_USAGE ( .BOTH. , #8182 ) ;
#4348 = ORIENTED_EDGE ( 'NONE', *, *, #3001, .F. ) ;
#4349 = LINE ( 'NONE', #317, #1908 ) ;
#4350 = ADVANCED_FACE ( 'NONE', ( #1821 ), #576, .T. ) ;
#4351 = CARTESIAN_POINT ( 'NONE',  ( 607.4999999999997726, 52.74999999999993605, 1234.999999999999545 ) ) ;
#4352 = CARTESIAN_POINT ( 'NONE',  ( 604.4997766127597743, 50.53989771032578204, 1234.300773267278828 ) ) ;
#4353 = UNCERTAINTY_MEASURE_WITH_UNIT (LENGTH_MEASURE( 1.000000000000000082E-05 ), #7530, 'distance_accuracy_value', 'NONE');
#4354 = EDGE_LOOP ( 'NONE', ( #4734, #6816, #8632, #5366 ) ) ;
#4355 = MECHANICAL_DESIGN_GEOMETRIC_PRESENTATION_REPRESENTATION (  '', ( #1060 ), #8090 ) ;
#4356 = ADVANCED_FACE ( 'NONE', ( #5943 ), #8689, .T. ) ;
#4357 = CARTESIAN_POINT ( 'NONE',  ( 607.5054988378475400, 21.87549299799894342, 1267.673792428937986 ) ) ;
#4358 = DIRECTION ( 'NONE',  ( 0.000000000000000000, 0.000000000000000000, 1.000000000000000000 ) ) ;
#4359 = CARTESIAN_POINT ( 'NONE',  ( 624.2999999999998408, -6.591949208711866959E-14, 1234.999999999999545 ) ) ;
#4360 = EDGE_CURVE ( 'NONE', #5395, #428, #4761, .T. ) ;
#4361 = DIRECTION ( 'NONE',  ( 0.000000000000000000, 0.000000000000000000, -1.000000000000000000 ) ) ;
#4362 = CARTESIAN_POINT ( 'NONE',  ( 607.5208536573516085, 24.01831300879393538, 1204.012942528766416 ) ) ;
#4363 = CARTESIAN_POINT ( 'NONE',  ( 607.9999999999998863, -7.325297725865466347, 1197.363035450345706 ) ) ;
#4364 =( GEOMETRIC_REPRESENTATION_CONTEXT ( 3 ) GLOBAL_UNCERTAINTY_ASSIGNED_CONTEXT ( ( #6262 ) ) GLOBAL_UNIT_ASSIGNED_CONTEXT ( ( #2506, #5122, #4373 ) ) REPRESENTATION_CONTEXT ( 'NONE', 'WORKASPACE' ) );
#4365 = COLOUR_RGB ( '',0.7490196078431372584, 0.7490196078431372584, 0.7490196078431372584 ) ;
#4366 = SURFACE_STYLE_USAGE ( .BOTH. , #3129 ) ;
#4367 = LINE ( 'NONE', #7122, #1809 ) ;
#4368 = CARTESIAN_POINT ( 'NONE',  ( 603.4999999999997726, -6.591949208711866959E-14, 1234.999999999999545 ) ) ;
#4369 = UNCERTAINTY_MEASURE_WITH_UNIT (LENGTH_MEASURE( 1.000000000000000082E-05 ), #4867, 'distance_accuracy_value', 'NONE');
#4370 = STYLED_ITEM ( 'NONE', ( #6924 ), #299 ) ;
#4371 =( GEOMETRIC_REPRESENTATION_CONTEXT ( 3 ) GLOBAL_UNCERTAINTY_ASSIGNED_CONTEXT ( ( #5195 ) ) GLOBAL_UNIT_ASSIGNED_CONTEXT ( ( #4862, #7645, #1494 ) ) REPRESENTATION_CONTEXT ( 'NONE', 'WORKASPACE' ) );
#4372 = DIRECTION ( 'NONE',  ( 0.000000000000000000, 0.3633220134397203704, -0.9316636273624228082 ) ) ;
#4373 =( NAMED_UNIT ( * ) SI_UNIT ( $, .STERADIAN. ) SOLID_ANGLE_UNIT ( ) );
#4374 = VERTEX_POINT ( 'NONE', #1355 ) ;
#4375 = DIRECTION ( 'NONE',  ( -2.618191646955655695E-47, 0.000000000000000000, 1.000000000000000000 ) ) ;
#4376 = FILL_AREA_STYLE_COLOUR ( '', #3672 ) ;
#4377 = STYLED_ITEM ( 'NONE', ( #5283 ), #397 ) ;
#4378 = FILL_AREA_STYLE_COLOUR ( '', #830 ) ;
#4379 = STYLED_ITEM ( 'NONE', ( #2929 ), #8649 ) ;
#4380 = VECTOR ( 'NONE', #7444, 1000.000000000000000 ) ;
#4381 = VERTEX_POINT ( 'NONE', #8217 ) ;
#4382 = SURFACE_SIDE_STYLE ('',( #3586 ) ) ;
#4383 = CARTESIAN_POINT ( 'NONE',  ( 603.4310747361806762, 52.30636921728645916, 1230.293468514442111 ) ) ;
#4384 = DIRECTION ( 'NONE',  ( 0.000000000000000000, 0.7071067811865552333, 0.7071067811865399122 ) ) ;
#4385 = ORIENTED_EDGE ( 'NONE', *, *, #8314, .T. ) ;
#4386 = COLOUR_RGB ( '',1.000000000000000000, 0.5019607843137254832, 0.000000000000000000 ) ;
#4387 = CARTESIAN_POINT ( 'NONE',  ( 604.5000047835695796, 38.55844780729491816, 1234.569401715591766 ) ) ;
#4388 = CARTESIAN_POINT ( 'NONE',  ( 607.5727107149372159, -37.18559661912184566, 1246.760811220417509 ) ) ;
#4389 = CARTESIAN_POINT ( 'NONE',  ( 606.8334103933476626, -21.18149097906051992, 1190.587865473105012 ) ) ;
#4390 =( NAMED_UNIT ( * ) SI_UNIT ( $, .STERADIAN. ) SOLID_ANGLE_UNIT ( ) );
#4391 = MECHANICAL_DESIGN_GEOMETRIC_PRESENTATION_REPRESENTATION (  '', ( #2552 ), #8132 ) ;
#4392 = ORIENTED_EDGE ( 'NONE', *, *, #1628, .T. ) ;
#4393 = FILL_AREA_STYLE_COLOUR ( '', #5275 ) ;
#4394 = SURFACE_STYLE_FILL_AREA ( #6300 ) ;
#4395 = AXIS2_PLACEMENT_3D ( 'NONE', #769, #4236, #51 ) ;
#4396 = AXIS2_PLACEMENT_3D ( 'NONE', #471, #5967, #8718 ) ;
#4397 = DIRECTION ( 'NONE',  ( 1.000000000000000000, 0.000000000000000000, 2.618191646955655209E-47 ) ) ;
#4398 = CARTESIAN_POINT ( 'NONE',  ( 607.2351410596203323, -22.76235960016700943, 1190.512068289560375 ) ) ;
#4399 = CIRCLE ( 'NONE', #5297, 4.000000000000003553 ) ;
#4400 = CARTESIAN_POINT ( 'NONE',  ( 604.0999999999999091, -25.27476584857656761, 1269.787730758122734 ) ) ;
#4401 = CARTESIAN_POINT ( 'NONE',  ( 634.4749999999997954, -25.00000000000006750, 1234.999999999999545 ) ) ;
#4402 = VERTEX_POINT ( 'NONE', #8871 ) ;
#4403 =( LENGTH_UNIT ( ) NAMED_UNIT ( * ) SI_UNIT ( .MILLI., .METRE. ) );
#4404 = DIRECTION ( 'NONE',  ( 1.000000000000000000, 1.109265194285484753E-15, 3.199555054769848053E-17 ) ) ;
#4405 = PRESENTATION_STYLE_ASSIGNMENT (( #94 ) ) ;
#4406 = ORIENTED_EDGE ( 'NONE', *, *, #5338, .T. ) ;
#4407 = AXIS2_PLACEMENT_3D ( 'NONE', #416, #7211, #5254 ) ;
#4408 = SURFACE_STYLE_FILL_AREA ( #1687 ) ;
#4409 = EDGE_CURVE ( 'NONE', #4452, #2008, #823, .T. ) ;
#4410 = FILL_AREA_STYLE_COLOUR ( '', #7420 ) ;
#4411 = SURFACE_STYLE_USAGE ( .BOTH. , #3694 ) ;
#4412 = DIRECTION ( 'NONE',  ( 1.000000000000000000, 0.000000000000000000, 2.618191646955655209E-47 ) ) ;
#4413 = VECTOR ( 'NONE', #1585, 1000.000000000000000 ) ;
#4414 = CIRCLE ( 'NONE', #5588, 4.000000000000003553 ) ;
#4415 = CARTESIAN_POINT ( 'NONE',  ( 604.6131400333568990, 42.24999999999994316, 1233.499999999999545 ) ) ;
#4416 = CARTESIAN_POINT ( 'NONE',  ( 607.4999999999997726, 25.27476584857623365, 1265.787730758122734 ) ) ;
#4417 =( NAMED_UNIT ( * ) PLANE_ANGLE_UNIT ( ) SI_UNIT ( $, .RADIAN. ) );
#4418 = VECTOR ( 'NONE', #1291, 1000.000000000000000 ) ;
#4419 = ADVANCED_FACE ( 'NONE', ( #2086 ), #4716, .T. ) ;
#4420 = FILL_AREA_STYLE ('',( #2284 ) ) ;
#4421 = ADVANCED_FACE ( 'NONE', ( #1261 ), #4852, .F. ) ;
#4422 = CARTESIAN_POINT ( 'NONE',  ( 607.4999999999997726, -6.591949208711866959E-14, 1234.999999999999545 ) ) ;
#4423 = PRESENTATION_LAYER_ASSIGNMENT (  '', '', ( #6156 ) ) ;
#4424 = EDGE_CURVE ( 'NONE', #6934, #5389, #588, .T. ) ;
#4425 = AXIS2_PLACEMENT_3D ( 'NONE', #8627, #1980, #514 ) ;
#4426 =( LENGTH_UNIT ( ) NAMED_UNIT ( * ) SI_UNIT ( .MILLI., .METRE. ) );
#4427 = CARTESIAN_POINT ( 'NONE',  ( 604.0999999999999091, 25.27476584857618747, 1269.787730758122734 ) ) ;
#4428 = ORIENTED_EDGE ( 'NONE', *, *, #2294, .T. ) ;
#4429 =( LENGTH_UNIT ( ) NAMED_UNIT ( * ) SI_UNIT ( .MILLI., .METRE. ) );
#4430 = SURFACE_STYLE_FILL_AREA ( #6326 ) ;
#4431 = MECHANICAL_DESIGN_GEOMETRIC_PRESENTATION_REPRESENTATION (  '', ( #7160 ), #1134 ) ;
#4432 = CARTESIAN_POINT ( 'NONE',  ( 614.4999999999997726, 36.99999999999993605, 1234.999999999999545 ) ) ;
#4433 = ORIENTED_EDGE ( 'NONE', *, *, #651, .F. ) ;
#4434 = CARTESIAN_POINT ( 'NONE',  ( 614.5000000000007958, 45.93964049335891531, 1227.419545095993726 ) ) ;
#4435 = CARTESIAN_POINT ( 'NONE',  ( 605.1052037084047015, 50.35308902161576583, 1231.555872462266507 ) ) ;
#4436 =( NAMED_UNIT ( * ) PLANE_ANGLE_UNIT ( ) SI_UNIT ( $, .RADIAN. ) );
#4437 = ORIENTED_EDGE ( 'NONE', *, *, #1744, .F. ) ;
#4438 = DIRECTION ( 'NONE',  ( 0.000000000000000000, 0.3090169943749515591, 0.9510565162951523099 ) ) ;
#4439 = CARTESIAN_POINT ( 'NONE',  ( 604.6017159594032364, 44.23398397954052541, 1233.576827813468981 ) ) ;
#4440 = AXIS2_PLACEMENT_3D ( 'NONE', #3507, #6208, #1400 ) ;
#4441 = ORIENTED_EDGE ( 'NONE', *, *, #5048, .F. ) ;
#4442 = DIRECTION ( 'NONE',  ( -3.952720641290395052E-20, 1.000000000000000000, 8.815909524110140548E-19 ) ) ;
#4443 = DIRECTION ( 'NONE',  ( 0.000000000000000000, -0.9510565162951480911, -0.3090169943749644377 ) ) ;
#4444 = CARTESIAN_POINT ( 'NONE',  ( 623.9999999999998863, 17.67766952966358218, 1255.177669529663717 ) ) ;
#4446 = COLOUR_RGB ( '',0.7490196078431372584, 0.7490196078431372584, 0.7490196078431372584 ) ;
#4445 = DIRECTION ( 'NONE',  ( 0.000000000000000000, -0.9510565162951553075, 0.3090169943749417891 ) ) ;
#4447 = CARTESIAN_POINT ( 'NONE',  ( 607.5309322192435957, 36.89650576172087426, 1221.891577633773977 ) ) ;
#4448 = ORIENTED_EDGE ( 'NONE', *, *, #1512, .F. ) ;
#4449 =( NAMED_UNIT ( * ) PLANE_ANGLE_UNIT ( ) SI_UNIT ( $, .RADIAN. ) );
#4450 = COLOUR_RGB ( '',0.7490196078431372584, 0.7490196078431372584, 0.7490196078431372584 ) ;
#4451 = SURFACE_STYLE_FILL_AREA ( #6350 ) ;
#4452 = VERTEX_POINT ( 'NONE', #673 ) ;
#4453 = DIRECTION ( 'NONE',  ( 1.000000000000000000, 0.000000000000000000, 2.618191646955655209E-47 ) ) ;
#4454 = CARTESIAN_POINT ( 'NONE',  ( 608.4768143632171586, 36.99999999999993605, 1226.114650466227886 ) ) ;
#4455 = AXIS2_PLACEMENT_3D ( 'NONE', #7732, #2258, #4258 ) ;
#4456 =( LENGTH_UNIT ( ) NAMED_UNIT ( * ) SI_UNIT ( .MILLI., .METRE. ) );
#4457 = DIRECTION ( 'NONE',  ( 1.000000000000000000, 0.000000000000000000, 2.618191646955655209E-47 ) ) ;
#4458 = CARTESIAN_POINT ( 'NONE',  ( 606.1715711638909170, 38.52457909351262799, 1228.962979204024577 ) ) ;
#4459 = ADVANCED_FACE ( 'NONE', ( #633 ), #6842, .T. ) ;
#4460 = DIRECTION ( 'NONE',  ( 0.000000000000000000, 0.000000000000000000, 1.000000000000000000 ) ) ;
#4461 = UNCERTAINTY_MEASURE_WITH_UNIT (LENGTH_MEASURE( 1.000000000000000082E-05 ), #626, 'distance_accuracy_value', 'NONE');
#4462 = VECTOR ( 'NONE', #372, 1000.000000000000000 ) ;
#4463 = DIRECTION ( 'NONE',  ( 2.618191646955655209E-47, 0.000000000000000000, -1.000000000000000000 ) ) ;
#4464 = VECTOR ( 'NONE', #6988, 1000.000000000000114 ) ;
#4465 = VERTEX_POINT ( 'NONE', #6386 ) ;
#4466 = EDGE_CURVE ( 'NONE', #2542, #4822, #7146, .T. ) ;
#4467 = SURFACE_STYLE_USAGE ( .BOTH. , #966 ) ;
#4468 = SURFACE_STYLE_FILL_AREA ( #7406 ) ;
#4469 = AXIS2_PLACEMENT_3D ( 'NONE', #2361, #5007, #3117 ) ;
#4470 = ADVANCED_FACE ( 'NONE', ( #7737 ), #2972, .T. ) ;
#4471 = DIRECTION ( 'NONE',  ( 0.000000000000000000, 1.000000000000000000, 0.000000000000000000 ) ) ;
#4472 = FILL_AREA_STYLE ('',( #7850 ) ) ;
#4473 = VERTEX_POINT ( 'NONE', #933 ) ;
#4474 = CIRCLE ( 'NONE', #5921, 2.499999999999959144 ) ;
#4475 = CARTESIAN_POINT ( 'NONE',  ( 610.9953676556931441, 48.03650030224891765, 1229.305101832056152 ) ) ;
#4476 = FILL_AREA_STYLE ('',( #6557 ) ) ;
#4477 = FILL_AREA_STYLE ('',( #6558 ) ) ;
#4478 = EDGE_LOOP ( 'NONE', ( #5582, #6997, #6133, #609 ) ) ;
#4479 = CARTESIAN_POINT ( 'NONE',  ( 606.9999999999998863, 39.49730775283942563, 1241.614378277661672 ) ) ;
#4480 = CARTESIAN_POINT ( 'NONE',  ( 607.4211509423034840, -21.87038849829986020, 1190.685853128760527 ) ) ;
#4481 = FACE_OUTER_BOUND ( 'NONE', #6107, .T. ) ;
#4482 = CARTESIAN_POINT ( 'NONE',  ( 623.9999999999998863, 26.76776695296629427, 1236.767766952965985 ) ) ;
#4483 = ORIENTED_EDGE ( 'NONE', *, *, #2948, .T. ) ;
#4484 = DIRECTION ( 'NONE',  ( 1.000000000000000000, -0.000000000000000000, 2.618191646955655209E-47 ) ) ;
#4485 = CARTESIAN_POINT ( 'NONE',  ( 616.9999999999998863, -13.37034721764000622, 1193.850302481958579 ) ) ;
#4486 = MECHANICAL_DESIGN_GEOMETRIC_PRESENTATION_REPRESENTATION (  '', ( #3193 ), #5502 ) ;
#4487 = CARTESIAN_POINT ( 'NONE',  ( 604.0999999999999091, 40.89543020069168477, 1225.712269241876811 ) ) ;
#4488 = VECTOR ( 'NONE', #1115, 999.9999999999998863 ) ;
#4489 =( NAMED_UNIT ( * ) PLANE_ANGLE_UNIT ( ) SI_UNIT ( $, .RADIAN. ) );
#4490 = ORIENTED_EDGE ( 'NONE', *, *, #739, .F. ) ;
#4491 = CARTESIAN_POINT ( 'NONE',  ( 603.9229823142504756, 52.21812900259831025, 1229.523161252488762 ) ) ;
#4492 =( NAMED_UNIT ( * ) SI_UNIT ( $, .STERADIAN. ) SOLID_ANGLE_UNIT ( ) );
#4493 = ORIENTED_EDGE ( 'NONE', *, *, #6140, .T. ) ;
#4494 = DIRECTION ( 'NONE',  ( 0.000000000000000000, -8.881784197001235560E-16, 1.000000000000000000 ) ) ;
#4495 =( LENGTH_UNIT ( ) NAMED_UNIT ( * ) SI_UNIT ( .MILLI., .METRE. ) );
#4496 = AXIS2_PLACEMENT_3D ( 'NONE', #8177, #719, #3467 ) ;
#4497 = PRESENTATION_STYLE_ASSIGNMENT (( #7836 ) ) ;
#4498 = SURFACE_STYLE_USAGE ( .BOTH. , #7883 ) ;
#4499 = FACE_OUTER_BOUND ( 'NONE', #7046, .T. ) ;
#4500 = FILL_AREA_STYLE_COLOUR ( '', #5083 ) ;
#4501 = DIRECTION ( 'NONE',  ( 9.470910429910641953E-17, -8.815909524110140548E-19, 1.000000000000000000 ) ) ;
#4502 = STYLED_ITEM ( 'NONE', ( #1428 ), #74 ) ;
#4503 = ORIENTED_EDGE ( 'NONE', *, *, #4033, .T. ) ;
#4504 = AXIS2_PLACEMENT_3D ( 'NONE', #1466, #860, #3572 ) ;
#4505 = DIRECTION ( 'NONE',  ( -1.271368967841055707E-16, 0.000000000000000000, -1.000000000000000000 ) ) ;
#4506 = PRESENTATION_STYLE_ASSIGNMENT (( #2607 ) ) ;
#4507 = FILL_AREA_STYLE ('',( #1704 ) ) ;
#4509 = EDGE_CURVE ( 'NONE', #4334, #5100, #3287, .T. ) ;
#4508 = VERTEX_POINT ( 'NONE', #7056 ) ;
#4510 =( GEOMETRIC_REPRESENTATION_CONTEXT ( 3 ) GLOBAL_UNCERTAINTY_ASSIGNED_CONTEXT ( ( #1302 ) ) GLOBAL_UNIT_ASSIGNED_CONTEXT ( ( #2137, #8266, #676 ) ) REPRESENTATION_CONTEXT ( 'NONE', 'WORKASPACE' ) );
#4511 = CARTESIAN_POINT ( 'NONE',  ( 612.7256587689291791, 48.25264363156792058, 1232.116761008456024 ) ) ;
#4512 = CARTESIAN_POINT ( 'NONE',  ( 604.8860472158058883, 50.41952335256580398, 1232.225811159990826 ) ) ;
#4513 = EDGE_CURVE ( 'NONE', #2478, #5760, #2394, .T. ) ;
#4514 =( LENGTH_UNIT ( ) NAMED_UNIT ( * ) SI_UNIT ( .MILLI., .METRE. ) );
#4515 = ORIENTED_EDGE ( 'NONE', *, *, #7114, .F. ) ;
#4516 = CIRCLE ( 'NONE', #1530, 1.500000000000056843 ) ;
#4517 = SURFACE_STYLE_FILL_AREA ( #7230 ) ;
#4518 = CARTESIAN_POINT ( 'NONE',  ( 634.9999999999997726, 43.74999999999992895, 1233.499999999999545 ) ) ;
#4519 = COLOUR_RGB ( '',0.7490196078431372584, 0.7490196078431372584, 0.7490196078431372584 ) ;
#4520 = CARTESIAN_POINT ( 'NONE',  ( 604.0999999999999091, 25.27476584857618747, 1269.787730758122734 ) ) ;
#4521 = CARTESIAN_POINT ( 'NONE',  ( 607.4999999999995453, 38.75299922445402245, 1228.237258889315171 ) ) ;
#4522 = ORIENTED_EDGE ( 'NONE', *, *, #3252, .T. ) ;
#4523 = EDGE_CURVE ( 'NONE', #1636, #3568, #681, .T. ) ;
#4524 =( NAMED_UNIT ( * ) PLANE_ANGLE_UNIT ( ) SI_UNIT ( $, .RADIAN. ) );
#4525 = CARTESIAN_POINT ( 'NONE',  ( 607.6911936010009185, 38.49999950613828048, 1230.799981497527597 ) ) ;
#4526 = VECTOR ( 'NONE', #3673, 999.9999999999998863 ) ;
#4527 =( GEOMETRIC_REPRESENTATION_CONTEXT ( 3 ) GLOBAL_UNCERTAINTY_ASSIGNED_CONTEXT ( ( #5560 ) ) GLOBAL_UNIT_ASSIGNED_CONTEXT ( ( #2601, #8752, #1784 ) ) REPRESENTATION_CONTEXT ( 'NONE', 'WORKASPACE' ) );
#4528 = EDGE_CURVE ( 'NONE', #7699, #5779, #8498, .T. ) ;
#4529 =( NAMED_UNIT ( * ) SI_UNIT ( $, .STERADIAN. ) SOLID_ANGLE_UNIT ( ) );
#4530 = SURFACE_STYLE_FILL_AREA ( #5372 ) ;
#4531 = PRESENTATION_LAYER_ASSIGNMENT (  '', '', ( #1832 ) ) ;
#4532 = CARTESIAN_POINT ( 'NONE',  ( 623.9999999999998863, -23.23223304703371994, 1236.767766952965985 ) ) ;
#4533 = AXIS2_PLACEMENT_3D ( 'NONE', #8069, #1928, #5567 ) ;
#4534 = EDGE_LOOP ( 'NONE', ( #3349, #7487, #3870, #7364 ) ) ;
#4535 = TOROIDAL_SURFACE ( 'NONE', #3825, 48.51295553591380383, 4.000000000000000000 ) ;
#4536 = CARTESIAN_POINT ( 'NONE',  ( 606.1118391336653985, 51.55101937871599205, 1229.535162513416253 ) ) ;
#4537 = FILL_AREA_STYLE_COLOUR ( '', #7642 ) ;
#4538 = ORIENTED_EDGE ( 'NONE', *, *, #5911, .T. ) ;
#4539 = CARTESIAN_POINT ( 'NONE',  ( 608.8800478783341532, 36.99999999999993605, 1243.500289170022143 ) ) ;
#4540 = DIRECTION ( 'NONE',  ( 0.000000000000000000, 0.000000000000000000, -1.000000000000000000 ) ) ;
#4541 = CONICAL_SURFACE ( 'NONE', #2131, 2.499999999999998668, 1.029744258676653645 ) ;
#4542 = CARTESIAN_POINT ( 'NONE',  ( 607.5576048358288972, -23.44698482480366764, 1203.773586845152295 ) ) ;
#4543 = CARTESIAN_POINT ( 'NONE',  ( 607.5021111356840038, 39.48289570437758300, 1227.294516340342625 ) ) ;
#4544 = COLOUR_RGB ( '',0.7490196078431372584, 0.7490196078431372584, 0.7490196078431372584 ) ;
#4545 = DIRECTION ( 'NONE',  ( 0.000000000000000000, 0.000000000000000000, 1.000000000000000000 ) ) ;
#4546 = DIRECTION ( 'NONE',  ( 1.000000000000000000, 0.000000000000000000, 2.618191646955655209E-47 ) ) ;
#4547 = UNCERTAINTY_MEASURE_WITH_UNIT (LENGTH_MEASURE( 1.000000000000000082E-05 ), #8221, 'distance_accuracy_value', 'NONE');
#4548 = PRESENTATION_STYLE_ASSIGNMENT (( #8476 ) ) ;
#4549 = DIRECTION ( 'NONE',  ( -2.618191646955655209E-47, 0.000000000000000000, -1.000000000000000000 ) ) ;
#4550 = AXIS2_PLACEMENT_3D ( 'NONE', #2752, #4171, #8167 ) ;
#4551 = EDGE_LOOP ( 'NONE', ( #6049, #8608, #2386, #1312 ) ) ;
#4552 = CYLINDRICAL_SURFACE ( 'NONE', #5375, 2.749999999999962697 ) ;
#4553 =( NAMED_UNIT ( * ) SI_UNIT ( $, .STERADIAN. ) SOLID_ANGLE_UNIT ( ) );
#4554 = CARTESIAN_POINT ( 'NONE',  ( 607.4999999999997726, -22.33809557721026451, 1191.935904272665539 ) ) ;
#4555 = CARTESIAN_POINT ( 'NONE',  ( 621.7498161679794748, -17.94863966638754249, 1201.927764251380722 ) ) ;
#4556 = CIRCLE ( 'NONE', #2148, 4.000000000000003553 ) ;
#4557 = CYLINDRICAL_SURFACE ( 'NONE', #2906, 2.750000000000035527 ) ;
#4558 = EDGE_LOOP ( 'NONE', ( #2072, #3602, #7223, #8226, #473 ) ) ;
#4559 = AXIS2_PLACEMENT_3D ( 'NONE', #5399, #8759, #7938 ) ;
#4560 = DIRECTION ( 'NONE',  ( 0.000000000000000000, 2.486899575160348126E-14, 1.000000000000000000 ) ) ;
#4561 = CARTESIAN_POINT ( 'NONE',  ( 634.9999999999997726, 17.67766952966358218, 1252.677669529663717 ) ) ;
#4562 = ORIENTED_EDGE ( 'NONE', *, *, #6892, .F. ) ;
#4563 = AXIS2_PLACEMENT_3D ( 'NONE', #1876, #414, #8093 ) ;
#4564 = FILL_AREA_STYLE ('',( #4297 ) ) ;
#4565 = CARTESIAN_POINT ( 'NONE',  ( 604.0999999999999091, 43.02335844053227731, 1250.029689829423660 ) ) ;
#4566 = ORIENTED_EDGE ( 'NONE', *, *, #2744, .F. ) ;
#4567 = CONICAL_SURFACE ( 'NONE', #2012, 3.024999999999956835, 0.7853981633974518317 ) ;
#4568 = SURFACE_STYLE_FILL_AREA ( #5809 ) ;
#4569 = CARTESIAN_POINT ( 'NONE',  ( 607.5216751988688202, 36.88369863278444427, 1248.263721964340220 ) ) ;
#4570 = ORIENTED_EDGE ( 'NONE', *, *, #5334, .T. ) ;
#4571 = EDGE_CURVE ( 'NONE', #3568, #1636, #3840, .T. ) ;
#4572 = FILL_AREA_STYLE_COLOUR ( '', #2570 ) ;
#4573 =( GEOMETRIC_REPRESENTATION_CONTEXT ( 3 ) GLOBAL_UNCERTAINTY_ASSIGNED_CONTEXT ( ( #1785 ) ) GLOBAL_UNIT_ASSIGNED_CONTEXT ( ( #539, #1769, #400 ) ) REPRESENTATION_CONTEXT ( 'NONE', 'WORKASPACE' ) );
#4574 = SURFACE_SIDE_STYLE ('',( #5196 ) ) ;
#4575 = CARTESIAN_POINT ( 'NONE',  ( 607.6911936010009185, 38.49999950613828048, 1230.799981497527597 ) ) ;
#4576 = EDGE_LOOP ( 'NONE', ( #5935, #1899, #7877, #2027, #498, #1062, #8185, #567 ) ) ;
#4577 = EDGE_CURVE ( 'NONE', #2478, #1276, #1373, .T. ) ;
#4578 = CARTESIAN_POINT ( 'NONE',  ( 606.9999999999997726, 47.85924001516893611, 1228.385621722338101 ) ) ;
#4579 = FILL_AREA_STYLE ('',( #8014 ) ) ;
#4580 = EDGE_CURVE ( 'NONE', #4593, #4303, #4414, .T. ) ;
#4581 = ORIENTED_EDGE ( 'NONE', *, *, #8362, .T. ) ;
#4582 = MECHANICAL_DESIGN_GEOMETRIC_PRESENTATION_REPRESENTATION (  '', ( #3732 ), #572 ) ;
#4583 = CARTESIAN_POINT ( 'NONE',  ( 607.0999999999999091, -24.57713359194317349, 1202.872308571380245 ) ) ;
#4584 = CARTESIAN_POINT ( 'NONE',  ( 607.4999999999997726, -40.89543020069176293, 1248.287730758122507 ) ) ;
#4585 = SURFACE_STYLE_USAGE ( .BOTH. , #5947 ) ;
#4586 = CARTESIAN_POINT ( 'NONE',  ( 607.2800436255899967, 38.50445046307000041, 1228.008208249692643 ) ) ;
#4587 =( LENGTH_UNIT ( ) NAMED_UNIT ( * ) SI_UNIT ( .MILLI., .METRE. ) );
#4588 = ORIENTED_EDGE ( 'NONE', *, *, #5090, .F. ) ;
#4589 =( NAMED_UNIT ( * ) SI_UNIT ( $, .STERADIAN. ) SOLID_ANGLE_UNIT ( ) );
#4590 = DIRECTION ( 'NONE',  ( 0.000000000000000000, 0.3090169943749505599, 0.9510565162951524210 ) ) ;
#4591 = PRESENTATION_LAYER_ASSIGNMENT (  '', '', ( #1457 ) ) ;
#4592 = CARTESIAN_POINT ( 'NONE',  ( 607.0496398774453155, 49.75196893446461388, 1227.181855468998720 ) ) ;
#4593 = VERTEX_POINT ( 'NONE', #7191 ) ;
#4594 = FILL_AREA_STYLE_COLOUR ( '', #2641 ) ;
#4595 = SURFACE_STYLE_USAGE ( .BOTH. , #7936 ) ;
#4596 = CARTESIAN_POINT ( 'NONE',  ( 603.2777067657387988, 52.34599717649926731, 1230.705964899411583 ) ) ;
#4597 =( LENGTH_UNIT ( ) NAMED_UNIT ( * ) SI_UNIT ( .MILLI., .METRE. ) );
#4598 = VECTOR ( 'NONE', #3747, 1000.000000000000000 ) ;
#4599 = CARTESIAN_POINT ( 'NONE',  ( 607.6589934350359954, -16.39594234774719084, 1199.846068973909041 ) ) ;
#4600 = ORIENTED_EDGE ( 'NONE', *, *, #3753, .F. ) ;
#4601 = CARTESIAN_POINT ( 'NONE',  ( 618.0046323443082201, 48.03650030224891765, 1229.305101832056152 ) ) ;
#4602 = CARTESIAN_POINT ( 'NONE',  ( 608.9607345775378917, -19.50890015994686877, 1202.434723616991732 ) ) ;
#4603 = ORIENTED_EDGE ( 'NONE', *, *, #716, .T. ) ;
#4604 = CARTESIAN_POINT ( 'NONE',  ( 607.4999999999997726, 25.27476584857668485, 1200.212269241877721 ) ) ;
#4605 = SURFACE_STYLE_FILL_AREA ( #3892 ) ;
#4606 = DIRECTION ( 'NONE',  ( 0.000000000000000000, -0.7071067811865515695, -0.7071067811865434649 ) ) ;
#4607 = ORIENTED_EDGE ( 'NONE', *, *, #2073, .T. ) ;
#4608 = DIRECTION ( 'NONE',  ( 0.7071067811865450192, 0.000000000000000000, -0.7071067811865500152 ) ) ;
#4609 = VECTOR ( 'NONE', #7654, 1000.000000000000000 ) ;
#4610 = CARTESIAN_POINT ( 'NONE',  ( 617.5291005291007878, -14.90675698565576468, 1189.121719432582722 ) ) ;
#4611 = EDGE_LOOP ( 'NONE', ( #6279, #316 ) ) ;
#4612 = FACE_OUTER_BOUND ( 'NONE', #3150, .T. ) ;
#4613 =( LENGTH_UNIT ( ) NAMED_UNIT ( * ) SI_UNIT ( .MILLI., .METRE. ) );
#4614 = UNCERTAINTY_MEASURE_WITH_UNIT (LENGTH_MEASURE( 1.000000000000000082E-05 ), #3411, 'distance_accuracy_value', 'NONE');
#4615 = FACE_OUTER_BOUND ( 'NONE', #8010, .T. ) ;
#4616 = DIRECTION ( 'NONE',  ( -2.618191646955655209E-47, 0.000000000000000000, 1.000000000000000000 ) ) ;
#4617 = ORIENTED_EDGE ( 'NONE', *, *, #2466, .F. ) ;
#4618 = CARTESIAN_POINT ( 'NONE',  ( 607.0651308332903682, 50.03560784283263274, 1228.273000895439736 ) ) ;
#4619 = VECTOR ( 'NONE', #3740, 999.9999999999998863 ) ;
#4620 = EDGE_CURVE ( 'NONE', #6439, #6663, #4135, .T. ) ;
#4621 = DIRECTION ( 'NONE',  ( -1.000000000000000000, 0.000000000000000000, -2.618191646955655209E-47 ) ) ;
#4622 = ORIENTED_EDGE ( 'NONE', *, *, #2788, .F. ) ;
#4623 = CARTESIAN_POINT ( 'NONE',  ( 605.4999999999997726, -19.75494835246391290, 1199.886013960367791 ) ) ;
#4624 = EDGE_CURVE ( 'NONE', #4840, #7630, #6151, .T. ) ;
#4625 = CARTESIAN_POINT ( 'NONE',  ( 607.4999999999964757, -24.31022523749470921, 1204.106575855154915 ) ) ;
#4626 = CARTESIAN_POINT ( 'NONE',  ( 634.9999999999997726, 27.13899801308923188, 1237.138998013088894 ) ) ;
#4627 = EDGE_CURVE ( 'NONE', #3265, #8477, #7133, .T. ) ;
#4628 = DIRECTION ( 'NONE',  ( 1.000000000000000000, -8.786078806946649765E-16, -6.778946662198310055E-16 ) ) ;
#4629 = CARTESIAN_POINT ( 'NONE',  ( 607.4999229790172421, 39.48270974710536763, 1227.045193915969094 ) ) ;
#4630 =( NAMED_UNIT ( * ) SI_UNIT ( $, .STERADIAN. ) SOLID_ANGLE_UNIT ( ) );
#4631 = EDGE_LOOP ( 'NONE', ( #1856, #8641 ) ) ;
#4632 = DIRECTION ( 'NONE',  ( 0.000000000000000000, -0.3633220134397244228, 0.9316636273624213649 ) ) ;
#4633 = VERTEX_POINT ( 'NONE', #8000 ) ;
#4634 = AXIS2_PLACEMENT_3D ( 'NONE', #5791, #8574, #7218 ) ;
#4635 = FACE_BOUND ( 'NONE', #8531, .T. ) ;
#4636 = UNCERTAINTY_MEASURE_WITH_UNIT (LENGTH_MEASURE( 1.000000000000000082E-05 ), #2903, 'distance_accuracy_value', 'NONE');
#4637 = ORIENTED_EDGE ( 'NONE', *, *, #63, .F. ) ;
#4638 = STYLED_ITEM ( 'NONE', ( #5945 ), #7396 ) ;
#4639 = ADVANCED_FACE ( 'NONE', ( #3152 ), #3241, .F. ) ;
#4640 = EDGE_CURVE ( 'NONE', #3329, #7699, #8296, .T. ) ;
#4641 = DIRECTION ( 'NONE',  ( -2.126226658603510133E-31, -0.3090169943749515591, -0.9510565162951521989 ) ) ;
#4642 = ORIENTED_EDGE ( 'NONE', *, *, #1575, .T. ) ;
#4643 = SURFACE_SIDE_STYLE ('',( #3926 ) ) ;
#4644 = CARTESIAN_POINT ( 'NONE',  ( 607.4999999999997726, 52.74999999999993605, 1234.999999999999545 ) ) ;
#4645 =( GEOMETRIC_REPRESENTATION_CONTEXT ( 3 ) GLOBAL_UNCERTAINTY_ASSIGNED_CONTEXT ( ( #7789 ) ) GLOBAL_UNIT_ASSIGNED_CONTEXT ( ( #6486, #4264, #5678 ) ) REPRESENTATION_CONTEXT ( 'NONE', 'WORKASPACE' ) );
#4646 =( LENGTH_UNIT ( ) NAMED_UNIT ( * ) SI_UNIT ( .MILLI., .METRE. ) );
#4647 = DIRECTION ( 'NONE',  ( 1.000000000000000000, 0.000000000000000000, 2.618191646955655209E-47 ) ) ;
#4648 = ORIENTED_EDGE ( 'NONE', *, *, #5206, .F. ) ;
#4649 = FACE_BOUND ( 'NONE', #336, .T. ) ;
#4650 = DIRECTION ( 'NONE',  ( 0.5150380749100549327, 1.049727191138618203E-16, 0.8571673007021118895 ) ) ;
#4651 = SURFACE_STYLE_FILL_AREA ( #4564 ) ;
#4652 = SURFACE_STYLE_USAGE ( .BOTH. , #5403 ) ;
#4653 = AXIS2_PLACEMENT_3D ( 'NONE', #7792, #2988, #3779 ) ;
#4654 = ORIENTED_EDGE ( 'NONE', *, *, #3977, .F. ) ;
#4655 =( NAMED_UNIT ( * ) SI_UNIT ( $, .STERADIAN. ) SOLID_ANGLE_UNIT ( ) );
#4656 =( GEOMETRIC_REPRESENTATION_CONTEXT ( 3 ) GLOBAL_UNCERTAINTY_ASSIGNED_CONTEXT ( ( #2871 ) ) GLOBAL_UNIT_ASSIGNED_CONTEXT ( ( #5506, #6210, #4142 ) ) REPRESENTATION_CONTEXT ( 'NONE', 'WORKASPACE' ) );
#4657 = CARTESIAN_POINT ( 'NONE',  ( 607.4999999999985221, 37.82600567767522648, 1245.704193393378091 ) ) ;
#4658 = EDGE_LOOP ( 'NONE', ( #836, #8041, #1035, #1367 ) ) ;
#4659 = DIRECTION ( 'NONE',  ( 1.000000000000000000, -9.162209061964950760E-16, 6.261247779448909594E-16 ) ) ;
#4660 = DIRECTION ( 'NONE',  ( 0.7071067811865450192, 0.4999999999999992784, 0.5000000000000042188 ) ) ;
#4661 = VERTEX_POINT ( 'NONE', #7912 ) ;
#4662 = AXIS2_PLACEMENT_3D ( 'NONE', #3678, #7817, #3059 ) ;
#4663 = CARTESIAN_POINT ( 'NONE',  ( 607.4905441744690506, 48.47181440064114355, 1227.824876718756059 ) ) ;
#4664 = MECHANICAL_DESIGN_GEOMETRIC_PRESENTATION_REPRESENTATION (  '', ( #4111 ), #6839 ) ;
#4665 = CIRCLE ( 'NONE', #506, 51.54051262744641093 ) ;
#4666 = CARTESIAN_POINT ( 'NONE',  ( 614.4999999999997726, -18.56655266408696647, 1202.128536354891594 ) ) ;
#4667 = ORIENTED_EDGE ( 'NONE', *, *, #6681, .T. ) ;
#4668 = PRESENTATION_LAYER_ASSIGNMENT (  '', '', ( #8854 ) ) ;
#4669 = CARTESIAN_POINT ( 'NONE',  ( 607.5490338956723235, -23.58732446002586514, 1203.842208075483541 ) ) ;
#4670 = STYLED_ITEM ( 'NONE', ( #4170 ), #2457 ) ;
#4671 = PRESENTATION_STYLE_ASSIGNMENT (( #4769 ) ) ;
#4672 = CARTESIAN_POINT ( 'NONE',  ( 607.5693844170892817, -37.19496330852143728, 1223.238804967699480 ) ) ;
#4673 = ORIENTED_EDGE ( 'NONE', *, *, #511, .F. ) ;
#4674 = FACE_OUTER_BOUND ( 'NONE', #8837, .T. ) ;
#4675 = ORIENTED_EDGE ( 'NONE', *, *, #2416, .F. ) ;
#4676 = EDGE_CURVE ( 'NONE', #8231, #1207, #4141, .T. ) ;
#4677 = FACE_OUTER_BOUND ( 'NONE', #6384, .T. ) ;
#4678 = CIRCLE ( 'NONE', #1391, 7.999999999999966249 ) ;
#4679 = CARTESIAN_POINT ( 'NONE',  ( 607.4999999999997726, -25.27476584857636510, 1204.212269241876584 ) ) ;
#4680 = EDGE_LOOP ( 'NONE', ( #4637, #6509, #1566, #2242 ) ) ;
#4681 = EDGE_LOOP ( 'NONE', ( #8128, #2536, #3686 ) ) ;
#4682 = COLOUR_RGB ( '',0.7490196078431372584, 0.7490196078431372584, 0.7490196078431372584 ) ;
#4683 = EDGE_CURVE ( 'NONE', #6195, #5187, #5313, .T. ) ;
#4684 = ADVANCED_FACE ( 'NONE', ( #6065 ), #4702, .T. ) ;
#4685 = FILL_AREA_STYLE ('',( #4594 ) ) ;
#4686 =( GEOMETRIC_REPRESENTATION_CONTEXT ( 3 ) GLOBAL_UNCERTAINTY_ASSIGNED_CONTEXT ( ( #7797 ) ) GLOBAL_UNIT_ASSIGNED_CONTEXT ( ( #6459, #6362, #7753 ) ) REPRESENTATION_CONTEXT ( 'NONE', 'WORKASPACE' ) );
#4687 = CARTESIAN_POINT ( 'NONE',  ( 605.6743702085760788, 50.16535936500322634, 1230.286139179443126 ) ) ;
#4688 = DIRECTION ( 'NONE',  ( -0.3301310043667942118, 0.000000000000000000, 0.9439351248659898497 ) ) ;
#4689 = CARTESIAN_POINT ( 'NONE',  ( 634.4749999999997954, 17.67766952966373495, 1217.322330470336738 ) ) ;
#4690 = EDGE_CURVE ( 'NONE', #3935, #3890, #1696, .T. ) ;
#4691 = CARTESIAN_POINT ( 'NONE',  ( 621.9999999999998863, -12.05166278062322505, 1197.908795864488638 ) ) ;
#4692 = CIRCLE ( 'NONE', #1851, 39.46123530638256938 ) ;
#4693 = COLOUR_RGB ( '',0.7490196078431372584, 0.7490196078431372584, 0.7490196078431372584 ) ;
#4694 = SURFACE_SIDE_STYLE ('',( #8805 ) ) ;
#4695 = ORIENTED_EDGE ( 'NONE', *, *, #8496, .T. ) ;
#4696 =( NAMED_UNIT ( * ) PLANE_ANGLE_UNIT ( ) SI_UNIT ( $, .RADIAN. ) );
#4697 = DIRECTION ( 'NONE',  ( -1.000000000000000000, 0.000000000000000000, -2.618191646955655209E-47 ) ) ;
#4698 = MECHANICAL_DESIGN_GEOMETRIC_PRESENTATION_REPRESENTATION (  '', ( #5160 ), #4271 ) ;
#4699 = DIRECTION ( 'NONE',  ( -1.000000000000000000, 6.977057820378712075E-13, -2.220446049250311061E-13 ) ) ;
#4700 = CIRCLE ( 'NONE', #6442, 39.46123530638256938 ) ;
#4701 = VERTEX_POINT ( 'NONE', #4848 ) ;
#4702 = CYLINDRICAL_SURFACE ( 'NONE', #1559, 2.749999999999945821 ) ;
#4703 =( GEOMETRIC_REPRESENTATION_CONTEXT ( 3 ) GLOBAL_UNCERTAINTY_ASSIGNED_CONTEXT ( ( #4731 ) ) GLOBAL_UNIT_ASSIGNED_CONTEXT ( ( #2365, #5111, #8614 ) ) REPRESENTATION_CONTEXT ( 'NONE', 'WORKASPACE' ) );
#4704 = PRESENTATION_LAYER_ASSIGNMENT (  '', '', ( #3999 ) ) ;
#4705 = PRESENTATION_STYLE_ASSIGNMENT (( #2078 ) ) ;
#4706 = CARTESIAN_POINT ( 'NONE',  ( 602.4999999999997726, 43.74999999999992895, 1233.499999999999545 ) ) ;
#4707 = ORIENTED_EDGE ( 'NONE', *, *, #6069, .F. ) ;
#4708 = MECHANICAL_DESIGN_GEOMETRIC_PRESENTATION_REPRESENTATION (  '', ( #693 ), #5876 ) ;
#4709 = SURFACE_SIDE_STYLE ('',( #666 ) ) ;
#4710 = FILL_AREA_STYLE ('',( #2126 ) ) ;
#4711 = PRESENTATION_STYLE_ASSIGNMENT (( #4046 ) ) ;
#4712 = FACE_OUTER_BOUND ( 'NONE', #6621, .T. ) ;
#4713 = DIRECTION ( 'NONE',  ( 0.5150380749100549327, 0.6061088109378330868, -0.6061088109378305333 ) ) ;
#4714 =( BOUNDED_SURFACE ( )  B_SPLINE_SURFACE ( 3, 2, ( 
 ( #6381, #3101, #7232 ),
 ( #7906, #8492, #7096 ),
 ( #4992, #209, #882 ),
 ( #8588, #4480, #6521 ),
 ( #1670, #3810, #6435 ),
 ( #7141, #7731, #4389 ),
 ( #7771, #158, #7812 ),
 ( #8392, #3724, #929 ),
 ( #1621, #8536, #6478 ),
 ( #2256, #1576, #302 ),
 ( #3054, #2389, #5139 ),
 ( #4298, #7051, #3628 ),
 ( #7860, #1714, #1021 ),
 ( #3769, #2110, #2024 ),
 ( #3446, #1382, #4787 ),
 ( #4206, #4740, #6191 ),
 ( #2828, #6274, #8197 ),
 ( #2870, #741, #8851 ) ),
 .UNSPECIFIED., .F., .F., .F. ) 
 B_SPLINE_SURFACE_WITH_KNOTS ( ( 4, 2, 2, 2, 2, 2, 2, 2, 4 ),
 ( 3, 3 ),
 ( 5.307711735402786957E-16, 0.0005891581870830281051, 0.0008837372806242767449, 0.001178316374165525385, 0.001767474561248022664, 0.002356632748330519944, 0.002945790935413017224, 0.003534949122495514504, 0.004713265496660509063 ),
 ( 0.000000000000000000, 1.000000000000000000 ),
 .UNSPECIFIED. ) 
 GEOMETRIC_REPRESENTATION_ITEM ( )  RATIONAL_B_SPLINE_SURFACE ( (
 ( 1.000000000000000000, 0.9354143466934854434, 1.000000000000000000),
 ( 1.000000000000000000, 0.9325529657501474556, 1.000000000000000000),
 ( 1.000000000000000000, 0.9277020215527245206, 1.000000000000000000),
 ( 1.000000000000000000, 0.9182035414056184397, 1.000000000000000000),
 ( 1.000000000000000000, 0.9147327995528903299, 1.000000000000000000),
 ( 1.000000000000000000, 0.9072504240467439418, 1.000000000000000000),
 ( 1.000000000000000000, 0.9032119392717384843, 1.000000000000000000),
 ( 1.000000000000000000, 0.8905005398662193539, 1.000000000000000000),
 ( 1.000000000000000000, 0.8813408544567749026, 1.000000000000000000),
 ( 1.000000000000000000, 0.8617498842109687640, 1.000000000000000000),
 ( 1.000000000000000000, 0.8512912813515999266, 1.000000000000000000),
 ( 1.000000000000000000, 0.8298954202716174455, 1.000000000000000000),
 ( 1.000000000000000000, 0.8188593968632666975, 1.000000000000000000),
 ( 1.000000000000000000, 0.7961536872899599437, 1.000000000000000000),
 ( 1.000000000000000000, 0.7844193355448535465, 1.000000000000000000),
 ( 1.000000000000000000, 0.7490715542706027907, 1.000000000000000000),
 ( 1.000000000000000000, 0.7251898593598417042, 1.000000000000000000),
 ( 1.000000000000000000, 0.7014466316118082023, 1.000000000000000000) ) ) 
 REPRESENTATION_ITEM ( '' )  SURFACE ( )  );
#4715 = SURFACE_STYLE_FILL_AREA ( #2085 ) ;
#4716 = CYLINDRICAL_SURFACE ( 'NONE', #1998, 2.749999999999953815 ) ;
#4717 = VERTEX_POINT ( 'NONE', #6162 ) ;
#4718 =( NAMED_UNIT ( * ) SI_UNIT ( $, .STERADIAN. ) SOLID_ANGLE_UNIT ( ) );
#4719 = MECHANICAL_DESIGN_GEOMETRIC_PRESENTATION_REPRESENTATION (  '', ( #2877 ), #6318 ) ;
#4720 = EDGE_CURVE ( 'NONE', #3987, #6296, #8907, .T. ) ;
#4721 = CARTESIAN_POINT ( 'NONE',  ( 614.4999999999997726, 43.09999999999993037, 1234.999999999999545 ) ) ;
#4722 = CYLINDRICAL_SURFACE ( 'NONE', #543, 2.499999999999952038 ) ;
#4723 = SURFACE_STYLE_FILL_AREA ( #5423 ) ;
#4724 = SURFACE_STYLE_FILL_AREA ( #2005 ) ;
#4725 = SURFACE_STYLE_USAGE ( .BOTH. , #2811 ) ;
#4726 = ORIENTED_EDGE ( 'NONE', *, *, #6022, .T. ) ;
#4727 = SURFACE_STYLE_FILL_AREA ( #8749 ) ;
#4728 = COLOUR_RGB ( '',0.7490196078431372584, 0.7490196078431372584, 0.7490196078431372584 ) ;
#4729 = EDGE_LOOP ( 'NONE', ( #6046, #4869 ) ) ;
#4730 = SURFACE_STYLE_USAGE ( .BOTH. , #2010 ) ;
#4731 = UNCERTAINTY_MEASURE_WITH_UNIT (LENGTH_MEASURE( 1.000000000000000082E-05 ), #2365, 'distance_accuracy_value', 'NONE');
#4732 = VERTEX_POINT ( 'NONE', #4750 ) ;
#4733 = CARTESIAN_POINT ( 'NONE',  ( 606.3138802195171593, -8.652719964189023116, 1184.366101314200478 ) ) ;
#4734 = ORIENTED_EDGE ( 'NONE', *, *, #7060, .F. ) ;
#4735 = PRESENTATION_STYLE_ASSIGNMENT (( #8157 ) ) ;
#4736 = LINE ( 'NONE', #513, #2472 ) ;
#4737 = DIRECTION ( 'NONE',  ( 1.000000000000000000, 0.000000000000000000, 2.618191646955655209E-47 ) ) ;
#4738 = CARTESIAN_POINT ( 'NONE',  ( 607.4999999999997726, 40.89543020069133661, 1248.287730758123644 ) ) ;
#4739 = VERTEX_POINT ( 'NONE', #7545 ) ;
#4740 = CARTESIAN_POINT ( 'NONE',  ( 605.8034674799876029, -20.76448286538114019, 1187.155108013169411 ) ) ;
#4741 = UNCERTAINTY_MEASURE_WITH_UNIT (LENGTH_MEASURE( 1.000000000000000082E-05 ), #226, 'distance_accuracy_value', 'NONE');
#4742 = COLOUR_RGB ( '',0.7490196078431372584, 0.7490196078431372584, 0.7490196078431372584 ) ;
#4743 = EDGE_CURVE ( 'NONE', #6439, #7398, #3284, .T. ) ;
#4744 = ORIENTED_EDGE ( 'NONE', *, *, #3992, .T. ) ;
#4745 = EDGE_CURVE ( 'NONE', #123, #6447, #2755, .T. ) ;
#4746 = DIRECTION ( 'NONE',  ( 0.000000000000000000, -0.3633220134397180390, 0.9316636273624239184 ) ) ;
#4747 = B_SPLINE_CURVE_WITH_KNOTS ( 'NONE', 3,
 ( #2991, #2323, #6410, #7120, #5784, #7752, #5739, #3079, #998, #1600, #4970, #5697, #4362, #5826, #7077, #3746 ),
 .UNSPECIFIED., .F., .F.,
 ( 4, 2, 2, 2, 2, 2, 2, 4 ),
 ( 0.001421796059914071011, 0.001883416166070989595, 0.002345036272227908614, 0.002806656378384827198, 0.003268276484541745783, 0.004191516696855591625, 0.004653136803012524955, 0.005114756909169457418 ),
 .UNSPECIFIED. ) ;
#4748 = ORIENTED_EDGE ( 'NONE', *, *, #7092, .F. ) ;
#4749 = DIRECTION ( 'NONE',  ( 0.000000000000000000, -0.9510565162951640783, 0.3090169943749151993 ) ) ;
#4750 = CARTESIAN_POINT ( 'NONE',  ( 606.9999999999998863, -8.498670940345935065, 1187.439202623617803 ) ) ;
#4751 = AXIS2_PLACEMENT_3D ( 'NONE', #1650, #6504, #5786 ) ;
#4752 = CARTESIAN_POINT ( 'NONE',  ( 622.3584144640080922, -18.17137020459595576, 1192.600439513158108 ) ) ;
#4753 = ORIENTED_EDGE ( 'NONE', *, *, #8781, .F. ) ;
#4754 = ADVANCED_FACE ( 'NONE', ( #620 ), #161, .T. ) ;
#4755 = CARTESIAN_POINT ( 'NONE',  ( 606.1375378534086167, -10.18282455671956299, 1185.908448467365133 ) ) ;
#4756 = CIRCLE ( 'NONE', #1468, 2.750000000000064837 ) ;
#4757 = DIRECTION ( 'NONE',  ( 0.000000000000000000, 0.000000000000000000, -1.000000000000000000 ) ) ;
#4758 = FILL_AREA_STYLE_COLOUR ( '', #3598 ) ;
#4759 = SURFACE_SIDE_STYLE ('',( #7558 ) ) ;
#4760 = COLOUR_RGB ( '',0.7490196078431372584, 0.7490196078431372584, 0.7490196078431372584 ) ;
#4761 = LINE ( 'NONE', #2804, #7448 ) ;
#4762 = ADVANCED_FACE ( 'NONE', ( #6331 ), #5659, .T. ) ;
#4763 = LINE ( 'NONE', #2135, #5669 ) ;
#4764 = B_SPLINE_CURVE_WITH_KNOTS ( 'NONE', 3,
 ( #1477, #5662, #4168, #4886, #144, #6911, #742, #7668, #8331, #1519, #2241, #6276 ),
 .UNSPECIFIED., .F., .F.,
 ( 4, 2, 2, 2, 2, 4 ),
 ( 0.000000000000000000, 0.0009233691069802717026, 0.001846738213960543405, 0.002308422767450483016, 0.002770107320940423060, 0.003693476427920783234 ),
 .UNSPECIFIED. ) ;
#4765 = DIRECTION ( 'NONE',  ( 0.000000000000000000, 0.000000000000000000, 1.000000000000000000 ) ) ;
#4766 = SURFACE_STYLE_USAGE ( .BOTH. , #3558 ) ;
#4767 =( GEOMETRIC_REPRESENTATION_CONTEXT ( 3 ) GLOBAL_UNCERTAINTY_ASSIGNED_CONTEXT ( ( #4836 ) ) GLOBAL_UNIT_ASSIGNED_CONTEXT ( ( #4273, #3071, #5819 ) ) REPRESENTATION_CONTEXT ( 'NONE', 'WORKASPACE' ) );
#4768 =( NAMED_UNIT ( * ) SI_UNIT ( $, .STERADIAN. ) SOLID_ANGLE_UNIT ( ) );
#4769 = SURFACE_STYLE_USAGE ( .BOTH. , #6762 ) ;
#4770 = FACE_OUTER_BOUND ( 'NONE', #7941, .T. ) ;
#4771 = ORIENTED_EDGE ( 'NONE', *, *, #1470, .T. ) ;
#4772 = CARTESIAN_POINT ( 'NONE',  ( 634.9999999999997726, -22.86100198691078944, 1237.138998013088894 ) ) ;
#4773 = ORIENTED_EDGE ( 'NONE', *, *, #4640, .T. ) ;
#4774 = CARTESIAN_POINT ( 'NONE',  ( 603.4316110130099560, 38.57672943125799492, 1236.436564388897750 ) ) ;
#4775 = VERTEX_POINT ( 'NONE', #2515 ) ;
#4776 =( NAMED_UNIT ( * ) SI_UNIT ( $, .STERADIAN. ) SOLID_ANGLE_UNIT ( ) );
#4777 = PRESENTATION_LAYER_ASSIGNMENT (  '', '', ( #5522 ) ) ;
#4778 = DIRECTION ( 'NONE',  ( 1.000000000000000000, -0.000000000000000000, 2.618191646955655209E-47 ) ) ;
#4779 = ORIENTED_EDGE ( 'NONE', *, *, #1178, .F. ) ;
#4780 = CARTESIAN_POINT ( 'NONE',  ( 621.7509723984937864, -4.918785283740922942, 1197.694107923412275 ) ) ;
#4781 = SURFACE_STYLE_FILL_AREA ( #4239 ) ;
#4782 = CARTESIAN_POINT ( 'NONE',  ( 606.9999999999998863, 47.85924001516893611, 1228.385621722338556 ) ) ;
#4783 = COLOUR_RGB ( '',0.7490196078431372584, 0.7490196078431372584, 0.7490196078431372584 ) ;
#4784 = CARTESIAN_POINT ( 'NONE',  ( 608.4824320620883782, 38.48286226344479388, 1242.962931831722244 ) ) ;
#4785 = CARTESIAN_POINT ( 'NONE',  ( 634.9999999999997726, 24.99999999999993605, 1234.999999999999545 ) ) ;
#4786 = ORIENTED_EDGE ( 'NONE', *, *, #1289, .T. ) ;
#4787 = CARTESIAN_POINT ( 'NONE',  ( 605.8913019907739681, -20.30132788090410045, 1188.992886867504922 ) ) ;
#4788 = VERTEX_POINT ( 'NONE', #1017 ) ;
#4789 = PRESENTATION_LAYER_ASSIGNMENT (  '', '', ( #3780 ) ) ;
#4790 =( NAMED_UNIT ( * ) PLANE_ANGLE_UNIT ( ) SI_UNIT ( $, .RADIAN. ) );
#4791 = CARTESIAN_POINT ( 'NONE',  ( 602.7313215618177082, -14.13729191840386257, 1184.401692931620346 ) ) ;
#4792 = EDGE_CURVE ( 'NONE', #5628, #2615, #7307, .T. ) ;
#4793 = ORIENTED_EDGE ( 'NONE', *, *, #3705, .T. ) ;
#4794 = STYLED_ITEM ( 'NONE', ( #3899 ), #7612 ) ;
#4795 = CIRCLE ( 'NONE', #3371, 7.500000000000062172 ) ;
#4796 = EDGE_CURVE ( 'NONE', #4788, #2643, #4556, .T. ) ;
#4797 = CARTESIAN_POINT ( 'NONE',  ( 605.9214277522119119, 51.20887472532778872, 1242.163966808174791 ) ) ;
#4798 = PRESENTATION_STYLE_ASSIGNMENT (( #2617 ) ) ;
#4799 = SURFACE_STYLE_FILL_AREA ( #1345 ) ;
#4800 = ORIENTED_EDGE ( 'NONE', *, *, #2354, .F. ) ;
#4801 = CIRCLE ( 'NONE', #8383, 4.000000000000003553 ) ;
#4802 = CARTESIAN_POINT ( 'NONE',  ( 606.4377403820699328, -20.92757928616847707, 1189.742112065931678 ) ) ;
#4803 = AXIS2_PLACEMENT_3D ( 'NONE', #4025, #2642, #4066 ) ;
#4804 = CIRCLE ( 'NONE', #1209, 2.750000000000025313 ) ;
#4805 = DIRECTION ( 'NONE',  ( -1.271368967841055707E-16, 0.000000000000000000, -1.000000000000000000 ) ) ;
#4806 = ADVANCED_FACE ( 'NONE', ( #431 ), #6769, .F. ) ;
#4807 = EDGE_CURVE ( 'NONE', #5373, #6421, #8273, .T. ) ;
#4808 = ADVANCED_FACE ( 'NONE', ( #1319 ), #8872, .F. ) ;
#4809 = FACE_OUTER_BOUND ( 'NONE', #2921, .T. ) ;
#4810 = DIRECTION ( 'NONE',  ( 4.552280931047951416E-17, -0.3090169943749516146, -0.9510565162951523099 ) ) ;
#4811 = STYLED_ITEM ( 'NONE', ( #1693 ), #8258 ) ;
#4812 = FACE_OUTER_BOUND ( 'NONE', #5516, .T. ) ;
#4813 = SURFACE_STYLE_USAGE ( .BOTH. , #1359 ) ;
#4814 = CARTESIAN_POINT ( 'NONE',  ( 611.5110386142704328, -13.39889735140839733, 1188.617733659050145 ) ) ;
#4815 = CYLINDRICAL_SURFACE ( 'NONE', #7166, 2.749999999999962697 ) ;
#4816 =( NAMED_UNIT ( * ) SI_UNIT ( $, .STERADIAN. ) SOLID_ANGLE_UNIT ( ) );
#4817 = EDGE_LOOP ( 'NONE', ( #3691, #5336, #6235, #3492 ) ) ;
#4818 = STYLED_ITEM ( 'NONE', ( #2467 ), #4103 ) ;
#4819 = FACE_BOUND ( 'NONE', #4631, .T. ) ;
#4820 = CARTESIAN_POINT ( 'NONE',  ( 607.6586829205967888, 38.49999855169332363, 1239.735432101744436 ) ) ;
#4821 = UNCERTAINTY_MEASURE_WITH_UNIT (LENGTH_MEASURE( 1.000000000000000082E-05 ), #7770, 'distance_accuracy_value', 'NONE');
#4822 = VERTEX_POINT ( 'NONE', #1506 ) ;
#4823 = PRESENTATION_STYLE_ASSIGNMENT (( #8232 ) ) ;
#4824 =( GEOMETRIC_REPRESENTATION_CONTEXT ( 3 ) GLOBAL_UNCERTAINTY_ASSIGNED_CONTEXT ( ( #2582 ) ) GLOBAL_UNIT_ASSIGNED_CONTEXT ( ( #1333, #8243, #3493 ) ) REPRESENTATION_CONTEXT ( 'NONE', 'WORKASPACE' ) );
#4825 = AXIS2_PLACEMENT_3D ( 'NONE', #2201, #8855, #3494 ) ;
#4826 = DIRECTION ( 'NONE',  ( 1.000000000000000000, 0.000000000000000000, 2.618191646955655209E-47 ) ) ;
#4827 = CARTESIAN_POINT ( 'NONE',  ( 611.5218044122873380, -3.643519012814995239, 1197.279748794047237 ) ) ;
#4828 = FILL_AREA_STYLE_COLOUR ( '', #751 ) ;
#4829 = AXIS2_PLACEMENT_3D ( 'NONE', #2961, #114, #878 ) ;
#4830 = CARTESIAN_POINT ( 'NONE',  ( 608.1584984388266548, 38.48949239228507224, 1241.530279068736036 ) ) ;
#4831 = VECTOR ( 'NONE', #6224, 1000.000000000000000 ) ;
#4832 =( GEOMETRIC_REPRESENTATION_CONTEXT ( 3 ) GLOBAL_UNCERTAINTY_ASSIGNED_CONTEXT ( ( #8524 ) ) GLOBAL_UNIT_ASSIGNED_CONTEXT ( ( #5030, #5750, #8479 ) ) REPRESENTATION_CONTEXT ( 'NONE', 'WORKASPACE' ) );
#4833 = DIRECTION ( 'NONE',  ( 0.000000000000000000, 0.7071067811865552333, 0.7071067811865399122 ) ) ;
#4834 = FACE_OUTER_BOUND ( 'NONE', #5685, .T. ) ;
#4835 = CARTESIAN_POINT ( 'NONE',  ( 633.9999999999997726, -6.591949208711866959E-14, 1234.999999999999545 ) ) ;
#4836 = UNCERTAINTY_MEASURE_WITH_UNIT (LENGTH_MEASURE( 1.000000000000000082E-05 ), #4273, 'distance_accuracy_value', 'NONE');
#4837 = CARTESIAN_POINT ( 'NONE',  ( 608.8799420594833691, -19.51789597978829960, 1202.437646536042848 ) ) ;
#4838 = VECTOR ( 'NONE', #4650, 999.9999999999998863 ) ;
#4839 = STYLED_ITEM ( 'NONE', ( #8519 ), #2800 ) ;
#4840 = VERTEX_POINT ( 'NONE', #4875 ) ;
#4841 = EDGE_CURVE ( 'NONE', #3742, #251, #3273, .T. ) ;
#4842 = SURFACE_STYLE_FILL_AREA ( #7670 ) ;
#4843 = CARTESIAN_POINT ( 'NONE',  ( 602.4999999999997726, 42.24999999999994316, 1233.499999999999545 ) ) ;
#4844 = STYLED_ITEM ( 'NONE', ( #3029 ), #4919 ) ;
#4845 = VERTEX_POINT ( 'NONE', #4918 ) ;
#4846 = MECHANICAL_DESIGN_GEOMETRIC_PRESENTATION_REPRESENTATION (  '', ( #5997 ), #2565 ) ;
#4847 = CARTESIAN_POINT ( 'NONE',  ( 604.5416716596263313, 41.05118012268504657, 1235.922495556149897 ) ) ;
#4848 = CARTESIAN_POINT ( 'NONE',  ( 607.4999999999997726, 25.27476584857623365, 1265.787730758122734 ) ) ;
#4849 =( NAMED_UNIT ( * ) PLANE_ANGLE_UNIT ( ) SI_UNIT ( $, .RADIAN. ) );
#4850 = CARTESIAN_POINT ( 'NONE',  ( 607.7784168414060559, -15.97289840797784599, 1199.889601710956413 ) ) ;
#4851 = ORIENTED_EDGE ( 'NONE', *, *, #2354, .T. ) ;
#4852 = CONICAL_SURFACE ( 'NONE', #7005, 2.499999999999998668, 1.029744258676653645 ) ;
#4853 = CARTESIAN_POINT ( 'NONE',  ( 607.3269641519101469, -8.572632608148547106, 1185.929085771825157 ) ) ;
#4854 = CARTESIAN_POINT ( 'NONE',  ( 605.9804556436461098, 38.52903621547402224, 1239.973045718106277 ) ) ;
#4855 = ADVANCED_FACE ( 'NONE', ( #96, #6807 ), #3569, .T. ) ;
#4856 = SURFACE_STYLE_USAGE ( .BOTH. , #7512 ) ;
#4857 = AXIS2_PLACEMENT_3D ( 'NONE', #5763, #8446, #6380 ) ;
#4858 = MECHANICAL_DESIGN_GEOMETRIC_PRESENTATION_REPRESENTATION (  '', ( #6008 ), #3425 ) ;
#4859 = SURFACE_STYLE_FILL_AREA ( #6795 ) ;
#4860 = CIRCLE ( 'NONE', #7590, 3.025000000000055422 ) ;
#4861 = EDGE_CURVE ( 'NONE', #2252, #7179, #1109, .T. ) ;
#4862 =( LENGTH_UNIT ( ) NAMED_UNIT ( * ) SI_UNIT ( .MILLI., .METRE. ) );
#4863 = CARTESIAN_POINT ( 'NONE',  ( 614.4999999999989768, -6.986688594988248013, 1188.966316162103340 ) ) ;
#4864 = STYLED_ITEM ( 'NONE', ( #996 ), #5595 ) ;
#4865 = EDGE_CURVE ( 'NONE', #8356, #5500, #8413, .T. ) ;
#4866 = CARTESIAN_POINT ( 'NONE',  ( 619.1650013148048401, 45.93964049335893662, 1242.580454904004455 ) ) ;
#4867 =( LENGTH_UNIT ( ) NAMED_UNIT ( * ) SI_UNIT ( .MILLI., .METRE. ) );
#4868 = DIRECTION ( 'NONE',  ( -1.000000000000000000, -8.786078806946700055E-16, -6.778946662198249905E-16 ) ) ;
#4869 = ORIENTED_EDGE ( 'NONE', *, *, #8086, .T. ) ;
#4870 = FACE_BOUND ( 'NONE', #1298, .T. ) ;
#4871 = CARTESIAN_POINT ( 'NONE',  ( 608.8973098377088036, 38.48014768449148448, 1231.967945332911768 ) ) ;
#4872 = SURFACE_STYLE_USAGE ( .BOTH. , #2052 ) ;
#4873 = ORIENTED_EDGE ( 'NONE', *, *, #1351, .F. ) ;
#4874 = STYLED_ITEM ( 'NONE', ( #4096 ), #5755 ) ;
#4875 = CARTESIAN_POINT ( 'NONE',  ( 621.9999999999998863, -13.37034721763826539, 1193.850302481958579 ) ) ;
#4876 = DIRECTION ( 'NONE',  ( -1.000000000000000000, 0.000000000000000000, -2.618191646955655209E-47 ) ) ;
#4877 = PRESENTATION_STYLE_ASSIGNMENT (( #6222 ) ) ;
#4878 = CARTESIAN_POINT ( 'NONE',  ( 606.7029044286246062, 49.09164159419653117, 1241.262281412932225 ) ) ;
#4879 = CARTESIAN_POINT ( 'NONE',  ( 634.4749999999997954, 20.17766952966373495, 1217.322330470336738 ) ) ;
#4880 = MECHANICAL_DESIGN_GEOMETRIC_PRESENTATION_REPRESENTATION (  '', ( #4018 ), #4573 ) ;
#4881 = CARTESIAN_POINT ( 'NONE',  ( 607.9660578673291411, 38.49313610042566580, 1241.212738014083470 ) ) ;
#4882 = FACE_OUTER_BOUND ( 'NONE', #7485, .T. ) ;
#4883 = CARTESIAN_POINT ( 'NONE',  ( 606.9278902958149047, 38.51215381689211625, 1229.698006331857414 ) ) ;
#4884 = SURFACE_SIDE_STYLE ('',( #2064 ) ) ;
#4885 = PRESENTATION_LAYER_ASSIGNMENT (  '', '', ( #3732 ) ) ;
#4886 = CARTESIAN_POINT ( 'NONE',  ( 607.5582262564852272, -23.44450743338488152, 1266.217709326933800 ) ) ;
#4887 = ORIENTED_EDGE ( 'NONE', *, *, #3924, .T. ) ;
#4888 = LINE ( 'NONE', #6327, #8889 ) ;
#4889 = STYLED_ITEM ( 'NONE', ( #2218 ), #6325 ) ;
#4890 = ORIENTED_EDGE ( 'NONE', *, *, #1117, .T. ) ;
#4891 = CARTESIAN_POINT ( 'NONE',  ( 604.5847860106964617, 41.49634121644795215, 1233.699411593150444 ) ) ;
#4892 = CARTESIAN_POINT ( 'NONE',  ( 602.9047392077641234, -19.09074216119364564, 1186.060019862703484 ) ) ;
#4893 = DIRECTION ( 'NONE',  ( -1.045086722460999887E-15, -0.5877852522924629231, -0.8090169943749547787 ) ) ;
#4894 = SURFACE_SIDE_STYLE ('',( #4799 ) ) ;
#4895 = ORIENTED_EDGE ( 'NONE', *, *, #3373, .F. ) ;
#4896 = CONICAL_SURFACE ( 'NONE', #8053, 16.75000000000004263, 0.7853981633974412846 ) ;
#4897 = CARTESIAN_POINT ( 'NONE',  ( 605.5096773321383807, -11.34719536309050980, 1185.867995528123856 ) ) ;
#4898 = CARTESIAN_POINT ( 'NONE',  ( 605.9275554833815249, -10.55248166727404069, 1185.851328051062183 ) ) ;
#4899 = ORIENTED_EDGE ( 'NONE', *, *, #2399, .F. ) ;
#4900 =( GEOMETRIC_REPRESENTATION_CONTEXT ( 3 ) GLOBAL_UNCERTAINTY_ASSIGNED_CONTEXT ( ( #2935 ) ) GLOBAL_UNIT_ASSIGNED_CONTEXT ( ( #3434, #2813, #8227 ) ) REPRESENTATION_CONTEXT ( 'NONE', 'WORKASPACE' ) );
#4901 = FILL_AREA_STYLE_COLOUR ( '', #67 ) ;
#4902 = COLOUR_RGB ( '',0.7490196078431372584, 0.7490196078431372584, 0.7490196078431372584 ) ;
#4903 = SURFACE_STYLE_FILL_AREA ( #2175 ) ;
#4904 = PRESENTATION_STYLE_ASSIGNMENT (( #3557 ) ) ;
#4905 = FILL_AREA_STYLE ('',( #8139 ) ) ;
#4906 = VECTOR ( 'NONE', #6579, 1000.000000000000000 ) ;
#4907 = SURFACE_STYLE_USAGE ( .BOTH. , #4057 ) ;
#4908 = CARTESIAN_POINT ( 'NONE',  ( 604.5637748033847174, 44.74160859149993996, 1233.870285793395396 ) ) ;
#4909 = DIRECTION ( 'NONE',  ( 1.000000000000000000, 0.000000000000000000, 2.618191646955655209E-47 ) ) ;
#4910 = VERTEX_POINT ( 'NONE', #5649 ) ;
#4911 = ADVANCED_FACE ( 'NONE', ( #6454 ), #2939, .T. ) ;
#4912 = FACE_BOUND ( 'NONE', #654, .T. ) ;
#4913 = VECTOR ( 'NONE', #7121, 1000.000000000000000 ) ;
#4914 = CARTESIAN_POINT ( 'NONE',  ( 604.0999999999999091, -40.89543020069157109, 1217.712269241876811 ) ) ;
#4915 = FACE_OUTER_BOUND ( 'NONE', #8541, .T. ) ;
#4916 = UNCERTAINTY_MEASURE_WITH_UNIT (LENGTH_MEASURE( 1.000000000000000082E-05 ), #5696, 'distance_accuracy_value', 'NONE');
#4917 = ORIENTED_EDGE ( 'NONE', *, *, #3491, .F. ) ;
#4918 = CARTESIAN_POINT ( 'NONE',  ( 602.4999999999997726, -6.591949208711866959E-14, 1183.459487372553212 ) ) ;
#4919 = ADVANCED_FACE ( 'NONE', ( #8559 ), #6436, .F. ) ;
#4920 = STYLED_ITEM ( 'NONE', ( #4061 ), #1640 ) ;
#4921 = LINE ( 'NONE', #2821, #1067 ) ;
#4922 = SURFACE_SIDE_STYLE ('',( #6315 ) ) ;
#4923 = PRESENTATION_LAYER_ASSIGNMENT (  '', '', ( #7367 ) ) ;
#4924 = DIRECTION ( 'NONE',  ( 0.000000000000000000, -0.8415518235641720191, 0.5401763862441754105 ) ) ;
#4925 = CARTESIAN_POINT ( 'NONE',  ( 607.4587102413732964, 39.48425091509271567, 1242.463166970901511 ) ) ;
#4926 = SURFACE_SIDE_STYLE ('',( #3529 ) ) ;
#4927 = CARTESIAN_POINT ( 'NONE',  ( 634.9999999999997726, 17.67766952966358218, 1252.677669529663717 ) ) ;
#4928 = CIRCLE ( 'NONE', #8352, 15.74999999999993072 ) ;
#4929 = CARTESIAN_POINT ( 'NONE',  ( 634.4749999999997954, 2.775557561562892613E-14, 1209.999999999999773 ) ) ;
#4930 = UNCERTAINTY_MEASURE_WITH_UNIT (LENGTH_MEASURE( 1.000000000000000082E-05 ), #1088, 'distance_accuracy_value', 'NONE');
#4931 = ADVANCED_FACE ( 'NONE', ( #8464 ), #6722, .T. ) ;
#4932 = CARTESIAN_POINT ( 'NONE',  ( 607.4999999999997726, -2.046973701652632624E-13, 1277.999999999999545 ) ) ;
#4933 = EDGE_CURVE ( 'NONE', #8857, #1894, #3121, .T. ) ;
#4934 = ORIENTED_EDGE ( 'NONE', *, *, #4301, .T. ) ;
#4935 = CIRCLE ( 'NONE', #2212, 31.50000000000008527 ) ;
#4936 = SURFACE_STYLE_USAGE ( .BOTH. , #2029 ) ;
#4937 = VERTEX_POINT ( 'NONE', #2002 ) ;
#4938 = DIRECTION ( 'NONE',  ( 0.000000000000000000, 0.000000000000000000, 1.000000000000000000 ) ) ;
#4939 = CARTESIAN_POINT ( 'NONE',  ( 603.6047077932306593, -11.29135995801094516, 1183.716749983374029 ) ) ;
#4940 = CARTESIAN_POINT ( 'NONE',  ( 619.1141691910675036, -20.45597302706803333, 1196.306555682879889 ) ) ;
#4941 = ORIENTED_EDGE ( 'NONE', *, *, #2396, .F. ) ;
#4942 = CARTESIAN_POINT ( 'NONE',  ( 604.7218432350907733, 38.55377475470919535, 1232.860748453109409 ) ) ;
#4943 = PLANE ( 'NONE',  #5005 ) ;
#4944 = DIRECTION ( 'NONE',  ( 1.000000000000000000, 0.000000000000000000, 2.618191646955655209E-47 ) ) ;
#4945 = DIRECTION ( 'NONE',  ( -1.045086722461000478E-15, -0.5877852522924801315, 0.8090169943749422332 ) ) ;
#4946 = ORIENTED_EDGE ( 'NONE', *, *, #3924, .F. ) ;
#4947 = CARTESIAN_POINT ( 'NONE',  ( 614.4999999999997726, 43.09999999999993037, 1234.999999999999545 ) ) ;
#4948 = CARTESIAN_POINT ( 'NONE',  ( 614.0813637212283993, 36.99999999999994316, 1242.876539682352814 ) ) ;
#4949 = DIRECTION ( 'NONE',  ( 0.000000000000000000, -1.000000000000000000, 0.000000000000000000 ) ) ;
#4950 = CIRCLE ( 'NONE', #3086, 3.025000000000055422 ) ;
#4951 =( GEOMETRIC_REPRESENTATION_CONTEXT ( 3 ) GLOBAL_UNCERTAINTY_ASSIGNED_CONTEXT ( ( #47 ) ) GLOBAL_UNIT_ASSIGNED_CONTEXT ( ( #7533, #2786, #6817 ) ) REPRESENTATION_CONTEXT ( 'NONE', 'WORKASPACE' ) );
#4952 = CIRCLE ( 'NONE', #1069, 2.750000000000107025 ) ;
#4953 = DIRECTION ( 'NONE',  ( -0.000000000000000000, 1.000000000000000000, -0.000000000000000000 ) ) ;
#4954 = DIRECTION ( 'NONE',  ( -1.000000000000000000, 0.000000000000000000, -2.618191646955655209E-47 ) ) ;
#4955 =( LENGTH_UNIT ( ) NAMED_UNIT ( * ) SI_UNIT ( .MILLI., .METRE. ) );
#4956 = SURFACE_STYLE_FILL_AREA ( #8549 ) ;
#4957 = DIRECTION ( 'NONE',  ( -0.3301310043667952665, 0.8977356514636700702, -0.2916919951710548742 ) ) ;
#4958 = DIRECTION ( 'NONE',  ( 0.000000000000000000, 0.000000000000000000, 1.000000000000000000 ) ) ;
#4959 = EDGE_LOOP ( 'NONE', ( #8558, #3535, #2789, #6612 ) ) ;
#4960 = VECTOR ( 'NONE', #2043, 1000.000000000000000 ) ;
#4961 = MECHANICAL_DESIGN_GEOMETRIC_PRESENTATION_REPRESENTATION (  '', ( #3076 ), #4645 ) ;
#4962 = SURFACE_STYLE_USAGE ( .BOTH. , #6398 ) ;
#4963 = CARTESIAN_POINT ( 'NONE',  ( 607.4999999999997726, -6.591949208711866959E-14, 1234.999999999999545 ) ) ;
#4964 = EDGE_LOOP ( 'NONE', ( #8062, #4515, #5491, #7089, #229, #3232 ) ) ;
#4965 = FILL_AREA_STYLE ('',( #5012 ) ) ;
#4966 = PRESENTATION_STYLE_ASSIGNMENT (( #7204 ) ) ;
#4967 = PRESENTATION_LAYER_ASSIGNMENT (  '', '', ( #6696 ) ) ;
#4968 =( LENGTH_UNIT ( ) NAMED_UNIT ( * ) SI_UNIT ( .MILLI., .METRE. ) );
#4969 = PRESENTATION_LAYER_ASSIGNMENT (  '', '', ( #7687 ) ) ;
#4970 = CARTESIAN_POINT ( 'NONE',  ( 607.5582677888361331, 23.44385938179170026, 1203.782014132936865 ) ) ;
#4971 = ADVANCED_FACE ( 'NONE', ( #6128 ), #4722, .F. ) ;
#4972 = FILL_AREA_STYLE_COLOUR ( '', #8780 ) ;
#4973 = DIRECTION ( 'NONE',  ( 0.000000000000000000, 0.2536844569576832686, 0.9672870289102843966 ) ) ;
#4974 = CARTESIAN_POINT ( 'NONE',  ( 594.4999999999997726, -6.591949208711866959E-14, 1234.999999999999545 ) ) ;
#4975 = MECHANICAL_DESIGN_GEOMETRIC_PRESENTATION_REPRESENTATION (  '', ( #8854 ), #8404 ) ;
#4976 = DIRECTION ( 'NONE',  ( 0.000000000000000000, -0.7071067811865515695, -0.7071067811865434649 ) ) ;
#4977 = CARTESIAN_POINT ( 'NONE',  ( 608.4001354302630489, -20.01572617606878524, 1202.599401372193597 ) ) ;
#4978 = ADVANCED_FACE ( 'NONE', ( #2090 ), #6567, .T. ) ;
#4979 = EDGE_LOOP ( 'NONE', ( #5047, #6869 ) ) ;
#4980 = MECHANICAL_DESIGN_GEOMETRIC_PRESENTATION_REPRESENTATION (  '', ( #7555 ), #512 ) ;
#4981 = CIRCLE ( 'NONE', #6129, 2.750000000000030198 ) ;
#4982 =( LENGTH_UNIT ( ) NAMED_UNIT ( * ) SI_UNIT ( .MILLI., .METRE. ) );
#4983 = MECHANICAL_DESIGN_GEOMETRIC_PRESENTATION_REPRESENTATION (  '', ( #3115 ), #224 ) ;
#4984 = ADVANCED_FACE ( 'NONE', ( #5772 ), #8548, .F. ) ;
#4985 = DIRECTION ( 'NONE',  ( -1.000000000000000000, 0.000000000000000000, -2.618191646955655209E-47 ) ) ;
#4986 = EDGE_LOOP ( 'NONE', ( #4441, #7959, #6800, #6518 ) ) ;
#4987 = COLOUR_RGB ( '',0.7490196078431372584, 0.7490196078431372584, 0.7490196078431372584 ) ;
#4988 = CARTESIAN_POINT ( 'NONE',  ( 605.8136477417558581, 38.53196748950534101, 1239.954521616231432 ) ) ;
#4989 = CARTESIAN_POINT ( 'NONE',  ( 609.8349986851952735, -21.40557066085921534, 1193.651294942964114 ) ) ;
#4990 = VERTEX_POINT ( 'NONE', #4444 ) ;
#4991 = CARTESIAN_POINT ( 'NONE',  ( 604.7239758782718582, 38.55373044686896833, 1237.147974170528641 ) ) ;
#4992 = CARTESIAN_POINT ( 'NONE',  ( 607.4426212710525306, -22.60442563405745986, 1191.212727924493947 ) ) ;
#4993 = SURFACE_SIDE_STYLE ('',( #2303 ) ) ;
#4994 = CARTESIAN_POINT ( 'NONE',  ( 634.9999999999997726, 2.775557561562892613E-14, 1209.999999999999773 ) ) ;
#4995 = MECHANICAL_DESIGN_GEOMETRIC_PRESENTATION_REPRESENTATION (  '', ( #4839 ), #3683 ) ;
#4996 = ORIENTED_EDGE ( 'NONE', *, *, #50, .T. ) ;
#4997 =( LENGTH_UNIT ( ) NAMED_UNIT ( * ) SI_UNIT ( .MILLI., .METRE. ) );
#4998 =( GEOMETRIC_REPRESENTATION_CONTEXT ( 3 ) GLOBAL_UNCERTAINTY_ASSIGNED_CONTEXT ( ( #4547 ) ) GLOBAL_UNIT_ASSIGNED_CONTEXT ( ( #8221, #3511, #5467 ) ) REPRESENTATION_CONTEXT ( 'NONE', 'WORKASPACE' ) );
#4999 = AXIS2_PLACEMENT_3D ( 'NONE', #1027, #3817, #6653 ) ;
#5000 = CIRCLE ( 'NONE', #8592, 48.51295553591383936 ) ;
#5001 = CARTESIAN_POINT ( 'NONE',  ( 606.9807304327131305, -22.81968974384945525, 1189.962304004688349 ) ) ;
#5002 = CARTESIAN_POINT ( 'NONE',  ( 606.2089299211692150, -6.625463431870785236, 1196.506602977833836 ) ) ;
#5003 = DIRECTION ( 'NONE',  ( 0.000000000000000000, -1.000000000000000000, 0.000000000000000000 ) ) ;
#5004 = ORIENTED_EDGE ( 'NONE', *, *, #4197, .F. ) ;
#5005 = AXIS2_PLACEMENT_3D ( 'NONE', #2440, #1712, #7859 ) ;
#5006 = MECHANICAL_DESIGN_GEOMETRIC_PRESENTATION_REPRESENTATION (  '', ( #3846 ), #3266 ) ;
#5007 = DIRECTION ( 'NONE',  ( 1.000000000000000000, 0.000000000000000000, 2.618191646955655209E-47 ) ) ;
#5008 = AXIS2_PLACEMENT_3D ( 'NONE', #1338, #829, #148 ) ;
#5009 = CARTESIAN_POINT ( 'NONE',  ( 607.4999999999997726, 39.48272485508043417, 1242.937253933193688 ) ) ;
#5010 = UNCERTAINTY_MEASURE_WITH_UNIT (LENGTH_MEASURE( 1.000000000000000082E-05 ), #8503, 'distance_accuracy_value', 'NONE');
#5011 = ORIENTED_EDGE ( 'NONE', *, *, #2290, .F. ) ;
#5012 = FILL_AREA_STYLE_COLOUR ( '', #6571 ) ;
#5013 = CARTESIAN_POINT ( 'NONE',  ( 607.5211497048304636, 24.01348377285824043, 1265.988634886023647 ) ) ;
#5014 = CARTESIAN_POINT ( 'NONE',  ( 603.5523538966149317, 50.27266050782243667, 1230.085832237799650 ) ) ;
#5015 = VECTOR ( 'NONE', #2866, 1000.000000000000000 ) ;
#5016 = FILL_AREA_STYLE ('',( #8515 ) ) ;
#5017 = FACE_OUTER_BOUND ( 'NONE', #1761, .T. ) ;
#5018 =( NAMED_UNIT ( * ) PLANE_ANGLE_UNIT ( ) SI_UNIT ( $, .RADIAN. ) );
#5019 =( NAMED_UNIT ( * ) SI_UNIT ( $, .STERADIAN. ) SOLID_ANGLE_UNIT ( ) );
#5020 = FACE_OUTER_BOUND ( 'NONE', #376, .T. ) ;
#5021 = DIRECTION ( 'NONE',  ( 1.000000000000000000, -3.732113731436789969E-16, 1.045086722461000084E-15 ) ) ;
#5022 = AXIS2_PLACEMENT_3D ( 'NONE', #2449, #4345, #5814 ) ;
#5023 = SURFACE_SIDE_STYLE ('',( #6364 ) ) ;
#5024 = CARTESIAN_POINT ( 'NONE',  ( 607.3481602318167916, 38.50453282218855122, 1229.419056288017600 ) ) ;
#5025 = DIRECTION ( 'NONE',  ( 0.000000000000000000, 0.000000000000000000, -1.000000000000000000 ) ) ;
#5026 = UNCERTAINTY_MEASURE_WITH_UNIT (LENGTH_MEASURE( 1.000000000000000082E-05 ), #5314, 'distance_accuracy_value', 'NONE');
#5027 = DIRECTION ( 'NONE',  ( 0.000000000000000000, 0.000000000000000000, -1.000000000000000000 ) ) ;
#5028 = ORIENTED_EDGE ( 'NONE', *, *, #690, .F. ) ;
#5029 = DIRECTION ( 'NONE',  ( 1.000000000000000000, 0.000000000000000000, 2.618191646955655209E-47 ) ) ;
#5030 =( LENGTH_UNIT ( ) NAMED_UNIT ( * ) SI_UNIT ( .MILLI., .METRE. ) );
#5031 =( NAMED_UNIT ( * ) PLANE_ANGLE_UNIT ( ) SI_UNIT ( $, .RADIAN. ) );
#5033 = EDGE_CURVE ( 'NONE', #380, #3960, #849, .T. ) ;
#5032 = ORIENTED_EDGE ( 'NONE', *, *, #1628, .F. ) ;
#5034 = EDGE_CURVE ( 'NONE', #5925, #3540, #4692, .T. ) ;
#5035 = AXIS2_PLACEMENT_3D ( 'NONE', #7908, #3102, #8590 ) ;
#5036 = FACE_OUTER_BOUND ( 'NONE', #2531, .T. ) ;
#5037 = CARTESIAN_POINT ( 'NONE',  ( 605.3031392863442761, -19.92410079093983200, 1186.456113919167365 ) ) ;
#5038 = EDGE_CURVE ( 'NONE', #4157, #8671, #8878, .T. ) ;
#5039 = SURFACE_SIDE_STYLE ('',( #6918 ) ) ;
#5040 = EDGE_LOOP ( 'NONE', ( #8450, #1262 ) ) ;
#5041 = SURFACE_SIDE_STYLE ('',( #5715 ) ) ;
#5042 = CARTESIAN_POINT ( 'NONE',  ( 603.4999999999997726, -6.591949208711866959E-14, 1234.999999999999545 ) ) ;
#5043 = CARTESIAN_POINT ( 'NONE',  ( 607.4999999999997726, -25.27476584857636510, 1196.212269241876584 ) ) ;
#5044 = AXIS2_PLACEMENT_3D ( 'NONE', #3640, #220, #2311 ) ;
#5045 = FILL_AREA_STYLE_COLOUR ( '', #5465 ) ;
#5046 =( NAMED_UNIT ( * ) SI_UNIT ( $, .STERADIAN. ) SOLID_ANGLE_UNIT ( ) );
#5048 = EDGE_CURVE ( 'NONE', #7303, #1868, #2930, .T. ) ;
#5047 = ORIENTED_EDGE ( 'NONE', *, *, #1867, .F. ) ;
#5049 = FILL_AREA_STYLE_COLOUR ( '', #7835 ) ;
#5050 = DIRECTION ( 'NONE',  ( 0.000000000000000000, 0.9983374403816100973, 0.05763987449929959539 ) ) ;
#5051 = PRESENTATION_LAYER_ASSIGNMENT (  '', '', ( #587 ) ) ;
#5052 = EDGE_CURVE ( 'NONE', #4937, #6661, #813, .T. ) ;
#5053 = SURFACE_STYLE_USAGE ( .BOTH. , #6302 ) ;
#5054 = CARTESIAN_POINT ( 'NONE',  ( 607.4999999999997726, -4.657394203157376289, 1194.980521252314475 ) ) ;
#5055 = DIRECTION ( 'NONE',  ( 0.000000000000000000, -1.000000000000000000, 0.000000000000000000 ) ) ;
#5056 = CARTESIAN_POINT ( 'NONE',  ( 624.2999999999998408, -17.57949611168771398, 1201.807822239720508 ) ) ;
#5057 = DIRECTION ( 'NONE',  ( 1.000000000000000000, -1.109265194285483964E-15, -3.199555054770554946E-17 ) ) ;
#5058 = ORIENTED_EDGE ( 'NONE', *, *, #5534, .T. ) ;
#5059 = AXIS2_PLACEMENT_3D ( 'NONE', #1968, #5951, #8654 ) ;
#5060 = CARTESIAN_POINT ( 'NONE',  ( 594.4999999999997726, -11.43362879187326620, 1199.810908897079571 ) ) ;
#5061 = ADVANCED_FACE ( 'NONE', ( #2398 ), #7717, .F. ) ;
#5062 = CARTESIAN_POINT ( 'NONE',  ( 604.5727400880617779, 50.51659685510834663, 1233.604053640680377 ) ) ;
#5063 = ORIENTED_EDGE ( 'NONE', *, *, #5534, .F. ) ;
#5064 = CARTESIAN_POINT ( 'NONE',  ( 624.9999999999998863, -6.591949208711866959E-14, 1234.999999999999545 ) ) ;
#5065 = CARTESIAN_POINT ( 'NONE',  ( 608.3986500134293465, 36.99999999999993605, 1225.973491580877862 ) ) ;
#5066 =( GEOMETRIC_REPRESENTATION_CONTEXT ( 3 ) GLOBAL_UNCERTAINTY_ASSIGNED_CONTEXT ( ( #6452 ) ) GLOBAL_UNIT_ASSIGNED_CONTEXT ( ( #129, #3563, #8881 ) ) REPRESENTATION_CONTEXT ( 'NONE', 'WORKASPACE' ) );
#5067 = CIRCLE ( 'NONE', #6495, 4.000000000000003553 ) ;
#5068 =( NAMED_UNIT ( * ) PLANE_ANGLE_UNIT ( ) SI_UNIT ( $, .RADIAN. ) );
#5069 = CARTESIAN_POINT ( 'NONE',  ( 605.7033103531441611, 39.53227392212590985, 1229.052385456319143 ) ) ;
#5070 = CARTESIAN_POINT ( 'NONE',  ( 634.9999999999997726, 22.86100198691064023, 1232.861001986910424 ) ) ;
#5071 = LINE ( 'NONE', #7794, #4598 ) ;
#5072 = DIRECTION ( 'NONE',  ( -1.000000000000000000, 0.000000000000000000, -2.618191646955655209E-47 ) ) ;
#5073 = CARTESIAN_POINT ( 'NONE',  ( 622.4978484524308442, 24.99999999999993605, 1234.999999999999545 ) ) ;
#5074 = CARTESIAN_POINT ( 'NONE',  ( 604.0999999999999091, 40.89543020069158530, 1248.287730758122507 ) ) ;
#5075 = VERTEX_POINT ( 'NONE', #6657 ) ;
#5076 = SURFACE_STYLE_USAGE ( .BOTH. , #3582 ) ;
#5077 = LINE ( 'NONE', #290, #3427 ) ;
#5078 = DIRECTION ( 'NONE',  ( -1.000000000000000000, 0.000000000000000000, 7.549516567451057407E-13 ) ) ;
#5079 = ORIENTED_EDGE ( 'NONE', *, *, #1570, .F. ) ;
#5080 = CYLINDRICAL_SURFACE ( 'NONE', #4110, 31.50000000000008527 ) ;
#5081 = CARTESIAN_POINT ( 'NONE',  ( 604.9247293758822934, -18.96024776132863821, 1186.063662564824654 ) ) ;
#5082 = CARTESIAN_POINT ( 'NONE',  ( 606.9999999999998863, -26.77967845348016596, 1173.985202228288927 ) ) ;
#5083 = COLOUR_RGB ( '',0.7490196078431372584, 0.7490196078431372584, 0.7490196078431372584 ) ;
#5084 = VERTEX_POINT ( 'NONE', #4487 ) ;
#5085 = CARTESIAN_POINT ( 'NONE',  ( 605.3819928648788391, 38.54030419007491304, 1230.802263121641545 ) ) ;
#5086 = PRESENTATION_STYLE_ASSIGNMENT (( #2344 ) ) ;
#5087 = B_SPLINE_CURVE_WITH_KNOTS ( 'NONE', 3,
 ( #6906, #7709, #740, #8328, #2826, #5570, #7033, #6320, #866, #142 ),
 .UNSPECIFIED., .F., .F.,
 ( 4, 2, 2, 2, 4 ),
 ( 7.078608889765663397E-07, 0.0009522422546232500642, 0.001428009451490222211, 0.001665893049923708284, 0.001903776648357194358 ),
 .UNSPECIFIED. ) ;
#5088 =( NAMED_UNIT ( * ) SI_UNIT ( $, .STERADIAN. ) SOLID_ANGLE_UNIT ( ) );
#5089 = CARTESIAN_POINT ( 'NONE',  ( 607.0999999999999091, -40.89543020069157109, 1221.712269241876811 ) ) ;
#5090 = EDGE_CURVE ( 'NONE', #5893, #6432, #8600, .T. ) ;
#5091 = ORIENTED_EDGE ( 'NONE', *, *, #2290, .T. ) ;
#5092 = COLOUR_RGB ( '',0.7490196078431372584, 0.7490196078431372584, 0.7490196078431372584 ) ;
#5093 = DIRECTION ( 'NONE',  ( 1.000000000000000000, 0.000000000000000000, 2.618191646955655209E-47 ) ) ;
#5094 = EDGE_CURVE ( 'NONE', #6333, #7997, #3696, .T. ) ;
#5095 = CARTESIAN_POINT ( 'NONE',  ( 622.2727853570760317, -9.393165149358598143, 1192.712031507771826 ) ) ;
#5096 = MECHANICAL_DESIGN_GEOMETRIC_PRESENTATION_REPRESENTATION (  '', ( #7814 ), #4364 ) ;
#5097 = DIRECTION ( 'NONE',  ( 1.000000000000000000, 3.123522194620004932E-16, 1.064861060188242050E-15 ) ) ;
#5098 = SURFACE_SIDE_STYLE ('',( #4956 ) ) ;
#5099 = DIRECTION ( 'NONE',  ( 0.000000000000000000, 1.776356839400249084E-15, 1.000000000000000000 ) ) ;
#5100 = VERTEX_POINT ( 'NONE', #1079 ) ;
#5101 = EDGE_CURVE ( 'NONE', #4452, #1939, #8047, .T. ) ;
#5102 =( NAMED_UNIT ( * ) PLANE_ANGLE_UNIT ( ) SI_UNIT ( $, .RADIAN. ) );
#5103 = CARTESIAN_POINT ( 'NONE',  ( 607.4564160151294345, 39.48431810754863847, 1242.456550310279226 ) ) ;
#5104 = UNCERTAINTY_MEASURE_WITH_UNIT (LENGTH_MEASURE( 1.000000000000000082E-05 ), #7778, 'distance_accuracy_value', 'NONE');
#5105 = ORIENTED_EDGE ( 'NONE', *, *, #4509, .F. ) ;
#5106 = COLOUR_RGB ( '',0.7490196078431372584, 0.7490196078431372584, 0.7490196078431372584 ) ;
#5107 = B_SPLINE_CURVE_WITH_KNOTS ( 'NONE', 3,
 ( #8679, #4657, #1860, #1766, #5980, #7378, #3153, #2488, #5240, #4569, #7425, #7332 ),
 .UNSPECIFIED., .F., .F.,
 ( 4, 2, 2, 2, 2, 4 ),
 ( 0.0009298566514020891252, 0.001857378202062929997, 0.002321138977393360191, 0.002784899752723790818, 0.003712421303384658144, 0.004639942854045525471 ),
 .UNSPECIFIED. ) ;
#5108 = PRESENTATION_LAYER_ASSIGNMENT (  '', '', ( #5675 ) ) ;
#5109 = FACE_OUTER_BOUND ( 'NONE', #7591, .T. ) ;
#5110 = CARTESIAN_POINT ( 'NONE',  ( 623.9999999999998863, 17.67766952966358218, 1250.177669529663717 ) ) ;
#5111 =( NAMED_UNIT ( * ) PLANE_ANGLE_UNIT ( ) SI_UNIT ( $, .RADIAN. ) );
#5112 = SURFACE_STYLE_FILL_AREA ( #2944 ) ;
#5113 = CARTESIAN_POINT ( 'NONE',  ( 607.0999999999999091, -40.89543020069161372, 1248.287730758122507 ) ) ;
#5114 = CARTESIAN_POINT ( 'NONE',  ( 607.6911933507468575, -7.902699703957615007, 1197.086447154056714 ) ) ;
#5115 = COLOUR_RGB ( '',0.7490196078431372584, 0.7490196078431372584, 0.7490196078431372584 ) ;
#5116 = LINE ( 'NONE', #8568, #1910 ) ;
#5117 = DIRECTION ( 'NONE',  ( 0.000000000000000000, 0.9983374403816100973, 0.05763987449929959539 ) ) ;
#5118 = UNCERTAINTY_MEASURE_WITH_UNIT (LENGTH_MEASURE( 1.000000000000000082E-05 ), #5880, 'distance_accuracy_value', 'NONE');
#5119 = MECHANICAL_DESIGN_GEOMETRIC_PRESENTATION_REPRESENTATION (  '', ( #1074 ), #6404 ) ;
#5120 = COLOUR_RGB ( '',0.7490196078431372584, 0.7490196078431372584, 0.7490196078431372584 ) ;
#5121 = DIRECTION ( 'NONE',  ( 1.000000000000000000, 0.000000000000000000, 2.618191646955655209E-47 ) ) ;
#5122 =( NAMED_UNIT ( * ) PLANE_ANGLE_UNIT ( ) SI_UNIT ( $, .RADIAN. ) );
#5123 = ORIENTED_EDGE ( 'NONE', *, *, #3222, .F. ) ;
#5124 =( NAMED_UNIT ( * ) SI_UNIT ( $, .STERADIAN. ) SOLID_ANGLE_UNIT ( ) );
#5125 = CARTESIAN_POINT ( 'NONE',  ( 607.4999999999997726, 38.04327785582323429, 1224.516770445596649 ) ) ;
#5126 = STYLED_ITEM ( 'NONE', ( #6834 ), #8766 ) ;
#5127 = AXIS2_PLACEMENT_3D ( 'NONE', #12, #2774, #3476 ) ;
#5128 = DIRECTION ( 'NONE',  ( 1.000000000000000000, 0.000000000000000000, 2.618191646955655209E-47 ) ) ;
#5129 = ORIENTED_EDGE ( 'NONE', *, *, #961, .F. ) ;
#5130 = CARTESIAN_POINT ( 'NONE',  ( 603.0156105556097828, 52.41455782370567817, 1231.539249261303439 ) ) ;
#5131 = ADVANCED_FACE ( 'NONE', ( #5194 ), #2581, .F. ) ;
#5132 = AXIS2_PLACEMENT_3D ( 'NONE', #6999, #1568, #6428 ) ;
#5133 = ORIENTED_EDGE ( 'NONE', *, *, #1121, .F. ) ;
#5134 = CONICAL_SURFACE ( 'NONE', #7844, 31.50000000000008527, 0.7853981633974419507 ) ;
#5135 = AXIS2_PLACEMENT_3D ( 'NONE', #4520, #5322, #435 ) ;
#5136 = CARTESIAN_POINT ( 'NONE',  ( 604.5727400880617779, -16.93811080764693244, 1187.387232528159302 ) ) ;
#5137 =( BOUNDED_SURFACE ( )  B_SPLINE_SURFACE ( 3, 2, ( 
 ( #8711, #2697, #5354 ),
 ( #7493, #4070, #4029 ),
 ( #3984, #2559, #5311 ),
 ( #3402, #8070, #1930 ),
 ( #6051, #8800, #6774 ),
 ( #607, #8847, #2020 ),
 ( #1324, #6814, #6270 ),
 ( #4881, #4165, #2194 ),
 ( #4830, #8237, #6987 ),
 ( #7580, #8327, #4925 ),
 ( #6147, #1425, #8893 ),
 ( #4784, #5656, #2743 ) ),
 .UNSPECIFIED., .F., .F., .T. ) 
 B_SPLINE_SURFACE_WITH_KNOTS ( ( 4, 2, 2, 2, 2, 4 ),
 ( 3, 3 ),
 ( 0.01653064238658936633, 0.01763333465709258224, 0.01818468079234418847, 0.01873602692759579469, 0.01983871919809900713, 0.02094141146860221958 ),
 ( 0.000000000000000000, 1.000000000000000000 ),
 .UNSPECIFIED. ) 
 GEOMETRIC_REPRESENTATION_ITEM ( )  RATIONAL_B_SPLINE_SURFACE ( (
 ( 1.000000000000000000, 0.7073612816773818812, 1.000000000000000000),
 ( 1.000000000000000000, 0.7081308736643054935, 1.000000000000000000),
 ( 1.000000000000000000, 0.7088740845125481860, 1.000000000000000000),
 ( 1.000000000000000000, 0.7099269835622835645, 1.000000000000000000),
 ( 1.000000000000000000, 0.7102650932146424845, 1.000000000000000000),
 ( 1.000000000000000000, 0.7108954730114646070, 1.000000000000000000),
 ( 1.000000000000000000, 0.7111910441272999428, 1.000000000000000000),
 ( 1.000000000000000000, 0.7120155555787471835, 1.000000000000000000),
 ( 1.000000000000000000, 0.7124556998321643908, 1.000000000000000000),
 ( 1.000000000000000000, 0.7130750438923511014, 1.000000000000000000),
 ( 1.000000000000000000, 0.7132285907640724121, 1.000000000000000000),
 ( 1.000000000000000000, 0.7132522140384719433, 1.000000000000000000) ) ) 
 REPRESENTATION_ITEM ( '' )  SURFACE ( )  );
#5138 = CARTESIAN_POINT ( 'NONE',  ( 607.0999999999999091, 40.89543020069152846, 1248.287730758122507 ) ) ;
#5139 = CARTESIAN_POINT ( 'NONE',  ( 606.3861829328963040, -20.88010190399687716, 1189.658795688443661 ) ) ;
#5140 = CARTESIAN_POINT ( 'NONE',  ( 623.9999999999998863, -25.00000000000006750, 1234.999999999999545 ) ) ;
#5141 = CARTESIAN_POINT ( 'NONE',  ( 622.4978484524308442, -17.67766952966396943, 1252.677669529663717 ) ) ;
#5142 = COLOUR_RGB ( '',0.7490196078431372584, 0.7490196078431372584, 0.7490196078431372584 ) ;
#5143 = ORIENTED_EDGE ( 'NONE', *, *, #6294, .T. ) ;
#5144 = STYLED_ITEM ( 'NONE', ( #5792 ), #2566 ) ;
#5145 = CYLINDRICAL_SURFACE ( 'NONE', #7681, 8.000000000000007105 ) ;
#5146 = PRESENTATION_LAYER_ASSIGNMENT (  '', '', ( #91 ) ) ;
#5147 = EDGE_CURVE ( 'NONE', #5903, #706, #6996, .T. ) ;
#5148 = SURFACE_SIDE_STYLE ('',( #2975 ) ) ;
#5149 = STYLED_ITEM ( 'NONE', ( #4068 ), #2737 ) ;
#5150 = LINE ( 'NONE', #7373, #4418 ) ;
#5151 = ORIENTED_EDGE ( 'NONE', *, *, #4743, .F. ) ;
#5152 = SURFACE_STYLE_FILL_AREA ( #2405 ) ;
#5153 = PRESENTATION_LAYER_ASSIGNMENT (  '', '', ( #8589 ) ) ;
#5154 = ADVANCED_FACE ( 'NONE', ( #6709 ), #8006, .F. ) ;
#5155 =( LENGTH_UNIT ( ) NAMED_UNIT ( * ) SI_UNIT ( .MILLI., .METRE. ) );
#5156 = ORIENTED_EDGE ( 'NONE', *, *, #6394, .T. ) ;
#5157 = PRESENTATION_LAYER_ASSIGNMENT (  '', '', ( #2717 ) ) ;
#5158 = CARTESIAN_POINT ( 'NONE',  ( 607.5000000000001137, 24.46333878482271018, 1265.867849404346771 ) ) ;
#5159 = EDGE_CURVE ( 'NONE', #2016, #7339, #8023, .T. ) ;
#5160 = STYLED_ITEM ( 'NONE', ( #8911 ), #5223 ) ;
#5161 = PRESENTATION_LAYER_ASSIGNMENT (  '', '', ( #5722 ) ) ;
#5162 = FACE_OUTER_BOUND ( 'NONE', #8730, .T. ) ;
#5163 = CARTESIAN_POINT ( 'NONE',  ( 602.3999999999998636, -5.960759970555706217E-14, 1286.540512627446105 ) ) ;
#5164 =( NAMED_UNIT ( * ) PLANE_ANGLE_UNIT ( ) SI_UNIT ( $, .RADIAN. ) );
#5165 = VECTOR ( 'NONE', #2653, 1000.000000000000000 ) ;
#5166 = DIRECTION ( 'NONE',  ( 1.000000000000000000, 0.000000000000000000, 2.618191646955655209E-47 ) ) ;
#5167 = CARTESIAN_POINT ( 'NONE',  ( 607.4999999999997726, 21.72616315871143655, 1202.058188782236812 ) ) ;
#5168 =( LENGTH_UNIT ( ) NAMED_UNIT ( * ) SI_UNIT ( .MILLI., .METRE. ) );
#5169 =( GEOMETRIC_REPRESENTATION_CONTEXT ( 3 ) GLOBAL_UNCERTAINTY_ASSIGNED_CONTEXT ( ( #4821 ) ) GLOBAL_UNIT_ASSIGNED_CONTEXT ( ( #7770, #3014, #6336 ) ) REPRESENTATION_CONTEXT ( 'NONE', 'WORKASPACE' ) );
#5170 = STYLED_ITEM ( 'NONE', ( #8631 ), #4806 ) ;
#5171 = AXIS2_PLACEMENT_3D ( 'NONE', #3315, #8665, #8031 ) ;
#5172 = FILL_AREA_STYLE ('',( #3449 ) ) ;
#5173 = CARTESIAN_POINT ( 'NONE',  ( 634.4749999999997954, 17.67766952966358218, 1252.677669529663717 ) ) ;
#5174 = ORIENTED_EDGE ( 'NONE', *, *, #7824, .F. ) ;
#5175 = CARTESIAN_POINT ( 'NONE',  ( 604.0999999999999091, 0.9991355369590212421, 1189.437925024752985 ) ) ;
#5176 = COLOUR_RGB ( '',0.7490196078431372584, 0.7490196078431372584, 0.7490196078431372584 ) ;
#5177 = ORIENTED_EDGE ( 'NONE', *, *, #7712, .F. ) ;
#5178 = EDGE_CURVE ( 'NONE', #623, #6349, #8215, .T. ) ;
#5179 = FILL_AREA_STYLE ('',( #5966 ) ) ;
#5180 = PRESENTATION_LAYER_ASSIGNMENT (  '', '', ( #4874 ) ) ;
#5181 = PRESENTATION_STYLE_ASSIGNMENT (( #5887 ) ) ;
#5182 = ORIENTED_EDGE ( 'NONE', *, *, #511, .T. ) ;
#5183 = CARTESIAN_POINT ( 'NONE',  ( 614.4999999999997726, -13.37034721763826539, 1193.850302481958579 ) ) ;
#5184 =( NAMED_UNIT ( * ) SI_UNIT ( $, .STERADIAN. ) SOLID_ANGLE_UNIT ( ) );
#5185 = DIRECTION ( 'NONE',  ( 1.000000000000000000, -3.732113731436789969E-16, 1.045086722461000084E-15 ) ) ;
#5186 = CARTESIAN_POINT ( 'NONE',  ( 607.5896323794340788, 38.49999825966460065, 1229.093975535166464 ) ) ;
#5187 = VERTEX_POINT ( 'NONE', #3506 ) ;
#5188 = UNCERTAINTY_MEASURE_WITH_UNIT (LENGTH_MEASURE( 1.000000000000000082E-05 ), #7921, 'distance_accuracy_value', 'NONE');
#5189 = CARTESIAN_POINT ( 'NONE',  ( 607.4999999999998863, 48.46895442059449266, 1242.987127340001280 ) ) ;
#5190 = DIRECTION ( 'NONE',  ( 0.000000000000000000, 0.000000000000000000, -1.000000000000000000 ) ) ;
#5191 = SURFACE_STYLE_FILL_AREA ( #1810 ) ;
#5192 = PRESENTATION_LAYER_ASSIGNMENT (  '', '', ( #8629 ) ) ;
#5193 = DIRECTION ( 'NONE',  ( 0.000000000000000000, -0.7071067811865530128, -0.7071067811865419106 ) ) ;
#5194 = FACE_OUTER_BOUND ( 'NONE', #2749, .T. ) ;
#5195 = UNCERTAINTY_MEASURE_WITH_UNIT (LENGTH_MEASURE( 1.000000000000000082E-05 ), #4862, 'distance_accuracy_value', 'NONE');
#5196 = SURFACE_STYLE_FILL_AREA ( #6619 ) ;
#5197 = DIRECTION ( 'NONE',  ( -1.000000000000000000, -0.000000000000000000, -2.618191646955655209E-47 ) ) ;
#5198 =( NAMED_UNIT ( * ) PLANE_ANGLE_UNIT ( ) SI_UNIT ( $, .RADIAN. ) );
#5199 = ORIENTED_EDGE ( 'NONE', *, *, #1522, .T. ) ;
#5200 = CARTESIAN_POINT ( 'NONE',  ( 606.0268390423433402, 51.11420570512725448, 1227.765503980847143 ) ) ;
#5201 = STYLED_ITEM ( 'NONE', ( #3904 ), #6359 ) ;
#5202 = CARTESIAN_POINT ( 'NONE',  ( 634.4749999999997954, -25.00000000000006750, 1234.999999999999545 ) ) ;
#5203 = PRESENTATION_STYLE_ASSIGNMENT (( #1086 ) ) ;
#5204 = VERTEX_POINT ( 'NONE', #4045 ) ;
#5205 = AXIS2_PLACEMENT_3D ( 'NONE', #4994, #7009, #5767 ) ;
#5206 = EDGE_CURVE ( 'NONE', #8725, #3595, #5543, .T. ) ;
#5207 = FILL_AREA_STYLE_COLOUR ( '', #828 ) ;
#5208 = PLANE ( 'NONE',  #8470 ) ;
#5209 = CARTESIAN_POINT ( 'NONE',  ( 608.4857141538060432, 38.48304821232801487, 1227.411034944858329 ) ) ;
#5210 = SURFACE_SIDE_STYLE ('',( #3169 ) ) ;
#5211 = SURFACE_SIDE_STYLE ('',( #2465 ) ) ;
#5212 = EDGE_CURVE ( 'NONE', #8671, #4157, #2431, .T. ) ;
#5213 =( NAMED_UNIT ( * ) SI_UNIT ( $, .STERADIAN. ) SOLID_ANGLE_UNIT ( ) );
#5214 = UNCERTAINTY_MEASURE_WITH_UNIT (LENGTH_MEASURE( 1.000000000000000082E-05 ), #3167, 'distance_accuracy_value', 'NONE');
#5215 = STYLED_ITEM ( 'NONE', ( #2868 ), #6738 ) ;
#5216 = DIRECTION ( 'NONE',  ( -1.000000000000000000, -8.786078806946700055E-16, -6.778946662198249905E-16 ) ) ;
#5217 = PRESENTATION_LAYER_ASSIGNMENT (  '', '', ( #3193 ) ) ;
#5218 = SURFACE_STYLE_FILL_AREA ( #2469 ) ;
#5219 = EDGE_LOOP ( 'NONE', ( #6329, #4890, #747, #43 ) ) ;
#5220 = FACE_OUTER_BOUND ( 'NONE', #8078, .T. ) ;
#5221 = AXIS2_PLACEMENT_3D ( 'NONE', #1771, #403, #6622 ) ;
#5222 = CARTESIAN_POINT ( 'NONE',  ( 608.9607345775378917, -19.50890015994686877, 1202.434723616991732 ) ) ;
#5223 = ADVANCED_FACE ( 'NONE', ( #5591 ), #3562, .T. ) ;
#5224 = ORIENTED_EDGE ( 'NONE', *, *, #6184, .F. ) ;
#5225 = AXIS2_PLACEMENT_3D ( 'NONE', #6766, #5390, #3350 ) ;
#5226 = CARTESIAN_POINT ( 'NONE',  ( 620.1836605872853170, 48.03650030224896739, 1235.357585614636946 ) ) ;
#5227 = B_SPLINE_CURVE_WITH_KNOTS ( 'NONE', 3,
 ( #6955, #3546, #8340, #2205, #7677, #154, #2919, #5670 ),
 .UNSPECIFIED., .F., .F.,
 ( 4, 2, 2, 4 ),
 ( -8.164966075354193218E-06, 0.001148324524716263758, 0.001726569270112072747, 0.002304814015507881952 ),
 .UNSPECIFIED. ) ;
#5228 = SURFACE_SIDE_STYLE ('',( #7279 ) ) ;
#5229 = VERTEX_POINT ( 'NONE', #4086 ) ;
#5230 = SURFACE_SIDE_STYLE ('',( #3936 ) ) ;
#5231 = COLOUR_RGB ( '',0.7490196078431372584, 0.7490196078431372584, 0.7490196078431372584 ) ;
#5232 = DIRECTION ( 'NONE',  ( 0.000000000000000000, 0.5877852522924552625, -0.8090169943749604409 ) ) ;
#5233 = PRESENTATION_STYLE_ASSIGNMENT (( #4652 ) ) ;
#5234 = DIRECTION ( 'NONE',  ( 1.000000000000000000, 0.000000000000000000, 2.618191646955655209E-47 ) ) ;
#5235 = ORIENTED_EDGE ( 'NONE', *, *, #7937, .T. ) ;
#5236 = DIRECTION ( 'NONE',  ( -0.9996573249755572599, 0.000000000000000000, -0.02617694830787320459 ) ) ;
#5237 = CIRCLE ( 'NONE', #6652, 1.999999999999974687 ) ;
#5238 = CARTESIAN_POINT ( 'NONE',  ( 607.4999999999997726, 40.89543020069133661, 1248.287730758123644 ) ) ;
#5239 =( GEOMETRIC_REPRESENTATION_CONTEXT ( 3 ) GLOBAL_UNCERTAINTY_ASSIGNED_CONTEXT ( ( #699 ) ) GLOBAL_UNIT_ASSIGNED_CONTEXT ( ( #2238, #3444, #1514 ) ) REPRESENTATION_CONTEXT ( 'NONE', 'WORKASPACE' ) );
#5240 = CARTESIAN_POINT ( 'NONE',  ( 607.5581939768547954, 36.93451183415194805, 1247.650790973896846 ) ) ;
#5241 = SURFACE_STYLE_FILL_AREA ( #3949 ) ;
#5242 = CARTESIAN_POINT ( 'NONE',  ( 604.0999999999999091, -2.350887694229761094E-13, 1277.999999999999545 ) ) ;
#5243 = CIRCLE ( 'NONE', #5526, 2.750000000000007105 ) ;
#5244 = SURFACE_STYLE_USAGE ( .BOTH. , #3156 ) ;
#5245 = VERTEX_POINT ( 'NONE', #6959 ) ;
#5246 = CARTESIAN_POINT ( 'NONE',  ( 604.8391247790234502, 51.90207265140302439, 1228.662293372698969 ) ) ;
#5247 = VERTEX_POINT ( 'NONE', #3053 ) ;
#5248 =( NAMED_UNIT ( * ) SI_UNIT ( $, .STERADIAN. ) SOLID_ANGLE_UNIT ( ) );
#5249 =( NAMED_UNIT ( * ) PLANE_ANGLE_UNIT ( ) SI_UNIT ( $, .RADIAN. ) );
#5250 = ADVANCED_FACE ( 'NONE', ( #260 ), #822, .F. ) ;
#5251 = SURFACE_STYLE_FILL_AREA ( #1959 ) ;
#5252 =( NAMED_UNIT ( * ) SI_UNIT ( $, .STERADIAN. ) SOLID_ANGLE_UNIT ( ) );
#5253 = CARTESIAN_POINT ( 'NONE',  ( 607.5726731305876456, -6.591040784099759592E-14, 1273.999999999999545 ) ) ;
#5254 = DIRECTION ( 'NONE',  ( 0.000000000000000000, 1.000000000000000000, 0.000000000000000000 ) ) ;
#5255 = FACE_OUTER_BOUND ( 'NONE', #4817, .T. ) ;
#5256 = COLOUR_RGB ( '',0.7490196078431372584, 0.7490196078431372584, 0.7490196078431372584 ) ;
#5257 = DIRECTION ( 'NONE',  ( 1.000000000000000000, 0.000000000000000000, 0.000000000000000000 ) ) ;
#5258 = DIRECTION ( 'NONE',  ( 1.000000000000000000, 0.000000000000000000, 0.000000000000000000 ) ) ;
#5259 = ORIENTED_EDGE ( 'NONE', *, *, #8051, .T. ) ;
#5260 = AXIS2_PLACEMENT_3D ( 'NONE', #7076, #3832, #7115 ) ;
#5261 = AXIS2_PLACEMENT_3D ( 'NONE', #5825, #6499, #8514 ) ;
#5262 = LINE ( 'NONE', #4027, #6510 ) ;
#5263 = PRESENTATION_STYLE_ASSIGNMENT (( #4595 ) ) ;
#5264 = CARTESIAN_POINT ( 'NONE',  ( 607.4999999999997726, -24.61577057861426354, 1265.842388537963643 ) ) ;
#5265 = SURFACE_STYLE_USAGE ( .BOTH. , #8071 ) ;
#5266 = ORIENTED_EDGE ( 'NONE', *, *, #1748, .T. ) ;
#5267 = MECHANICAL_DESIGN_GEOMETRIC_PRESENTATION_REPRESENTATION (  '', ( #3377 ), #4656 ) ;
#5268 = VECTOR ( 'NONE', #4953, 1000.000000000000000 ) ;
#5269 =( NAMED_UNIT ( * ) SI_UNIT ( $, .STERADIAN. ) SOLID_ANGLE_UNIT ( ) );
#5270 = DIRECTION ( 'NONE',  ( 0.000000000000000000, 0.000000000000000000, -1.000000000000000000 ) ) ;
#5271 = EDGE_CURVE ( 'NONE', #2008, #4452, #6448, .T. ) ;
#5272 = SURFACE_STYLE_USAGE ( .BOTH. , #7902 ) ;
#5273 = ORIENTED_EDGE ( 'NONE', *, *, #1117, .F. ) ;
#5274 = EDGE_CURVE ( 'NONE', #6951, #6736, #7798, .T. ) ;
#5275 = COLOUR_RGB ( '',0.7490196078431372584, 0.7490196078431372584, 0.7490196078431372584 ) ;
#5276 = SURFACE_STYLE_USAGE ( .BOTH. , #3807 ) ;
#5277 = SURFACE_STYLE_USAGE ( .BOTH. , #8672 ) ;
#5278 = DIRECTION ( 'NONE',  ( 1.000000000000000000, 0.000000000000000000, 0.000000000000000000 ) ) ;
#5279 =( GEOMETRIC_REPRESENTATION_CONTEXT ( 3 ) GLOBAL_UNCERTAINTY_ASSIGNED_CONTEXT ( ( #8064 ) ) GLOBAL_UNIT_ASSIGNED_CONTEXT ( ( #4106, #7521, #6803 ) ) REPRESENTATION_CONTEXT ( 'NONE', 'WORKASPACE' ) );
#5280 = CARTESIAN_POINT ( 'NONE',  ( 607.5216127922814167, 1.217812860413754139, 1195.822523584972032 ) ) ;
#5281 = ORIENTED_EDGE ( 'NONE', *, *, #6647, .T. ) ;
#5282 = STYLED_ITEM ( 'NONE', ( #4293 ), #535 ) ;
#5283 = PRESENTATION_STYLE_ASSIGNMENT (( #8727 ) ) ;
#5284 = CARTESIAN_POINT ( 'NONE',  ( 606.7013371586980384, 38.51943657427601408, 1233.178589887514590 ) ) ;
#5285 = AXIS2_PLACEMENT_3D ( 'NONE', #1986, #8806, #6196 ) ;
#5286 = LINE ( 'NONE', #7239, #1357 ) ;
#5287 = ORIENTED_EDGE ( 'NONE', *, *, #6823, .F. ) ;
#5288 = PRESENTATION_STYLE_ASSIGNMENT (( #2661 ) ) ;
#5289 = DIRECTION ( 'NONE',  ( 1.000000000000000000, 0.000000000000000000, 2.618191646955655209E-47 ) ) ;
#5290 = SURFACE_SIDE_STYLE ('',( #4530 ) ) ;
#5291 = AXIS2_PLACEMENT_3D ( 'NONE', #4132, #6879, #4494 ) ;
#5292 = CARTESIAN_POINT ( 'NONE',  ( 604.0999999999999091, -40.89543020069176293, 1252.287730758122507 ) ) ;
#5293 = ORIENTED_EDGE ( 'NONE', *, *, #6121, .T. ) ;
#5294 = CARTESIAN_POINT ( 'NONE',  ( 606.7844716558178106, 50.23298239883009586, 1227.312148218783705 ) ) ;
#5295 =( LENGTH_UNIT ( ) NAMED_UNIT ( * ) SI_UNIT ( .MILLI., .METRE. ) );
#5296 = ORIENTED_EDGE ( 'NONE', *, *, #6125, .F. ) ;
#5297 = AXIS2_PLACEMENT_3D ( 'NONE', #140, #5785, #999 ) ;
#5298 = CARTESIAN_POINT ( 'NONE',  ( 614.4999999999997726, 38.99999999999993605, 1242.499999999999773 ) ) ;
#5299 = SURFACE_SIDE_STYLE ('',( #4723 ) ) ;
#5300 = FILL_AREA_STYLE ('',( #7392 ) ) ;
#5301 = CARTESIAN_POINT ( 'NONE',  ( 607.4999999999997726, 1.785875599640978972, 1274.420803394250470 ) ) ;
#5302 = COLOUR_RGB ( '',0.7490196078431372584, 0.7490196078431372584, 0.7490196078431372584 ) ;
#5303 = CARTESIAN_POINT ( 'NONE',  ( 604.0999999999999091, 22.96049833377463401, 1201.697754304047976 ) ) ;
#5304 = SURFACE_STYLE_FILL_AREA ( #502 ) ;
#5305 = UNCERTAINTY_MEASURE_WITH_UNIT (LENGTH_MEASURE( 1.000000000000000082E-05 ), #5295, 'distance_accuracy_value', 'NONE');
#5306 =( GEOMETRIC_REPRESENTATION_CONTEXT ( 3 ) GLOBAL_UNCERTAINTY_ASSIGNED_CONTEXT ( ( #6179 ) ) GLOBAL_UNIT_ASSIGNED_CONTEXT ( ( #3379, #6885, #37 ) ) REPRESENTATION_CONTEXT ( 'NONE', 'WORKASPACE' ) );
#5307 = CARTESIAN_POINT ( 'NONE',  ( 605.2849809702865969, -9.592362337846500608, 1183.789242437695520 ) ) ;
#5308 = PRESENTATION_LAYER_ASSIGNMENT (  '', '', ( #1706 ) ) ;
#5309 = EDGE_LOOP ( 'NONE', ( #7695, #3445, #7832, #3293 ) ) ;
#5310 = CARTESIAN_POINT ( 'NONE',  ( 605.9733845733351245, 49.97098707390335193, 1240.226883404662203 ) ) ;
#5311 = CARTESIAN_POINT ( 'NONE',  ( 606.1876592837234057, 39.51944001524476846, 1241.043008069207644 ) ) ;
#5312 = CARTESIAN_POINT ( 'NONE',  ( 634.9999999999997726, -17.67766952966371719, 1220.347330470335919 ) ) ;
#5313 = CIRCLE ( 'NONE', #8605, 4.000000000000003553 ) ;
#5314 =( LENGTH_UNIT ( ) NAMED_UNIT ( * ) SI_UNIT ( .MILLI., .METRE. ) );
#5315 = ORIENTED_EDGE ( 'NONE', *, *, #6061, .T. ) ;
#5316 = VECTOR ( 'NONE', #3006, 1000.000000000000000 ) ;
#5317 = CARTESIAN_POINT ( 'NONE',  ( 617.3775495780080291, 48.25264363156790637, 1235.181040074208795 ) ) ;
#5318 = LINE ( 'NONE', #5359, #4838 ) ;
#5319 = ORIENTED_EDGE ( 'NONE', *, *, #3599, .F. ) ;
#5320 = CARTESIAN_POINT ( 'NONE',  ( 606.9999999999998863, 47.85924001516893611, 1241.614378277661672 ) ) ;
#5321 = SURFACE_STYLE_FILL_AREA ( #5928 ) ;
#5322 = DIRECTION ( 'NONE',  ( -1.000000000000000000, -1.109265194285485936E-15, -3.199555054769799982E-17 ) ) ;
#5323 = ADVANCED_FACE ( 'NONE', ( #1574, #5630 ), #4943, .T. ) ;
#5324 = EDGE_CURVE ( 'NONE', #5347, #7003, #7186, .T. ) ;
#5325 = B_SPLINE_CURVE_WITH_KNOTS ( 'NONE', 3,
 ( #3103, #4521, #3857, #3149, #1066, #3812, #5186, #6972 ),
 .UNSPECIFIED., .F., .F.,
 ( 4, 2, 2, 4 ),
 ( 0.003604269583085425218, 0.004205387056338712008, 0.004505945792965686952, 0.004806504529592662764 ),
 .UNSPECIFIED. ) ;
#5326 = EDGE_LOOP ( 'NONE', ( #8035, #4899, #1087, #6160 ) ) ;
#5327 = EDGE_CURVE ( 'NONE', #4661, #2119, #7447, .T. ) ;
#5328 = DIRECTION ( 'NONE',  ( 1.000000000000000000, 0.000000000000000000, 0.000000000000000000 ) ) ;
#5329 = CARTESIAN_POINT ( 'NONE',  ( 607.3246674357862958, 38.50707354260558901, 1231.443139150544312 ) ) ;
#5330 = FACE_OUTER_BOUND ( 'NONE', #5326, .T. ) ;
#5331 = EDGE_LOOP ( 'NONE', ( #172, #8551, #594, #8191 ) ) ;
#5332 = CARTESIAN_POINT ( 'NONE',  ( 611.5222185564570054, 36.99999999999993605, 1226.809042330483635 ) ) ;
#5333 = CARTESIAN_POINT ( 'NONE',  ( 607.4999999999997726, -25.27476584857656761, 1269.787730758122734 ) ) ;
#5334 = EDGE_CURVE ( 'NONE', #5794, #1132, #1558, .T. ) ;
#5335 = CARTESIAN_POINT ( 'NONE',  ( 634.9999999999997726, 17.67766952966373495, 1217.322330470336738 ) ) ;
#5336 = ORIENTED_EDGE ( 'NONE', *, *, #5271, .F. ) ;
#5337 = CARTESIAN_POINT ( 'NONE',  ( 605.9730751881429569, 49.97122793557462472, 1229.773614082521590 ) ) ;
#5338 = EDGE_CURVE ( 'NONE', #5229, #8603, #5596, .T. ) ;
#5339 = PRESENTATION_STYLE_ASSIGNMENT (( #8740 ) ) ;
#5340 = EDGE_LOOP ( 'NONE', ( #4748, #1168, #7017 ) ) ;
#5341 = CIRCLE ( 'NONE', #7029, 2.750000000000025313 ) ;
#5342 = CARTESIAN_POINT ( 'NONE',  ( 607.4999999999997726, -19.75494835246391290, 1199.886013960367791 ) ) ;
#5343 =( LENGTH_UNIT ( ) NAMED_UNIT ( * ) SI_UNIT ( .MILLI., .METRE. ) );
#5344 = SURFACE_STYLE_FILL_AREA ( #5300 ) ;
#5345 = CARTESIAN_POINT ( 'NONE',  ( 606.1876592751289081, 39.51944017630628991, 1228.956991933997415 ) ) ;
#5346 = FACE_OUTER_BOUND ( 'NONE', #160, .T. ) ;
#5347 = VERTEX_POINT ( 'NONE', #3234 ) ;
#5348 = ORIENTED_EDGE ( 'NONE', *, *, #1920, .T. ) ;
#5349 = DIRECTION ( 'NONE',  ( 0.8982027328657649079, 0.4395814494180475540, 0.000000000000000000 ) ) ;
#5350 = CIRCLE ( 'NONE', #8184, 3.024999999999999911 ) ;
#5351 = ORIENTED_EDGE ( 'NONE', *, *, #1630, .T. ) ;
#5352 = DIRECTION ( 'NONE',  ( -1.000000000000000000, -0.000000000000000000, -2.618191646955655209E-47 ) ) ;
#5353 = CARTESIAN_POINT ( 'NONE',  ( 634.9999999999997726, -6.552148187739577405E-14, 1263.249999999999773 ) ) ;
#5354 = CARTESIAN_POINT ( 'NONE',  ( 605.7033103638796092, 39.53227375748510752, 1240.947614544777025 ) ) ;
#5355 = AXIS2_PLACEMENT_3D ( 'NONE', #1219, #457, #4632 ) ;
#5356 = DIRECTION ( 'NONE',  ( 0.000000000000000000, 0.000000000000000000, 1.000000000000000000 ) ) ;
#5357 = ORIENTED_EDGE ( 'NONE', *, *, #4341, .F. ) ;
#5358 = FACE_OUTER_BOUND ( 'NONE', #3105, .T. ) ;
#5359 = CARTESIAN_POINT ( 'NONE',  ( 623.9999999999998863, -17.67766952966371719, 1219.822330470335828 ) ) ;
#5360 = STYLED_ITEM ( 'NONE', ( #360 ), #7053 ) ;
#5361 = PRESENTATION_STYLE_ASSIGNMENT (( #7414 ) ) ;
#5362 = CARTESIAN_POINT ( 'NONE',  ( 607.4999999999997726, -25.27476584857656761, 1269.787730758122734 ) ) ;
#5363 =( NAMED_UNIT ( * ) PLANE_ANGLE_UNIT ( ) SI_UNIT ( $, .RADIAN. ) );
#5364 = PRESENTATION_LAYER_ASSIGNMENT (  '', '', ( #7067 ) ) ;
#5365 = DIRECTION ( 'NONE',  ( 1.000000000000000000, 0.000000000000000000, 0.000000000000000000 ) ) ;
#5366 = ORIENTED_EDGE ( 'NONE', *, *, #7162, .F. ) ;
#5367 =( NAMED_UNIT ( * ) SI_UNIT ( $, .STERADIAN. ) SOLID_ANGLE_UNIT ( ) );
#5368 = DIRECTION ( 'NONE',  ( 0.7071067811865450192, -8.659560562354963673E-17, -0.7071067811865500152 ) ) ;
#5369 = EDGE_LOOP ( 'NONE', ( #1625, #3472 ) ) ;
#5370 = UNCERTAINTY_MEASURE_WITH_UNIT (LENGTH_MEASURE( 1.000000000000000082E-05 ), #7779, 'distance_accuracy_value', 'NONE');
#5371 = EDGE_CURVE ( 'NONE', #522, #1861, #2997, .T. ) ;
#5372 = FILL_AREA_STYLE ('',( #8008 ) ) ;
#5373 = VERTEX_POINT ( 'NONE', #387 ) ;
#5374 = CARTESIAN_POINT ( 'NONE',  ( 605.0353804504876507, 51.80685321502734553, 1228.497806830991294 ) ) ;
#5375 = AXIS2_PLACEMENT_3D ( 'NONE', #8626, #1927, #3843 ) ;
#5376 = SURFACE_STYLE_FILL_AREA ( #6581 ) ;
#5377 = SURFACE_SIDE_STYLE ('',( #4859 ) ) ;
#5378 = ORIENTED_EDGE ( 'NONE', *, *, #1520, .T. ) ;
#5379 = EDGE_CURVE ( 'NONE', #7303, #3935, #3191, .T. ) ;
#5380 = DIRECTION ( 'NONE',  ( 1.000000000000000000, -3.123522194620079874E-16, -1.064861060188240078E-15 ) ) ;
#5381 = CARTESIAN_POINT ( 'NONE',  ( 607.5214760960342346, -24.01525899554140864, 1204.021376747481099 ) ) ;
#5382 = EDGE_CURVE ( 'NONE', #921, #2470, #8595, .T. ) ;
#5383 = CYLINDRICAL_SURFACE ( 'NONE', #2591, 2.499999999999946709 ) ;
#5384 = DIRECTION ( 'NONE',  ( -2.126226658603510571E-31, -0.3090169943749515591, -0.9510565162951523099 ) ) ;
#5385 = CARTESIAN_POINT ( 'NONE',  ( 606.5178845083163424, 39.51053188315317044, 1228.788773818245090 ) ) ;
#5386 = CARTESIAN_POINT ( 'NONE',  ( 614.4999999999997726, -13.31863245756052372, 1194.009464147678500 ) ) ;
#5387 = VERTEX_POINT ( 'NONE', #6520 ) ;
#5388 = CARTESIAN_POINT ( 'NONE',  ( 606.0087129003806012, 38.56444864090379099, 1229.714962478438338 ) ) ;
#5389 = VERTEX_POINT ( 'NONE', #343 ) ;
#5390 = DIRECTION ( 'NONE',  ( 1.000000000000000000, 0.000000000000000000, 2.618191646955655209E-47 ) ) ;
#5391 = CARTESIAN_POINT ( 'NONE',  ( 607.4999999999998863, 39.48296202211787431, 1227.305834689017502 ) ) ;
#5392 = UNCERTAINTY_MEASURE_WITH_UNIT (LENGTH_MEASURE( 1.000000000000000082E-05 ), #4456, 'distance_accuracy_value', 'NONE');
#5393 = ORIENTED_EDGE ( 'NONE', *, *, #7664, .T. ) ;
#5394 = CARTESIAN_POINT ( 'NONE',  ( 634.9999999999997726, -17.67766952966371719, 1217.322330470335828 ) ) ;
#5395 = VERTEX_POINT ( 'NONE', #1850 ) ;
#5396 = CARTESIAN_POINT ( 'NONE',  ( 607.0000000000000000, 48.21563954753379022, 1228.385621722338328 ) ) ;
#5397 = AXIS2_PLACEMENT_3D ( 'NONE', #3457, #3328, #6242 ) ;
#5398 = CARTESIAN_POINT ( 'NONE',  ( 602.5521061479233822, 52.53920933157813522, 1234.129681622869612 ) ) ;
#5399 = CARTESIAN_POINT ( 'NONE',  ( 616.9999999999998863, 43.26735247905153159, 1234.999999999999545 ) ) ;
#5400 = CARTESIAN_POINT ( 'NONE',  ( 607.4999999999997726, -40.89543020069157109, 1221.712269241876811 ) ) ;
#5401 = ORIENTED_EDGE ( 'NONE', *, *, #3623, .T. ) ;
#5402 = UNCERTAINTY_MEASURE_WITH_UNIT (LENGTH_MEASURE( 1.000000000000000082E-05 ), #7971, 'distance_accuracy_value', 'NONE');
#5403 = SURFACE_SIDE_STYLE ('',( #4605 ) ) ;
#5404 =( LENGTH_UNIT ( ) NAMED_UNIT ( * ) SI_UNIT ( .MILLI., .METRE. ) );
#5405 = VECTOR ( 'NONE', #548, 1000.000000000000000 ) ;
#5406 = CIRCLE ( 'NONE', #1518, 2.750000000000030198 ) ;
#5407 = ORIENTED_EDGE ( 'NONE', *, *, #5646, .T. ) ;
#5408 = CARTESIAN_POINT ( 'NONE',  ( 605.4999999999997726, -22.33809557721026451, 1191.935904272665539 ) ) ;
#5409 = DIRECTION ( 'NONE',  ( 0.000000000000000000, 0.000000000000000000, 1.000000000000000000 ) ) ;
#5410 = VECTOR ( 'NONE', #449, 1000.000000000000000 ) ;
#5411 = EDGE_LOOP ( 'NONE', ( #8687, #8252, #5351, #6094, #1225 ) ) ;
#5412 = CARTESIAN_POINT ( 'NONE',  ( 607.4760922337260354, 38.50219212569106020, 1240.688169265394208 ) ) ;
#5413 = SURFACE_SIDE_STYLE ('',( #3333 ) ) ;
#5414 = AXIS2_PLACEMENT_3D ( 'NONE', #5894, #8636, #3240 ) ;
#5415 = CARTESIAN_POINT ( 'NONE',  ( 607.4999999999997726, 40.89543020069168477, 1225.712269241877493 ) ) ;
#5416 = SURFACE_STYLE_FILL_AREA ( #7644 ) ;
#5417 = CARTESIAN_POINT ( 'NONE',  ( 614.4999999999997726, -13.31863245756052372, 1194.009464147678500 ) ) ;
#5418 = ORIENTED_EDGE ( 'NONE', *, *, #15, .T. ) ;
#5419 = EDGE_CURVE ( 'NONE', #6880, #5204, #3138, .T. ) ;
#5420 = LINE ( 'NONE', #2762, #1935 ) ;
#5421 = PRESENTATION_LAYER_ASSIGNMENT (  '', '', ( #3822 ) ) ;
#5422 = MECHANICAL_DESIGN_GEOMETRIC_PRESENTATION_REPRESENTATION (  '', ( #4670 ), #6705 ) ;
#5423 = FILL_AREA_STYLE ('',( #8696 ) ) ;
#5424 = CARTESIAN_POINT ( 'NONE',  ( 619.1141691910675036, 43.12089565753961296, 1242.497854579660498 ) ) ;
#5425 = CARTESIAN_POINT ( 'NONE',  ( 634.9999999999997726, -26.76776695296641506, 1233.232233047033333 ) ) ;
#5426 = FILL_AREA_STYLE_COLOUR ( '', #4693 ) ;
#5427 = ORIENTED_EDGE ( 'NONE', *, *, #4509, .T. ) ;
#5428 = EDGE_CURVE ( 'NONE', #5387, #7726, #1802, .T. ) ;
#5429 = FILL_AREA_STYLE_COLOUR ( '', #1754 ) ;
#5430 = B_SPLINE_CURVE_WITH_KNOTS ( 'NONE', 3,
 ( #6477, #300, #3051, #8535, #4257, #5136, #6335, #156, #342, #6519, #2965, #3099, #8342, #7679 ),
 .UNSPECIFIED., .F., .F.,
 ( 4, 2, 2, 2, 2, 2, 4 ),
 ( 0.000000000000000000, 0.001061435509667320830, 0.002122871019334641660, 0.004245742038669446383, 0.005307177548336952828, 0.006368613058004458406, 0.008491484077339475633 ),
 .UNSPECIFIED. ) ;
#5431 = CARTESIAN_POINT ( 'NONE',  ( 603.3641441811267896, 38.57672940695318431, 1231.967853625054659 ) ) ;
#5432 = LINE ( 'NONE', #766, #659 ) ;
#5433 = VERTEX_POINT ( 'NONE', #8723 ) ;
#5434 =( GEOMETRIC_REPRESENTATION_CONTEXT ( 3 ) GLOBAL_UNCERTAINTY_ASSIGNED_CONTEXT ( ( #2239 ) ) GLOBAL_UNIT_ASSIGNED_CONTEXT ( ( #510, #6732, #8663 ) ) REPRESENTATION_CONTEXT ( 'NONE', 'WORKASPACE' ) );
#5435 = EDGE_CURVE ( 'NONE', #5975, #6661, #6587, .T. ) ;
#5436 = CARTESIAN_POINT ( 'NONE',  ( 604.6435820371374348, 51.98882038458302191, 1228.832452210301653 ) ) ;
#5437 = ORIENTED_EDGE ( 'NONE', *, *, #6022, .F. ) ;
#5438 = CARTESIAN_POINT ( 'NONE',  ( 626.9999999999997726, -6.591949208711866959E-14, 1259.999999999999773 ) ) ;
#5439 = DIRECTION ( 'NONE',  ( 1.000000000000000000, -0.000000000000000000, 2.618191646955655209E-47 ) ) ;
#5440 = CARTESIAN_POINT ( 'NONE',  ( 607.4999999999997726, -1.785875599644030753, 1274.420803394251607 ) ) ;
#5441 = ORIENTED_EDGE ( 'NONE', *, *, #3762, .T. ) ;
#5442 =( LENGTH_UNIT ( ) NAMED_UNIT ( * ) SI_UNIT ( .MILLI., .METRE. ) );
#5443 = MECHANICAL_DESIGN_GEOMETRIC_PRESENTATION_REPRESENTATION (  '', ( #2140 ), #8289 ) ;
#5444 = MECHANICAL_DESIGN_GEOMETRIC_PRESENTATION_REPRESENTATION (  '', ( #8879 ), #8290 ) ;
#5445 = STYLED_ITEM ( 'NONE', ( #2463 ), #2885 ) ;
#5446 = FILL_AREA_STYLE_COLOUR ( '', #8868 ) ;
#5447 = ORIENTED_EDGE ( 'NONE', *, *, #1128, .F. ) ;
#5448 =( LENGTH_UNIT ( ) NAMED_UNIT ( * ) SI_UNIT ( .MILLI., .METRE. ) );
#5449 = CARTESIAN_POINT ( 'NONE',  ( 607.5208536573513811, 37.64495879386171140, 1224.048554071611989 ) ) ;
#5450 = CIRCLE ( 'NONE', #682, 4.000000000000079048 ) ;
#5451 = ORIENTED_EDGE ( 'NONE', *, *, #8612, .F. ) ;
#5452 = CARTESIAN_POINT ( 'NONE',  ( 604.5849422192169413, 41.49836127352439519, 1236.301782044970878 ) ) ;
#5453 = DIRECTION ( 'NONE',  ( -8.090657134398400845E-48, -0.9510565162951523099, 0.3090169943749515591 ) ) ;
#5454 = VECTOR ( 'NONE', #2548, 1000.000000000000000 ) ;
#5455 = CARTESIAN_POINT ( 'NONE',  ( 607.8832796438953210, -16.08010800808205687, 1200.076093750097471 ) ) ;
#5456 = ORIENTED_EDGE ( 'NONE', *, *, #5535, .T. ) ;
#5457 = CARTESIAN_POINT ( 'NONE',  ( 607.4999999999998863, -7.959472577870687182, 1187.264006455473918 ) ) ;
#5458 = CARTESIAN_POINT ( 'NONE',  ( 605.3769615805127842, -19.42981584303321441, 1188.453326425649493 ) ) ;
#5459 = CARTESIAN_POINT ( 'NONE',  ( 605.5187674742863919, -11.32711300440116453, 1185.864269818907360 ) ) ;
#5460 = FACE_OUTER_BOUND ( 'NONE', #5411, .T. ) ;
#5461 = AXIS2_PLACEMENT_3D ( 'NONE', #6213, #722, #2808 ) ;
#5462 = SURFACE_STYLE_USAGE ( .BOTH. , #2722 ) ;
#5463 = FILL_AREA_STYLE_COLOUR ( '', #6290 ) ;
#5464 = SURFACE_STYLE_FILL_AREA ( #6796 ) ;
#5465 = COLOUR_RGB ( '',0.7490196078431372584, 0.7490196078431372584, 0.7490196078431372584 ) ;
#5466 = DIRECTION ( 'NONE',  ( 0.000000000000000000, 0.000000000000000000, 1.000000000000000000 ) ) ;
#5467 =( NAMED_UNIT ( * ) SI_UNIT ( $, .STERADIAN. ) SOLID_ANGLE_UNIT ( ) );
#5468 =( NAMED_UNIT ( * ) PLANE_ANGLE_UNIT ( ) SI_UNIT ( $, .RADIAN. ) );
#5469 = DIRECTION ( 'NONE',  ( 0.000000000000000000, -1.000000000000000000, 0.000000000000000000 ) ) ;
#5470 = CYLINDRICAL_SURFACE ( 'NONE', #3841, 2.750000000000035527 ) ;
#5471 = ORIENTED_EDGE ( 'NONE', *, *, #5206, .T. ) ;
#5472 = CARTESIAN_POINT ( 'NONE',  ( 634.9999999999997726, 15.74999999999993427, 1234.999999999999545 ) ) ;
#5473 = STYLED_ITEM ( 'NONE', ( #1453 ), #6244 ) ;
#5474 = VERTEX_POINT ( 'NONE', #4565 ) ;
#5475 = CARTESIAN_POINT ( 'NONE',  ( 607.5951979511409036, 38.49999808834343895, 1240.806325431353798 ) ) ;
#5476 = FILL_AREA_STYLE_COLOUR ( '', #7117 ) ;
#5477 = UNCERTAINTY_MEASURE_WITH_UNIT (LENGTH_MEASURE( 1.000000000000000082E-05 ), #3277, 'distance_accuracy_value', 'NONE');
#5478 = ORIENTED_EDGE ( 'NONE', *, *, #6402, .T. ) ;
#5479 =( LENGTH_UNIT ( ) NAMED_UNIT ( * ) SI_UNIT ( .MILLI., .METRE. ) );
#5480 = ADVANCED_FACE ( 'NONE', ( #3855 ), #6610, .T. ) ;
#5481 = CARTESIAN_POINT ( 'NONE',  ( 605.7124629327195180, -9.200270650364741343, 1183.967901965797410 ) ) ;
#5482 = ORIENTED_EDGE ( 'NONE', *, *, #7312, .F. ) ;
#5483 = PRESENTATION_LAYER_ASSIGNMENT (  '', '', ( #3592 ) ) ;
#5484 = EDGE_CURVE ( 'NONE', #6288, #3584, #975, .T. ) ;
#5485 = CARTESIAN_POINT ( 'NONE',  ( 634.9999999999997726, 24.99999999999993605, 1234.999999999999545 ) ) ;
#5486 = VERTEX_POINT ( 'NONE', #2229 ) ;
#5487 = CARTESIAN_POINT ( 'NONE',  ( 626.9999999999997726, -6.591949208711866959E-14, 1259.999999999999773 ) ) ;
#5488 = UNCERTAINTY_MEASURE_WITH_UNIT (LENGTH_MEASURE( 1.000000000000000082E-05 ), #2384, 'distance_accuracy_value', 'NONE');
#5489 = MECHANICAL_DESIGN_GEOMETRIC_PRESENTATION_REPRESENTATION (  '', ( #1457 ), #3459 ) ;
#5490 = EDGE_CURVE ( 'NONE', #6715, #4473, #3285, .T. ) ;
#5491 = ORIENTED_EDGE ( 'NONE', *, *, #6445, .T. ) ;
#5492 = CARTESIAN_POINT ( 'NONE',  ( 602.9039097035201848, -19.08748542051202080, 1186.058729134522991 ) ) ;
#5493 = EDGE_CURVE ( 'NONE', #4402, #5903, #7594, .T. ) ;
#5494 = FACE_BOUND ( 'NONE', #8832, .T. ) ;
#5495 = ORIENTED_EDGE ( 'NONE', *, *, #6014, .F. ) ;
#5496 = CARTESIAN_POINT ( 'NONE',  ( 604.5268842754102252, 40.93905375657041645, 1234.244942547377605 ) ) ;
#5497 = STYLED_ITEM ( 'NONE', ( #8819 ), #7109 ) ;
#5498 = CARTESIAN_POINT ( 'NONE',  ( 608.1933835205697960, 36.99999999999992895, 1244.451775121346145 ) ) ;
#5499 = FILL_AREA_STYLE_COLOUR ( '', #5256 ) ;
#5500 = VERTEX_POINT ( 'NONE', #2780 ) ;
#5501 = CARTESIAN_POINT ( 'NONE',  ( 605.6580883418155281, -11.05121562581068950, 1185.836845719339863 ) ) ;
#5502 =( GEOMETRIC_REPRESENTATION_CONTEXT ( 3 ) GLOBAL_UNCERTAINTY_ASSIGNED_CONTEXT ( ( #960 ) ) GLOBAL_UNIT_ASSIGNED_CONTEXT ( ( #566, #3316, #3182 ) ) REPRESENTATION_CONTEXT ( 'NONE', 'WORKASPACE' ) );
#5503 = CARTESIAN_POINT ( 'NONE',  ( 607.5951979511409036, 38.49999808834343895, 1240.806325431353798 ) ) ;
#5504 = CARTESIAN_POINT ( 'NONE',  ( 606.4395219746760404, -9.668131552038854437, 1186.086156705157464 ) ) ;
#5505 = FILL_AREA_STYLE ('',( #4758 ) ) ;
#5506 =( LENGTH_UNIT ( ) NAMED_UNIT ( * ) SI_UNIT ( .MILLI., .METRE. ) );
#5507 = CIRCLE ( 'NONE', #6059, 39.46123530638256938 ) ;
#5508 =( LENGTH_UNIT ( ) NAMED_UNIT ( * ) SI_UNIT ( .MILLI., .METRE. ) );
#5509 = FILL_AREA_STYLE_COLOUR ( '', #5120 ) ;
#5510 = CARTESIAN_POINT ( 'NONE',  ( 606.6415855359921352, -10.22088905125151292, 1190.017171591908664 ) ) ;
#5511 = SURFACE_STYLE_FILL_AREA ( #2217 ) ;
#5512 =( GEOMETRIC_REPRESENTATION_CONTEXT ( 3 ) GLOBAL_UNCERTAINTY_ASSIGNED_CONTEXT ( ( #4741 ) ) GLOBAL_UNIT_ASSIGNED_CONTEXT ( ( #226, #2983, #5730 ) ) REPRESENTATION_CONTEXT ( 'NONE', 'WORKASPACE' ) );
#5513 = CARTESIAN_POINT ( 'NONE',  ( 609.8349986851939093, 45.93964049335893662, 1242.580454904004455 ) ) ;
#5514 = DIRECTION ( 'NONE',  ( 1.000000000000000000, 8.786078806946690194E-16, 6.778946662198249905E-16 ) ) ;
#5515 = FACE_OUTER_BOUND ( 'NONE', #450, .T. ) ;
#5516 = EDGE_LOOP ( 'NONE', ( #4600, #3367, #509, #4654 ) ) ;
#5517 = SURFACE_SIDE_STYLE ('',( #6309 ) ) ;
#5518 = CARTESIAN_POINT ( 'NONE',  ( 608.6560540104437678, 38.48014767849268480, 1242.477099970487643 ) ) ;
#5519 = ORIENTED_EDGE ( 'NONE', *, *, #6586, .T. ) ;
#5520 = EDGE_CURVE ( 'NONE', #6663, #8171, #98, .T. ) ;
#5521 = DIRECTION ( 'NONE',  ( 0.000000000000000000, 0.9510565162951553075, -0.3090169943749417891 ) ) ;
#5522 = STYLED_ITEM ( 'NONE', ( #1377 ), #1872 ) ;
#5523 = DIRECTION ( 'NONE',  ( 1.000000000000000000, -1.109265194285485936E-15, -3.199555054769049947E-17 ) ) ;
#5524 = CARTESIAN_POINT ( 'NONE',  ( 606.6272743714315538, 49.22805544673182965, 1241.167420655766819 ) ) ;
#5525 = DIRECTION ( 'NONE',  ( 0.000000000000000000, 6.505213034913020293E-14, 1.000000000000000000 ) ) ;
#5526 = AXIS2_PLACEMENT_3D ( 'NONE', #2390, #4230, #7016 ) ;
#5527 = CARTESIAN_POINT ( 'NONE',  ( 634.9999999999997726, 17.67766952966373495, 1217.322330470336738 ) ) ;
#5528 =( NAMED_UNIT ( * ) PLANE_ANGLE_UNIT ( ) SI_UNIT ( $, .RADIAN. ) );
#5529 = ORIENTED_EDGE ( 'NONE', *, *, #4743, .T. ) ;
#5530 = DIRECTION ( 'NONE',  ( 1.000000000000000000, 8.786078806946700055E-16, 6.778946662198249905E-16 ) ) ;
#5531 = ORIENTED_EDGE ( 'NONE', *, *, #8815, .T. ) ;
#5532 = FILL_AREA_STYLE_COLOUR ( '', #970 ) ;
#5534 = EDGE_CURVE ( 'NONE', #2109, #4910, #3481, .T. ) ;
#5533 = VERTEX_POINT ( 'NONE', #2823 ) ;
#5535 = EDGE_CURVE ( 'NONE', #6333, #3987, #173, .T. ) ;
#5536 = PRESENTATION_LAYER_ASSIGNMENT (  '', '', ( #636 ) ) ;
#5537 = CARTESIAN_POINT ( 'NONE',  ( 605.0698408184159689, 51.78923168332171656, 1241.531241514672274 ) ) ;
#5538 = SURFACE_STYLE_USAGE ( .BOTH. , #1295 ) ;
#5539 = ADVANCED_FACE ( 'NONE', ( #816 ), #138, .T. ) ;
#5540 =( LENGTH_UNIT ( ) NAMED_UNIT ( * ) SI_UNIT ( .MILLI., .METRE. ) );
#5541 = ORIENTED_EDGE ( 'NONE', *, *, #7059, .F. ) ;
#5542 = CARTESIAN_POINT ( 'NONE',  ( 606.7029044286349517, -9.214367989716704344, 1186.375922986050682 ) ) ;
#5543 = LINE ( 'NONE', #6835, #8295 ) ;
#5544 = AXIS2_PLACEMENT_3D ( 'NONE', #7270, #1099, #3176 ) ;
#5545 = CARTESIAN_POINT ( 'NONE',  ( 607.9999999999998863, -6.998196477675755922, 1198.369749576888580 ) ) ;
#5546 = CARTESIAN_POINT ( 'NONE',  ( 607.4999999999997726, -25.27476584857656761, 1269.787730758122734 ) ) ;
#5547 = CARTESIAN_POINT ( 'NONE',  ( 604.0999999999999091, 40.89543020069148582, 1221.712269241876811 ) ) ;
#5548 = AXIS2_PLACEMENT_3D ( 'NONE', #4095, #2177, #6969 ) ;
#5549 = DIRECTION ( 'NONE',  ( 1.000000000000000000, -8.786078806946739498E-16, -6.778946662198179893E-16 ) ) ;
#5550 = CARTESIAN_POINT ( 'NONE',  ( 610.9953676556920072, -9.427924931432094979, 1187.554753052402248 ) ) ;
#5551 = DIRECTION ( 'NONE',  ( 1.000000000000000000, 0.000000000000000000, 2.618191646955655209E-47 ) ) ;
#5552 =( GEOMETRIC_REPRESENTATION_CONTEXT ( 3 ) GLOBAL_UNCERTAINTY_ASSIGNED_CONTEXT ( ( #6818 ) ) GLOBAL_UNIT_ASSIGNED_CONTEXT ( ( #8810, #7466, #6375 ) ) REPRESENTATION_CONTEXT ( 'NONE', 'WORKASPACE' ) );
#5553 =( LENGTH_UNIT ( ) NAMED_UNIT ( * ) SI_UNIT ( .MILLI., .METRE. ) );
#5554 =( NAMED_UNIT ( * ) PLANE_ANGLE_UNIT ( ) SI_UNIT ( $, .RADIAN. ) );
#5555 =( NAMED_UNIT ( * ) SI_UNIT ( $, .STERADIAN. ) SOLID_ANGLE_UNIT ( ) );
#5556 = ORIENTED_EDGE ( 'NONE', *, *, #6513, .T. ) ;
#5557 = MECHANICAL_DESIGN_GEOMETRIC_PRESENTATION_REPRESENTATION (  '', ( #8254 ), #5279 ) ;
#5558 = FILL_AREA_STYLE ('',( #1365 ) ) ;
#5559 = CARTESIAN_POINT ( 'NONE',  ( 603.1001363545437925, 38.57672944011973470, 1226.912282045556594 ) ) ;
#5560 = UNCERTAINTY_MEASURE_WITH_UNIT (LENGTH_MEASURE( 1.000000000000000082E-05 ), #2601, 'distance_accuracy_value', 'NONE');
#5561 = ORIENTED_EDGE ( 'NONE', *, *, #8161, .T. ) ;
#5562 = SURFACE_STYLE_FILL_AREA ( #3522 ) ;
#5563 = MECHANICAL_DESIGN_GEOMETRIC_PRESENTATION_REPRESENTATION (  '', ( #2403 ), #3537 ) ;
#5564 = PRESENTATION_LAYER_ASSIGNMENT (  '', '', ( #7125 ) ) ;
#5565 = CARTESIAN_POINT ( 'NONE',  ( 607.4999999999997726, 38.84594644671678054, 1241.941292139399820 ) ) ;
#5566 = CARTESIAN_POINT ( 'NONE',  ( 614.0812830720369675, -3.942585090037277418, 1197.376921253011460 ) ) ;
#5567 = DIRECTION ( 'NONE',  ( 0.000000000000000000, 0.000000000000000000, 1.000000000000000000 ) ) ;
#5568 = STYLED_ITEM ( 'NONE', ( #296 ), #949 ) ;
#5569 = AXIS2_PLACEMENT_3D ( 'NONE', #2334, #2955, #4289 ) ;
#5570 = CARTESIAN_POINT ( 'NONE',  ( 608.6258423706815393, -3.164793440290491588, 1197.124201426443051 ) ) ;
#5571 = FILL_AREA_STYLE ('',( #7497 ) ) ;
#5572 = UNCERTAINTY_MEASURE_WITH_UNIT (LENGTH_MEASURE( 1.000000000000000082E-05 ), #4050, 'distance_accuracy_value', 'NONE');
#5573 = AXIS2_PLACEMENT_3D ( 'NONE', #532, #6828, #7422 ) ;
#5574 = CARTESIAN_POINT ( 'NONE',  ( 608.0896320352945850, -20.71052870261584644, 1202.825156398061608 ) ) ;
#5575 = STYLED_ITEM ( 'NONE', ( #611 ), #1058 ) ;
#5576 = PRESENTATION_LAYER_ASSIGNMENT (  '', '', ( #5149 ) ) ;
#5577 = ORIENTED_EDGE ( 'NONE', *, *, #2614, .F. ) ;
#5578 = SURFACE_STYLE_FILL_AREA ( #4127 ) ;
#5579 = CARTESIAN_POINT ( 'NONE',  ( 604.0999999999999091, -25.27476584857656761, 1200.212269241877721 ) ) ;
#5580 = FILL_AREA_STYLE_COLOUR ( '', #8606 ) ;
#5581 = VECTOR ( 'NONE', #8179, 1000.000000000000000 ) ;
#5582 = ORIENTED_EDGE ( 'NONE', *, *, #6681, .F. ) ;
#5583 = CARTESIAN_POINT ( 'NONE',  ( 604.5187880248972760, -14.94271552417562532, 1186.720727797237259 ) ) ;
#5584 = FACE_OUTER_BOUND ( 'NONE', #7597, .T. ) ;
#5585 = FACE_OUTER_BOUND ( 'NONE', #48, .T. ) ;
#5586 = ORIENTED_EDGE ( 'NONE', *, *, #5324, .T. ) ;
#5587 =( GEOMETRIC_REPRESENTATION_CONTEXT ( 3 ) GLOBAL_UNCERTAINTY_ASSIGNED_CONTEXT ( ( #8794 ) ) GLOBAL_UNIT_ASSIGNED_CONTEXT ( ( #8639, #8733, #4529 ) ) REPRESENTATION_CONTEXT ( 'NONE', 'WORKASPACE' ) );
#5588 = AXIS2_PLACEMENT_3D ( 'NONE', #5238, #1720, #8678 ) ;
#5589 = ADVANCED_FACE ( 'NONE', ( #4161, #3611 ), #8282, .T. ) ;
#5590 = CARTESIAN_POINT ( 'NONE',  ( 604.2794120192420451, -10.55708487348768365, 1183.616257983618652 ) ) ;
#5591 = FACE_OUTER_BOUND ( 'NONE', #3617, .T. ) ;
#5592 = AXIS2_PLACEMENT_3D ( 'NONE', #853, #126, #896 ) ;
#5593 = CARTESIAN_POINT ( 'NONE',  ( 605.3769615805127842, -11.64039705568616512, 1185.922390839433547 ) ) ;
#5594 = LINE ( 'NONE', #8308, #2899 ) ;
#5595 = ADVANCED_FACE ( 'NONE', ( #5162 ), #7207, .F. ) ;
#5596 = CIRCLE ( 'NONE', #257, 2.499999999999998668 ) ;
#5597 = FILL_AREA_STYLE ('',( #3465 ) ) ;
#5598 = CIRCLE ( 'NONE', #2999, 7.500000000000062172 ) ;
#5599 = FILL_AREA_STYLE_COLOUR ( '', #1353 ) ;
#5600 = SURFACE_SIDE_STYLE ('',( #6970 ) ) ;
#5601 = DIRECTION ( 'NONE',  ( 0.000000000000000000, 0.000000000000000000, -1.000000000000000000 ) ) ;
#5602 = CARTESIAN_POINT ( 'NONE',  ( 606.7272146429226041, 43.12089565753961296, 1239.134269997755382 ) ) ;
#5603 = CARTESIAN_POINT ( 'NONE',  ( 602.3999999999998636, -6.591949208711866959E-14, 1234.999999999999545 ) ) ;
#5604 = ORIENTED_EDGE ( 'NONE', *, *, #2739, .F. ) ;
#5605 = ADVANCED_FACE ( 'NONE', ( #5017 ), #6456, .F. ) ;
#5606 = DIRECTION ( 'NONE',  ( 0.000000000000000000, 0.000000000000000000, 1.000000000000000000 ) ) ;
#5607 = CARTESIAN_POINT ( 'NONE',  ( 603.1783992107448285, 38.57672940582592958, 1229.012517166947646 ) ) ;
#5608 = ORIENTED_EDGE ( 'NONE', *, *, #5490, .T. ) ;
#5609 = AXIS2_PLACEMENT_3D ( 'NONE', #168, #4310, #8601 ) ;
#5610 =( NAMED_UNIT ( * ) PLANE_ANGLE_UNIT ( ) SI_UNIT ( $, .RADIAN. ) );
#5611 = DIRECTION ( 'NONE',  ( 0.000000000000000000, -1.000000000000000000, 0.000000000000000000 ) ) ;
#5612 = CARTESIAN_POINT ( 'NONE',  ( 605.4999999999997726, -12.94025381661584717, 1169.488500579240508 ) ) ;
#5613 = CARTESIAN_POINT ( 'NONE',  ( 606.9999999999997726, 47.85924001516893611, 1241.614378277661444 ) ) ;
#5614 = DIRECTION ( 'NONE',  ( 1.000000000000000000, 0.000000000000000000, 0.000000000000000000 ) ) ;
#5615 = MECHANICAL_DESIGN_GEOMETRIC_PRESENTATION_REPRESENTATION (  '', ( #5747 ), #3585 ) ;
#5616 = CARTESIAN_POINT ( 'NONE',  ( 621.9999999999998863, -12.05166278062322505, 1197.908795864488638 ) ) ;
#5617 = FILL_AREA_STYLE_COLOUR ( '', #5956 ) ;
#5618 = SURFACE_STYLE_USAGE ( .BOTH. , #698 ) ;
#5619 = STYLED_ITEM ( 'NONE', ( #8180 ), #6284 ) ;
#5620 = CARTESIAN_POINT ( 'NONE',  ( 607.6586829419454716, 38.49999875285086404, 1230.264569962947917 ) ) ;
#5621 = ORIENTED_EDGE ( 'NONE', *, *, #5327, .T. ) ;
#5622 = AXIS2_PLACEMENT_3D ( 'NONE', #1131, #6625, #3959 ) ;
#5623 =( NAMED_UNIT ( * ) SI_UNIT ( $, .STERADIAN. ) SOLID_ANGLE_UNIT ( ) );
#5624 = DIRECTION ( 'NONE',  ( 1.110223024625155436E-14, 0.9510565162951509777, -0.3090169943749551118 ) ) ;
#5625 = ORIENTED_EDGE ( 'NONE', *, *, #5038, .T. ) ;
#5626 = CARTESIAN_POINT ( 'NONE',  ( 605.3769615805123294, -11.64039705568622907, 1185.922390839433319 ) ) ;
#5627 = CARTESIAN_POINT ( 'NONE',  ( 614.5000000000005684, -20.45597302706806175, 1196.306555682880571 ) ) ;
#5628 = VERTEX_POINT ( 'NONE', #951 ) ;
#5629 = CARTESIAN_POINT ( 'NONE',  ( 607.0650557106175711, -9.064227101751537674, 1185.334435533748774 ) ) ;
#5630 = FACE_OUTER_BOUND ( 'NONE', #7519, .T. ) ;
#5631 = CARTESIAN_POINT ( 'NONE',  ( 607.4999999999997726, 3.920475055707583024E-13, 1191.999999999999773 ) ) ;
#5632 = PLANE ( 'NONE',  #6047 ) ;
#5633 = EDGE_LOOP ( 'NONE', ( #5541, #4073, #1950, #2174 ) ) ;
#5634 = AXIS2_PLACEMENT_3D ( 'NONE', #4232, #2857, #4153 ) ;
#5635 = CARTESIAN_POINT ( 'NONE',  ( 614.4999999999997726, 52.61907039215403614, 1234.999999999999545 ) ) ;
#5636 = DIRECTION ( 'NONE',  ( 1.000000000000000000, -3.732113731436710097E-16, 1.045086722461002056E-15 ) ) ;
#5637 = STYLED_ITEM ( 'NONE', ( #3404 ), #1403 ) ;
#5638 = CIRCLE ( 'NONE', #5221, 15.74999999999993072 ) ;
#5639 =( NAMED_UNIT ( * ) SI_UNIT ( $, .STERADIAN. ) SOLID_ANGLE_UNIT ( ) );
#5640 = CARTESIAN_POINT ( 'NONE',  ( 604.5414307682140134, 44.95099628967221861, 1235.920153255766991 ) ) ;
#5641 = DIRECTION ( 'NONE',  ( 0.7071067811865474617, 0.000000000000000000, -0.7071067811865474617 ) ) ;
#5642 = VERTEX_POINT ( 'NONE', #4415 ) ;
#5643 = AXIS2_PLACEMENT_3D ( 'NONE', #3306, #4501, #5257 ) ;
#5644 = CARTESIAN_POINT ( 'NONE',  ( 614.4999999999997726, -20.48903089126911681, 1171.941246933266711 ) ) ;
#5645 = CARTESIAN_POINT ( 'NONE',  ( 607.4999999999997726, -6.591949208711866959E-14, 1234.999999999999545 ) ) ;
#5646 = EDGE_CURVE ( 'NONE', #1843, #3347, #8160, .T. ) ;
#5647 = UNCERTAINTY_MEASURE_WITH_UNIT (LENGTH_MEASURE( 1.000000000000000082E-05 ), #6029, 'distance_accuracy_value', 'NONE');
#5648 = ORIENTED_EDGE ( 'NONE', *, *, #4683, .F. ) ;
#5649 = CARTESIAN_POINT ( 'NONE',  ( 607.9999999999998863, 36.99999999999993605, 1245.059875112768623 ) ) ;
#5650 = EDGE_CURVE ( 'NONE', #3960, #6880, #8516, .T. ) ;
#5651 = COLOUR_RGB ( '',0.7490196078431372584, 0.7490196078431372584, 0.7490196078431372584 ) ;
#5652 = DIRECTION ( 'NONE',  ( 1.271368967841055707E-16, 0.000000000000000000, 1.000000000000000000 ) ) ;
#5653 = DIRECTION ( 'NONE',  ( 2.126226658603510133E-31, 0.3090169943749515591, 0.9510565162951521989 ) ) ;
#5654 = CARTESIAN_POINT ( 'NONE',  ( 634.9999999999997726, 42.24999999999994316, 1236.499999999999773 ) ) ;
#5655 = SURFACE_SIDE_STYLE ('',( #863 ) ) ;
#5656 = CARTESIAN_POINT ( 'NONE',  ( 607.4999272670879691, 38.50001755505873291, 1242.954317493700728 ) ) ;
#5657 = FILL_AREA_STYLE ('',( #775 ) ) ;
#5658 = CARTESIAN_POINT ( 'NONE',  ( 606.6251205694218243, 38.51758947889654650, 1229.842765004320654 ) ) ;
#5659 =( BOUNDED_SURFACE ( )  B_SPLINE_SURFACE ( 3, 2, ( 
 ( #7090, #7225, #8838 ),
 ( #6096, #3186, #7990 ),
 ( #7808, #8669, #1663 ),
 ( #2385, #2436, #3850 ),
 ( #602, #6606, #1059 ),
 ( #5923, #1708, #7278 ),
 ( #1846, #7854, #7136 ),
 ( #3048, #5842, #2689 ),
 ( #2476, #7323, #972 ),
 ( #1274, #4024, #7182 ),
 ( #4512, #3803, #5130 ),
 ( #4435, #3719, #338 ),
 ( #5796, #1794, #4383 ),
 ( #6475, #8532, #3142 ) ),
 .UNSPECIFIED., .F., .F., .T. ) 
 B_SPLINE_SURFACE_WITH_KNOTS ( ( 4, 2, 2, 2, 2, 2, 4 ),
 ( 3, 3 ),
 ( 1.127570259384924611E-16, 0.002520723825027943853, 0.003781085737541859185, 0.005041447650055774950, 0.007562171475083605612, 0.008822533387597520510, 0.01008289530011143714 ),
 ( 0.000000000000000000, 1.000000000000000000 ),
 .UNSPECIFIED. ) 
 GEOMETRIC_REPRESENTATION_ITEM ( )  RATIONAL_B_SPLINE_SURFACE ( (
 ( 1.000000000000000000, 0.7014466316118569411, 1.000000000000000000),
 ( 1.000000000000000000, 0.7061870799671975396, 1.000000000000000000),
 ( 1.000000000000000000, 0.7098968363310339535, 1.000000000000000000),
 ( 1.000000000000000000, 0.7136940000027939268, 1.000000000000000000),
 ( 1.000000000000000000, 0.7146650339898757975, 1.000000000000000000),
 ( 1.000000000000000000, 0.7159728545827194202, 1.000000000000000000),
 ( 1.000000000000000000, 0.7163000036642100943, 1.000000000000000000),
 ( 1.000000000000000000, 0.7163057969687615101, 1.000000000000000000),
 ( 1.000000000000000000, 0.7150218548135849339, 1.000000000000000000),
 ( 1.000000000000000000, 0.7112175587884386196, 1.000000000000000000),
 ( 1.000000000000000000, 0.7096366756246803575, 1.000000000000000000),
 ( 1.000000000000000000, 0.7059393053256743933, 1.000000000000000000),
 ( 1.000000000000000000, 0.7038174798144017918, 1.000000000000000000),
 ( 1.000000000000000000, 0.7014466316118569411, 1.000000000000000000) ) ) 
 REPRESENTATION_ITEM ( '' )  SURFACE ( )  );
#5660 = FILL_AREA_STYLE ('',( #6321 ) ) ;
#5661 = UNCERTAINTY_MEASURE_WITH_UNIT (LENGTH_MEASURE( 1.000000000000000082E-05 ), #4982, 'distance_accuracy_value', 'NONE');
#5662 = CARTESIAN_POINT ( 'NONE',  ( 607.4999999999996589, -24.30792940898748711, 1265.893807619849213 ) ) ;
#5663 = ORIENTED_EDGE ( 'NONE', *, *, #2151, .T. ) ;
#5664 = DIRECTION ( 'NONE',  ( 0.000000000000000000, 0.000000000000000000, -1.000000000000000000 ) ) ;
#5665 = B_SPLINE_CURVE_WITH_KNOTS ( 'NONE', 3,
 ( #6546, #2324, #2368, #7887 ),
 .UNSPECIFIED., .F., .F.,
 ( 4, 4 ),
 ( 0.003203089864623185224, 0.004806767348836642716 ),
 .UNSPECIFIED. ) ;
#5666 = ORIENTED_EDGE ( 'NONE', *, *, #2299, .F. ) ;
#5667 = CARTESIAN_POINT ( 'NONE',  ( 607.4999999999997726, 39.48272485507993679, 1227.062746066805857 ) ) ;
#5668 = CARTESIAN_POINT ( 'NONE',  ( 604.5207656784193659, -15.51037040972279080, 1184.854938523515102 ) ) ;
#5669 = VECTOR ( 'NONE', #38, 1000.000000000000000 ) ;
#5670 = CARTESIAN_POINT ( 'NONE',  ( 605.8131461501848207, -16.60834789519136478, 1199.915083719862650 ) ) ;
#5671 = ORIENTED_EDGE ( 'NONE', *, *, #4745, .T. ) ;
#5672 = CARTESIAN_POINT ( 'NONE',  ( 607.5576048358292383, -36.94360048915851280, 1247.649915366881260 ) ) ;
#5673 = SURFACE_SIDE_STYLE ('',( #6337 ) ) ;
#5674 = AXIS2_PLACEMENT_3D ( 'NONE', #5074, #5258, #1007 ) ;
#5675 = STYLED_ITEM ( 'NONE', ( #5847 ), #3813 ) ;
#5676 = EDGE_LOOP ( 'NONE', ( #243, #1717 ) ) ;
#5677 = CARTESIAN_POINT ( 'NONE',  ( 607.8829791751930998, 38.18395733388376811, 1239.500592185497908 ) ) ;
#5678 =( NAMED_UNIT ( * ) SI_UNIT ( $, .STERADIAN. ) SOLID_ANGLE_UNIT ( ) );
#5679 = MECHANICAL_DESIGN_GEOMETRIC_PRESENTATION_REPRESENTATION (  '', ( #489 ), #8384 ) ;
#5680 = PRESENTATION_LAYER_ASSIGNMENT (  '', '', ( #7255 ) ) ;
#5681 = CARTESIAN_POINT ( 'NONE',  ( 633.9999999999997726, -6.591949208711866959E-14, 1234.999999999999545 ) ) ;
#5682 = CARTESIAN_POINT ( 'NONE',  ( 606.3181680176727468, -22.76284028577249430, 1188.955438517315542 ) ) ;
#5683 = CARTESIAN_POINT ( 'NONE',  ( 606.9999999999998863, -14.19838332905806588, 1169.897291638244724 ) ) ;
#5684 = LINE ( 'NONE', #7741, #3140 ) ;
#5685 = EDGE_LOOP ( 'NONE', ( #5689, #6524, #7317, #2513, #8813, #1799 ) ) ;
#5686 = SURFACE_STYLE_USAGE ( .BOTH. , #3687 ) ;
#5687 = CONICAL_SURFACE ( 'NONE', #1955, 3.024999999999967049, 0.7853981633974518317 ) ;
#5688 = DIRECTION ( 'NONE',  ( 0.000000000000000000, 0.000000000000000000, 1.000000000000000000 ) ) ;
#5689 = ORIENTED_EDGE ( 'NONE', *, *, #8708, .T. ) ;
#5690 =( NAMED_UNIT ( * ) PLANE_ANGLE_UNIT ( ) SI_UNIT ( $, .RADIAN. ) );
#5691 = CIRCLE ( 'NONE', #1818, 1.999999999999972911 ) ;
#5692 = DIRECTION ( 'NONE',  ( -4.552280931047950800E-17, 0.3090169943749515591, 0.9510565162951521989 ) ) ;
#5693 = STYLED_ITEM ( 'NONE', ( #6572 ), #8716 ) ;
#5694 = CIRCLE ( 'NONE', #6251, 39.46123530638256938 ) ;
#5695 = EDGE_CURVE ( 'NONE', #8849, #3971, #1564, .T. ) ;
#5696 =( LENGTH_UNIT ( ) NAMED_UNIT ( * ) SI_UNIT ( .MILLI., .METRE. ) );
#5697 = CARTESIAN_POINT ( 'NONE',  ( 607.5307736117927107, 23.87091889091853503, 1203.961007428096309 ) ) ;
#5698 = ADVANCED_FACE ( 'NONE', ( #6631 ), #6589, .T. ) ;
#5699 = CARTESIAN_POINT ( 'NONE',  ( 623.9999999999998863, 24.99999999999993605, 1234.999999999999545 ) ) ;
#5700 = CARTESIAN_POINT ( 'NONE',  ( 623.9999999999998863, -17.67766952966371719, 1217.322330470335828 ) ) ;
#5701 = AXIS2_PLACEMENT_3D ( 'NONE', #6692, #7366, #3760 ) ;
#5702 = DIRECTION ( 'NONE',  ( -1.000000000000000000, 0.000000000000000000, -2.618191646955655209E-47 ) ) ;
#5703 = B_SPLINE_CURVE_WITH_KNOTS ( 'NONE', 3,
 ( #4782, #5396, #2017, #8285, #8158, #3483, #6187, #18, #2782, #4028, #1978, #4687, #7619, #1424 ),
 .UNSPECIFIED., .F., .F.,
 ( 4, 2, 2, 2, 2, 2, 4 ),
 ( 0.000000000000000000, 0.001055024343302709503, 0.001582536514954008093, 0.002110048686605307117, 0.002637560858256606140, 0.003165073029907904296, 0.004220097373210104225 ),
 .UNSPECIFIED. ) ;
#5704 = ORIENTED_EDGE ( 'NONE', *, *, #3977, .T. ) ;
#5705 = AXIS2_PLACEMENT_3D ( 'NONE', #710, #1250, #8908 ) ;
#5706 = CARTESIAN_POINT ( 'NONE',  ( 634.9999999999997726, -2.138998013089282502, 1212.138998013088894 ) ) ;
#5707 = DIRECTION ( 'NONE',  ( 0.000000000000000000, 0.9510565162951537532, -0.3090169943749468962 ) ) ;
#5708 = ADVANCED_FACE ( 'NONE', ( #1915 ), #453, .F. ) ;
#5709 =( NAMED_UNIT ( * ) SI_UNIT ( $, .STERADIAN. ) SOLID_ANGLE_UNIT ( ) );
#5710 = ORIENTED_EDGE ( 'NONE', *, *, #7504, .F. ) ;
#5711 = CARTESIAN_POINT ( 'NONE',  ( 605.1476524570452966, -12.73671288100692855, 1184.089331300572212 ) ) ;
#5712 = PRESENTATION_LAYER_ASSIGNMENT (  '', '', ( #4839 ) ) ;
#5713 = PRESENTATION_STYLE_ASSIGNMENT (( #6241 ) ) ;
#5714 = EDGE_LOOP ( 'NONE', ( #8, #2341 ) ) ;
#5715 = SURFACE_STYLE_FILL_AREA ( #2922 ) ;
#5716 = DIRECTION ( 'NONE',  ( 0.000000000000000000, 0.7737920872148298379, 0.6334396622913006647 ) ) ;
#5717 = FACE_OUTER_BOUND ( 'NONE', #2926, .T. ) ;
#5718 = PRESENTATION_LAYER_ASSIGNMENT (  '', '', ( #2982 ) ) ;
#5719 = CARTESIAN_POINT ( 'NONE',  ( 607.4999999999997726, 40.89543020069133661, 1252.287730758123644 ) ) ;
#5720 = ORIENTED_EDGE ( 'NONE', *, *, #5159, .T. ) ;
#5721 = SURFACE_STYLE_USAGE ( .BOTH. , #162 ) ;
#5722 = STYLED_ITEM ( 'NONE', ( #3466 ), #4419 ) ;
#5723 = SURFACE_SIDE_STYLE ('',( #8500 ) ) ;
#5724 = AXIS2_PLACEMENT_3D ( 'NONE', #1938, #6020, #571 ) ;
#5725 = CARTESIAN_POINT ( 'NONE',  ( 617.4889613857294535, -13.39889735140744165, 1188.617733659050145 ) ) ;
#5726 = SURFACE_STYLE_USAGE ( .BOTH. , #1723 ) ;
#5727 =( NAMED_UNIT ( * ) PLANE_ANGLE_UNIT ( ) SI_UNIT ( $, .RADIAN. ) );
#5728 = VERTEX_POINT ( 'NONE', #4626 ) ;
#5729 = AXIS2_PLACEMENT_3D ( 'NONE', #5042, #301, #7050 ) ;
#5730 =( NAMED_UNIT ( * ) SI_UNIT ( $, .STERADIAN. ) SOLID_ANGLE_UNIT ( ) );
#5731 = CARTESIAN_POINT ( 'NONE',  ( 605.2324422715098535, 50.31498896429835810, 1231.226816290557963 ) ) ;
#5732 = UNCERTAINTY_MEASURE_WITH_UNIT (LENGTH_MEASURE( 1.000000000000000082E-05 ), #4495, 'distance_accuracy_value', 'NONE');
#5733 = ORIENTED_EDGE ( 'NONE', *, *, #6687, .T. ) ;
#5734 = DIRECTION ( 'NONE',  ( 0.000000000000000000, 0.000000000000000000, 1.000000000000000000 ) ) ;
#5735 = SURFACE_STYLE_FILL_AREA ( #6356 ) ;
#5736 = AXIS2_PLACEMENT_3D ( 'NONE', #8467, #234, #6501 ) ;
#5737 = SURFACE_STYLE_FILL_AREA ( #5016 ) ;
#5738 = DIRECTION ( 'NONE',  ( 1.000000000000000000, -8.786078806946739498E-16, -6.778946662198179893E-16 ) ) ;
#5739 = CARTESIAN_POINT ( 'NONE',  ( 607.5575796602253149, 22.45216137363479447, 1203.050708910600633 ) ) ;
#5740 =( NAMED_UNIT ( * ) PLANE_ANGLE_UNIT ( ) SI_UNIT ( $, .RADIAN. ) );
#5741 = COLOUR_RGB ( '',0.7490196078431372584, 0.7490196078431372584, 0.7490196078431372584 ) ;
#5742 = LINE ( 'NONE', #8472, #4913 ) ;
#5743 = DIRECTION ( 'NONE',  ( -1.000000000000000000, 0.000000000000000000, -2.618191646955655209E-47 ) ) ;
#5744 = CARTESIAN_POINT ( 'NONE',  ( 634.9999999999997726, -25.00000000000006750, 1234.999999999999545 ) ) ;
#5745 = UNCERTAINTY_MEASURE_WITH_UNIT (LENGTH_MEASURE( 1.000000000000000082E-05 ), #8079, 'distance_accuracy_value', 'NONE');
#5746 = ORIENTED_EDGE ( 'NONE', *, *, #2522, .T. ) ;
#5747 = STYLED_ITEM ( 'NONE', ( #8257 ), #6024 ) ;
#5748 = ADVANCED_FACE ( 'NONE', ( #1212 ), #5383, .F. ) ;
#5749 = DIRECTION ( 'NONE',  ( 0.000000000000000000, 0.000000000000000000, -1.000000000000000000 ) ) ;
#5750 =( NAMED_UNIT ( * ) PLANE_ANGLE_UNIT ( ) SI_UNIT ( $, .RADIAN. ) );
#5751 = CARTESIAN_POINT ( 'NONE',  ( 623.9999999999998863, -1.767766952966344451, 1211.767766952965985 ) ) ;
#5752 = FILL_AREA_STYLE_COLOUR ( '', #6214 ) ;
#5753 = ORIENTED_EDGE ( 'NONE', *, *, #5334, .F. ) ;
#5754 =( GEOMETRIC_REPRESENTATION_CONTEXT ( 3 ) GLOBAL_UNCERTAINTY_ASSIGNED_CONTEXT ( ( #6897 ) ) GLOBAL_UNIT_ASSIGNED_CONTEXT ( ( #5553, #6928, #8315 ) ) REPRESENTATION_CONTEXT ( 'NONE', 'WORKASPACE' ) );
#5755 = ADVANCED_FACE ( 'NONE', ( #6174 ), #4567, .F. ) ;
#5756 = CARTESIAN_POINT ( 'NONE',  ( 604.5001109593351885, -15.28087215681674493, 1186.824374292770699 ) ) ;
#5757 = EDGE_CURVE ( 'NONE', #3890, #3935, #6167, .T. ) ;
#5758 = DIRECTION ( 'NONE',  ( 0.000000000000000000, 0.000000000000000000, 1.000000000000000000 ) ) ;
#5759 = PRESENTATION_LAYER_ASSIGNMENT (  '', '', ( #717 ) ) ;
#5760 = VERTEX_POINT ( 'NONE', #7647 ) ;
#5761 = ADVANCED_FACE ( 'NONE', ( #2766 ), #8268, .F. ) ;
#5762 = CARTESIAN_POINT ( 'NONE',  ( 605.0554009808882938, 38.54690215995557168, 1231.600803481961066 ) ) ;
#5763 = CARTESIAN_POINT ( 'NONE',  ( 608.9999999999998863, -6.591949208711866959E-14, 1234.999999999999545 ) ) ;
#5764 = LINE ( 'NONE', #5043, #3646 ) ;
#5765 =( GEOMETRIC_REPRESENTATION_CONTEXT ( 3 ) GLOBAL_UNCERTAINTY_ASSIGNED_CONTEXT ( ( #6352 ) ) GLOBAL_UNIT_ASSIGNED_CONTEXT ( ( #3203, #4489, #7246 ) ) REPRESENTATION_CONTEXT ( 'NONE', 'WORKASPACE' ) );
#5766 = PRESENTATION_STYLE_ASSIGNMENT (( #120 ) ) ;
#5767 = DIRECTION ( 'NONE',  ( 0.000000000000000000, 0.7071067811865567876, -0.7071067811865382469 ) ) ;
#5768 = ADVANCED_FACE ( 'NONE', ( #2091 ), #4815, .T. ) ;
#5769 = ORIENTED_EDGE ( 'NONE', *, *, #7498, .F. ) ;
#5770 = DIRECTION ( 'NONE',  ( 0.000000000000000000, -0.9510565162951480911, -0.3090169943749644377 ) ) ;
#5771 = COLOUR_RGB ( '',0.7490196078431372584, 0.7490196078431372584, 0.7490196078431372584 ) ;
#5772 = FACE_OUTER_BOUND ( 'NONE', #3135, .T. ) ;
#5773 = CARTESIAN_POINT ( 'NONE',  ( 607.4999999999997726, 25.27476584857668485, 1204.212269241877721 ) ) ;
#5774 = CARTESIAN_POINT ( 'NONE',  ( 605.4999999999997726, -7.240541427903726124, 1187.030411564613814 ) ) ;
#5775 = ORIENTED_EDGE ( 'NONE', *, *, #7234, .T. ) ;
#5776 = CIRCLE ( 'NONE', #3189, 15.74999999999993072 ) ;
#5777 = PRESENTATION_STYLE_ASSIGNMENT (( #5686 ) ) ;
#5778 = PLANE ( 'NONE',  #6357 ) ;
#5779 = VERTEX_POINT ( 'NONE', #988 ) ;
#5780 = CARTESIAN_POINT ( 'NONE',  ( 608.9607345775378917, 36.99999999999993605, 1226.509157205997553 ) ) ;
#5781 = CARTESIAN_POINT ( 'NONE',  ( 614.4999999999997726, -14.90675698565364549, 1189.121719432582722 ) ) ;
#5782 = DIRECTION ( 'NONE',  ( 0.000000000000000000, 5.240252676230735084E-14, 1.000000000000000000 ) ) ;
#5783 = DIRECTION ( 'NONE',  ( 0.000000000000000000, -0.5877852522924479350, -0.8090169943749657699 ) ) ;
#5784 = CARTESIAN_POINT ( 'NONE',  ( 607.5309322192437094, 22.14496284659671588, 1202.707841588415022 ) ) ;
#5785 = DIRECTION ( 'NONE',  ( -1.000000000000000000, 0.000000000000000000, -2.618191646955655209E-47 ) ) ;
#5786 = DIRECTION ( 'NONE',  ( 0.000000000000000000, -1.000000000000000000, -5.790977208335533259E-15 ) ) ;
#5787 = CARTESIAN_POINT ( 'NONE',  ( 608.9999999999998863, -6.591949208711866959E-14, 1234.999999999999545 ) ) ;
#5788 = CARTESIAN_POINT ( 'NONE',  ( 634.9999999999997726, 2.775557561562892613E-14, 1209.999999999999773 ) ) ;
#5789 = FACE_OUTER_BOUND ( 'NONE', #7277, .T. ) ;
#5790 = ORIENTED_EDGE ( 'NONE', *, *, #792, .F. ) ;
#5791 = CARTESIAN_POINT ( 'NONE',  ( 623.9999999999998863, 17.67766952966358218, 1252.677669529663717 ) ) ;
#5792 = PRESENTATION_STYLE_ASSIGNMENT (( #3043 ) ) ;
#5793 =( GEOMETRIC_REPRESENTATION_CONTEXT ( 3 ) GLOBAL_UNCERTAINTY_ASSIGNED_CONTEXT ( ( #3196 ) ) GLOBAL_UNIT_ASSIGNED_CONTEXT ( ( #2824, #4162, #2867 ) ) REPRESENTATION_CONTEXT ( 'NONE', 'WORKASPACE' ) );
#5794 = VERTEX_POINT ( 'NONE', #5773 ) ;
#5795 = AXIS2_PLACEMENT_3D ( 'NONE', #1502, #3566, #6311 ) ;
#5796 = CARTESIAN_POINT ( 'NONE',  ( 605.2322676026300314, 50.31504012352238675, 1231.227205413022375 ) ) ;
#5797 = DIRECTION ( 'NONE',  ( -2.126226658603510571E-31, -0.3090169943749515591, -0.9510565162951523099 ) ) ;
#5798 = PRESENTATION_LAYER_ASSIGNMENT (  '', '', ( #466 ) ) ;
#5799 = EDGE_LOOP ( 'NONE', ( #5940, #5235, #2101 ) ) ;
#5800 = SURFACE_STYLE_FILL_AREA ( #6434 ) ;
#5801 = SURFACE_STYLE_USAGE ( .BOTH. , #2345 ) ;
#5802 = CYLINDRICAL_SURFACE ( 'NONE', #6886, 2.750000000000030198 ) ;
#5803 = EDGE_CURVE ( 'NONE', #7790, #8142, #3515, .T. ) ;
#5804 = DIRECTION ( 'NONE',  ( 0.000000000000000000, 1.000000000000000000, 0.000000000000000000 ) ) ;
#5805 = ORIENTED_EDGE ( 'NONE', *, *, #5428, .F. ) ;
#5806 = STYLED_ITEM ( 'NONE', ( #245 ), #2237 ) ;
#5807 = EDGE_CURVE ( 'NONE', #900, #7857, #5869, .T. ) ;
#5808 = SURFACE_STYLE_FILL_AREA ( #6341 ) ;
#5809 = FILL_AREA_STYLE ('',( #1119 ) ) ;
#5810 = FACE_OUTER_BOUND ( 'NONE', #4964, .T. ) ;
#5811 = CYLINDRICAL_SURFACE ( 'NONE', #934, 2.499999999999952038 ) ;
#5812 = CARTESIAN_POINT ( 'NONE',  ( 607.4999999999997726, -22.33809557721026451, 1191.935904272665539 ) ) ;
#5813 = PRESENTATION_LAYER_ASSIGNMENT (  '', '', ( #3786 ) ) ;
#5814 = DIRECTION ( 'NONE',  ( 0.000000000000000000, 7.806255641895625614E-14, 1.000000000000000000 ) ) ;
#5815 =( NAMED_UNIT ( * ) SI_UNIT ( $, .STERADIAN. ) SOLID_ANGLE_UNIT ( ) );
#5816 = DIRECTION ( 'NONE',  ( 0.000000000000000000, 0.000000000000000000, 1.000000000000000000 ) ) ;
#5817 = ORIENTED_EDGE ( 'NONE', *, *, #6069, .T. ) ;
#5818 = FACE_OUTER_BOUND ( 'NONE', #4534, .T. ) ;
#5819 =( NAMED_UNIT ( * ) SI_UNIT ( $, .STERADIAN. ) SOLID_ANGLE_UNIT ( ) );
#5820 = CARTESIAN_POINT ( 'NONE',  ( 606.6732659031027879, 49.14620225002630605, 1241.225571294161909 ) ) ;
#5821 = ORIENTED_EDGE ( 'NONE', *, *, #1458, .T. ) ;
#5822 = AXIS2_PLACEMENT_3D ( 'NONE', #8153, #4641, #1321 ) ;
#5823 = COLOUR_RGB ( '',0.7490196078431372584, 0.7490196078431372584, 0.7490196078431372584 ) ;
#5824 = CARTESIAN_POINT ( 'NONE',  ( 607.5727106747540347, 23.04652357015919151, 1266.462241374522137 ) ) ;
#5825 = CARTESIAN_POINT ( 'NONE',  ( 614.4999999999997726, -20.45844174448551556, 1172.035390646738733 ) ) ;
#5826 = CARTESIAN_POINT ( 'NONE',  ( 607.5054988378475400, 24.31472410490558289, 1204.098412705863439 ) ) ;
#5827 =( NAMED_UNIT ( * ) PLANE_ANGLE_UNIT ( ) SI_UNIT ( $, .RADIAN. ) );
#5828 = AXIS2_PLACEMENT_3D ( 'NONE', #1646, #7206, #3077 ) ;
#5829 = SURFACE_STYLE_FILL_AREA ( #4420 ) ;
#5830 = SURFACE_STYLE_USAGE ( .BOTH. , #1739 ) ;
#5831 = UNCERTAINTY_MEASURE_WITH_UNIT (LENGTH_MEASURE( 1.000000000000000082E-05 ), #3998, 'distance_accuracy_value', 'NONE');
#5832 = STYLED_ITEM ( 'NONE', ( #3958 ), #177 ) ;
#5833 = DIRECTION ( 'NONE',  ( 0.000000000000000000, 0.000000000000000000, 1.000000000000000000 ) ) ;
#5834 = ORIENTED_EDGE ( 'NONE', *, *, #5382, .F. ) ;
#5835 = FACE_OUTER_BOUND ( 'NONE', #1890, .T. ) ;
#5836 = FACE_OUTER_BOUND ( 'NONE', #8750, .T. ) ;
#5837 = PRESENTATION_LAYER_ASSIGNMENT (  '', '', ( #1381 ) ) ;
#5838 = DIRECTION ( 'NONE',  ( 0.000000000000000000, 0.7071067811865577868, -0.7071067811865371366 ) ) ;
#5839 =( NAMED_UNIT ( * ) PLANE_ANGLE_UNIT ( ) SI_UNIT ( $, .RADIAN. ) );
#5840 = ORIENTED_EDGE ( 'NONE', *, *, #7727, .F. ) ;
#5841 = CARTESIAN_POINT ( 'NONE',  ( 607.0169407236310235, 43.12089565753963427, 1235.470794184417855 ) ) ;
#5842 = CARTESIAN_POINT ( 'NONE',  ( 604.4997569246614830, 52.48819197551655691, 1234.265327237973224 ) ) ;
#5843 = FACE_OUTER_BOUND ( 'NONE', #2745, .T. ) ;
#5844 = CIRCLE ( 'NONE', #5132, 4.000000000000039968 ) ;
#5845 = ORIENTED_EDGE ( 'NONE', *, *, #1940, .F. ) ;
#5846 =( LENGTH_UNIT ( ) NAMED_UNIT ( * ) SI_UNIT ( .MILLI., .METRE. ) );
#5847 = PRESENTATION_STYLE_ASSIGNMENT (( #5801 ) ) ;
#5848 = CARTESIAN_POINT ( 'NONE',  ( 607.0999999999999091, -40.89543020069161372, 1248.287730758122507 ) ) ;
#5849 = CARTESIAN_POINT ( 'NONE',  ( 604.6131400333568990, 43.84923558152512868, 1233.499999999999773 ) ) ;
#5850 = VECTOR ( 'NONE', #5797, 999.9999999999998863 ) ;
#5851 = ORIENTED_EDGE ( 'NONE', *, *, #4627, .T. ) ;
#5852 = DIRECTION ( 'NONE',  ( -1.000000000000000000, 0.000000000000000000, -2.618191646955655209E-47 ) ) ;
#5853 = EDGE_CURVE ( 'NONE', #3987, #2812, #3151, .T. ) ;
#5854 = LINE ( 'NONE', #8597, #1196 ) ;
#5855 = STYLED_ITEM ( 'NONE', ( #4823 ), #4855 ) ;
#5856 = CIRCLE ( 'NONE', #7571, 1.999999999999963363 ) ;
#5857 = CARTESIAN_POINT ( 'NONE',  ( 608.9607345775378917, -6.591949208711866959E-14, 1234.999999999999545 ) ) ;
#5858 = EDGE_CURVE ( 'NONE', #3974, #4172, #2161, .T. ) ;
#5859 =( LENGTH_UNIT ( ) NAMED_UNIT ( * ) SI_UNIT ( .MILLI., .METRE. ) );
#5860 = CARTESIAN_POINT ( 'NONE',  ( 606.9999999999998863, -12.05166278062322505, 1197.908795864488638 ) ) ;
#5861 = LINE ( 'NONE', #4036, #5165 ) ;
#5862 = EDGE_LOOP ( 'NONE', ( #1432, #3436, #5091, #8443 ) ) ;
#5863 = AXIS2_PLACEMENT_3D ( 'NONE', #8455, #8402, #5055 ) ;
#5864 = LINE ( 'NONE', #3118, #887 ) ;
#5865 = ORIENTED_EDGE ( 'NONE', *, *, #1631, .F. ) ;
#5866 = DIRECTION ( 'NONE',  ( 0.000000000000000000, 0.000000000000000000, 1.000000000000000000 ) ) ;
#5867 = SURFACE_SIDE_STYLE ('',( #7158 ) ) ;
#5868 = DIRECTION ( 'NONE',  ( -1.000000000000000000, 0.000000000000000000, -2.618191646955655209E-47 ) ) ;
#5869 = B_SPLINE_CURVE_WITH_KNOTS ( 'NONE', 3,
 ( #1032, #2357, #3021, #7825, #5002, #1545, #1586, #8502 ),
 .UNSPECIFIED., .F., .F.,
 ( 4, 2, 2, 4 ),
 ( -8.164966075156280582E-06, 0.001148324524691150816, 0.001726569270074161016, 0.002304814015457171215 ),
 .UNSPECIFIED. ) ;
#5870 =( LENGTH_UNIT ( ) NAMED_UNIT ( * ) SI_UNIT ( .MILLI., .METRE. ) );
#5871 = COLOUR_RGB ( '',0.7490196078431372584, 0.7490196078431372584, 0.7490196078431372584 ) ;
#5872 = ADVANCED_FACE ( 'NONE', ( #7062 ), #3299, .F. ) ;
#5873 = CARTESIAN_POINT ( 'NONE',  ( 605.4999999999997726, -4.657394203157376289, 1194.980521252314475 ) ) ;
#5874 = FILL_AREA_STYLE_COLOUR ( '', #8786 ) ;
#5875 =( LENGTH_UNIT ( ) NAMED_UNIT ( * ) SI_UNIT ( .MILLI., .METRE. ) );
#5876 =( GEOMETRIC_REPRESENTATION_CONTEXT ( 3 ) GLOBAL_UNCERTAINTY_ASSIGNED_CONTEXT ( ( #1142 ) ) GLOBAL_UNIT_ASSIGNED_CONTEXT ( ( #2336, #5031, #6471 ) ) REPRESENTATION_CONTEXT ( 'NONE', 'WORKASPACE' ) );
#5877 = CARTESIAN_POINT ( 'NONE',  ( 607.4999999999997726, 39.48272485508043417, 1242.937253933193688 ) ) ;
#5878 = ORIENTED_EDGE ( 'NONE', *, *, #1967, .T. ) ;
#5879 =( NAMED_UNIT ( * ) PLANE_ANGLE_UNIT ( ) SI_UNIT ( $, .RADIAN. ) );
#5880 =( LENGTH_UNIT ( ) NAMED_UNIT ( * ) SI_UNIT ( .MILLI., .METRE. ) );
#5881 = LINE ( 'NONE', #1186, #1713 ) ;
#5882 = CARTESIAN_POINT ( 'NONE',  ( 623.9999999999998863, 17.67766952966358218, 1250.177669529663717 ) ) ;
#5883 = EDGE_LOOP ( 'NONE', ( #8628, #2567, #1682, #2038, #4793, #7419, #3882 ) ) ;
#5884 = CARTESIAN_POINT ( 'NONE',  ( 634.9999999999997726, -20.70266952966396801, 1252.677669529663717 ) ) ;
#5885 = SURFACE_SIDE_STYLE ('',( #383 ) ) ;
#5886 = AXIS2_PLACEMENT_3D ( 'NONE', #2625, #7245, #6710 ) ;
#5887 = SURFACE_STYLE_USAGE ( .BOTH. , #3143 ) ;
#5888 = ORIENTED_EDGE ( 'NONE', *, *, #2176, .F. ) ;
#5889 = CARTESIAN_POINT ( 'NONE',  ( 634.9999999999997726, -6.591949208711866959E-14, 1218.249999999999545 ) ) ;
#5890 = CARTESIAN_POINT ( 'NONE',  ( 607.4999999999997726, -18.59180447997856689, 1200.192904486528732 ) ) ;
#5891 = CARTESIAN_POINT ( 'NONE',  ( 604.5712613586027828, 44.66457147782430326, 1233.807038860776174 ) ) ;
#5892 = CIRCLE ( 'NONE', #2172, 2.750000000000030198 ) ;
#5893 = VERTEX_POINT ( 'NONE', #6489 ) ;
#5894 = CARTESIAN_POINT ( 'NONE',  ( 607.0999999999999091, -25.27476584857666708, 1269.787730758122734 ) ) ;
#5895 = SURFACE_STYLE_USAGE ( .BOTH. , #7330 ) ;
#5896 = CARTESIAN_POINT ( 'NONE',  ( 634.9999999999997726, 24.99999999999993605, 1234.999999999999545 ) ) ;
#5897 = AXIS2_PLACEMENT_3D ( 'NONE', #1081, #3292, #8009 ) ;
#5898 = CARTESIAN_POINT ( 'NONE',  ( 607.5726731305876456, 3.742042203307469698E-13, 1195.999999999999773 ) ) ;
#5899 = CYLINDRICAL_SURFACE ( 'NONE', #707, 2.749999999999977351 ) ;
#5900 = VERTEX_POINT ( 'NONE', #314 ) ;
#5901 = CARTESIAN_POINT ( 'NONE',  ( 605.4299621712583530, 51.57565809414347768, 1228.187274715765398 ) ) ;
#5902 = CARTESIAN_POINT ( 'NONE',  ( 621.9999999999997726, 36.99999999999993605, 1234.999999999999545 ) ) ;
#5903 = VERTEX_POINT ( 'NONE', #584 ) ;
#5904 =( NAMED_UNIT ( * ) PLANE_ANGLE_UNIT ( ) SI_UNIT ( $, .RADIAN. ) );
#5905 = DIRECTION ( 'NONE',  ( 1.000000000000000000, -0.000000000000000000, 2.618191646955655209E-47 ) ) ;
#5906 = CIRCLE ( 'NONE', #7047, 3.024999999999956835 ) ;
#5907 = DIRECTION ( 'NONE',  ( -1.000000000000000000, -3.732113731436789969E-16, 1.045086722461000084E-15 ) ) ;
#5908 = CARTESIAN_POINT ( 'NONE',  ( 606.6230289562886355, 39.50767604897041707, 1228.722210530908796 ) ) ;
#5909 = PRESENTATION_STYLE_ASSIGNMENT (( #3969 ) ) ;
#5910 = PRESENTATION_STYLE_ASSIGNMENT (( #7928 ) ) ;
#5911 = EDGE_CURVE ( 'NONE', #1397, #8761, #987, .T. ) ;
#5912 = UNCERTAINTY_MEASURE_WITH_UNIT (LENGTH_MEASURE( 1.000000000000000082E-05 ), #5875, 'distance_accuracy_value', 'NONE');
#5913 = ADVANCED_FACE ( 'NONE', ( #4005 ), #7381, .F. ) ;
#5914 = SURFACE_STYLE_FILL_AREA ( #1056 ) ;
#5915 = CONICAL_SURFACE ( 'NONE', #2623, 3.024999999999967049, 0.7853981633974518317 ) ;
#5916 = PRESENTATION_STYLE_ASSIGNMENT (( #1486 ) ) ;
#5917 = VERTEX_POINT ( 'NONE', #3332 ) ;
#5918 = PRESENTATION_STYLE_ASSIGNMENT (( #1101 ) ) ;
#5919 =( NAMED_UNIT ( * ) PLANE_ANGLE_UNIT ( ) SI_UNIT ( $, .RADIAN. ) );
#5920 = ORIENTED_EDGE ( 'NONE', *, *, #5419, .F. ) ;
#5921 = AXIS2_PLACEMENT_3D ( 'NONE', #5699, #8425, #7168 ) ;
#5922 = CARTESIAN_POINT ( 'NONE',  ( 622.0654966078423058, 45.93964049335891531, 1235.475980701698063 ) ) ;
#5923 = CARTESIAN_POINT ( 'NONE',  ( 604.5187880248955707, 50.53386946952973346, 1235.707748616279105 ) ) ;
#5924 = DIRECTION ( 'NONE',  ( 0.000000000000000000, 0.000000000000000000, 1.000000000000000000 ) ) ;
#5925 = VERTEX_POINT ( 'NONE', #7295 ) ;
#5926 = PRESENTATION_STYLE_ASSIGNMENT (( #6697 ) ) ;
#5927 =( GEOMETRIC_REPRESENTATION_CONTEXT ( 3 ) GLOBAL_UNCERTAINTY_ASSIGNED_CONTEXT ( ( #2787 ) ) GLOBAL_UNIT_ASSIGNED_CONTEXT ( ( #1612, #6426, #6472 ) ) REPRESENTATION_CONTEXT ( 'NONE', 'WORKASPACE' ) );
#5928 = FILL_AREA_STYLE ('',( #434 ) ) ;
#5929 = CARTESIAN_POINT ( 'NONE',  ( 607.5726731305876456, 3.742042203307469698E-13, 1195.999999999999773 ) ) ;
#5930 =( GEOMETRIC_REPRESENTATION_CONTEXT ( 3 ) GLOBAL_UNCERTAINTY_ASSIGNED_CONTEXT ( ( #5305 ) ) GLOBAL_UNIT_ASSIGNED_CONTEXT ( ( #5295, #3208, #6714 ) ) REPRESENTATION_CONTEXT ( 'NONE', 'WORKASPACE' ) );
#5931 = EDGE_LOOP ( 'NONE', ( #7037, #5671, #8032 ) ) ;
#5932 = MECHANICAL_DESIGN_GEOMETRIC_PRESENTATION_REPRESENTATION (  '', ( #2920 ), #7082 ) ;
#5933 = PRESENTATION_STYLE_ASSIGNMENT (( #5895 ) ) ;
#5934 = CARTESIAN_POINT ( 'NONE',  ( 607.4999999999997726, 25.27476584857668485, 1204.212269241877721 ) ) ;
#5935 = ORIENTED_EDGE ( 'NONE', *, *, #7118, .T. ) ;
#5936 = DIRECTION ( 'NONE',  ( 0.000000000000000000, 0.000000000000000000, 1.000000000000000000 ) ) ;
#5937 = DIRECTION ( 'NONE',  ( 0.000000000000000000, 0.3633220134397304735, -0.9316636273624189224 ) ) ;
#5938 = AXIS2_PLACEMENT_3D ( 'NONE', #88, #3470, #3056 ) ;
#5939 = LINE ( 'NONE', #6531, #3877 ) ;
#5940 = ORIENTED_EDGE ( 'NONE', *, *, #4041, .F. ) ;
#5941 = CARTESIAN_POINT ( 'NONE',  ( 606.9138562681185931, 48.52815117486120755, 1228.484523836257722 ) ) ;
#5942 = FILL_AREA_STYLE ('',( #6032 ) ) ;
#5943 = FACE_OUTER_BOUND ( 'NONE', #4680, .T. ) ;
#5944 = ORIENTED_EDGE ( 'NONE', *, *, #1570, .T. ) ;
#5945 = PRESENTATION_STYLE_ASSIGNMENT (( #1264 ) ) ;
#5946 = AXIS2_PLACEMENT_3D ( 'NONE', #4623, #3340, #8784 ) ;
#5947 = SURFACE_SIDE_STYLE ('',( #2677 ) ) ;
#5948 = CARTESIAN_POINT ( 'NONE',  ( 607.4999999999997726, -7.279231551046435378, 1186.911335609565640 ) ) ;
#5949 = CARTESIAN_POINT ( 'NONE',  ( 607.4587102410155239, 39.48425090612694532, 1227.536833031143487 ) ) ;
#5950 = CYLINDRICAL_SURFACE ( 'NONE', #2276, 7.499999999999951150 ) ;
#5951 = DIRECTION ( 'NONE',  ( 1.000000000000000000, -9.162209061964950760E-16, 6.261247779448909594E-16 ) ) ;
#5952 = CIRCLE ( 'NONE', #3928, 51.54051262744641093 ) ;
#5953 = VECTOR ( 'NONE', #2512, 1000.000000000000000 ) ;
#5954 = CARTESIAN_POINT ( 'NONE',  ( 607.4999999999997726, 39.48272485507993679, 1227.062746066805857 ) ) ;
#5955 = EDGE_CURVE ( 'NONE', #5204, #6880, #2018, .T. ) ;
#5956 = COLOUR_RGB ( '',0.7490196078431372584, 0.7490196078431372584, 0.7490196078431372584 ) ;
#5957 = CARTESIAN_POINT ( 'NONE',  ( 633.9999999999997726, -6.591949208711866959E-14, 1234.999999999999545 ) ) ;
#5958 = ORIENTED_EDGE ( 'NONE', *, *, #2396, .T. ) ;
#5959 = CIRCLE ( 'NONE', #5544, 2.750000000000032863 ) ;
#5960 =( GEOMETRIC_REPRESENTATION_CONTEXT ( 3 ) GLOBAL_UNCERTAINTY_ASSIGNED_CONTEXT ( ( #228 ) ) GLOBAL_UNIT_ASSIGNED_CONTEXT ( ( #7884, #5068, #1694 ) ) REPRESENTATION_CONTEXT ( 'NONE', 'WORKASPACE' ) );
#5961 = ADVANCED_FACE ( 'NONE', ( #6074 ), #5899, .T. ) ;
#5962 = CARTESIAN_POINT ( 'NONE',  ( 611.5221408465703234, -19.22370111075207078, 1202.342056828562363 ) ) ;
#5963 = DIRECTION ( 'NONE',  ( -1.000000000000000000, 0.000000000000000000, -2.618191646955655209E-47 ) ) ;
#5964 = ORIENTED_EDGE ( 'NONE', *, *, #6527, .F. ) ;
#5965 = CONICAL_SURFACE ( 'NONE', #8839, 3.249999999999975131, 0.7853981633974482790 ) ;
#5966 = FILL_AREA_STYLE_COLOUR ( '', #7981 ) ;
#5967 = DIRECTION ( 'NONE',  ( 1.000000000000000000, 3.732113731436789969E-16, -1.045086722461000084E-15 ) ) ;
#5968 = EDGE_CURVE ( 'NONE', #656, #915, #8685, .T. ) ;
#5969 = VERTEX_POINT ( 'NONE', #6658 ) ;
#5970 = AXIS2_PLACEMENT_3D ( 'NONE', #3106, #5852, #8594 ) ;
#5971 = DIRECTION ( 'NONE',  ( -4.552280931047950800E-17, 0.3090169943749515591, 0.9510565162951521989 ) ) ;
#5972 = FILL_AREA_STYLE_COLOUR ( '', #8261 ) ;
#5973 = AXIS2_PLACEMENT_3D ( 'NONE', #1923, #6725, #7265 ) ;
#5974 = EDGE_CURVE ( 'NONE', #4222, #5900, #445, .T. ) ;
#5975 = VERTEX_POINT ( 'NONE', #2583 ) ;
#5976 = MECHANICAL_DESIGN_GEOMETRIC_PRESENTATION_REPRESENTATION (  '', ( #3822 ), #8860 ) ;
#5977 = DIRECTION ( 'NONE',  ( 1.000000000000000000, 0.000000000000000000, 2.618191646955655209E-47 ) ) ;
#5978 = AXIS2_PLACEMENT_3D ( 'NONE', #2387, #880, #7049 ) ;
#5979 = MECHANICAL_DESIGN_GEOMETRIC_PRESENTATION_REPRESENTATION (  '', ( #8713 ), #4832 ) ;
#5980 = CARTESIAN_POINT ( 'NONE',  ( 607.5576149611619030, 37.32333242574511445, 1246.481119766081974 ) ) ;
#5981 = ORIENTED_EDGE ( 'NONE', *, *, #7991, .T. ) ;
#5982 = ADVANCED_FACE ( 'NONE', ( #4615 ), #6790, .F. ) ;
#5983 = SURFACE_SIDE_STYLE ('',( #5241 ) ) ;
#5984 = UNCERTAINTY_MEASURE_WITH_UNIT (LENGTH_MEASURE( 1.000000000000000082E-05 ), #2208, 'distance_accuracy_value', 'NONE');
#5985 = DIRECTION ( 'NONE',  ( -1.045086722460999887E-15, 0.5877852522924739143, -0.8090169943749467851 ) ) ;
#5986 = EDGE_LOOP ( 'NONE', ( #2160, #6914, #5790, #7197, #6180, #4212, #4392, #2169, #6103, #5393, #5357, #4231, #3752 ) ) ;
#5987 = CARTESIAN_POINT ( 'NONE',  ( 607.0251612914679527, 49.80169014022344953, 1227.193137596538918 ) ) ;
#5988 =( NAMED_UNIT ( * ) PLANE_ANGLE_UNIT ( ) SI_UNIT ( $, .RADIAN. ) );
#5989 = FILL_AREA_STYLE ('',( #3161 ) ) ;
#5990 = ORIENTED_EDGE ( 'NONE', *, *, #3252, .F. ) ;
#5991 = PRESENTATION_LAYER_ASSIGNMENT (  '', '', ( #93 ) ) ;
#5992 = LINE ( 'NONE', #2499, #69 ) ;
#5993 = DIRECTION ( 'NONE',  ( -2.618191646955655209E-47, 0.000000000000000000, 1.000000000000000000 ) ) ;
#5994 = CARTESIAN_POINT ( 'NONE',  ( 607.0093743551108219, 38.51068471997965759, 1229.652819122811252 ) ) ;
#5995 = SURFACE_STYLE_FILL_AREA ( #3257 ) ;
#5996 = ORIENTED_EDGE ( 'NONE', *, *, #2669, .T. ) ;
#5997 = STYLED_ITEM ( 'NONE', ( #4151 ), #2890 ) ;
#5998 = ORIENTED_EDGE ( 'NONE', *, *, #5955, .T. ) ;
#5999 = UNCERTAINTY_MEASURE_WITH_UNIT (LENGTH_MEASURE( 1.000000000000000082E-05 ), #2897, 'distance_accuracy_value', 'NONE');
#6000 = STYLED_ITEM ( 'NONE', ( #6390 ), #4984 ) ;
#6001 =( GEOMETRIC_REPRESENTATION_CONTEXT ( 3 ) GLOBAL_UNCERTAINTY_ASSIGNED_CONTEXT ( ( #3391 ) ) GLOBAL_UNIT_ASSIGNED_CONTEXT ( ( #8136, #1, #7559 ) ) REPRESENTATION_CONTEXT ( 'NONE', 'WORKASPACE' ) );
#6002 = DIRECTION ( 'NONE',  ( 0.000000000000000000, 0.000000000000000000, -1.000000000000000000 ) ) ;
#6003 = CIRCLE ( 'NONE', #2143, 37.96174931891926718 ) ;
#6004 = ORIENTED_EDGE ( 'NONE', *, *, #2674, .T. ) ;
#6005 =( NAMED_UNIT ( * ) PLANE_ANGLE_UNIT ( ) SI_UNIT ( $, .RADIAN. ) );
#6006 = DIRECTION ( 'NONE',  ( 0.000000000000000000, 0.000000000000000000, -1.000000000000000000 ) ) ;
#6007 = AXIS2_PLACEMENT_3D ( 'NONE', #2152, #734, #8324 ) ;
#6008 = STYLED_ITEM ( 'NONE', ( #5933 ), #4639 ) ;
#6009 = SURFACE_STYLE_FILL_AREA ( #1982 ) ;
#6010 = VERTEX_POINT ( 'NONE', #5593 ) ;
#6011 = B_SPLINE_CURVE_WITH_KNOTS ( 'NONE', 3,
 ( #8096, #4058, #3302, #6799, #2635, #6040, #4672, #6132, #639, #2007, #7439, #8269 ),
 .UNSPECIFIED., .F., .F.,
 ( 4, 2, 2, 2, 2, 4 ),
 ( 0.000000000000000000, 0.0009233691069795549365, 0.001846738213959109873, 0.002308422767449207994, 0.002770107320939306332, 0.003693476427919510814 ),
 .UNSPECIFIED. ) ;
#6012 = CIRCLE ( 'NONE', #2150, 2.499999999999998668 ) ;
#6013 = LINE ( 'NONE', #5884, #8123 ) ;
#6014 = EDGE_CURVE ( 'NONE', #7726, #5900, #3581, .T. ) ;
#6015 = SURFACE_STYLE_USAGE ( .BOTH. , #6779 ) ;
#6016 = AXIS2_PLACEMENT_3D ( 'NONE', #2322, #1647, #4361 ) ;
#6017 = CARTESIAN_POINT ( 'NONE',  ( 606.7981623404181164, 39.26653421450400572, 1241.385515883749804 ) ) ;
#6018 = DIRECTION ( 'NONE',  ( 1.000000000000000000, 0.000000000000000000, 2.618191646955655209E-47 ) ) ;
#6019 = DIRECTION ( 'NONE',  ( 1.000000000000000000, 0.000000000000000000, 2.618191646955655209E-47 ) ) ;
#6020 = DIRECTION ( 'NONE',  ( 1.000000000000000000, 0.000000000000000000, 2.618191646955655209E-47 ) ) ;
#6021 = ORIENTED_EDGE ( 'NONE', *, *, #4620, .F. ) ;
#6022 = EDGE_CURVE ( 'NONE', #6010, #4732, #153, .T. ) ;
#6023 = STYLED_ITEM ( 'NONE', ( #4012 ), #5748 ) ;
#6024 = ADVANCED_FACE ( 'NONE', ( #6962 ), #3551, .T. ) ;
#6025 = CARTESIAN_POINT ( 'NONE',  ( 614.4999999999997726, -11.43362879187332659, 1199.810908897079571 ) ) ;
#6026 = EDGE_LOOP ( 'NONE', ( #701, #941, #2113, #6615, #4603, #1442, #8635, #7719, #333, #5348, #5958, #8864, #3012, #5648, #7851, #95, #6041, #1293, #2733, #4016, #4075, #2834, #1521, #8769, #4675, #8741, #3246, #3432, #1924, #530, #7247, #2519, #7470, #134 ) ) ;
#6027 = FILL_AREA_STYLE_COLOUR ( '', #4519 ) ;
#6028 = AXIS2_PLACEMENT_3D ( 'NONE', #5631, #837, #4300 ) ;
#6029 =( LENGTH_UNIT ( ) NAMED_UNIT ( * ) SI_UNIT ( .MILLI., .METRE. ) );
#6030 = VERTEX_POINT ( 'NONE', #5545 ) ;
#6031 = CARTESIAN_POINT ( 'NONE',  ( 605.8034674799405366, 51.91977438032893843, 1230.036687981297518 ) ) ;
#6032 = FILL_AREA_STYLE_COLOUR ( '', #493 ) ;
#6033 = PRESENTATION_STYLE_ASSIGNMENT (( #1166 ) ) ;
#6034 = ORIENTED_EDGE ( 'NONE', *, *, #7892, .T. ) ;
#6035 = COLOUR_RGB ( '',0.7490196078431372584, 0.7490196078431372584, 0.7490196078431372584 ) ;
#6036 =( GEOMETRIC_REPRESENTATION_CONTEXT ( 3 ) GLOBAL_UNCERTAINTY_ASSIGNED_CONTEXT ( ( #6093 ) ) GLOBAL_UNIT_ASSIGNED_CONTEXT ( ( #8645, #6582, #2495 ) ) REPRESENTATION_CONTEXT ( 'NONE', 'WORKASPACE' ) );
#6037 = SURFACE_STYLE_FILL_AREA ( #3966 ) ;
#6038 = SURFACE_STYLE_FILL_AREA ( #2549 ) ;
#6039 = DIRECTION ( 'NONE',  ( -2.126226658603510133E-31, -0.3090169943749515591, -0.9510565162951521989 ) ) ;
#6040 = CARTESIAN_POINT ( 'NONE',  ( 607.5726542117798772, -37.13913922327513006, 1223.095694415990238 ) ) ;
#6041 = ORIENTED_EDGE ( 'NONE', *, *, #7552, .F. ) ;
#6042 = PRESENTATION_LAYER_ASSIGNMENT (  '', '', ( #5201 ) ) ;
#6043 = CARTESIAN_POINT ( 'NONE',  ( 606.3081755593201478, 38.75838772877444427, 1229.262193961177900 ) ) ;
#6044 = ORIENTED_EDGE ( 'NONE', *, *, #6076, .F. ) ;
#6045 = CARTESIAN_POINT ( 'NONE',  ( 602.4999999999997726, -7.235384914859501215E-14, 1287.540512627446105 ) ) ;
#6046 = ORIENTED_EDGE ( 'NONE', *, *, #5371, .T. ) ;
#6047 = AXIS2_PLACEMENT_3D ( 'NONE', #5089, #159, #4945 ) ;
#6048 = CARTESIAN_POINT ( 'NONE',  ( 607.3331613895006740, 49.05636562656234645, 1227.063689491808418 ) ) ;
#6049 = ORIENTED_EDGE ( 'NONE', *, *, #8655, .T. ) ;
#6050 = EDGE_CURVE ( 'NONE', #8199, #2139, #3863, .T. ) ;
#6051 = CARTESIAN_POINT ( 'NONE',  ( 607.1670910368422938, 38.50782873877795254, 1240.447035844081938 ) ) ;
#6052 = LINE ( 'NONE', #5312, #6737 ) ;
#6053 = STYLED_ITEM ( 'NONE', ( #1601 ), #6785 ) ;
#6054 = ORIENTED_EDGE ( 'NONE', *, *, #3495, .T. ) ;
#6055 = MECHANICAL_DESIGN_GEOMETRIC_PRESENTATION_REPRESENTATION (  '', ( #3893 ), #4065 ) ;
#6056 = FILL_AREA_STYLE_COLOUR ( '', #1245 ) ;
#6057 = COLOUR_RGB ( '',0.7490196078431372584, 0.7490196078431372584, 0.7490196078431372584 ) ;
#6058 = DIRECTION ( 'NONE',  ( 0.000000000000000000, 1.000000000000000000, 0.000000000000000000 ) ) ;
#6059 = AXIS2_PLACEMENT_3D ( 'NONE', #2639, #556, #8836 ) ;
#6060 = CARTESIAN_POINT ( 'NONE',  ( 607.5491463932669376, 36.92199696888616245, 1222.197425423313689 ) ) ;
#6061 = EDGE_CURVE ( 'NONE', #558, #8603, #1535, .T. ) ;
#6062 = VERTEX_POINT ( 'NONE', #980 ) ;
#6063 = B_SPLINE_CURVE_WITH_KNOTS ( 'NONE', 3,
 ( #6194, #2872, #64, #6868 ),
 .UNSPECIFIED., .F., .F.,
 ( 4, 4 ),
 ( -8.944274752828432063E-06, 0.001174250378341017316 ),
 .UNSPECIFIED. ) ;
#6064 = SURFACE_SIDE_STYLE ('',( #6742 ) ) ;
#6065 = FACE_OUTER_BOUND ( 'NONE', #2753, .T. ) ;
#6066 = CARTESIAN_POINT ( 'NONE',  ( 608.6808204750055893, 36.99999999999993605, 1243.634831242784003 ) ) ;
#6067 =( NAMED_UNIT ( * ) SI_UNIT ( $, .STERADIAN. ) SOLID_ANGLE_UNIT ( ) );
#6068 = ORIENTED_EDGE ( 'NONE', *, *, #5033, .T. ) ;
#6069 = EDGE_CURVE ( 'NONE', #4129, #6432, #8625, .T. ) ;
#6070 =( LENGTH_UNIT ( ) NAMED_UNIT ( * ) SI_UNIT ( .MILLI., .METRE. ) );
#6071 = CARTESIAN_POINT ( 'NONE',  ( 605.6743702085764198, -19.98509662301247403, 1188.746571186296478 ) ) ;
#6072 = ADVANCED_FACE ( 'NONE', ( #7682 ), #5802, .T. ) ;
#6073 = UNCERTAINTY_MEASURE_WITH_UNIT (LENGTH_MEASURE( 1.000000000000000082E-05 ), #3636, 'distance_accuracy_value', 'NONE');
#6074 = FACE_OUTER_BOUND ( 'NONE', #5219, .T. ) ;
#6075 = SURFACE_STYLE_FILL_AREA ( #7429 ) ;
#6076 = EDGE_CURVE ( 'NONE', #2643, #4508, #8762, .T. ) ;
#6077 = CARTESIAN_POINT ( 'NONE',  ( 605.5095906989746481, 50.23381459078485278, 1230.609392741174588 ) ) ;
#6078 = MECHANICAL_DESIGN_GEOMETRIC_PRESENTATION_REPRESENTATION (  '', ( #1485 ), #613 ) ;
#6079 =( GEOMETRIC_REPRESENTATION_CONTEXT ( 3 ) GLOBAL_UNCERTAINTY_ASSIGNED_CONTEXT ( ( #4122 ) ) GLOBAL_UNIT_ASSIGNED_CONTEXT ( ( #4426, #7215, #1050 ) ) REPRESENTATION_CONTEXT ( 'NONE', 'WORKASPACE' ) );
#6080 =( NAMED_UNIT ( * ) SI_UNIT ( $, .STERADIAN. ) SOLID_ANGLE_UNIT ( ) );
#6081 = DIRECTION ( 'NONE',  ( 0.000000000000000000, 0.7737920872147832085, 0.6334396622913578412 ) ) ;
#6082 = ADVANCED_FACE ( 'NONE', ( #3629 ), #6894, .F. ) ;
#6083 = EDGE_LOOP ( 'NONE', ( #1491, #6497, #7128 ) ) ;
#6084 = CARTESIAN_POINT ( 'NONE',  ( 614.4999999999997726, 36.99999999999993605, 1234.999999999999545 ) ) ;
#6085 = AXIS2_PLACEMENT_3D ( 'NONE', #7802, #194, #3713 ) ;
#6086 = DIRECTION ( 'NONE',  ( 1.000000000000000000, 0.000000000000000000, 2.618191646955655209E-47 ) ) ;
#6087 = CARTESIAN_POINT ( 'NONE',  ( 617.3775495780080291, 48.25264363156790637, 1234.818959925790523 ) ) ;
#6088 =( NAMED_UNIT ( * ) SI_UNIT ( $, .STERADIAN. ) SOLID_ANGLE_UNIT ( ) );
#6089 = DIRECTION ( 'NONE',  ( 4.552280931047951416E-17, -0.3090169943749516146, -0.9510565162951523099 ) ) ;
#6090 = VERTEX_POINT ( 'NONE', #7772 ) ;
#6091 = EDGE_LOOP ( 'NONE', ( #8884, #2049, #8146 ) ) ;
#6092 = SURFACE_STYLE_FILL_AREA ( #1222 ) ;
#6093 = UNCERTAINTY_MEASURE_WITH_UNIT (LENGTH_MEASURE( 1.000000000000000082E-05 ), #8645, 'distance_accuracy_value', 'NONE');
#6094 = ORIENTED_EDGE ( 'NONE', *, *, #6076, .T. ) ;
#6095 = MECHANICAL_DESIGN_GEOMETRIC_PRESENTATION_REPRESENTATION (  '', ( #4638 ), #3638 ) ;
#6096 = CARTESIAN_POINT ( 'NONE',  ( 605.0876262274169903, 50.35740433227425683, 1238.450566558881974 ) ) ;
#6097 = ORIENTED_EDGE ( 'NONE', *, *, #6061, .F. ) ;
#6098 = CARTESIAN_POINT ( 'NONE',  ( 607.4897421226991128, 48.47757336246083781, 1242.174334191355683 ) ) ;
#6099 = CARTESIAN_POINT ( 'NONE',  ( 634.9999999999997726, 24.99999999999993605, 1234.999999999999545 ) ) ;
#6100 = STYLED_ITEM ( 'NONE', ( #5916 ), #7776 ) ;
#6101 = LINE ( 'NONE', #3357, #7529 ) ;
#6102 = DIRECTION ( 'NONE',  ( -1.000000000000000000, 0.000000000000000000, -2.618191646955655209E-47 ) ) ;
#6103 = ORIENTED_EDGE ( 'NONE', *, *, #716, .F. ) ;
#6104 = UNCERTAINTY_MEASURE_WITH_UNIT (LENGTH_MEASURE( 1.000000000000000082E-05 ), #7315, 'distance_accuracy_value', 'NONE');
#6105 = CIRCLE ( 'NONE', #2523, 2.499999999999946709 ) ;
#6106 = COLOUR_RGB ( '',0.7490196078431372584, 0.7490196078431372584, 0.7490196078431372584 ) ;
#6107 = EDGE_LOOP ( 'NONE', ( #3729, #4031 ) ) ;
#6108 =( NAMED_UNIT ( * ) SI_UNIT ( $, .STERADIAN. ) SOLID_ANGLE_UNIT ( ) );
#6109 = PLANE ( 'NONE',  #3403 ) ;
#6110 = CONICAL_SURFACE ( 'NONE', #925, 52.75000000000007105, 0.02617993877991499699 ) ;
#6111 = MECHANICAL_DESIGN_GEOMETRIC_PRESENTATION_REPRESENTATION (  '', ( #6544 ), #650 ) ;
#6112 = ORIENTED_EDGE ( 'NONE', *, *, #2136, .T. ) ;
#6113 = CARTESIAN_POINT ( 'NONE',  ( 606.5005463309821607, 50.61572067146429532, 1242.528952704438097 ) ) ;
#6114 =( NAMED_UNIT ( * ) PLANE_ANGLE_UNIT ( ) SI_UNIT ( $, .RADIAN. ) );
#6115 = CIRCLE ( 'NONE', #3806, 4.000000000000054179 ) ;
#6116 =( NAMED_UNIT ( * ) PLANE_ANGLE_UNIT ( ) SI_UNIT ( $, .RADIAN. ) );
#6117 = VERTEX_POINT ( 'NONE', #1622 ) ;
#6118 = CARTESIAN_POINT ( 'NONE',  ( 606.9999999860756361, -8.560259646030539571, 1187.249652129149581 ) ) ;
#6119 = FACE_OUTER_BOUND ( 'NONE', #4037, .T. ) ;
#6120 = CIRCLE ( 'NONE', #216, 28.62500000000009237 ) ;
#6121 = EDGE_CURVE ( 'NONE', #34, #7549, #8319, .T. ) ;
#6122 = SURFACE_STYLE_USAGE ( .BOTH. , #4759 ) ;
#6123 = DIRECTION ( 'NONE',  ( -1.000000000000000000, 9.162209061964950760E-16, -6.261247779448909594E-16 ) ) ;
#6124 = CARTESIAN_POINT ( 'NONE',  ( 607.4999999999997726, 25.27476584857623365, 1269.787730758122734 ) ) ;
#6125 = EDGE_CURVE ( 'NONE', #4288, #612, #6437, .T. ) ;
#6126 = AXIS2_PLACEMENT_3D ( 'NONE', #4561, #3187, #5924 ) ;
#6127 = DIRECTION ( 'NONE',  ( 1.000000000000000000, -9.162209061965051339E-16, 6.261247779448769572E-16 ) ) ;
#6128 = FACE_OUTER_BOUND ( 'NONE', #8277, .T. ) ;
#6129 = AXIS2_PLACEMENT_3D ( 'NONE', #3927, #6683, #6006 ) ;
#6130 =( GEOMETRIC_REPRESENTATION_CONTEXT ( 3 ) GLOBAL_UNCERTAINTY_ASSIGNED_CONTEXT ( ( #8897 ) ) GLOBAL_UNIT_ASSIGNED_CONTEXT ( ( #8765, #8038, #1290 ) ) REPRESENTATION_CONTEXT ( 'NONE', 'WORKASPACE' ) );
#6131 = DIRECTION ( 'NONE',  ( 0.000000000000000000, 0.000000000000000000, -1.000000000000000000 ) ) ;
#6132 = CARTESIAN_POINT ( 'NONE',  ( 607.5576048358293519, -37.32343432452871923, 1223.519092975099284 ) ) ;
#6133 = ORIENTED_EDGE ( 'NONE', *, *, #165, .T. ) ;
#6134 = DIRECTION ( 'NONE',  ( 3.952720641290395052E-20, -1.000000000000000000, -8.815909524110140548E-19 ) ) ;
#6135 = CARTESIAN_POINT ( 'NONE',  ( 608.7124799960188284, 38.48014768488033610, 1240.962823784775537 ) ) ;
#6136 = MECHANICAL_DESIGN_GEOMETRIC_PRESENTATION_REPRESENTATION (  '', ( #1832 ), #7992 ) ;
#6137 = CARTESIAN_POINT ( 'NONE',  ( 604.6131400333568990, 52.61907039215403614, 1236.499999999999773 ) ) ;
#6138 = EDGE_CURVE ( 'NONE', #8593, #3497, #1292, .T. ) ;
#6139 = ORIENTED_EDGE ( 'NONE', *, *, #8247, .T. ) ;
#6140 = EDGE_CURVE ( 'NONE', #790, #1148, #5892, .T. ) ;
#6141 = CARTESIAN_POINT ( 'NONE',  ( 605.7246937748890332, 51.39964336845451953, 1227.962966231936207 ) ) ;
#6142 = ORIENTED_EDGE ( 'NONE', *, *, #6527, .T. ) ;
#6143 = PRESENTATION_LAYER_ASSIGNMENT (  '', '', ( #7294 ) ) ;
#6144 = CARTESIAN_POINT ( 'NONE',  ( 606.9999999999998863, 39.49730775283942563, 1241.614378277661672 ) ) ;
#6145 = CIRCLE ( 'NONE', #2427, 1.999999999999974687 ) ;
#6146 = FILL_AREA_STYLE ('',( #6938 ) ) ;
#6147 = CARTESIAN_POINT ( 'NONE',  ( 608.4857141539234817, 38.48304821233333683, 1242.588965044316865 ) ) ;
#6148 = ORIENTED_EDGE ( 'NONE', *, *, #3623, .F. ) ;
#6149 = DIRECTION ( 'NONE',  ( 0.000000000000000000, 0.7071067811865577868, -0.7071067811865371366 ) ) ;
#6150 = COLOUR_RGB ( '',0.7490196078431372584, 0.7490196078431372584, 0.7490196078431372584 ) ;
#6151 = CIRCLE ( 'NONE', #7301, 5.000000000000004441 ) ;
#6152 = CYLINDRICAL_SURFACE ( 'NONE', #4396, 2.749999999999994227 ) ;
#6153 = EDGE_LOOP ( 'NONE', ( #2600, #3297, #3041, #5753 ) ) ;
#6154 =( NAMED_UNIT ( * ) SI_UNIT ( $, .STERADIAN. ) SOLID_ANGLE_UNIT ( ) );
#6155 = FILL_AREA_STYLE ('',( #2874 ) ) ;
#6156 = STYLED_ITEM ( 'NONE', ( #4219 ), #5250 ) ;
#6157 = VECTOR ( 'NONE', #709, 1000.000000000000000 ) ;
#6158 = SURFACE_SIDE_STYLE ('',( #4250 ) ) ;
#6159 = AXIS2_PLACEMENT_3D ( 'NONE', #4401, #6701, #2402 ) ;
#6160 = ORIENTED_EDGE ( 'NONE', *, *, #3495, .F. ) ;
#6161 = CARTESIAN_POINT ( 'NONE',  ( 604.6131400333568990, 42.24999999999994316, 1233.499999999999545 ) ) ;
#6162 = CARTESIAN_POINT ( 'NONE',  ( 605.3769615805127842, 50.27266050782243667, 1230.904860198166716 ) ) ;
#6163 = CARTESIAN_POINT ( 'NONE',  ( 608.4783735423392272, 36.99999999999992895, 1243.882686807090522 ) ) ;
#6164 =( LENGTH_UNIT ( ) NAMED_UNIT ( * ) SI_UNIT ( .MILLI., .METRE. ) );
#6165 = ORIENTED_EDGE ( 'NONE', *, *, #6529, .T. ) ;
#6166 = B_SPLINE_CURVE_WITH_KNOTS ( 'NONE', 3,
 ( #5054, #3733, #7822, #1677 ),
 .UNSPECIFIED., .F., .F.,
 ( 4, 4 ),
 ( -8.944271910240055940E-06, 0.001195552401561371077 ),
 .UNSPECIFIED. ) ;
#6167 = CIRCLE ( 'NONE', #5461, 16.75000000000004263 ) ;
#6168 = CARTESIAN_POINT ( 'NONE',  ( 634.9999999999997726, -17.67766952966371719, 1220.347330470335919 ) ) ;
#6169 = FILL_AREA_STYLE_COLOUR ( '', #396 ) ;
#6170 = SURFACE_STYLE_FILL_AREA ( #8218 ) ;
#6171 = PRESENTATION_LAYER_ASSIGNMENT (  '', '', ( #7174 ) ) ;
#6172 = CARTESIAN_POINT ( 'NONE',  ( 602.3999999999998636, -6.591949208711866959E-14, 1183.459487372553212 ) ) ;
#6173 =( NAMED_UNIT ( * ) SI_UNIT ( $, .STERADIAN. ) SOLID_ANGLE_UNIT ( ) );
#6174 = FACE_OUTER_BOUND ( 'NONE', #7538, .T. ) ;
#6175 = ORIENTED_EDGE ( 'NONE', *, *, #3111, .T. ) ;
#6176 = AXIS2_PLACEMENT_3D ( 'NONE', #2461, #5907, #7437 ) ;
#6177 = ADVANCED_FACE ( 'NONE', ( #6522, #4481 ), #5208, .T. ) ;
#6178 = CARTESIAN_POINT ( 'NONE',  ( 608.9329246242479030, 38.48014768156019016, 1237.342598562997864 ) ) ;
#6179 = UNCERTAINTY_MEASURE_WITH_UNIT (LENGTH_MEASURE( 1.000000000000000082E-05 ), #3379, 'distance_accuracy_value', 'NONE');
#6180 = ORIENTED_EDGE ( 'NONE', *, *, #463, .F. ) ;
#6181 = SURFACE_SIDE_STYLE ('',( #4195 ) ) ;
#6182 = DIRECTION ( 'NONE',  ( 1.000000000000000000, 0.000000000000000000, 0.000000000000000000 ) ) ;
#6183 = PRESENTATION_LAYER_ASSIGNMENT (  '', '', ( #286 ) ) ;
#6184 = EDGE_CURVE ( 'NONE', #5347, #856, #8174, .T. ) ;
#6185 = CARTESIAN_POINT ( 'NONE',  ( 607.9999999999998863, 36.99999999999993605, 1214.244174350441654 ) ) ;
#6186 = CARTESIAN_POINT ( 'NONE',  ( 607.4999999999997726, 47.85924001516902848, 1242.937253933193688 ) ) ;
#6187 = CARTESIAN_POINT ( 'NONE',  ( 606.4377403820698191, 49.50978688400682159, 1229.082145850750521 ) ) ;
#6188 = EDGE_CURVE ( 'NONE', #6712, #3057, #5341, .T. ) ;
#6189 = FACE_OUTER_BOUND ( 'NONE', #6083, .T. ) ;
#6190 = ORIENTED_EDGE ( 'NONE', *, *, #521, .T. ) ;
#6191 = CARTESIAN_POINT ( 'NONE',  ( 605.6553541615634231, -19.95239387917973772, 1188.727513224662061 ) ) ;
#6192 = UNCERTAINTY_MEASURE_WITH_UNIT (LENGTH_MEASURE( 1.000000000000000082E-05 ), #519, 'distance_accuracy_value', 'NONE');
#6193 = AXIS2_PLACEMENT_3D ( 'NONE', #7407, #6685, #4688 ) ;
#6194 = CARTESIAN_POINT ( 'NONE',  ( 607.4999999999997726, 39.48272485507993679, 1227.062746066805857 ) ) ;
#6195 = VERTEX_POINT ( 'NONE', #1093 ) ;
#6196 = DIRECTION ( 'NONE',  ( 0.000000000000000000, 0.000000000000000000, -1.000000000000000000 ) ) ;
#6197 = CARTESIAN_POINT ( 'NONE',  ( 603.0146053720972077, -19.48505897486009886, 1186.218872884237044 ) ) ;
#6198 = PRESENTATION_LAYER_ASSIGNMENT (  '', '', ( #147 ) ) ;
#6199 = CARTESIAN_POINT ( 'NONE',  ( 607.4999999999997726, -2.046973701652632624E-13, 1277.999999999999545 ) ) ;
#6200 = ORIENTED_EDGE ( 'NONE', *, *, #4090, .F. ) ;
#6201 = CARTESIAN_POINT ( 'NONE',  ( 604.5112275998310452, 40.82628662938963515, 1234.517596444016363 ) ) ;
#6202 = COLOUR_RGB ( '',0.7490196078431372584, 0.7490196078431372584, 0.7490196078431372584 ) ;
#6203 = CARTESIAN_POINT ( 'NONE',  ( 609.8858308089331786, -20.45597302706899612, 1196.306555682880798 ) ) ;
#6204 = CARTESIAN_POINT ( 'NONE',  ( 634.9999999999997726, 17.67766952966358218, 1252.677669529663717 ) ) ;
#6205 = ORIENTED_EDGE ( 'NONE', *, *, #3062, .T. ) ;
#6206 = CARTESIAN_POINT ( 'NONE',  ( 606.2272117582276678, -8.732872486704357229, 1184.294201022522657 ) ) ;
#6207 = DIRECTION ( 'NONE',  ( 0.000000000000000000, -1.000000000000000000, 0.000000000000000000 ) ) ;
#6208 = DIRECTION ( 'NONE',  ( 1.000000000000000000, 0.000000000000000000, 2.618191646955655209E-47 ) ) ;
#6209 =( NAMED_UNIT ( * ) SI_UNIT ( $, .STERADIAN. ) SOLID_ANGLE_UNIT ( ) );
#6210 =( NAMED_UNIT ( * ) PLANE_ANGLE_UNIT ( ) SI_UNIT ( $, .RADIAN. ) );
#6211 =( NAMED_UNIT ( * ) SI_UNIT ( $, .STERADIAN. ) SOLID_ANGLE_UNIT ( ) );
#6212 = CARTESIAN_POINT ( 'NONE',  ( 607.0169407236310235, -13.77284144777470232, 1194.135074600252665 ) ) ;
#6213 = CARTESIAN_POINT ( 'NONE',  ( 634.9999999999997726, -6.591949208711866959E-14, 1234.999999999999545 ) ) ;
#6214 = COLOUR_RGB ( '',0.7490196078431372584, 0.7490196078431372584, 0.7490196078431372584 ) ;
#6215 = CARTESIAN_POINT ( 'NONE',  ( 620.4037182729464348, 48.03650030224891765, 1238.140131138297193 ) ) ;
#6216 = FILL_AREA_STYLE ('',( #1964 ) ) ;
#6217 = EDGE_LOOP ( 'NONE', ( #3996, #712, #2840, #3814 ) ) ;
#6218 = CARTESIAN_POINT ( 'NONE',  ( 603.4398280425178882, 38.57672943510443986, 1236.134419717385754 ) ) ;
#6219 = CARTESIAN_POINT ( 'NONE',  ( 604.6131400333568990, 43.74999999999992895, 1236.499999999999773 ) ) ;
#6220 = ORIENTED_EDGE ( 'NONE', *, *, #3484, .F. ) ;
#6221 = MECHANICAL_DESIGN_GEOMETRIC_PRESENTATION_REPRESENTATION (  '', ( #1184 ), #1342 ) ;
#6222 = SURFACE_STYLE_USAGE ( .BOTH. , #4922 ) ;
#6223 = FACE_OUTER_BOUND ( 'NONE', #117, .T. ) ;
#6224 = DIRECTION ( 'NONE',  ( 1.000000000000000000, 0.000000000000000000, 2.618191646955655209E-47 ) ) ;
#6225 = AXIS2_PLACEMENT_3D ( 'NONE', #8875, #5514, #4014 ) ;
#6226 = FILL_AREA_STYLE ('',( #7620 ) ) ;
#6227 = CARTESIAN_POINT ( 'NONE',  ( 606.1475012269695526, 38.52608562330339481, 1229.993956501639332 ) ) ;
#6228 = DIRECTION ( 'NONE',  ( 1.000000000000000000, 0.000000000000000000, 2.618191646955655209E-47 ) ) ;
#6229 = ADVANCED_FACE ( 'NONE', ( #4499 ), #1172, .F. ) ;
#6230 = PRESENTATION_STYLE_ASSIGNMENT (( #7036 ) ) ;
#6231 = ORIENTED_EDGE ( 'NONE', *, *, #8823, .F. ) ;
#6232 = EDGE_CURVE ( 'NONE', #3353, #782, #6590, .T. ) ;
#6233 = PRODUCT_CONTEXT ( 'NONE', #2375, 'mechanical' ) ;
#6234 = CARTESIAN_POINT ( 'NONE',  ( 634.9999999999997726, 2.138998013089338457, 1207.861001986910424 ) ) ;
#6235 = ORIENTED_EDGE ( 'NONE', *, *, #6627, .T. ) ;
#6236 = MECHANICAL_DESIGN_GEOMETRIC_PRESENTATION_REPRESENTATION (  '', ( #8691 ), #2672 ) ;
#6237 = VECTOR ( 'NONE', #6734, 1000.000000000000000 ) ;
#6238 = EDGE_CURVE ( 'NONE', #856, #6117, #3168, .T. ) ;
#6239 = CARTESIAN_POINT ( 'NONE',  ( 604.0999999999999091, 25.27476584857623365, 1273.787730758122734 ) ) ;
#6240 = CARTESIAN_POINT ( 'NONE',  ( 604.6497702539805914, -13.92981424611644492, 1186.434932222047109 ) ) ;
#6241 = SURFACE_STYLE_USAGE ( .BOTH. , #5039 ) ;
#6242 = DIRECTION ( 'NONE',  ( 0.000000000000000000, 0.000000000000000000, 1.000000000000000000 ) ) ;
#6243 = ORIENTED_EDGE ( 'NONE', *, *, #7937, .F. ) ;
#6244 = ADVANCED_FACE ( 'NONE', ( #454 ), #2268, .T. ) ;
#6245 = CARTESIAN_POINT ( 'NONE',  ( 605.9733845733268254, -10.47082270961820782, 1185.859571318016833 ) ) ;
#6246 = CARTESIAN_POINT ( 'NONE',  ( 634.9999999999997726, -17.67766952966396943, 1252.677669529663717 ) ) ;
#6247 = AXIS2_PLACEMENT_3D ( 'NONE', #4721, #6666, #3253 ) ;
#6248 = PRESENTATION_LAYER_ASSIGNMENT (  '', '', ( #8111 ) ) ;
#6249 = DIRECTION ( 'NONE',  ( 1.000000000000000000, 3.732113731436789969E-16, -1.045086722461000084E-15 ) ) ;
#6250 = STYLED_ITEM ( 'NONE', ( #7562 ), #8552 ) ;
#6251 = AXIS2_PLACEMENT_3D ( 'NONE', #4422, #3083, #4460 ) ;
#6252 = FACE_OUTER_BOUND ( 'NONE', #4023, .T. ) ;
#6253 = CARTESIAN_POINT ( 'NONE',  ( 608.5962817270526557, -11.85765276259482981, 1188.344219481232358 ) ) ;
#6254 = FILL_AREA_STYLE_COLOUR ( '', #8028 ) ;
#6255 = STYLED_ITEM ( 'NONE', ( #7866 ), #345 ) ;
#6256 = CYLINDRICAL_SURFACE ( 'NONE', #1783, 2.000000000000001776 ) ;
#6257 = CARTESIAN_POINT ( 'NONE',  ( 607.0999999999999091, -0.9991355369594974167, 1280.562074975246105 ) ) ;
#6258 = MECHANICAL_DESIGN_GEOMETRIC_PRESENTATION_REPRESENTATION (  '', ( #5126 ), #1525 ) ;
#6259 = VERTEX_POINT ( 'NONE', #7605 ) ;
#6260 = CARTESIAN_POINT ( 'NONE',  ( 608.6560784901558918, 38.48014767849543460, 1227.523556979715522 ) ) ;
#6261 = SURFACE_STYLE_FILL_AREA ( #7611 ) ;
#6262 = UNCERTAINTY_MEASURE_WITH_UNIT (LENGTH_MEASURE( 1.000000000000000082E-05 ), #2506, 'distance_accuracy_value', 'NONE');
#6263 = ORIENTED_EDGE ( 'NONE', *, *, #4424, .T. ) ;
#6264 = AXIS2_PLACEMENT_3D ( 'NONE', #833, #876, #3543 ) ;
#6265 = STYLED_ITEM ( 'NONE', ( #8076 ), #8898 ) ;
#6266 = STYLED_ITEM ( 'NONE', ( #1435 ), #2411 ) ;
#6267 = CARTESIAN_POINT ( 'NONE',  ( 604.0999999999999091, -25.27476584857621589, 1200.212269241876584 ) ) ;
#6268 = DIRECTION ( 'NONE',  ( -2.126226658603510133E-31, -0.3090169943749515591, -0.9510565162951523099 ) ) ;
#6269 = MECHANICAL_DESIGN_GEOMETRIC_PRESENTATION_REPRESENTATION (  '', ( #1240 ), #1542 ) ;
#6270 = CARTESIAN_POINT ( 'NONE',  ( 606.9073015631888666, 39.49988292242525034, 1241.510751757388107 ) ) ;
#6271 = AXIS2_PLACEMENT_3D ( 'NONE', #6902, #3400, #4116 ) ;
#6272 = CARTESIAN_POINT ( 'NONE',  ( 604.0999999999999091, -25.27476584857656761, 1200.212269241877721 ) ) ;
#6273 = CARTESIAN_POINT ( 'NONE',  ( 604.0999999999999091, -25.97239810521019976, 1197.552229912374514 ) ) ;
#6274 = CARTESIAN_POINT ( 'NONE',  ( 605.6192751235715832, -20.49915147685577921, 1186.859087291606102 ) ) ;
#6275 = UNCERTAINTY_MEASURE_WITH_UNIT (LENGTH_MEASURE( 1.000000000000000082E-05 ), #8895, 'distance_accuracy_value', 'NONE');
#6276 = CARTESIAN_POINT ( 'NONE',  ( 607.4999999999997726, -21.72616315871256631, 1267.941811217760687 ) ) ;
#6277 = MECHANICAL_DESIGN_GEOMETRIC_PRESENTATION_REPRESENTATION (  '', ( #7852 ), #6079 ) ;
#6278 = CONICAL_SURFACE ( 'NONE', #384, 3.024999999999956835, 0.7853981633974518317 ) ;
#6279 = ORIENTED_EDGE ( 'NONE', *, *, #3983, .T. ) ;
#6280 = CARTESIAN_POINT ( 'NONE',  ( 602.6392370240828313, -17.88095886754046049, 1185.592132406580049 ) ) ;
#6281 = DIRECTION ( 'NONE',  ( 0.000000000000000000, 0.000000000000000000, -1.000000000000000000 ) ) ;
#6282 = ORIENTED_EDGE ( 'NONE', *, *, #2347, .T. ) ;
#6283 =( GEOMETRIC_REPRESENTATION_CONTEXT ( 3 ) GLOBAL_UNCERTAINTY_ASSIGNED_CONTEXT ( ( #5999 ) ) GLOBAL_UNIT_ASSIGNED_CONTEXT ( ( #2897, #5727, #2312 ) ) REPRESENTATION_CONTEXT ( 'NONE', 'WORKASPACE' ) );
#6284 = ADVANCED_FACE ( 'NONE', ( #7481 ), #2767, .T. ) ;
#6285 = SURFACE_STYLE_USAGE ( .BOTH. , #2204 ) ;
#6286 = CARTESIAN_POINT ( 'NONE',  ( 607.0169407236310235, -12.87733769392444394, 1193.844107792574732 ) ) ;
#6287 = SURFACE_STYLE_FILL_AREA ( #789 ) ;
#6288 = VERTEX_POINT ( 'NONE', #2004 ) ;
#6289 = COLOUR_RGB ( '',0.7490196078431372584, 0.7490196078431372584, 0.7490196078431372584 ) ;
#6290 = COLOUR_RGB ( '',0.7490196078431372584, 0.7490196078431372584, 0.7490196078431372584 ) ;
#6291 = CARTESIAN_POINT ( 'NONE',  ( 606.7560117973793012, -9.597178381319714902, 1184.879067569484960 ) ) ;
#6292 = FILL_AREA_STYLE_COLOUR ( '', #2305 ) ;
#6293 = EDGE_CURVE ( 'NONE', #3917, #6721, #1000, .T. ) ;
#6294 = EDGE_CURVE ( 'NONE', #915, #2861, #7900, .T. ) ;
#6295 = FILL_AREA_STYLE_COLOUR ( '', #5771 ) ;
#6296 = VERTEX_POINT ( 'NONE', #5056 ) ;
#6297 = MECHANICAL_DESIGN_GEOMETRIC_PRESENTATION_REPRESENTATION (  '', ( #1265 ), #3004 ) ;
#6298 = ADVANCED_FACE ( 'NONE', ( #7826 ), #1591, .F. ) ;
#6299 = DIRECTION ( 'NONE',  ( 0.000000000000000000, 0.5877852522924520429, 0.8090169943749627723 ) ) ;
#6300 = FILL_AREA_STYLE ('',( #2850 ) ) ;
#6301 = PRESENTATION_LAYER_ASSIGNMENT (  '', '', ( #1266 ) ) ;
#6302 = SURFACE_SIDE_STYLE ('',( #4903 ) ) ;
#6303 = CARTESIAN_POINT ( 'NONE',  ( 607.4999999999997726, -40.89543020069157109, 1217.712269241876811 ) ) ;
#6304 = CARTESIAN_POINT ( 'NONE',  ( 571.2463877986918988, -6.399067337846158469E-14, 1219.249999999999773 ) ) ;
#6305 = MECHANICAL_DESIGN_GEOMETRIC_PRESENTATION_REPRESENTATION (  '', ( #265 ), #3429 ) ;
#6306 = CARTESIAN_POINT ( 'NONE',  ( 607.9999999999998863, 36.99999999999993605, 1239.663689526544658 ) ) ;
#6307 = DIRECTION ( 'NONE',  ( 1.000000000000000000, 0.000000000000000000, 2.618191646955655209E-47 ) ) ;
#6308 = ORIENTED_EDGE ( 'NONE', *, *, #451, .F. ) ;
#6309 = SURFACE_STYLE_FILL_AREA ( #5558 ) ;
#6310 = CARTESIAN_POINT ( 'NONE',  ( 603.1229128309557836, 38.57672943013933065, 1227.523503741575723 ) ) ;
#6311 = DIRECTION ( 'NONE',  ( 0.000000000000000000, 0.7071067811865544561, 0.7071067811865406894 ) ) ;
#6312 = ORIENTED_EDGE ( 'NONE', *, *, #7879, .F. ) ;
#6313 = CARTESIAN_POINT ( 'NONE',  ( 594.4999999999997726, 36.99999999999993605, 1234.999999999999545 ) ) ;
#6314 = CARTESIAN_POINT ( 'NONE',  ( 634.4749999999997954, 26.76776695296629427, 1236.767766952965985 ) ) ;
#6315 = SURFACE_STYLE_FILL_AREA ( #1376 ) ;
#6316 = CARTESIAN_POINT ( 'NONE',  ( 607.0999999999999091, -43.02335844053288127, 1219.970310170576113 ) ) ;
#6317 = DIRECTION ( 'NONE',  ( -1.000000000000000000, 0.000000000000000000, -2.618191646955655209E-47 ) ) ;
#6318 =( GEOMETRIC_REPRESENTATION_CONTEXT ( 3 ) GLOBAL_UNCERTAINTY_ASSIGNED_CONTEXT ( ( #4022 ) ) GLOBAL_UNIT_ASSIGNED_CONTEXT ( ( #930, #8537, #4390 ) ) REPRESENTATION_CONTEXT ( 'NONE', 'WORKASPACE' ) );
#6319 = SURFACE_STYLE_USAGE ( .BOTH. , #4926 ) ;
#6320 = CARTESIAN_POINT ( 'NONE',  ( 608.8060414870368504, -3.312873534156357547, 1197.172315565560211 ) ) ;
#6321 = FILL_AREA_STYLE_COLOUR ( '', #5823 ) ;
#6322 = PRESENTATION_LAYER_ASSIGNMENT (  '', '', ( #2025 ) ) ;
#6323 = CARTESIAN_POINT ( 'NONE',  ( 614.4999999999997726, 38.99999999999993605, 1227.499999999999545 ) ) ;
#6324 = ORIENTED_EDGE ( 'NONE', *, *, #6238, .T. ) ;
#6325 = ADVANCED_FACE ( 'NONE', ( #2931 ), #1724, .T. ) ;
#6326 = FILL_AREA_STYLE ('',( #827 ) ) ;
#6327 = CARTESIAN_POINT ( 'NONE',  ( 634.9999999999997726, 2.138998013089338457, 1207.861001986910424 ) ) ;
#6328 = AXIS2_PLACEMENT_3D ( 'NONE', #1159, #5197, #3463 ) ;
#6329 = ORIENTED_EDGE ( 'NONE', *, *, #1170, .F. ) ;
#6330 = DIRECTION ( 'NONE',  ( 3.952720641290395052E-20, -1.000000000000000000, -8.815909524110140548E-19 ) ) ;
#6331 = FACE_OUTER_BOUND ( 'NONE', #1562, .T. ) ;
#6332 = CARTESIAN_POINT ( 'NONE',  ( 617.4889613857294535, -16.42287645993744860, 1189.600284032408126 ) ) ;
#6333 = VERTEX_POINT ( 'NONE', #6348 ) ;
#6334 = CIRCLE ( 'NONE', #6193, 3.029100529101033334 ) ;
#6335 = CARTESIAN_POINT ( 'NONE',  ( 604.4997766127597743, -16.28269142698533756, 1187.149773893036127 ) ) ;
#6336 =( NAMED_UNIT ( * ) SI_UNIT ( $, .STERADIAN. ) SOLID_ANGLE_UNIT ( ) );
#6337 = SURFACE_STYLE_FILL_AREA ( #883 ) ;
#6338 = DIRECTION ( 'NONE',  ( 1.000000000000000000, 0.000000000000000000, 2.618191646955655209E-47 ) ) ;
#6339 = ORIENTED_EDGE ( 'NONE', *, *, #2627, .F. ) ;
#6340 = MECHANICAL_DESIGN_GEOMETRIC_PRESENTATION_REPRESENTATION (  '', ( #8489 ), #2479 ) ;
#6341 = FILL_AREA_STYLE ('',( #5049 ) ) ;
#6342 = EDGE_CURVE ( 'NONE', #4732, #900, #4311, .T. ) ;
#6343 = SURFACE_STYLE_USAGE ( .BOTH. , #5148 ) ;
#6344 = CARTESIAN_POINT ( 'NONE',  ( 616.2743412310704798, -12.16876367472873532, 1188.218038998497832 ) ) ;
#6345 = VECTOR ( 'NONE', #4713, 1000.000000000000000 ) ;
#6346 = EDGE_CURVE ( 'NONE', #4108, #1907, #8176, .T. ) ;
#6347 = PRESENTATION_STYLE_ASSIGNMENT (( #3775 ) ) ;
#6348 = CARTESIAN_POINT ( 'NONE',  ( 608.9607345775378917, -3.358357423799665842, 1197.187094177166728 ) ) ;
#6349 = VERTEX_POINT ( 'NONE', #7782 ) ;
#6350 = FILL_AREA_STYLE ('',( #7018 ) ) ;
#6351 = CARTESIAN_POINT ( 'NONE',  ( 605.9275554833814112, 50.00406089230726536, 1240.151768430434458 ) ) ;
#6352 = UNCERTAINTY_MEASURE_WITH_UNIT (LENGTH_MEASURE( 1.000000000000000082E-05 ), #3203, 'distance_accuracy_value', 'NONE');
#6353 = ORIENTED_EDGE ( 'NONE', *, *, #2934, .F. ) ;
#6354 = FILL_AREA_STYLE_COLOUR ( '', #5302 ) ;
#6355 = SURFACE_SIDE_STYLE ('',( #1239 ) ) ;
#6356 = FILL_AREA_STYLE ('',( #4278 ) ) ;
#6357 = AXIS2_PLACEMENT_3D ( 'NONE', #7831, #4404, #8358 ) ;
#6358 = CARTESIAN_POINT ( 'NONE',  ( 607.5847919917126774, -17.59613722346773557, 1200.236035928349793 ) ) ;
#6359 = ADVANCED_FACE ( 'NONE', ( #1634 ), #1125, .T. ) ;
#6360 =( NAMED_UNIT ( * ) PLANE_ANGLE_UNIT ( ) SI_UNIT ( $, .RADIAN. ) );
#6361 = DIRECTION ( 'NONE',  ( 1.000000000000000000, 0.000000000000000000, 2.618191646955655209E-47 ) ) ;
#6362 =( NAMED_UNIT ( * ) PLANE_ANGLE_UNIT ( ) SI_UNIT ( $, .RADIAN. ) );
#6363 = DIRECTION ( 'NONE',  ( 1.000000000000000000, 0.000000000000000000, 2.618191646955655209E-47 ) ) ;
#6364 = SURFACE_STYLE_FILL_AREA ( #7212 ) ;
#6365 = SURFACE_STYLE_USAGE ( .BOTH. , #1515 ) ;
#6366 = CARTESIAN_POINT ( 'NONE',  ( 621.9999999999998863, 38.99999999999993605, 1234.999999999999545 ) ) ;
#6367 = UNCERTAINTY_MEASURE_WITH_UNIT (LENGTH_MEASURE( 1.000000000000000082E-05 ), #8441, 'distance_accuracy_value', 'NONE');
#6368 =( LENGTH_UNIT ( ) NAMED_UNIT ( * ) SI_UNIT ( .MILLI., .METRE. ) );
#6369 = ORIENTED_EDGE ( 'NONE', *, *, #5371, .F. ) ;
#6370 = MECHANICAL_DESIGN_GEOMETRIC_PRESENTATION_REPRESENTATION (  '', ( #7657 ), #180 ) ;
#6371 = SURFACE_STYLE_FILL_AREA ( #8529 ) ;
#6372 = CARTESIAN_POINT ( 'NONE',  ( 603.6047077932308866, -21.00863595376531379, 1186.874084348125507 ) ) ;
#6373 = DIRECTION ( 'NONE',  ( 1.000000000000000000, 0.000000000000000000, 2.618191646955655209E-47 ) ) ;
#6374 = ORIENTED_EDGE ( 'NONE', *, *, #672, .F. ) ;
#6375 =( NAMED_UNIT ( * ) SI_UNIT ( $, .STERADIAN. ) SOLID_ANGLE_UNIT ( ) );
#6376 = MECHANICAL_DESIGN_GEOMETRIC_PRESENTATION_REPRESENTATION (  '', ( #4343 ), #7524 ) ;
#6377 = FILL_AREA_STYLE ('',( #3502 ) ) ;
#6378 = ORIENTED_EDGE ( 'NONE', *, *, #832, .F. ) ;
#6379 = CARTESIAN_POINT ( 'NONE',  ( 607.4999999999997726, -36.93954603556411342, 1221.119833192928809 ) ) ;
#6380 = DIRECTION ( 'NONE',  ( -2.618191646955655209E-47, 0.000000000000000000, 1.000000000000000000 ) ) ;
#6381 = CARTESIAN_POINT ( 'NONE',  ( 607.4999999999997726, -22.33809557721035333, 1191.935904272665312 ) ) ;
#6382 = SURFACE_STYLE_FILL_AREA ( #3015 ) ;
#6383 = AXIS2_PLACEMENT_3D ( 'NONE', #5896, #1157, #8638 ) ;
#6384 = EDGE_LOOP ( 'NONE', ( #4326, #5032, #8407, #5133, #6555, #5531 ) ) ;
#6385 = FACE_OUTER_BOUND ( 'NONE', #2638, .T. ) ;
#6386 = CARTESIAN_POINT ( 'NONE',  ( 606.9999999999998863, -13.37034721763826539, 1193.850302481958579 ) ) ;
#6387 = AXIS2_PLACEMENT_3D ( 'NONE', #8109, #6677, #2735 ) ;
#6388 = MECHANICAL_DESIGN_GEOMETRIC_PRESENTATION_REPRESENTATION (  '', ( #3656 ), #490 ) ;
#6389 = DIRECTION ( 'NONE',  ( 0.000000000000000000, 0.7071067811865552333, 0.7071067811865399122 ) ) ;
#6390 = PRESENTATION_STYLE_ASSIGNMENT (( #938 ) ) ;
#6391 = DIRECTION ( 'NONE',  ( -4.552280931047950800E-17, 0.3090169943749515591, 0.9510565162951521989 ) ) ;
#6392 =( NAMED_UNIT ( * ) SI_UNIT ( $, .STERADIAN. ) SOLID_ANGLE_UNIT ( ) );
#6393 = ORIENTED_EDGE ( 'NONE', *, *, #2416, .T. ) ;
#6394 = EDGE_CURVE ( 'NONE', #874, #65, #8475, .T. ) ;
#6395 = COLOUR_RGB ( '',0.7490196078431372584, 0.7490196078431372584, 0.7490196078431372584 ) ;
#6396 = FACE_OUTER_BOUND ( 'NONE', #4681, .T. ) ;
#6397 = CONICAL_SURFACE ( 'NONE', #7829, 31.50000000000008527, 0.7853981633974419507 ) ;
#6398 = SURFACE_SIDE_STYLE ('',( #3605 ) ) ;
#6399 = CARTESIAN_POINT ( 'NONE',  ( 606.4395219746756993, 49.50744635603232524, 1240.920269325333720 ) ) ;
#6400 = EDGE_LOOP ( 'NONE', ( #6374, #7500, #4800, #5123, #517, #1339 ) ) ;
#6401 = FILL_AREA_STYLE ('',( #1642 ) ) ;
#6402 = EDGE_CURVE ( 'NONE', #2271, #7457, #1891, .T. ) ;
#6403 = CARTESIAN_POINT ( 'NONE',  ( 607.5208536573516085, 22.04837603289547232, 1267.418300461714125 ) ) ;
#6404 =( GEOMETRIC_REPRESENTATION_CONTEXT ( 3 ) GLOBAL_UNCERTAINTY_ASSIGNED_CONTEXT ( ( #5572 ) ) GLOBAL_UNIT_ASSIGNED_CONTEXT ( ( #4050, #7055, #3730 ) ) REPRESENTATION_CONTEXT ( 'NONE', 'WORKASPACE' ) );
#6405 = CARTESIAN_POINT ( 'NONE',  ( 607.0999999999999091, 22.96049833377438176, 1201.697754304048203 ) ) ;
#6406 = AXIS2_PLACEMENT_3D ( 'NONE', #8129, #6708, #3861 ) ;
#6407 = STYLED_ITEM ( 'NONE', ( #4405 ), #4244 ) ;
#6408 =( NAMED_UNIT ( * ) PLANE_ANGLE_UNIT ( ) SI_UNIT ( $, .RADIAN. ) );
#6409 = LINE ( 'NONE', #7164, #7103 ) ;
#6410 = CARTESIAN_POINT ( 'NONE',  ( 607.5056544819996134, 21.87757631114930135, 1202.329594244498367 ) ) ;
#6411 = DIRECTION ( 'NONE',  ( 0.000000000000000000, 0.000000000000000000, -1.000000000000000000 ) ) ;
#6412 = DIRECTION ( 'NONE',  ( -1.045086722461000084E-15, 0.000000000000000000, 1.000000000000000000 ) ) ;
#6413 = ADVANCED_FACE ( 'NONE', ( #1949 ), #7757, .F. ) ;
#6414 = DIRECTION ( 'NONE',  ( 0.000000000000000000, -0.7737920872148309481, -0.6334396622912995545 ) ) ;
#6415 = DIRECTION ( 'NONE',  ( 1.000000000000000000, 0.000000000000000000, 2.618191646955655209E-47 ) ) ;
#6416 = VECTOR ( 'NONE', #8513, 1000.000000000000000 ) ;
#6417 = STYLED_ITEM ( 'NONE', ( #5926 ), #8880 ) ;
#6418 = AXIS2_PLACEMENT_3D ( 'NONE', #8901, #8244, #8333 ) ;
#6419 = EDGE_CURVE ( 'NONE', #8168, #2861, #5939, .T. ) ;
#6420 =( NAMED_UNIT ( * ) PLANE_ANGLE_UNIT ( ) SI_UNIT ( $, .RADIAN. ) );
#6421 = VERTEX_POINT ( 'NONE', #5860 ) ;
#6422 = VECTOR ( 'NONE', #578, 1000.000000000000114 ) ;
#6423 = LINE ( 'NONE', #1053, #2262 ) ;
#6424 = FILL_AREA_STYLE ('',( #3663 ) ) ;
#6425 = SURFACE_STYLE_USAGE ( .BOTH. , #8530 ) ;
#6426 =( NAMED_UNIT ( * ) PLANE_ANGLE_UNIT ( ) SI_UNIT ( $, .RADIAN. ) );
#6427 = ORIENTED_EDGE ( 'NONE', *, *, #6944, .T. ) ;
#6428 = DIRECTION ( 'NONE',  ( 0.000000000000000000, 0.5877852522924574830, -0.8090169943749588866 ) ) ;
#6429 = CARTESIAN_POINT ( 'NONE',  ( 605.2322676026444697, -19.13634334748237009, 1188.313410866427148 ) ) ;
#6430 = STYLED_ITEM ( 'NONE', ( #8566 ), #2835 ) ;
#6431 = DIRECTION ( 'NONE',  ( -1.000000000000000000, 0.000000000000000000, -2.618191646955655209E-47 ) ) ;
#6432 = VERTEX_POINT ( 'NONE', #4532 ) ;
#6433 = CARTESIAN_POINT ( 'NONE',  ( 604.4999952176648321, 38.55844758939124972, 1235.430376073265279 ) ) ;
#6434 = FILL_AREA_STYLE ('',( #2209 ) ) ;
#6435 = CARTESIAN_POINT ( 'NONE',  ( 606.8891546611632748, -21.19230904351958600, 1190.768087088555831 ) ) ;
#6436 = CONICAL_SURFACE ( 'NONE', #2851, 3.024999999999999911, 0.7853981633974518317 ) ;
#6437 = LINE ( 'NONE', #2443, #8912 ) ;
#6438 = PRESENTATION_LAYER_ASSIGNMENT (  '', '', ( #5445 ) ) ;
#6439 = VERTEX_POINT ( 'NONE', #5292 ) ;
#6440 = DIRECTION ( 'NONE',  ( 0.000000000000000000, -1.000000000000000000, 0.000000000000000000 ) ) ;
#6441 = CARTESIAN_POINT ( 'NONE',  ( 624.2999999999998408, 36.99999999999993605, 1241.462147321965858 ) ) ;
#6442 = AXIS2_PLACEMENT_3D ( 'NONE', #8355, #2980, #4958 ) ;
#6443 = FILL_AREA_STYLE_COLOUR ( '', #2957 ) ;
#6444 = CARTESIAN_POINT ( 'NONE',  ( 606.7542805178225080, -22.82555481552734733, 1189.568822384082296 ) ) ;
#6445 = EDGE_CURVE ( 'NONE', #7430, #1276, #7031, .T. ) ;
#6446 = DIRECTION ( 'NONE',  ( 0.000000000000000000, 1.000000000000000000, 0.000000000000000000 ) ) ;
#6447 = VERTEX_POINT ( 'NONE', #3245 ) ;
#6448 = CIRCLE ( 'NONE', #2863, 2.749999999999935163 ) ;
#6449 = COLOUR_RGB ( '',0.7490196078431372584, 0.7490196078431372584, 0.7490196078431372584 ) ;
#6450 = CIRCLE ( 'NONE', #553, 2.499999999999968914 ) ;
#6451 = CARTESIAN_POINT ( 'NONE',  ( 607.4999999999996589, 39.48296202211798800, 1242.694165311175084 ) ) ;
#6452 = UNCERTAINTY_MEASURE_WITH_UNIT (LENGTH_MEASURE( 1.000000000000000082E-05 ), #129, 'distance_accuracy_value', 'NONE');
#6453 = ORIENTED_EDGE ( 'NONE', *, *, #7048, .T. ) ;
#6454 = FACE_OUTER_BOUND ( 'NONE', #6217, .T. ) ;
#6455 = LINE ( 'NONE', #2412, #6416 ) ;
#6456 = CONICAL_SURFACE ( 'NONE', #6016, 16.75000000000004263, 0.7853981633974412846 ) ;
#6457 = CARTESIAN_POINT ( 'NONE',  ( 634.9999999999997726, 2.775557561562892613E-14, 1209.999999999999773 ) ) ;
#6458 = CARTESIAN_POINT ( 'NONE',  ( 607.0999999999999091, 25.27476584857663866, 1200.212269241877721 ) ) ;
#6459 =( LENGTH_UNIT ( ) NAMED_UNIT ( * ) SI_UNIT ( .MILLI., .METRE. ) );
#6460 = LINE ( 'NONE', #3037, #2760 ) ;
#6461 = COLOUR_RGB ( '',0.7490196078431372584, 0.7490196078431372584, 0.7490196078431372584 ) ;
#6462 = SURFACE_STYLE_USAGE ( .BOTH. , #5023 ) ;
#6463 = DIRECTION ( 'NONE',  ( -2.618191646955655695E-47, 0.000000000000000000, 1.000000000000000000 ) ) ;
#6464 = UNCERTAINTY_MEASURE_WITH_UNIT (LENGTH_MEASURE( 1.000000000000000082E-05 ), #6811, 'distance_accuracy_value', 'NONE');
#6465 = EDGE_CURVE ( 'NONE', #6746, #3799, #8044, .T. ) ;
#6466 = ORIENTED_EDGE ( 'NONE', *, *, #7946, .T. ) ;
#6467 = ADVANCED_FACE ( 'NONE', ( #5460 ), #715, .F. ) ;
#6468 = FACE_OUTER_BOUND ( 'NONE', #1100, .T. ) ;
#6469 = SURFACE_SIDE_STYLE ('',( #967 ) ) ;
#6470 = ADVANCED_FACE ( 'NONE', ( #6119 ), #6923, .F. ) ;
#6471 =( NAMED_UNIT ( * ) SI_UNIT ( $, .STERADIAN. ) SOLID_ANGLE_UNIT ( ) );
#6472 =( NAMED_UNIT ( * ) SI_UNIT ( $, .STERADIAN. ) SOLID_ANGLE_UNIT ( ) );
#6473 = ORIENTED_EDGE ( 'NONE', *, *, #239, .T. ) ;
#6474 =( NAMED_UNIT ( * ) PLANE_ANGLE_UNIT ( ) SI_UNIT ( $, .RADIAN. ) );
#6475 = CARTESIAN_POINT ( 'NONE',  ( 605.3769615805123294, 50.27266050782243667, 1230.904860198166261 ) ) ;
#6476 = VERTEX_POINT ( 'NONE', #756 ) ;
#6477 = CARTESIAN_POINT ( 'NONE',  ( 605.3769615805127842, -19.42981584303321441, 1188.453326425649493 ) ) ;
#6478 = CARTESIAN_POINT ( 'NONE',  ( 606.6273342027647004, -21.07791833874031795, 1190.087284833570038 ) ) ;
#6479 = AXIS2_PLACEMENT_3D ( 'NONE', #5335, #3952, #8049 ) ;
#6480 = DIRECTION ( 'NONE',  ( 1.000000000000000000, -1.209143741480677945E-16, 3.928746171838239762E-17 ) ) ;
#6481 = CARTESIAN_POINT ( 'NONE',  ( 604.6131400333568990, 43.74999999999992895, 1233.499999999999545 ) ) ;
#6482 = DIRECTION ( 'NONE',  ( 3.952720641290395052E-20, -1.000000000000000000, -8.815909524110140548E-19 ) ) ;
#6483 = ORIENTED_EDGE ( 'NONE', *, *, #903, .T. ) ;
#6484 =( LENGTH_UNIT ( ) NAMED_UNIT ( * ) SI_UNIT ( .MILLI., .METRE. ) );
#6485 = CARTESIAN_POINT ( 'NONE',  ( 606.9040603911947755, 38.51536803132581355, 1237.536826740519700 ) ) ;
#6486 =( LENGTH_UNIT ( ) NAMED_UNIT ( * ) SI_UNIT ( .MILLI., .METRE. ) );
#6487 = SURFACE_STYLE_USAGE ( .BOTH. , #2397 ) ;
#6488 = DIRECTION ( 'NONE',  ( 0.000000000000000000, 0.000000000000000000, -1.000000000000000000 ) ) ;
#6489 = CARTESIAN_POINT ( 'NONE',  ( 622.4978484524308442, -25.00000000000006750, 1234.999999999999545 ) ) ;
#6490 = SURFACE_STYLE_USAGE ( .BOTH. , #5098 ) ;
#6491 = VERTEX_POINT ( 'NONE', #3508 ) ;
#6492 =( GEOMETRIC_REPRESENTATION_CONTEXT ( 3 ) GLOBAL_UNCERTAINTY_ASSIGNED_CONTEXT ( ( #2860 ) ) GLOBAL_UNIT_ASSIGNED_CONTEXT ( ( #864, #2783, #1002 ) ) REPRESENTATION_CONTEXT ( 'NONE', 'WORKASPACE' ) );
#6493 =( NAMED_UNIT ( * ) PLANE_ANGLE_UNIT ( ) SI_UNIT ( $, .RADIAN. ) );
#6494 = FACE_OUTER_BOUND ( 'NONE', #7745, .T. ) ;
#6495 = AXIS2_PLACEMENT_3D ( 'NONE', #6596, #1098, #423 ) ;
#6496 = CARTESIAN_POINT ( 'NONE',  ( 604.5188211601142712, 50.53385894366735442, 1235.708353997499216 ) ) ;
#6497 = ORIENTED_EDGE ( 'NONE', *, *, #783, .T. ) ;
#6498 = CARTESIAN_POINT ( 'NONE',  ( 607.4999999999997726, -25.27476584857656761, 1265.787730758122734 ) ) ;
#6499 = DIRECTION ( 'NONE',  ( 2.126226658603510571E-31, 0.3090169943749516146, 0.9510565162951523099 ) ) ;
#6500 = SURFACE_STYLE_FILL_AREA ( #1732 ) ;
#6501 = DIRECTION ( 'NONE',  ( 0.000000000000000000, -0.3090169943749584980, -0.9510565162951499785 ) ) ;
#6502 = CARTESIAN_POINT ( 'NONE',  ( 604.0999999999999091, 0.9991355369590114721, 1189.437925024752985 ) ) ;
#6503 = CARTESIAN_POINT ( 'NONE',  ( 607.4999999999997726, -19.54161910254281764, 1200.542573880847840 ) ) ;
#6504 = DIRECTION ( 'NONE',  ( 1.000000000000000000, -1.209143741480677945E-16, 3.928746171838239762E-17 ) ) ;
#6505 = AXIS2_PLACEMENT_3D ( 'NONE', #5645, #8359, #2223 ) ;
#6506 = CARTESIAN_POINT ( 'NONE',  ( 604.0999999999999091, 40.89543020069148582, 1248.287730758122507 ) ) ;
#6507 =( NAMED_UNIT ( * ) PLANE_ANGLE_UNIT ( ) SI_UNIT ( $, .RADIAN. ) );
#6508 = MECHANICAL_DESIGN_GEOMETRIC_PRESENTATION_REPRESENTATION (  '', ( #745 ), #2063 ) ;
#6509 = ORIENTED_EDGE ( 'NONE', *, *, #7716, .F. ) ;
#6510 = VECTOR ( 'NONE', #1977, 1000.000000000000000 ) ;
#6511 = CARTESIAN_POINT ( 'NONE',  ( 607.4999999999997726, 1.785875599640978972, 1274.420803394250470 ) ) ;
#6513 = EDGE_CURVE ( 'NONE', #8137, #5728, #5594, .T. ) ;
#6512 = VERTEX_POINT ( 'NONE', #2846 ) ;
#6514 = CARTESIAN_POINT ( 'NONE',  ( 609.8349986851952735, 45.93964049335893662, 1227.419545095995318 ) ) ;
#6515 = DIRECTION ( 'NONE',  ( 1.000000000000000000, 0.000000000000000000, 2.618191646955655209E-47 ) ) ;
#6516 = ADVANCED_FACE ( 'NONE', ( #4712 ), #4896, .F. ) ;
#6517 =( NAMED_UNIT ( * ) SI_UNIT ( $, .STERADIAN. ) SOLID_ANGLE_UNIT ( ) );
#6518 = ORIENTED_EDGE ( 'NONE', *, *, #1867, .T. ) ;
#6519 = CARTESIAN_POINT ( 'NONE',  ( 604.5940461012111200, -14.26425404763374161, 1186.525196709375905 ) ) ;
#6520 = CARTESIAN_POINT ( 'NONE',  ( 604.6131400333568990, 43.74999999999992895, 1233.499999999999545 ) ) ;
#6521 = CARTESIAN_POINT ( 'NONE',  ( 606.9138562681241638, -21.19260948092508201, 1190.860378462441986 ) ) ;
#6522 = FACE_BOUND ( 'NONE', #4611, .T. ) ;
#6523 = CARTESIAN_POINT ( 'NONE',  ( 607.4999999999997726, -40.89543020069176293, 1248.287730758122507 ) ) ;
#6524 = ORIENTED_EDGE ( 'NONE', *, *, #1354, .T. ) ;
#6525 = CARTESIAN_POINT ( 'NONE',  ( 604.6131400333568990, 42.24999999999994316, 1236.499999999999773 ) ) ;
#6526 = DIRECTION ( 'NONE',  ( 0.000000000000000000, 0.7071067811865567876, -0.7071067811865382469 ) ) ;
#6527 = EDGE_CURVE ( 'NONE', #4739, #4593, #6963, .T. ) ;
#6528 = PRESENTATION_STYLE_ASSIGNMENT (( #7102 ) ) ;
#6529 = EDGE_CURVE ( 'NONE', #5075, #665, #6770, .T. ) ;
#6530 = VECTOR ( 'NONE', #3109, 999.9999999999998863 ) ;
#6531 = CARTESIAN_POINT ( 'NONE',  ( 634.9999999999997726, -15.17766952966396765, 1252.677669529663717 ) ) ;
#6532 = CARTESIAN_POINT ( 'NONE',  ( 607.5725970330026939, 37.18788878280873433, 1223.245210793846354 ) ) ;
#6533 = ORIENTED_EDGE ( 'NONE', *, *, #3698, .F. ) ;
#6534 = SURFACE_STYLE_USAGE ( .BOTH. , #1727 ) ;
#6535 = EDGE_LOOP ( 'NONE', ( #3478, #3228, #5556, #8097 ) ) ;
#6536 = CONICAL_SURFACE ( 'NONE', #2663, 2.499999999999968914, 1.029744258676653645 ) ;
#6537 = CARTESIAN_POINT ( 'NONE',  ( 633.9999999999997726, -6.399067337846157207E-14, 1219.249999999999773 ) ) ;
#6538 = DIRECTION ( 'NONE',  ( 1.000000000000000000, 0.000000000000000000, 2.618191646955655209E-47 ) ) ;
#6539 = SURFACE_SIDE_STYLE ('',( #1734 ) ) ;
#6540 = PRESENTATION_LAYER_ASSIGNMENT (  '', '', ( #1074 ) ) ;
#6541 = CARTESIAN_POINT ( 'NONE',  ( 602.3999999999998636, -6.591949208711866959E-14, 1234.999999999999545 ) ) ;
#6542 = CARTESIAN_POINT ( 'NONE',  ( 606.5140365071124506, 38.51959303581634231, 1229.905168130404945 ) ) ;
#6543 = SURFACE_SIDE_STYLE ('',( #1138 ) ) ;
#6544 = STYLED_ITEM ( 'NONE', ( #7347 ), #8374 ) ;
#6545 = AXIS2_PLACEMENT_3D ( 'NONE', #491, #5380, #8016 ) ;
#6546 = CARTESIAN_POINT ( 'NONE',  ( 607.6911933507468575, -7.902699703957615007, 1197.086447154056714 ) ) ;
#6547 = DIRECTION ( 'NONE',  ( 1.283156394849718238E-16, 0.9510565162951521989, -0.3090169943749515591 ) ) ;
#6548 = UNCERTAINTY_MEASURE_WITH_UNIT (LENGTH_MEASURE( 1.000000000000000082E-05 ), #1668, 'distance_accuracy_value', 'NONE');
#6549 = AXIS2_PLACEMENT_3D ( 'NONE', #8087, #4621, #1164 ) ;
#6550 = SURFACE_STYLE_FILL_AREA ( #3787 ) ;
#6551 = ORIENTED_EDGE ( 'NONE', *, *, #3590, .T. ) ;
#6552 = CARTESIAN_POINT ( 'NONE',  ( 607.9999999999998863, 53.19117901536822757, 1214.244174350441654 ) ) ;
#6553 = AXIS2_PLACEMENT_3D ( 'NONE', #351, #5328, #7421 ) ;
#6554 = PRESENTATION_STYLE_ASSIGNMENT (( #3044 ) ) ;
#6555 = ORIENTED_EDGE ( 'NONE', *, *, #28, .T. ) ;
#6556 = CARTESIAN_POINT ( 'NONE',  ( 620.4037182729475717, 48.03650030224891765, 1231.859868861703717 ) ) ;
#6557 = FILL_AREA_STYLE_COLOUR ( '', #3286 ) ;
#6558 = FILL_AREA_STYLE_COLOUR ( '', #950 ) ;
#6559 = COLOUR_RGB ( '',0.7490196078431372584, 0.7490196078431372584, 0.7490196078431372584 ) ;
#6560 = ORIENTED_EDGE ( 'NONE', *, *, #2176, .T. ) ;
#6561 = DIRECTION ( 'NONE',  ( 0.000000000000000000, 1.000000000000000000, 0.000000000000000000 ) ) ;
#6562 = DIRECTION ( 'NONE',  ( 0.000000000000000000, 0.000000000000000000, 1.000000000000000000 ) ) ;
#6563 = CARTESIAN_POINT ( 'NONE',  ( 604.4999890201780772, 45.25007319883168577, 1235.096837155121193 ) ) ;
#6564 = MECHANICAL_DESIGN_GEOMETRIC_PRESENTATION_REPRESENTATION (  '', ( #5568 ), #7848 ) ;
#6565 = ORIENTED_EDGE ( 'NONE', *, *, #507, .T. ) ;
#6566 =( GEOMETRIC_REPRESENTATION_CONTEXT ( 3 ) GLOBAL_UNCERTAINTY_ASSIGNED_CONTEXT ( ( #5118 ) ) GLOBAL_UNIT_ASSIGNED_CONTEXT ( ( #5880, #6600, #2646 ) ) REPRESENTATION_CONTEXT ( 'NONE', 'WORKASPACE' ) );
#6568 =( NAMED_UNIT ( * ) SI_UNIT ( $, .STERADIAN. ) SOLID_ANGLE_UNIT ( ) );
#6567 =( BOUNDED_SURFACE ( )  B_SPLINE_SURFACE ( 3, 3, ( 
 ( #6212, #1406, #2676, #6846 ),
 ( #677, #5510, #6253, #4814 ),
 ( #7563, #4148, #5550, #8267 ),
 ( #2138, #4863, #6927, #7604 ),
 ( #1452, #4186, #2853, #6344 ),
 ( #5095, #2266, #891, #5725 ),
 ( #2893, #4309, #3020, #3637 ) ),
 .UNSPECIFIED., .F., .F., .F. ) 
 B_SPLINE_SURFACE_WITH_KNOTS ( ( 4, 3, 4 ),
 ( 4, 4 ),
 ( 0.000000000000000000, 1.000000000000000000, 2.000000000000000000 ),
 ( 0.000000000000000000, 1.000000000000000000 ),
 .UNSPECIFIED. ) 
 GEOMETRIC_REPRESENTATION_ITEM ( )  RATIONAL_B_SPLINE_SURFACE ( (
 ( 1.377595011997999830, 1.123818639325999902, 1.123818639325999902, 1.377595011997999830),
 ( 1.087884123068999953, 0.8874774112015999528, 0.8874774112015999528, 1.087884123068999953),
 ( 1.087884123068999953, 0.8874774112015999528, 0.8874774112015999528, 1.087884123068999953),
 ( 1.377595011997999830, 1.123818639325999902, 1.123818639325999902, 1.377595011997999830),
 ( 1.087884123068999953, 0.8874774112015999528, 0.8874774112015999528, 1.087884123068999953),
 ( 1.087884123068999953, 0.8874774112015999528, 0.8874774112015999528, 1.087884123068999953),
 ( 1.377595011997999830, 1.123818639325999902, 1.123818639325999902, 1.377595011997999830) ) ) 
 REPRESENTATION_ITEM ( '' )  SURFACE ( )  );
#6569 = CARTESIAN_POINT ( 'NONE',  ( 606.6251087081395781, 38.52098390299634190, 1233.543593965039236 ) ) ;
#6570 =( NAMED_UNIT ( * ) SI_UNIT ( $, .STERADIAN. ) SOLID_ANGLE_UNIT ( ) );
#6571 = COLOUR_RGB ( '',0.7490196078431372584, 0.7490196078431372584, 0.7490196078431372584 ) ;
#6572 = PRESENTATION_STYLE_ASSIGNMENT (( #8775 ) ) ;
#6573 = ADVANCED_FACE ( 'NONE', ( #1490 ), #5632, .T. ) ;
#6574 = FILL_AREA_STYLE ('',( #3819 ) ) ;
#6575 = EDGE_CURVE ( 'NONE', #6476, #7816, #726, .T. ) ;
#6576 = CARTESIAN_POINT ( 'NONE',  ( 607.0999999999999091, 40.89543020069152846, 1248.287730758122507 ) ) ;
#6577 = EDGE_LOOP ( 'NONE', ( #5666, #1547, #2962, #4946 ) ) ;
#6578 = EDGE_CURVE ( 'NONE', #8603, #5229, #7192, .T. ) ;
#6579 = DIRECTION ( 'NONE',  ( 1.000000000000000000, 3.123522194620004932E-16, 1.064861060188242050E-15 ) ) ;
#6580 = COLOUR_RGB ( '',0.7490196078431372584, 0.7490196078431372584, 0.7490196078431372584 ) ;
#6581 = FILL_AREA_STYLE ('',( #3908 ) ) ;
#6582 =( NAMED_UNIT ( * ) PLANE_ANGLE_UNIT ( ) SI_UNIT ( $, .RADIAN. ) );
#6583 = ORIENTED_EDGE ( 'NONE', *, *, #1285, .F. ) ;
#6584 =( NAMED_UNIT ( * ) SI_UNIT ( $, .STERADIAN. ) SOLID_ANGLE_UNIT ( ) );
#6585 = CARTESIAN_POINT ( 'NONE',  ( 607.5960556515246935, -6.389618070620805668, 1196.594817129376452 ) ) ;
#6586 = EDGE_CURVE ( 'NONE', #8477, #3265, #1897, .T. ) ;
#6587 = CIRCLE ( 'NONE', #8151, 48.51295553591383936 ) ;
#6588 = MECHANICAL_DESIGN_GEOMETRIC_PRESENTATION_REPRESENTATION (  '', ( #3999 ), #954 ) ;
#6589 = SPHERICAL_SURFACE ( 'NONE', #4563, 28.62500000000000000 ) ;
#6590 = LINE ( 'NONE', #5948, #425 ) ;
#6591 = FILL_AREA_STYLE ('',( #4500 ) ) ;
#6592 = CIRCLE ( 'NONE', #2000, 10.00000000000001066 ) ;
#6593 =( NAMED_UNIT ( * ) SI_UNIT ( $, .STERADIAN. ) SOLID_ANGLE_UNIT ( ) );
#6594 =( NAMED_UNIT ( * ) PLANE_ANGLE_UNIT ( ) SI_UNIT ( $, .RADIAN. ) );
#6595 = DIRECTION ( 'NONE',  ( 0.000000000000000000, 1.000000000000000000, 0.000000000000000000 ) ) ;
#6596 = CARTESIAN_POINT ( 'NONE',  ( 607.4999999999997726, 25.27476584857668485, 1200.212269241877721 ) ) ;
#6597 = VERTEX_POINT ( 'NONE', #839 ) ;
#6598 = B_SPLINE_CURVE_WITH_KNOTS ( 'NONE', 3,
 ( #4479, #6017, #3190, #1895, #7282, #474, #1936, #1849 ),
 .UNSPECIFIED., .F., .F.,
 ( 4, 2, 2, 4 ),
 ( -8.165828659105381604E-06, 0.001139595327086462273, 0.001713475904959010617, 0.002287356482831558960 ),
 .UNSPECIFIED. ) ;
#6599 = CARTESIAN_POINT ( 'NONE',  ( 605.5096773321361070, 50.23378921724876989, 1239.390800257769342 ) ) ;
#6600 =( NAMED_UNIT ( * ) PLANE_ANGLE_UNIT ( ) SI_UNIT ( $, .RADIAN. ) );
#6601 = STYLED_ITEM ( 'NONE', ( #3430 ), #5761 ) ;
#6602 = CARTESIAN_POINT ( 'NONE',  ( 602.4999999999997726, 42.24999999999994316, 1236.499999999999773 ) ) ;
#6603 = CARTESIAN_POINT ( 'NONE',  ( 607.6257360571393065, -16.90021711799373350, 1200.009917779075295 ) ) ;
#6604 = VERTEX_POINT ( 'NONE', #884 ) ;
#6605 = SURFACE_STYLE_USAGE ( .BOTH. , #1016 ) ;
#6606 = CARTESIAN_POINT ( 'NONE',  ( 604.6035059258407500, 52.46642748677901835, 1236.484291104203521 ) ) ;
#6607 =( GEOMETRIC_REPRESENTATION_CONTEXT ( 3 ) GLOBAL_UNCERTAINTY_ASSIGNED_CONTEXT ( ( #3308 ) ) GLOBAL_UNIT_ASSIGNED_CONTEXT ( ( #668, #755, #2128 ) ) REPRESENTATION_CONTEXT ( 'NONE', 'WORKASPACE' ) );
#6608 = EDGE_LOOP ( 'NONE', ( #1284, #2474 ) ) ;
#6609 =( NAMED_UNIT ( * ) PLANE_ANGLE_UNIT ( ) SI_UNIT ( $, .RADIAN. ) );
#6610 = PLANE ( 'NONE',  #8744 ) ;
#6611 = CARTESIAN_POINT ( 'NONE',  ( 623.9999999999998863, 2.775557561562892613E-14, 1209.999999999999773 ) ) ;
#6612 = ORIENTED_EDGE ( 'NONE', *, *, #8271, .T. ) ;
#6613 = SURFACE_STYLE_USAGE ( .BOTH. , #8677 ) ;
#6614 = CARTESIAN_POINT ( 'NONE',  ( 606.9025598209627788, 38.51539801201338520, 1232.467100547570226 ) ) ;
#6615 = ORIENTED_EDGE ( 'NONE', *, *, #1285, .T. ) ;
#6616 = PRESENTATION_LAYER_ASSIGNMENT (  '', '', ( #4889 ) ) ;
#6617 = FILL_AREA_STYLE ('',( #1904 ) ) ;
#6618 = DIRECTION ( 'NONE',  ( 1.000000000000000000, 0.000000000000000000, 2.618191646955655209E-47 ) ) ;
#6619 = FILL_AREA_STYLE ('',( #8816 ) ) ;
#6620 = CARTESIAN_POINT ( 'NONE',  ( 607.7782786200627925, 38.32814303629994868, 1230.658804730182055 ) ) ;
#6621 = EDGE_LOOP ( 'NONE', ( #5287, #1327, #1417, #2784 ) ) ;
#6622 = DIRECTION ( 'NONE',  ( 0.000000000000000000, 0.000000000000000000, -1.000000000000000000 ) ) ;
#6623 = EDGE_CURVE ( 'NONE', #1332, #2139, #7041, .T. ) ;
#6624 = CARTESIAN_POINT ( 'NONE',  ( 634.9999999999997726, 17.67766952966358218, 1255.177669529663717 ) ) ;
#6625 = DIRECTION ( 'NONE',  ( -1.000000000000000000, 0.000000000000000000, -2.618191646955655209E-47 ) ) ;
#6626 = ORIENTED_EDGE ( 'NONE', *, *, #631, .T. ) ;
#6627 = EDGE_CURVE ( 'NONE', #2008, #6673, #2304, .T. ) ;
#6628 = FACE_OUTER_BOUND ( 'NONE', #256, .T. ) ;
#6629 = EDGE_CURVE ( 'NONE', #8188, #8488, #4338, .T. ) ;
#6630 =( NAMED_UNIT ( * ) SI_UNIT ( $, .STERADIAN. ) SOLID_ANGLE_UNIT ( ) );
#6631 = FACE_OUTER_BOUND ( 'NONE', #272, .T. ) ;
#6632 = CARTESIAN_POINT ( 'NONE',  ( 634.9999999999997726, 42.24999999999994316, 1236.499999999999773 ) ) ;
#6633 = CARTESIAN_POINT ( 'NONE',  ( 607.5576513134525385, 0.6136698518631523713, 1274.044344522508482 ) ) ;
#6634 = CARTESIAN_POINT ( 'NONE',  ( 603.1114756333217883, 38.57672943515098751, 1242.783420965444748 ) ) ;
#6635 = CARTESIAN_POINT ( 'NONE',  ( 607.2851595586051872, 39.48930465879074347, 1227.996472444113124 ) ) ;
#6636 = UNCERTAINTY_MEASURE_WITH_UNIT (LENGTH_MEASURE( 1.000000000000000082E-05 ), #8189, 'distance_accuracy_value', 'NONE');
#6637 = PRESENTATION_LAYER_ASSIGNMENT (  '', '', ( #5497 ) ) ;
#6638 = EDGE_CURVE ( 'NONE', #3799, #1730, #4040, .T. ) ;
#6639 = COLOUR_RGB ( '',0.7490196078431372584, 0.7490196078431372584, 0.7490196078431372584 ) ;
#6640 = CARTESIAN_POINT ( 'NONE',  ( 607.4656371538681014, 48.46424988547353507, 1227.033128840481595 ) ) ;
#6641 = VERTEX_POINT ( 'NONE', #5264 ) ;
#6642 = CARTESIAN_POINT ( 'NONE',  ( 628.7999999999998408, -6.591949208711866959E-14, 1234.999999999999545 ) ) ;
#6643 = CARTESIAN_POINT ( 'NONE',  ( 623.9999999999998863, -25.00000000000006750, 1234.999999999999545 ) ) ;
#6644 = DIRECTION ( 'NONE',  ( 1.000000000000000000, 0.000000000000000000, 2.618191646955655209E-47 ) ) ;
#6645 = DIRECTION ( 'NONE',  ( 1.000000000000000000, 0.000000000000000000, 2.618191646955655209E-47 ) ) ;
#6646 = ORIENTED_EDGE ( 'NONE', *, *, #8829, .F. ) ;
#6647 = EDGE_CURVE ( 'NONE', #885, #8725, #8637, .T. ) ;
#6648 = CARTESIAN_POINT ( 'NONE',  ( 609.8858308089331786, 43.12089565753961296, 1227.502145420339048 ) ) ;
#6649 = ORIENTED_EDGE ( 'NONE', *, *, #182, .T. ) ;
#6650 = CIRCLE ( 'NONE', #3618, 5.000000000000004441 ) ;
#6651 = EDGE_LOOP ( 'NONE', ( #4276, #7321 ) ) ;
#6652 = AXIS2_PLACEMENT_3D ( 'NONE', #5873, #6039, #3127 ) ;
#6653 = DIRECTION ( 'NONE',  ( 0.000000000000000000, -0.9510565162951478690, 0.3090169943749654369 ) ) ;
#6654 = FILL_AREA_STYLE_COLOUR ( '', #2516 ) ;
#6655 = ORIENTED_EDGE ( 'NONE', *, *, #961, .T. ) ;
#6656 = CARTESIAN_POINT ( 'NONE',  ( 607.5490803529653476, -0.7676593687358876927, 1195.928695739729619 ) ) ;
#6657 = CARTESIAN_POINT ( 'NONE',  ( 604.0999999999999091, -22.96049833377500704, 1268.302245695951342 ) ) ;
#6658 = CARTESIAN_POINT ( 'NONE',  ( 623.9999999999998863, -17.67766952966371719, 1214.822330470335828 ) ) ;
#6659 = CONICAL_SURFACE ( 'NONE', #5938, 2.499999999999968914, 1.029744258676653645 ) ;
#6660 = DIRECTION ( 'NONE',  ( -1.000000000000000000, 0.000000000000000000, -2.618191646955655209E-47 ) ) ;
#6661 = VERTEX_POINT ( 'NONE', #4554 ) ;
#6662 = CARTESIAN_POINT ( 'NONE',  ( 606.2176002192099986, 51.41935887044301268, 1229.373400317235564 ) ) ;
#6663 = VERTEX_POINT ( 'NONE', #7362 ) ;
#6664 = PRESENTATION_STYLE_ASSIGNMENT (( #1824 ) ) ;
#6665 = MECHANICAL_DESIGN_GEOMETRIC_PRESENTATION_REPRESENTATION (  '', ( #3780 ), #8818 ) ;
#6666 = DIRECTION ( 'NONE',  ( -3.952720641290395052E-20, 1.000000000000000000, 8.815909524110140548E-19 ) ) ;
#6667 =( LENGTH_UNIT ( ) NAMED_UNIT ( * ) SI_UNIT ( .MILLI., .METRE. ) );
#6668 = CARTESIAN_POINT ( 'NONE',  ( 606.1592117904064025, 38.52589850380485359, 1230.010281150257924 ) ) ;
#6669 = CARTESIAN_POINT ( 'NONE',  ( 623.9999999999998863, -17.67766952966396943, 1252.677669529663717 ) ) ;
#6670 = ORIENTED_EDGE ( 'NONE', *, *, #7886, .F. ) ;
#6671 = CARTESIAN_POINT ( 'NONE',  ( 606.6051873811612722, 39.03484801560956186, 1228.853004234777245 ) ) ;
#6672 = VECTOR ( 'NONE', #5368, 1000.000000000000000 ) ;
#6673 = VERTEX_POINT ( 'NONE', #1185 ) ;
#6674 = PRESENTATION_LAYER_ASSIGNMENT (  '', '', ( #3792 ) ) ;
#6675 = EDGE_CURVE ( 'NONE', #2139, #1332, #6334, .T. ) ;
#6676 = CARTESIAN_POINT ( 'NONE',  ( 606.9999999999998863, 39.49730783998288075, 1228.385621722338556 ) ) ;
#6677 = DIRECTION ( 'NONE',  ( 1.000000000000000000, 0.000000000000000000, 0.000000000000000000 ) ) ;
#6678 = VERTEX_POINT ( 'NONE', #564 ) ;
#6679 = AXIS2_PLACEMENT_3D ( 'NONE', #6729, #7402, #3264 ) ;
#6680 =( GEOMETRIC_REPRESENTATION_CONTEXT ( 3 ) GLOBAL_UNCERTAINTY_ASSIGNED_CONTEXT ( ( #8510 ) ) GLOBAL_UNIT_ASSIGNED_CONTEXT ( ( #7159, #8417, #2413 ) ) REPRESENTATION_CONTEXT ( 'NONE', 'WORKASPACE' ) );
#6681 = EDGE_CURVE ( 'NONE', #3272, #7726, #4736, .T. ) ;
#6682 = ADVANCED_FACE ( 'NONE', ( #7319 ), #5137, .F. ) ;
#6683 = DIRECTION ( 'NONE',  ( 1.000000000000000000, 3.732113731436789969E-16, -1.045086722461000084E-15 ) ) ;
#6684 = EDGE_CURVE ( 'NONE', #2770, #5728, #5906, .T. ) ;
#6685 = DIRECTION ( 'NONE',  ( 3.952720641290395052E-20, -1.000000000000000000, -8.815909524110140548E-19 ) ) ;
#6686 = DIRECTION ( 'NONE',  ( 0.7071067811865450192, 8.659560562354963673E-17, 0.7071067811865500152 ) ) ;
#6687 = EDGE_CURVE ( 'NONE', #7457, #2271, #5350, .T. ) ;
#6688 = FACE_OUTER_BOUND ( 'NONE', #1195, .T. ) ;
#6689 = VERTEX_POINT ( 'NONE', #3485 ) ;
#6690 = STYLED_ITEM ( 'NONE', ( #7385 ), #288 ) ;
#6691 = CIRCLE ( 'NONE', #928, 3.025000000000055422 ) ;
#6692 = CARTESIAN_POINT ( 'NONE',  ( 607.4999999999997726, -40.89543020069176293, 1248.287730758122507 ) ) ;
#6693 = ADVANCED_FACE ( 'NONE', ( #20 ), #8286, .F. ) ;
#6694 =( NAMED_UNIT ( * ) SI_UNIT ( $, .STERADIAN. ) SOLID_ANGLE_UNIT ( ) );
#6695 = ORIENTED_EDGE ( 'NONE', *, *, #6892, .T. ) ;
#6696 = STYLED_ITEM ( 'NONE', ( #1026 ), #350 ) ;
#6697 = SURFACE_STYLE_USAGE ( .BOTH. , #5230 ) ;
#6698 = DIRECTION ( 'NONE',  ( -1.000000000000000000, 0.000000000000000000, -2.618191646955655209E-47 ) ) ;
#6699 = MECHANICAL_DESIGN_GEOMETRIC_PRESENTATION_REPRESENTATION (  '', ( #5693 ), #2829 ) ;
#6700 = PRESENTATION_STYLE_ASSIGNMENT (( #7415 ) ) ;
#6701 = DIRECTION ( 'NONE',  ( 1.000000000000000000, 0.000000000000000000, 2.618191646955655209E-47 ) ) ;
#6702 = ORIENTED_EDGE ( 'NONE', *, *, #418, .T. ) ;
#6703 = DIRECTION ( 'NONE',  ( -1.000000000000000000, 0.000000000000000000, 0.000000000000000000 ) ) ;
#6704 =( GEOMETRIC_REPRESENTATION_CONTEXT ( 3 ) GLOBAL_UNCERTAINTY_ASSIGNED_CONTEXT ( ( #7511 ) ) GLOBAL_UNIT_ASSIGNED_CONTEXT ( ( #5846, #8586, #3233 ) ) REPRESENTATION_CONTEXT ( 'NONE', 'WORKASPACE' ) );
#6705 =( GEOMETRIC_REPRESENTATION_CONTEXT ( 3 ) GLOBAL_UNCERTAINTY_ASSIGNED_CONTEXT ( ( #3039 ) ) GLOBAL_UNIT_ASSIGNED_CONTEXT ( ( #27, #3412, #615 ) ) REPRESENTATION_CONTEXT ( 'NONE', 'WORKASPACE' ) );
#6706 = DIRECTION ( 'NONE',  ( 1.271368967841056200E-16, 0.9510565162951523099, -0.3090169943749515591 ) ) ;
#6707 = EDGE_LOOP ( 'NONE', ( #6148, #8106, #5281, #947 ) ) ;
#6708 = DIRECTION ( 'NONE',  ( -1.000000000000000000, -0.000000000000000000, -2.618191646955655209E-47 ) ) ;
#6709 = FACE_OUTER_BOUND ( 'NONE', #680, .T. ) ;
#6710 = DIRECTION ( 'NONE',  ( 0.000000000000000000, 0.5877852522924574830, -0.8090169943749588866 ) ) ;
#6711 =( NAMED_UNIT ( * ) PLANE_ANGLE_UNIT ( ) SI_UNIT ( $, .RADIAN. ) );
#6712 = VERTEX_POINT ( 'NONE', #1379 ) ;
#6713 = FACE_OUTER_BOUND ( 'NONE', #4576, .T. ) ;
#6714 =( NAMED_UNIT ( * ) SI_UNIT ( $, .STERADIAN. ) SOLID_ANGLE_UNIT ( ) );
#6715 = VERTEX_POINT ( 'NONE', #8369 ) ;
#6716 = MECHANICAL_DESIGN_GEOMETRIC_PRESENTATION_REPRESENTATION (  '', ( #5855 ), #381 ) ;
#6717 = COLOUR_RGB ( '',0.7490196078431372584, 0.7490196078431372584, 0.7490196078431372584 ) ;
#6718 = DIRECTION ( 'NONE',  ( 0.000000000000000000, -0.9510565162951553075, 0.3090169943749417891 ) ) ;
#6719 = SURFACE_STYLE_FILL_AREA ( #6591 ) ;
#6720 = DIRECTION ( 'NONE',  ( 0.000000000000000000, 0.9510565162951640783, -0.3090169943749151993 ) ) ;
#6721 = VERTEX_POINT ( 'NONE', #5616 ) ;
#6722 = CONICAL_SURFACE ( 'NONE', #2843, 37.54174637253915137, 0.02617993877992199833 ) ;
#6723 = VECTOR ( 'NONE', #8225, 1000.000000000000000 ) ;
#6724 = ORIENTED_EDGE ( 'NONE', *, *, #8886, .F. ) ;
#6725 = DIRECTION ( 'NONE',  ( 1.000000000000000000, 0.000000000000000000, -0.000000000000000000 ) ) ;
#6726 = UNCERTAINTY_MEASURE_WITH_UNIT (LENGTH_MEASURE( 1.000000000000000082E-05 ), #1508, 'distance_accuracy_value', 'NONE');
#6727 = ORIENTED_EDGE ( 'NONE', *, *, #8483, .F. ) ;
#6728 = MECHANICAL_DESIGN_GEOMETRIC_PRESENTATION_REPRESENTATION (  '', ( #5722 ), #6001 ) ;
#6729 = CARTESIAN_POINT ( 'NONE',  ( 614.4999999999997726, -6.110811063764795215, 1216.192857390262816 ) ) ;
#6730 =( GEOMETRIC_REPRESENTATION_CONTEXT ( 3 ) GLOBAL_UNCERTAINTY_ASSIGNED_CONTEXT ( ( #3749 ) ) GLOBAL_UNIT_ASSIGNED_CONTEXT ( ( #5404, #5198, #3322 ) ) REPRESENTATION_CONTEXT ( 'NONE', 'WORKASPACE' ) );
#6731 = ORIENTED_EDGE ( 'NONE', *, *, #4865, .F. ) ;
#6732 =( NAMED_UNIT ( * ) PLANE_ANGLE_UNIT ( ) SI_UNIT ( $, .RADIAN. ) );
#6733 = FILL_AREA_STYLE ('',( #1146 ) ) ;
#6734 = DIRECTION ( 'NONE',  ( 0.000000000000000000, -1.000000000000000000, 0.000000000000000000 ) ) ;
#6735 = VECTOR ( 'NONE', #2035, 1000.000000000000114 ) ;
#6736 = VERTEX_POINT ( 'NONE', #1471 ) ;
#6737 = VECTOR ( 'NONE', #6686, 1000.000000000000000 ) ;
#6738 = ADVANCED_FACE ( 'NONE', ( #4118 ), #4201, .T. ) ;
#6739 = EDGE_CURVE ( 'NONE', #1144, #5247, #8423, .T. ) ;
#6740 = ORIENTED_EDGE ( 'NONE', *, *, #5382, .T. ) ;
#6741 = AXIS2_PLACEMENT_3D ( 'NONE', #8457, #7107, #3684 ) ;
#6742 = SURFACE_STYLE_FILL_AREA ( #1438 ) ;
#6743 = CARTESIAN_POINT ( 'NONE',  ( 607.4999999999997726, -25.27476584857636510, 1200.212269241876584 ) ) ;
#6744 =( NAMED_UNIT ( * ) PLANE_ANGLE_UNIT ( ) SI_UNIT ( $, .RADIAN. ) );
#6745 = PRESENTATION_STYLE_ASSIGNMENT (( #3503 ) ) ;
#6746 = VERTEX_POINT ( 'NONE', #7755 ) ;
#6747 =( NAMED_UNIT ( * ) SI_UNIT ( $, .STERADIAN. ) SOLID_ANGLE_UNIT ( ) );
#6748 = VECTOR ( 'NONE', #7188, 999.9999999999998863 ) ;
#6749 = DIRECTION ( 'NONE',  ( 1.000000000000000000, 0.000000000000000000, 2.618191646955655209E-47 ) ) ;
#6750 = FILL_AREA_STYLE ('',( #4006 ) ) ;
#6751 = ORIENTED_EDGE ( 'NONE', *, *, #568, .T. ) ;
#6752 = CARTESIAN_POINT ( 'NONE',  ( 607.5121977652929672, 48.17038018005338529, 1227.804844045504296 ) ) ;
#6753 = SURFACE_STYLE_USAGE ( .BOTH. , #8013 ) ;
#6754 = DIRECTION ( 'NONE',  ( 0.000000000000000000, -1.000000000000000000, 0.000000000000000000 ) ) ;
#6755 = ORIENTED_EDGE ( 'NONE', *, *, #577, .T. ) ;
#6756 = AXIS2_PLACEMENT_3D ( 'NONE', #7150, #6391, #4445 ) ;
#6757 = DIRECTION ( 'NONE',  ( 0.000000000000000000, 0.000000000000000000, -1.000000000000000000 ) ) ;
#6758 = DIRECTION ( 'NONE',  ( -4.552280931047950800E-17, 0.3090169943749515591, 0.9510565162951521989 ) ) ;
#6759 = CARTESIAN_POINT ( 'NONE',  ( 634.9999999999997726, -25.00000000000006750, 1234.999999999999545 ) ) ;
#6761 = B_SPLINE_CURVE_WITH_KNOTS ( 'NONE', 3,
 ( #2450, #7151, #7417, #1243, #4447, #6060, #315, #1034, #616, #6532, #357, #1987, #5449, #989, #6824, #660 ),
 .UNSPECIFIED., .F., .F.,
 ( 4, 2, 2, 2, 2, 2, 2, 4 ),
 ( 0.001421796059914351385, 0.001883416166071403110, 0.002345036272228455052, 0.002806656378385506776, 0.003268276484542558501, 0.004191516696856032245, 0.004653136803013041903, 0.005114756909170052428 ),
 .UNSPECIFIED. ) ;
#6760 = PRESENTATION_STYLE_ASSIGNMENT (( #3834 ) ) ;
#6762 = SURFACE_SIDE_STYLE ('',( #6798 ) ) ;
#6763 = DIRECTION ( 'NONE',  ( 0.000000000000000000, 0.2536844569576832686, 0.9672870289102843966 ) ) ;
#6764 = VERTEX_POINT ( 'NONE', #5167 ) ;
#6765 =( GEOMETRIC_REPRESENTATION_CONTEXT ( 3 ) GLOBAL_UNCERTAINTY_ASSIGNED_CONTEXT ( ( #3643 ) ) GLOBAL_UNIT_ASSIGNED_CONTEXT ( ( #670, #4140, #2042 ) ) REPRESENTATION_CONTEXT ( 'NONE', 'WORKASPACE' ) );
#6766 = CARTESIAN_POINT ( 'NONE',  ( 623.9999999999998863, -17.67766952966396943, 1252.677669529663717 ) ) ;
#6767 = LINE ( 'NONE', #6137, #3532 ) ;
#6768 = EDGE_LOOP ( 'NONE', ( #1580, #1199, #7173, #7132, #6655, #5720, #2688, #4726 ) ) ;
#6769 = CYLINDRICAL_SURFACE ( 'NONE', #4395, 2.499999999999998668 ) ;
#6770 = CIRCLE ( 'NONE', #1013, 2.750000000000047518 ) ;
#6771 = CARTESIAN_POINT ( 'NONE',  ( 607.4999999999997726, -7.240541427903715466, 1187.030411564613814 ) ) ;
#6772 = ORIENTED_EDGE ( 'NONE', *, *, #3594, .T. ) ;
#6773 =( LENGTH_UNIT ( ) NAMED_UNIT ( * ) SI_UNIT ( .MILLI., .METRE. ) );
#6774 = CARTESIAN_POINT ( 'NONE',  ( 606.6230289625323167, 39.50767591231242193, 1241.277789473350140 ) ) ;
#6775 = COLOUR_RGB ( '',0.7490196078431372584, 0.7490196078431372584, 0.7490196078431372584 ) ;
#6776 = CARTESIAN_POINT ( 'NONE',  ( 607.9999999999998863, -15.86906110607076670, 1201.252068217269652 ) ) ;
#6777 = ORIENTED_EDGE ( 'NONE', *, *, #8496, .F. ) ;
#6778 = PRESENTATION_LAYER_ASSIGNMENT (  '', '', ( #5637 ) ) ;
#6779 = SURFACE_SIDE_STYLE ('',( #3275 ) ) ;
#6780 = ORIENTED_EDGE ( 'NONE', *, *, #6627, .F. ) ;
#6781 =( GEOMETRIC_REPRESENTATION_CONTEXT ( 3 ) GLOBAL_UNCERTAINTY_ASSIGNED_CONTEXT ( ( #7070 ) ) GLOBAL_UNIT_ASSIGNED_CONTEXT ( ( #2272, #4449, #3070 ) ) REPRESENTATION_CONTEXT ( 'NONE', 'WORKASPACE' ) );
#6782 = EDGE_CURVE ( 'NONE', #5969, #7699, #7165, .T. ) ;
#6783 = MECHANICAL_DESIGN_GEOMETRIC_PRESENTATION_REPRESENTATION (  '', ( #881 ), #2343 ) ;
#6784 = EDGE_LOOP ( 'NONE', ( #6112, #2373 ) ) ;
#6785 = ADVANCED_FACE ( 'NONE', ( #7263 ), #8567, .T. ) ;
#6786 = FILL_AREA_STYLE_COLOUR ( '', #8235 ) ;
#6787 = EDGE_LOOP ( 'NONE', ( #7387, #560, #1238, #2936 ) ) ;
#6788 = CARTESIAN_POINT ( 'NONE',  ( 606.9753468289361535, -8.647619024996618720, 1187.070622716925982 ) ) ;
#6789 = SURFACE_STYLE_USAGE ( .BOTH. , #7599 ) ;
#6790 = CYLINDRICAL_SURFACE ( 'NONE', #4440, 4.000000000000003553 ) ;
#6791 = SURFACE_STYLE_FILL_AREA ( #4049 ) ;
#6792 = MECHANICAL_DESIGN_GEOMETRIC_PRESENTATION_REPRESENTATION (  '', ( #5522 ), #5793 ) ;
#6793 = EDGE_CURVE ( 'NONE', #7303, #5395, #5776, .T. ) ;
#6794 = CYLINDRICAL_SURFACE ( 'NONE', #3530, 7.499999999999951150 ) ;
#6795 = FILL_AREA_STYLE ('',( #6169 ) ) ;
#6796 = FILL_AREA_STYLE ('',( #8138 ) ) ;
#6797 = CARTESIAN_POINT ( 'NONE',  ( 614.4999999999989768, 45.93964049335891531, 1242.580454904003773 ) ) ;
#6798 = SURFACE_STYLE_FILL_AREA ( #1963 ) ;
#6799 = CARTESIAN_POINT ( 'NONE',  ( 607.5582262564854545, -36.93455710085410715, 1222.349751141628758 ) ) ;
#6800 = ORIENTED_EDGE ( 'NONE', *, *, #4360, .T. ) ;
#6801 = CARTESIAN_POINT ( 'NONE',  ( 604.0999999999999091, 40.89543020069168477, 1217.712269241876811 ) ) ;
#6802 = CARTESIAN_POINT ( 'NONE',  ( 608.7115648571888187, 38.48014768477672476, 1229.012617087182662 ) ) ;
#6803 =( NAMED_UNIT ( * ) SI_UNIT ( $, .STERADIAN. ) SOLID_ANGLE_UNIT ( ) );
#6804 = UNCERTAINTY_MEASURE_WITH_UNIT (LENGTH_MEASURE( 1.000000000000000082E-05 ), #3951, 'distance_accuracy_value', 'NONE');
#6805 = ORIENTED_EDGE ( 'NONE', *, *, #244, .T. ) ;
#6806 = PRESENTATION_LAYER_ASSIGNMENT (  '', '', ( #4343 ) ) ;
#6807 = FACE_OUTER_BOUND ( 'NONE', #924, .T. ) ;
#6808 = CARTESIAN_POINT ( 'NONE',  ( 606.5005463309821607, -8.480658339583783345, 1184.535014692911773 ) ) ;
#6809 = ORIENTED_EDGE ( 'NONE', *, *, #2136, .F. ) ;
#6810 = CARTESIAN_POINT ( 'NONE',  ( 607.3269641519100333, 49.31830189971082490, 1242.010688322253827 ) ) ;
#6811 =( LENGTH_UNIT ( ) NAMED_UNIT ( * ) SI_UNIT ( .MILLI., .METRE. ) );
#6812 = AXIS2_PLACEMENT_3D ( 'NONE', #7954, #441, #1902 ) ;
#6813 = AXIS2_PLACEMENT_3D ( 'NONE', #777, #821, #2157 ) ;
#6814 = CARTESIAN_POINT ( 'NONE',  ( 606.8980440624135326, 38.51148770813426836, 1241.501546779940327 ) ) ;
#6815 = LINE ( 'NONE', #4120, #4464 ) ;
#6816 = ORIENTED_EDGE ( 'NONE', *, *, #6529, .F. ) ;
#6817 =( NAMED_UNIT ( * ) SI_UNIT ( $, .STERADIAN. ) SOLID_ANGLE_UNIT ( ) );
#6818 = UNCERTAINTY_MEASURE_WITH_UNIT (LENGTH_MEASURE( 1.000000000000000082E-05 ), #8810, 'distance_accuracy_value', 'NONE');
#6819 = PRESENTATION_LAYER_ASSIGNMENT (  '', '', ( #643 ) ) ;
#6820 = MECHANICAL_DESIGN_GEOMETRIC_PRESENTATION_REPRESENTATION (  '', ( #7255 ), #6680 ) ;
#6821 = DIRECTION ( 'NONE',  ( 1.000000000000000000, 9.162209061965000063E-16, -6.261247779448849444E-16 ) ) ;
#6822 = ORIENTED_EDGE ( 'NONE', *, *, #4683, .T. ) ;
#6823 = EDGE_CURVE ( 'NONE', #5395, #3890, #6460, .T. ) ;
#6824 = CARTESIAN_POINT ( 'NONE',  ( 607.4999999999998863, 37.93574417986570069, 1224.407409670272955 ) ) ;
#6825 = MECHANICAL_DESIGN_GEOMETRIC_PRESENTATION_REPRESENTATION (  '', ( #4811 ), #2388 ) ;
#6826 = ORIENTED_EDGE ( 'NONE', *, *, #8499, .F. ) ;
#6827 = CARTESIAN_POINT ( 'NONE',  ( 604.5061552246928613, 40.78971533382623704, 1235.394610411758322 ) ) ;
#6828 = DIRECTION ( 'NONE',  ( -1.000000000000000000, -0.000000000000000000, -2.618191646955655209E-47 ) ) ;
#6829 = MECHANICAL_DESIGN_GEOMETRIC_PRESENTATION_REPRESENTATION (  '', ( #2245 ), #5552 ) ;
#6830 = PRESENTATION_STYLE_ASSIGNMENT (( #711 ) ) ;
#6831 = ORIENTED_EDGE ( 'NONE', *, *, #1001, .F. ) ;
#6832 = AXIS2_PLACEMENT_3D ( 'NONE', #4, #6127, #2724 ) ;
#6833 = MECHANICAL_DESIGN_GEOMETRIC_PRESENTATION_REPRESENTATION (  '', ( #1384 ), #78 ) ;
#6834 = PRESENTATION_STYLE_ASSIGNMENT (( #4085 ) ) ;
#6835 = CARTESIAN_POINT ( 'NONE',  ( 634.9999999999997726, 17.67766952966358218, 1255.702669529663808 ) ) ;
#6836 = EDGE_CURVE ( 'NONE', #6715, #8270, #5665, .T. ) ;
#6837 = CARTESIAN_POINT ( 'NONE',  ( 606.9999999999998863, -8.608477131752779954, 1187.101253916045152 ) ) ;
#6838 = AXIS2_PLACEMENT_3D ( 'NONE', #1188, #3889, #518 ) ;
#6839 =( GEOMETRIC_REPRESENTATION_CONTEXT ( 3 ) GLOBAL_UNCERTAINTY_ASSIGNED_CONTEXT ( ( #7956 ) ) GLOBAL_UNIT_ASSIGNED_CONTEXT ( ( #2568, #6609, #8036 ) ) REPRESENTATION_CONTEXT ( 'NONE', 'WORKASPACE' ) );
#6840 = VECTOR ( 'NONE', #3606, 1000.000000000000000 ) ;
#6841 = SURFACE_SIDE_STYLE ('',( #5416 ) ) ;
#6842 = CYLINDRICAL_SURFACE ( 'NONE', #8738, 2.749999999999994227 ) ;
#6843 = EDGE_CURVE ( 'NONE', #3209, #26, #5071, .T. ) ;
#6844 = FILL_AREA_STYLE_COLOUR ( '', #187 ) ;
#6845 = LINE ( 'NONE', #2892, #1375 ) ;
#6846 = CARTESIAN_POINT ( 'NONE',  ( 611.6224504219918572, -15.08306624795986117, 1189.164953305322797 ) ) ;
#6847 = CIRCLE ( 'NONE', #5135, 2.750000000000034639 ) ;
#6848 = EDGE_CURVE ( 'NONE', #1182, #1346, #2618, .T. ) ;
#6849 = DIRECTION ( 'NONE',  ( 0.000000000000000000, 0.7071067811865544561, 0.7071067811865406894 ) ) ;
#6850 = CARTESIAN_POINT ( 'NONE',  ( 622.0654966078423058, 45.93964049335891531, 1234.524019298303301 ) ) ;
#6851 = VERTEX_POINT ( 'NONE', #8521 ) ;
#6852 = ADVANCED_FACE ( 'NONE', ( #327 ), #3081, .T. ) ;
#6853 = CARTESIAN_POINT ( 'NONE',  ( 608.7975732019938278, 38.48014768853613532, 1239.756589406157673 ) ) ;
#6854 =( NAMED_UNIT ( * ) PLANE_ANGLE_UNIT ( ) SI_UNIT ( $, .RADIAN. ) );
#6855 = ORIENTED_EDGE ( 'NONE', *, *, #888, .F. ) ;
#6856 = PRESENTATION_LAYER_ASSIGNMENT (  '', '', ( #8278 ) ) ;
#6857 = DIRECTION ( 'NONE',  ( 2.618191646955655209E-47, 0.000000000000000000, 1.000000000000000000 ) ) ;
#6858 = CARTESIAN_POINT ( 'NONE',  ( 604.0999999999999091, -2.046973701652635401E-13, 1273.999999999999545 ) ) ;
#6859 = FILL_AREA_STYLE ('',( #8764 ) ) ;
#6860 = CARTESIAN_POINT ( 'NONE',  ( 607.0650557106063161, 50.03575893642378958, 1241.726911204995076 ) ) ;
#6861 = CARTESIAN_POINT ( 'NONE',  ( 604.0999999999999091, 25.27476584857618747, 1200.212269241876584 ) ) ;
#6862 =( NAMED_UNIT ( * ) PLANE_ANGLE_UNIT ( ) SI_UNIT ( $, .RADIAN. ) );
#6863 = CARTESIAN_POINT ( 'NONE',  ( 604.0999999999999091, 40.89543020069148582, 1248.287730758122507 ) ) ;
#6864 = ORIENTED_EDGE ( 'NONE', *, *, #3159, .T. ) ;
#6865 = MECHANICAL_DESIGN_GEOMETRIC_PRESENTATION_REPRESENTATION (  '', ( #2424 ), #5587 ) ;
#6866 = MECHANICAL_DESIGN_GEOMETRIC_PRESENTATION_REPRESENTATION (  '', ( #390 ), #4272 ) ;
#6867 = CIRCLE ( 'NONE', #4550, 52.51158483581619407 ) ;
#6868 = CARTESIAN_POINT ( 'NONE',  ( 607.4999999999997726, 38.84594645289728021, 1228.058707895181669 ) ) ;
#6869 = ORIENTED_EDGE ( 'NONE', *, *, #7065, .F. ) ;
#6870 = DIRECTION ( 'NONE',  ( 0.000000000000000000, 0.000000000000000000, 1.000000000000000000 ) ) ;
#6871 = VECTOR ( 'NONE', #3808, 1000.000000000000000 ) ;
#6872 = PRESENTATION_LAYER_ASSIGNMENT (  '', '', ( #6008 ) ) ;
#6873 =( NAMED_UNIT ( * ) PLANE_ANGLE_UNIT ( ) SI_UNIT ( $, .RADIAN. ) );
#6874 = CIRCLE ( 'NONE', #4425, 2.499999999999946709 ) ;
#6875 = VERTEX_POINT ( 'NONE', #7313 ) ;
#6876 = SURFACE_STYLE_USAGE ( .BOTH. , #6064 ) ;
#6877 =( NAMED_UNIT ( * ) PLANE_ANGLE_UNIT ( ) SI_UNIT ( $, .RADIAN. ) );
#6878 = PRESENTATION_LAYER_ASSIGNMENT (  '', '', ( #1265 ) ) ;
#6879 = DIRECTION ( 'NONE',  ( 1.000000000000000000, -0.000000000000000000, 2.618191646955655209E-47 ) ) ;
#6880 = VERTEX_POINT ( 'NONE', #3259 ) ;
#6881 = CARTESIAN_POINT ( 'NONE',  ( 606.5405478086952371, -9.967249741202289570, 1184.638805445224762 ) ) ;
#6882 = CARTESIAN_POINT ( 'NONE',  ( 607.4999999999997726, 3.920475055707583024E-13, 1191.999999999999773 ) ) ;
#6883 = STYLED_ITEM ( 'NONE', ( #7740 ), #5768 ) ;
#6884 = DIRECTION ( 'NONE',  ( 0.000000000000000000, -0.9983374403816100973, -0.05763987449929959539 ) ) ;
#6885 =( NAMED_UNIT ( * ) PLANE_ANGLE_UNIT ( ) SI_UNIT ( $, .RADIAN. ) );
#6886 = AXIS2_PLACEMENT_3D ( 'NONE', #2925, #8449, #2966 ) ;
#6887 = SURFACE_SIDE_STYLE ('',( #5251 ) ) ;
#6888 = CARTESIAN_POINT ( 'NONE',  ( 634.9999999999997726, 24.99999999999993605, 1234.999999999999545 ) ) ;
#6889 = CARTESIAN_POINT ( 'NONE',  ( 609.8858308089323828, 43.12089565753961296, 1242.497854579659588 ) ) ;
#6890 = LINE ( 'NONE', #7483, #6723 ) ;
#6891 = EDGE_LOOP ( 'NONE', ( #4246, #1972 ) ) ;
#6892 = EDGE_CURVE ( 'NONE', #5486, #8231, #555, .T. ) ;
#6893 = EDGE_CURVE ( 'NONE', #3661, #5533, #2765, .T. ) ;
#6894 = CONICAL_SURFACE ( 'NONE', #2884, 2.499999999999946709, 1.029744258676653645 ) ;
#6895 = CARTESIAN_POINT ( 'NONE',  ( 608.9282478691468441, 38.48014768197773350, 1232.559289635832783 ) ) ;
#6896 = FILL_AREA_STYLE_COLOUR ( '', #7275 ) ;
#6897 = UNCERTAINTY_MEASURE_WITH_UNIT (LENGTH_MEASURE( 1.000000000000000082E-05 ), #5553, 'distance_accuracy_value', 'NONE');
#6898 = ORIENTED_EDGE ( 'NONE', *, *, #2073, .F. ) ;
#6899 = EDGE_CURVE ( 'NONE', #4374, #2271, #1830, .T. ) ;
#6900 = DIRECTION ( 'NONE',  ( 0.000000000000000000, 0.000000000000000000, 1.000000000000000000 ) ) ;
#6901 = CARTESIAN_POINT ( 'NONE',  ( 607.3978678140820193, 49.04766312709579523, 1242.083000873764831 ) ) ;
#6902 = CARTESIAN_POINT ( 'NONE',  ( 603.5523538966149317, 50.27266050782243667, 1239.914167762199668 ) ) ;
#6903 = ADVANCED_FACE ( 'NONE', ( #5255 ), #417, .T. ) ;
#6904 = DIRECTION ( 'NONE',  ( 1.000000000000000000, 0.000000000000000000, 2.618191646955655209E-47 ) ) ;
#6905 =( NAMED_UNIT ( * ) SI_UNIT ( $, .STERADIAN. ) SOLID_ANGLE_UNIT ( ) );
#6906 = CARTESIAN_POINT ( 'NONE',  ( 607.9999999999998863, -1.866119012783595821, 1196.702236525951548 ) ) ;
#6907 = CYLINDRICAL_SURFACE ( 'NONE', #482, 4.000000000000003553 ) ;
#6908 = UNCERTAINTY_MEASURE_WITH_UNIT (LENGTH_MEASURE( 1.000000000000000082E-05 ), #5448, 'distance_accuracy_value', 'NONE');
#6909 = VECTOR ( 'NONE', #3676, 1000.000000000000000 ) ;
#6910 = ADVANCED_FACE ( 'NONE', ( #4674 ), #7441, .T. ) ;
#6911 = CARTESIAN_POINT ( 'NONE',  ( 607.5726542117797635, -22.79829257408996668, 1266.642787636196999 ) ) ;
#6912 = EDGE_LOOP ( 'NONE', ( #879, #6139, #1817, #3771 ) ) ;
#6913 =( NAMED_UNIT ( * ) PLANE_ANGLE_UNIT ( ) SI_UNIT ( $, .RADIAN. ) );
#6914 = ORIENTED_EDGE ( 'NONE', *, *, #8200, .T. ) ;
#6915 = CARTESIAN_POINT ( 'NONE',  ( 604.6116468229871543, 42.05321534563348962, 1236.490249604168866 ) ) ;
#6916 = CARTESIAN_POINT ( 'NONE',  ( 604.7936544257983087, -17.90166484917591561, 1187.772432908603378 ) ) ;
#6917 = PRESENTATION_LAYER_ASSIGNMENT (  '', '', ( #8339 ) ) ;
#6918 = SURFACE_STYLE_FILL_AREA ( #6377 ) ;
#6919 = ORIENTED_EDGE ( 'NONE', *, *, #2125, .T. ) ;
#6920 =( NAMED_UNIT ( * ) PLANE_ANGLE_UNIT ( ) SI_UNIT ( $, .RADIAN. ) );
#6921 = STYLED_ITEM ( 'NONE', ( #8020 ), #1624 ) ;
#6922 = CARTESIAN_POINT ( 'NONE',  ( 605.9258164341005113, -20.34941816275921411, 1189.033203229963874 ) ) ;
#6923 = CYLINDRICAL_SURFACE ( 'NONE', #8330, 4.000000000000003553 ) ;
#6924 = PRESENTATION_STYLE_ASSIGNMENT (( #5462 ) ) ;
#6925 = CIRCLE ( 'NONE', #7931, 2.750000000000043521 ) ;
#6926 = SURFACE_STYLE_USAGE ( .BOTH. , #7560 ) ;
#6927 = CARTESIAN_POINT ( 'NONE',  ( 614.4999999999989768, -9.427924931432082545, 1187.554753052402475 ) ) ;
#6928 =( NAMED_UNIT ( * ) PLANE_ANGLE_UNIT ( ) SI_UNIT ( $, .RADIAN. ) );
#6929 = PRESENTATION_STYLE_ASSIGNMENT (( #4347 ) ) ;
#6930 = VERTEX_POINT ( 'NONE', #6976 ) ;
#6931 = FACE_BOUND ( 'NONE', #4313, .T. ) ;
#6932 = CARTESIAN_POINT ( 'NONE',  ( 608.9830179005288073, 38.48014767594833074, 1235.529824978458691 ) ) ;
#6933 = SURFACE_SIDE_STYLE ('',( #6261 ) ) ;
#6934 = VERTEX_POINT ( 'NONE', #6801 ) ;
#6935 = CARTESIAN_POINT ( 'NONE',  ( 607.9999999999998863, -6.591949208711866959E-14, 1234.999999999999545 ) ) ;
#6936 = SURFACE_STYLE_USAGE ( .BOTH. , #7526 ) ;
#6937 = CARTESIAN_POINT ( 'NONE',  ( 607.4999999999997726, 48.25255399047900084, 1242.969426204521824 ) ) ;
#6938 = FILL_AREA_STYLE_COLOUR ( '', #8873 ) ;
#6939 = EDGE_CURVE ( 'NONE', #5500, #5247, #7198, .T. ) ;
#6940 = CONICAL_SURFACE ( 'NONE', #4340, 3.024999999999999911, 0.7853981633974518317 ) ;
#6941 = VECTOR ( 'NONE', #3510, 1000.000000000000114 ) ;
#6942 = CARTESIAN_POINT ( 'NONE',  ( 621.9999999999997726, -13.31863245756052372, 1194.009464147678500 ) ) ;
#6943 = FILL_AREA_STYLE_COLOUR ( '', #1068 ) ;
#6944 = EDGE_CURVE ( 'NONE', #2615, #5628, #7348, .T. ) ;
#6945 = EDGE_LOOP ( 'NONE', ( #3002, #7715 ) ) ;
#6946 = ADVANCED_FACE ( 'NONE', ( #642, #2222, #764, #6931, #4912, #4060, #4819, #44, #7652, #7569 ), #2771, .T. ) ;
#6947 = DIRECTION ( 'NONE',  ( 0.000000000000000000, 0.3090169943749379033, -0.9510565162951566398 ) ) ;
#6948 = EDGE_CURVE ( 'NONE', #7020, #8849, #2050, .T. ) ;
#6949 =( BOUNDED_SURFACE ( )  B_SPLINE_SURFACE ( 3, 2, ( 
 ( #1084, #8779, #4578 ),
 ( #3248, #6752, #8642 ),
 ( #2492, #4663, #1871 ),
 ( #2538, #1951, #5941 ),
 ( #7432, #542, #3158 ),
 ( #7298, #8737, #448 ),
 ( #5987, #1259, #7384 ),
 ( #5294, #8011, #7340 ),
 ( #7248, #4618, #3955 ),
 ( #3205, #4009, #1162 ),
 ( #5200, #3906, #3826 ),
 ( #8688, #7960, #1205 ),
 ( #5901, #2587, #3295 ),
 ( #5374, #6662, #5337 ),
 ( #5246, #4536, #1819 ),
 ( #485, #6031, #2628 ),
 ( #4491, #1129, #6077 ),
 ( #8085, #586, #8052 ) ),
 .UNSPECIFIED., .F., .F., .T. ) 
 B_SPLINE_SURFACE_WITH_KNOTS ( ( 4, 2, 2, 2, 2, 2, 2, 2, 4 ),
 ( 3, 3 ),
 ( 4.689174395999806677E-17, 0.0005891581870825239511, 0.0008837372806237625078, 0.001178316374165001065, 0.001767474561247478178, 0.002356632748329955292, 0.002945790935412432622, 0.003534949122494909519, 0.004713265496659863746 ),
 ( 0.000000000000000000, 1.000000000000000000 ),
 .UNSPECIFIED. ) 
 GEOMETRIC_REPRESENTATION_ITEM ( )  RATIONAL_B_SPLINE_SURFACE ( (
 ( 1.000000000000000000, 0.9354143466934784490, 1.000000000000000000),
 ( 1.000000000000000000, 0.9325529657490340130, 1.000000000000000000),
 ( 1.000000000000000000, 0.9277020215542258752, 1.000000000000000000),
 ( 1.000000000000000000, 0.9182035414048813626, 1.000000000000000000),
 ( 1.000000000000000000, 0.9147327995532691380, 1.000000000000000000),
 ( 1.000000000000000000, 0.9072504240463657998, 1.000000000000000000),
 ( 1.000000000000000000, 0.9032119392730770802, 1.000000000000000000),
 ( 1.000000000000000000, 0.8905005398635418290, 1.000000000000000000),
 ( 1.000000000000000000, 0.8813408544576627479, 1.000000000000000000),
 ( 1.000000000000000000, 0.8617498842100378420, 1.000000000000000000),
 ( 1.000000000000000000, 0.8512912813520346900, 1.000000000000000000),
 ( 1.000000000000000000, 0.8298954202711384953, 1.000000000000000000),
 ( 1.000000000000000000, 0.8188593968625994535, 1.000000000000000000),
 ( 1.000000000000000000, 0.7961536872906227469, 1.000000000000000000),
 ( 1.000000000000000000, 0.7844193355484683217, 1.000000000000000000),
 ( 1.000000000000000000, 0.7490715542633841206, 1.000000000000000000),
 ( 1.000000000000000000, 0.7251898593652013059, 1.000000000000000000),
 ( 1.000000000000000000, 0.7014466316117680122, 1.000000000000000000) ) ) 
 REPRESENTATION_ITEM ( '' )  SURFACE ( )  );
#6950 = SURFACE_STYLE_FILL_AREA ( #2163 ) ;
#6951 = VERTEX_POINT ( 'NONE', #3473 ) ;
#6952 = AXIS2_PLACEMENT_3D ( 'NONE', #5957, #8888, #6002 ) ;
#6953 = VECTOR ( 'NONE', #7083, 999.9999999999998863 ) ;
#6954 = CARTESIAN_POINT ( 'NONE',  ( 604.5726466184677292, -16.93740026613637539, 1187.386970333039244 ) ) ;
#6955 = CARTESIAN_POINT ( 'NONE',  ( 606.9999999999998863, -18.49681884002166399, 1199.477222901363803 ) ) ;
#6956 = FILL_AREA_STYLE_COLOUR ( '', #8539 ) ;
#6957 = ORIENTED_EDGE ( 'NONE', *, *, #3049, .F. ) ;
#6958 = CARTESIAN_POINT ( 'NONE',  ( 606.8351520629443030, -8.967597948835356547, 1186.613784063767980 ) ) ;
#6959 = CARTESIAN_POINT ( 'NONE',  ( 607.4999999999997726, 24.61577057861418183, 1204.157611462035675 ) ) ;
#6960 = CIRCLE ( 'NONE', #2532, 31.50000000000008527 ) ;
#6961 = CIRCLE ( 'NONE', #4233, 2.000000000000001776 ) ;
#6962 = FACE_OUTER_BOUND ( 'NONE', #7979, .T. ) ;
#6963 = LINE ( 'NONE', #5719, #1747 ) ;
#6964 = ORIENTED_EDGE ( 'NONE', *, *, #3860, .T. ) ;
#6965 = PRESENTATION_STYLE_ASSIGNMENT (( #4223 ) ) ;
#6966 = CARTESIAN_POINT ( 'NONE',  ( 611.5218397398506340, 36.99999999999993605, 1243.191002019379539 ) ) ;
#6967 = CIRCLE ( 'NONE', #3665, 15.74999999999993072 ) ;
#6968 =( NAMED_UNIT ( * ) PLANE_ANGLE_UNIT ( ) SI_UNIT ( $, .RADIAN. ) );
#6969 = DIRECTION ( 'NONE',  ( -2.618191646955655209E-47, 0.000000000000000000, -1.000000000000000000 ) ) ;
#6970 = SURFACE_STYLE_FILL_AREA ( #7479 ) ;
#6971 = CARTESIAN_POINT ( 'NONE',  ( 607.0169407236310235, 43.12089565753963427, 1234.529205815581690 ) ) ;
#6972 = CARTESIAN_POINT ( 'NONE',  ( 607.5951979204529607, 38.49999819126383471, 1229.193674701349664 ) ) ;
#6973 = FILL_AREA_STYLE ('',( #1498 ) ) ;
#6974 = PRODUCT_DEFINITION_FORMATION_WITH_SPECIFIED_SOURCE ( 'ANY', '', #7671, .NOT_KNOWN. ) ;
#6975 = EDGE_LOOP ( 'NONE', ( #442, #8183, #4235 ) ) ;
#6976 = CARTESIAN_POINT ( 'NONE',  ( 622.4978484524308442, 17.67766952966358218, 1252.677669529663717 ) ) ;
#6977 = FILL_AREA_STYLE ('',( #4234 ) ) ;
#6978 = CARTESIAN_POINT ( 'NONE',  ( 607.4999999999997726, 40.89543020069133661, 1244.287730758123644 ) ) ;
#6979 = UNCERTAINTY_MEASURE_WITH_UNIT (LENGTH_MEASURE( 1.000000000000000082E-05 ), #8133, 'distance_accuracy_value', 'NONE');
#6980 = EDGE_LOOP ( 'NONE', ( #8318, #4493 ) ) ;
#6981 = CARTESIAN_POINT ( 'NONE',  ( 614.4999999999997726, -11.43362879187332659, 1199.810908897079571 ) ) ;
#6982 = CIRCLE ( 'NONE', #7272, 7.500000000000062172 ) ;
#6983 = AXIS2_PLACEMENT_3D ( 'NONE', #2569, #6019, #2652 ) ;
#6984 = CARTESIAN_POINT ( 'NONE',  ( 607.4999999999997726, 25.27476584857623365, 1269.787730758122734 ) ) ;
#6985 = CYLINDRICAL_SURFACE ( 'NONE', #8582, 4.000000000000003553 ) ;
#6986 = CIRCLE ( 'NONE', #4829, 4.000000000000003553 ) ;
#6987 = CARTESIAN_POINT ( 'NONE',  ( 607.2839672321082389, 39.48933974136534886, 1241.999829177685115 ) ) ;
#6988 = DIRECTION ( 'NONE',  ( -0.9996573249755572599, -3.205751595668264751E-18, 0.02617694830787320459 ) ) ;
#6989 =( NAMED_UNIT ( * ) SI_UNIT ( $, .STERADIAN. ) SOLID_ANGLE_UNIT ( ) );
#6990 = DIRECTION ( 'NONE',  ( 0.000000000000000000, 0.000000000000000000, -1.000000000000000000 ) ) ;
#6991 = UNCERTAINTY_MEASURE_WITH_UNIT (LENGTH_MEASURE( 1.000000000000000082E-05 ), #8433, 'distance_accuracy_value', 'NONE');
#6992 = LINE ( 'NONE', #191, #8579 ) ;
#6993 = PRESENTATION_LAYER_ASSIGNMENT (  '', '', ( #6430 ) ) ;
#6994 = ORIENTED_EDGE ( 'NONE', *, *, #1476, .F. ) ;
#6995 = SURFACE_STYLE_USAGE ( .BOTH. , #6158 ) ;
#6996 = CIRCLE ( 'NONE', #8143, 4.000000000000003553 ) ;
#6998 = ADVANCED_FACE ( 'NONE', ( #4870, #4104 ), #10, .T. ) ;
#6997 = ORIENTED_EDGE ( 'NONE', *, *, #3447, .F. ) ;
#6999 = CARTESIAN_POINT ( 'NONE',  ( 604.0999999999999091, 25.27476584857618747, 1200.212269241876584 ) ) ;
#7000 =( LENGTH_UNIT ( ) NAMED_UNIT ( * ) SI_UNIT ( .MILLI., .METRE. ) );
#7001 = ADVANCED_FACE ( 'NONE', ( #6396 ), #738, .F. ) ;
#7002 = CARTESIAN_POINT ( 'NONE',  ( 620.4037182729464348, -17.83053712479029684, 1190.284927253831484 ) ) ;
#7003 = VERTEX_POINT ( 'NONE', #7743 ) ;
#7004 = STYLED_ITEM ( 'NONE', ( #5086 ), #5323 ) ;
#7005 = AXIS2_PLACEMENT_3D ( 'NONE', #2133, #1953, #6754 ) ;
#7006 = CYLINDRICAL_SURFACE ( 'NONE', #7274, 2.499999999999998668 ) ;
#7007 = CARTESIAN_POINT ( 'NONE',  ( 607.4999999999996589, -37.82445249604553794, 1245.705772965038932 ) ) ;
#7008 = MECHANICAL_DESIGN_GEOMETRIC_PRESENTATION_REPRESENTATION (  '', ( #1855 ), #2992 ) ;
#7009 = DIRECTION ( 'NONE',  ( 1.000000000000000000, 0.000000000000000000, 2.618191646955655209E-47 ) ) ;
#7010 = ORIENTED_EDGE ( 'NONE', *, *, #2019, .T. ) ;
#7011 = COLOUR_RGB ( '',0.7490196078431372584, 0.7490196078431372584, 0.7490196078431372584 ) ;
#7012 = PLANE ( 'NONE',  #7977 ) ;
#7013 = DIRECTION ( 'NONE',  ( -1.000000000000000000, 0.000000000000000000, -2.618191646955655209E-47 ) ) ;
#7014 = CIRCLE ( 'NONE', #3147, 2.750000000000039968 ) ;
#7015 = CARTESIAN_POINT ( 'NONE',  ( 624.2999999999998408, 36.99999999999993605, 1228.537852678034596 ) ) ;
#7016 = DIRECTION ( 'NONE',  ( 0.000000000000000000, 0.9983374403816054343, 0.05763987449938007268 ) ) ;
#7017 = ORIENTED_EDGE ( 'NONE', *, *, #2186, .T. ) ;
#7018 = FILL_AREA_STYLE_COLOUR ( '', #1328 ) ;
#7019 = DIRECTION ( 'NONE',  ( 1.000000000000000000, 0.000000000000000000, 2.618191646955655209E-47 ) ) ;
#7020 = VERTEX_POINT ( 'NONE', #1683 ) ;
#7021 = COLOUR_RGB ( '',0.7490196078431372584, 0.7490196078431372584, 0.7490196078431372584 ) ;
#7022 = SURFACE_STYLE_USAGE ( .BOTH. , #3647 ) ;
#7023 = CARTESIAN_POINT ( 'NONE',  ( 608.0891036014376141, 36.99999999999994316, 1225.243888697662442 ) ) ;
#7024 =( NAMED_UNIT ( * ) SI_UNIT ( $, .STERADIAN. ) SOLID_ANGLE_UNIT ( ) );
#7025 = DIRECTION ( 'NONE',  ( 0.000000000000000000, 0.7071067811865577868, -0.7071067811865371366 ) ) ;
#7026 = CARTESIAN_POINT ( 'NONE',  ( 607.4999999999997726, -40.89543020069176293, 1244.287730758122507 ) ) ;
#7027 =( LENGTH_UNIT ( ) NAMED_UNIT ( * ) SI_UNIT ( .MILLI., .METRE. ) );
#7028 = DIRECTION ( 'NONE',  ( 0.000000000000000000, 0.000000000000000000, 1.000000000000000000 ) ) ;
#7029 = AXIS2_PLACEMENT_3D ( 'NONE', #3915, #4628, #7350 ) ;
#7030 = SURFACE_SIDE_STYLE ('',( #774 ) ) ;
#7031 = B_SPLINE_CURVE_WITH_KNOTS ( 'NONE', 3,
 ( #7296, #3866, #6620, #4575 ),
 .UNSPECIFIED., .F., .F.,
 ( 4, 4 ),
 ( 0.001569631016746223700, 0.002278237383339964169 ),
 .UNSPECIFIED. ) ;
#7032 = DIRECTION ( 'NONE',  ( 1.000000000000000000, 9.162209061965000063E-16, -6.261247779448849444E-16 ) ) ;
#7033 = CARTESIAN_POINT ( 'NONE',  ( 608.6796311225000409, -3.220335046232877030, 1197.142247988174176 ) ) ;
#7034 = CARTESIAN_POINT ( 'NONE',  ( 607.4999999999997726, -38.04327785582106713, 1224.516770445593693 ) ) ;
#7035 =( GEOMETRIC_REPRESENTATION_CONTEXT ( 3 ) GLOBAL_UNCERTAINTY_ASSIGNED_CONTEXT ( ( #5647 ) ) GLOBAL_UNIT_ASSIGNED_CONTEXT ( ( #6029, #6711, #2490 ) ) REPRESENTATION_CONTEXT ( 'NONE', 'WORKASPACE' ) );
#7036 = SURFACE_STYLE_USAGE ( .BOTH. , #8375 ) ;
#7037 = ORIENTED_EDGE ( 'NONE', *, *, #2184, .F. ) ;
#7038 = CARTESIAN_POINT ( 'NONE',  ( 622.4978484524308442, -17.67766952966371719, 1217.322330470335828 ) ) ;
#7039 = CARTESIAN_POINT ( 'NONE',  ( 607.6911936682638498, 38.49999937342017375, 1239.200018611496716 ) ) ;
#7040 = B_SPLINE_CURVE_WITH_KNOTS ( 'NONE', 3,
 ( #5440, #2021, #8848, #7494, #1325, #4071 ),
 .UNSPECIFIED., .F., .F.,
 ( 4, 2, 4 ),
 ( 1.387778780781445676E-17, 0.0009226793023633242993, 0.001845358604726634721 ),
 .UNSPECIFIED. ) ;
#7041 = CIRCLE ( 'NONE', #3173, 3.029100529101033334 ) ;
#7042 = ORIENTED_EDGE ( 'NONE', *, *, #4038, .F. ) ;
#7043 = LINE ( 'NONE', #470, #8710 ) ;
#7044 = CARTESIAN_POINT ( 'NONE',  ( 604.8232062333340764, -18.62600069203599062, 1185.933255445304439 ) ) ;
#7045 = CARTESIAN_POINT ( 'NONE',  ( 606.9345033921583763, -13.74344507994426934, 1191.161719426715081 ) ) ;
#7046 = EDGE_LOOP ( 'NONE', ( #3073, #7874, #349, #8773 ) ) ;
#7047 = AXIS2_PLACEMENT_3D ( 'NONE', #5485, #6904, #737 ) ;
#7048 = EDGE_CURVE ( 'NONE', #6030, #7549, #4349, .T. ) ;
#7049 = DIRECTION ( 'NONE',  ( 0.000000000000000000, 0.000000000000000000, -1.000000000000000000 ) ) ;
#7050 = DIRECTION ( 'NONE',  ( -2.618191646955655695E-47, 0.000000000000000000, 1.000000000000000000 ) ) ;
#7051 = CARTESIAN_POINT ( 'NONE',  ( 606.5388626059092303, -21.53650685575472323, 1188.395285105552830 ) ) ;
#7052 = CARTESIAN_POINT ( 'NONE',  ( 614.4999999999997726, 19.77499999999993463, 1234.999999999999545 ) ) ;
#7053 = ADVANCED_FACE ( 'NONE', ( #5818 ), #6949, .T. ) ;
#7054 = EDGE_LOOP ( 'NONE', ( #8432, #70 ) ) ;
#7055 =( NAMED_UNIT ( * ) PLANE_ANGLE_UNIT ( ) SI_UNIT ( $, .RADIAN. ) );
#7056 = CARTESIAN_POINT ( 'NONE',  ( 607.4999999999997726, 1.785875599644118905, 1195.579196605747711 ) ) ;
#7057 = STYLED_ITEM ( 'NONE', ( #4548 ), #1230 ) ;
#7058 = CARTESIAN_POINT ( 'NONE',  ( 607.9999999999998863, -1.866119012783595821, 1196.702236525951548 ) ) ;
#7059 = EDGE_CURVE ( 'NONE', #2200, #8585, #3755, .T. ) ;
#7060 = EDGE_CURVE ( 'NONE', #665, #6597, #2452, .T. ) ;
#7061 =( LENGTH_UNIT ( ) NAMED_UNIT ( * ) SI_UNIT ( .MILLI., .METRE. ) );
#7062 = FACE_OUTER_BOUND ( 'NONE', #5931, .T. ) ;
#7063 =( NAMED_UNIT ( * ) PLANE_ANGLE_UNIT ( ) SI_UNIT ( $, .RADIAN. ) );
#7064 = ORIENTED_EDGE ( 'NONE', *, *, #2790, .F. ) ;
#7065 = EDGE_CURVE ( 'NONE', #1868, #428, #5638, .T. ) ;
#7066 =( NAMED_UNIT ( * ) SI_UNIT ( $, .STERADIAN. ) SOLID_ANGLE_UNIT ( ) );
#7067 = STYLED_ITEM ( 'NONE', ( #285 ), #1460 ) ;
#7068 = FILL_AREA_STYLE ('',( #318 ) ) ;
#7069 = CARTESIAN_POINT ( 'NONE',  ( 606.9999999999998863, 39.49730775283942563, 1241.614378277661672 ) ) ;
#7070 = UNCERTAINTY_MEASURE_WITH_UNIT (LENGTH_MEASURE( 1.000000000000000082E-05 ), #2272, 'distance_accuracy_value', 'NONE');
#7071 = VERTEX_POINT ( 'NONE', #5415 ) ;
#7072 = CARTESIAN_POINT ( 'NONE',  ( 604.0999999999999091, -2.194087812829471726E-13, 1191.999999999999773 ) ) ;
#7073 = CARTESIAN_POINT ( 'NONE',  ( 602.4999999999997726, 58.65439638963883340, 1234.999999999999545 ) ) ;
#7074 = FILL_AREA_STYLE ('',( #3649 ) ) ;
#7075 = PRESENTATION_LAYER_ASSIGNMENT (  '', '', ( #8507 ) ) ;
#7076 = CARTESIAN_POINT ( 'NONE',  ( 608.9999999999998863, -6.591949208711866959E-14, 1274.461235306382150 ) ) ;
#7077 = CARTESIAN_POINT ( 'NONE',  ( 607.5000000000000000, 24.46449335638223488, 1204.132343445134666 ) ) ;
#7078 = SURFACE_STYLE_USAGE ( .BOTH. , #5655 ) ;
#7079 =( LENGTH_UNIT ( ) NAMED_UNIT ( * ) SI_UNIT ( .MILLI., .METRE. ) );
#7080 = CARTESIAN_POINT ( 'NONE',  ( 607.4999999999997726, -6.591949208711866959E-14, 1234.999999999999545 ) ) ;
#7081 = CARTESIAN_POINT ( 'NONE',  ( 607.5951979204529607, 38.49999819126383471, 1229.193674701349664 ) ) ;
#7082 =( GEOMETRIC_REPRESENTATION_CONTEXT ( 3 ) GLOBAL_UNCERTAINTY_ASSIGNED_CONTEXT ( ( #143 ) ) GLOBAL_UNIT_ASSIGNED_CONTEXT ( ( #7840, #4417, #2907 ) ) REPRESENTATION_CONTEXT ( 'NONE', 'WORKASPACE' ) );
#7083 = DIRECTION ( 'NONE',  ( -0.7071067811865520136, 0.000000000000000000, 0.7071067811865431318 ) ) ;
#7084 = UNCERTAINTY_MEASURE_WITH_UNIT (LENGTH_MEASURE( 1.000000000000000082E-05 ), #5168, 'distance_accuracy_value', 'NONE');
#7085 = ORIENTED_EDGE ( 'NONE', *, *, #460, .F. ) ;
#7086 = PRESENTATION_LAYER_ASSIGNMENT (  '', '', ( #2075 ) ) ;
#7087 = SURFACE_SIDE_STYLE ('',( #4430 ) ) ;
#7088 = DIRECTION ( 'NONE',  ( 0.000000000000000000, 1.000000000000000000, 0.000000000000000000 ) ) ;
#7089 = ORIENTED_EDGE ( 'NONE', *, *, #4577, .F. ) ;
#7090 = CARTESIAN_POINT ( 'NONE',  ( 605.3769615805123294, 50.27266050782243667, 1239.095139801833056 ) ) ;
#7091 = PRESENTATION_LAYER_ASSIGNMENT (  '', '', ( #8370 ) ) ;
#7092 = EDGE_CURVE ( 'NONE', #6259, #3970, #7474, .T. ) ;
#7093 = ORIENTED_EDGE ( 'NONE', *, *, #118, .T. ) ;
#7094 = CARTESIAN_POINT ( 'NONE',  ( 604.5276920573990083, 38.55785565153954053, 1234.140837796442156 ) ) ;
#7095 = CARTESIAN_POINT ( 'NONE',  ( 607.4999999999997726, -38.04327785582322008, 1245.483229554403579 ) ) ;
#7096 = CARTESIAN_POINT ( 'NONE',  ( 606.9999999809406290, -21.14158029870021949, 1191.337484030297219 ) ) ;
#7097 = DIRECTION ( 'NONE',  ( 0.000000000000000000, -1.000000000000000000, 1.158195441667106652E-14 ) ) ;
#7098 = DIRECTION ( 'NONE',  ( 3.952720641290395052E-20, -1.000000000000000000, -8.815909524110140548E-19 ) ) ;
#7099 =( GEOMETRIC_REPRESENTATION_CONTEXT ( 3 ) GLOBAL_UNCERTAINTY_ASSIGNED_CONTEXT ( ( #7170 ) ) GLOBAL_UNIT_ASSIGNED_CONTEXT ( ( #5442, #7124, #7710 ) ) REPRESENTATION_CONTEXT ( 'NONE', 'WORKASPACE' ) );
#7100 = ORIENTED_EDGE ( 'NONE', *, *, #3116, .F. ) ;
#7101 = DIRECTION ( 'NONE',  ( 0.000000000000000000, 0.000000000000000000, -1.000000000000000000 ) ) ;
#7102 = SURFACE_STYLE_USAGE ( .BOTH. , #5723 ) ;
#7103 = VECTOR ( 'NONE', #6361, 1000.000000000000000 ) ;
#7104 = PRODUCT_RELATED_PRODUCT_CATEGORY ( 'part', '', ( #7671 ) ) ;
#7105 = FILL_AREA_STYLE ('',( #6443 ) ) ;
#7106 = CARTESIAN_POINT ( 'NONE',  ( 604.4262274022453312, -21.76707718824586024, 1187.323351192146674 ) ) ;
#7107 = DIRECTION ( 'NONE',  ( 1.000000000000000000, 0.000000000000000000, 2.618191646955655209E-47 ) ) ;
#7108 = ORIENTED_EDGE ( 'NONE', *, *, #8040, .F. ) ;
#7109 = ADVANCED_FACE ( 'NONE', ( #1305 ), #8135, .T. ) ;
#7110 = DIRECTION ( 'NONE',  ( 0.000000000000000000, 0.000000000000000000, 1.000000000000000000 ) ) ;
#7111 = ORIENTED_EDGE ( 'NONE', *, *, #1465, .T. ) ;
#7112 = CARTESIAN_POINT ( 'NONE',  ( 607.4999999999997726, -6.591949208711866959E-14, 1234.999999999999545 ) ) ;
#7113 = AXIS2_PLACEMENT_3D ( 'NONE', #1005, #5216, #4372 ) ;
#7114 = EDGE_CURVE ( 'NONE', #7430, #8439, #3745, .T. ) ;
#7115 = DIRECTION ( 'NONE',  ( 0.000000000000000000, 0.000000000000000000, -1.000000000000000000 ) ) ;
#7116 = MECHANICAL_DESIGN_GEOMETRIC_PRESENTATION_REPRESENTATION (  '', ( #4379 ), #4100 ) ;
#7117 = COLOUR_RGB ( '',0.7490196078431372584, 0.7490196078431372584, 0.7490196078431372584 ) ;
#7118 = EDGE_CURVE ( 'NONE', #4465, #4840, #644, .T. ) ;
#7119 = DIRECTION ( 'NONE',  ( -2.618191646955655209E-47, 0.000000000000000000, 1.000000000000000000 ) ) ;
#7120 = CARTESIAN_POINT ( 'NONE',  ( 607.5211497048304636, 22.05136855948411423, 1202.585804966612841 ) ) ;
#7121 = DIRECTION ( 'NONE',  ( 1.000000000000000000, 0.000000000000000000, 2.618191646955655209E-47 ) ) ;
#7122 = CARTESIAN_POINT ( 'NONE',  ( 634.9999999999997726, 15.17766952966373672, 1217.322330470336738 ) ) ;
#7123 = MECHANICAL_DESIGN_GEOMETRIC_PRESENTATION_REPRESENTATION (  '', ( #7842 ), #2696 ) ;
#7124 =( NAMED_UNIT ( * ) PLANE_ANGLE_UNIT ( ) SI_UNIT ( $, .RADIAN. ) );
#7125 = STYLED_ITEM ( 'NONE', ( #6700 ), #2339 ) ;
#7126 = DIRECTION ( 'NONE',  ( 1.000000000000000000, 0.000000000000000000, 2.618191646955655209E-47 ) ) ;
#7127 =( NAMED_UNIT ( * ) SI_UNIT ( $, .STERADIAN. ) SOLID_ANGLE_UNIT ( ) );
#7128 = ORIENTED_EDGE ( 'NONE', *, *, #3910, .T. ) ;
#7129 = MECHANICAL_DESIGN_GEOMETRIC_PRESENTATION_REPRESENTATION (  '', ( #3261 ), #2259 ) ;
#7130 = CARTESIAN_POINT ( 'NONE',  ( 602.4999999999997726, 42.24999999999994316, 1236.499999999999773 ) ) ;
#7131 = DIRECTION ( 'NONE',  ( 0.000000000000000000, -0.7071067811865530128, -0.7071067811865419106 ) ) ;
#7132 = ORIENTED_EDGE ( 'NONE', *, *, #905, .F. ) ;
#7133 = CIRCLE ( 'NONE', #258, 3.024999999999967049 ) ;
#7134 =( GEOMETRIC_REPRESENTATION_CONTEXT ( 3 ) GLOBAL_UNCERTAINTY_ASSIGNED_CONTEXT ( ( #1516 ) ) GLOBAL_UNIT_ASSIGNED_CONTEXT ( ( #6368, #7626, #4208 ) ) REPRESENTATION_CONTEXT ( 'NONE', 'WORKASPACE' ) );
#7135 = SURFACE_SIDE_STYLE ('',( #8386 ) ) ;
#7136 = CARTESIAN_POINT ( 'NONE',  ( 602.5524870479281390, 52.53910534010901046, 1235.441746979285881 ) ) ;
#7137 = PRESENTATION_LAYER_ASSIGNMENT (  '', '', ( #4125 ) ) ;
#7138 = FILL_AREA_STYLE_COLOUR ( '', #5142 ) ;
#7139 = ORIENTED_EDGE ( 'NONE', *, *, #463, .T. ) ;
#7140 = LINE ( 'NONE', #2254, #4526 ) ;
#7141 = CARTESIAN_POINT ( 'NONE',  ( 607.1001849390800089, -22.80002560685093727, 1190.204381533589640 ) ) ;
#7142 = AXIS2_PLACEMENT_3D ( 'NONE', #3437, #4109, #2777 ) ;
#7143 = CARTESIAN_POINT ( 'NONE',  ( 603.2561979595196817, 52.35056150721984380, 1239.301508140091300 ) ) ;
#7144 = EDGE_LOOP ( 'NONE', ( #2507, #5834, #2954, #5851 ) ) ;
#7145 =( NAMED_UNIT ( * ) PLANE_ANGLE_UNIT ( ) SI_UNIT ( $, .RADIAN. ) );
#7146 = LINE ( 'NONE', #8348, #3993 ) ;
#7147 = PRESENTATION_LAYER_ASSIGNMENT (  '', '', ( #390 ) ) ;
#7148 = FACE_OUTER_BOUND ( 'NONE', #3069, .T. ) ;
#7149 = CARTESIAN_POINT ( 'NONE',  ( 607.3331613895004466, -22.70713048503606757, 1190.797078624766982 ) ) ;
#7150 = CARTESIAN_POINT ( 'NONE',  ( 614.4999999999997726, -12.05166278062322505, 1197.908795864488638 ) ) ;
#7151 = CARTESIAN_POINT ( 'NONE',  ( 607.4999999999997726, 36.91665674368323380, 1221.272672284107784 ) ) ;
#7152 = ORIENTED_EDGE ( 'NONE', *, *, #8829, .T. ) ;
#7153 = AXIS2_PLACEMENT_3D ( 'NONE', #7905, #1756, #7948 ) ;
#7154 = PRESENTATION_LAYER_ASSIGNMENT (  '', '', ( #5170 ) ) ;
#7155 = CIRCLE ( 'NONE', #5171, 2.750000000000007105 ) ;
#7156 = CARTESIAN_POINT ( 'NONE',  ( 606.9999999999998863, 47.85924001516893611, 1241.614378277661672 ) ) ;
#7157 = ORIENTED_EDGE ( 'NONE', *, *, #7721, .T. ) ;
#7158 = SURFACE_STYLE_FILL_AREA ( #1731 ) ;
#7159 =( LENGTH_UNIT ( ) NAMED_UNIT ( * ) SI_UNIT ( .MILLI., .METRE. ) );
#7160 = STYLED_ITEM ( 'NONE', ( #3874 ), #5708 ) ;
#7161 = SURFACE_SIDE_STYLE ('',( #6500 ) ) ;
#7162 = EDGE_CURVE ( 'NONE', #6597, #4381, #2235, .T. ) ;
#7163 = CARTESIAN_POINT ( 'NONE',  ( 607.4999999999997726, -2.046973701652632624E-13, 1277.999999999999545 ) ) ;
#7164 = CARTESIAN_POINT ( 'NONE',  ( 607.4999999999997726, -2.042075114456043218E-13, 1281.999999999999545 ) ) ;
#7165 = LINE ( 'NONE', #284, #4319 ) ;
#7166 = AXIS2_PLACEMENT_3D ( 'NONE', #4400, #5097, #7871 ) ;
#7167 = EDGE_CURVE ( 'NONE', #3497, #1792, #235, .T. ) ;
#7168 = DIRECTION ( 'NONE',  ( 0.000000000000000000, 0.7071067811865552333, 0.7071067811865399122 ) ) ;
#7169 = CARTESIAN_POINT ( 'NONE',  ( 634.9999999999997726, -6.591949208711866959E-14, 1257.000000000000000 ) ) ;
#7170 = UNCERTAINTY_MEASURE_WITH_UNIT (LENGTH_MEASURE( 1.000000000000000082E-05 ), #5442, 'distance_accuracy_value', 'NONE');
#7171 = FILL_AREA_STYLE_COLOUR ( '', #6717 ) ;
#7172 = DIRECTION ( 'NONE',  ( 0.000000000000000000, -0.3090169943749447867, 0.9510565162951543083 ) ) ;
#7173 = ORIENTED_EDGE ( 'NONE', *, *, #3321, .T. ) ;
#7174 = STYLED_ITEM ( 'NONE', ( #1203 ), #5913 ) ;
#7175 = CARTESIAN_POINT ( 'NONE',  ( 634.4749999999997954, -17.67766952966371719, 1217.322330470335828 ) ) ;
#7176 = CARTESIAN_POINT ( 'NONE',  ( 623.9999999999998863, 2.775557561562892613E-14, 1209.999999999999773 ) ) ;
#7177 = EDGE_CURVE ( 'NONE', #1207, #8231, #4952, .T. ) ;
#7178 = CARTESIAN_POINT ( 'NONE',  ( 611.9999999999998863, 43.26735247905153159, 1234.999999999999545 ) ) ;
#7179 = VERTEX_POINT ( 'NONE', #8366 ) ;
#7180 = MECHANICAL_DESIGN_GEOMETRIC_PRESENTATION_REPRESENTATION (  '', ( #2025 ), #283 ) ;
#7181 = CARTESIAN_POINT ( 'NONE',  ( 608.5962817270536789, 48.03650030224891765, 1231.859868861702580 ) ) ;
#7182 = CARTESIAN_POINT ( 'NONE',  ( 602.9047392077640097, 52.44405077997247133, 1231.966910833528800 ) ) ;
#7183 = FACE_OUTER_BOUND ( 'NONE', #6707, .T. ) ;
#7184 = ORIENTED_EDGE ( 'NONE', *, *, #903, .F. ) ;
#7185 = CARTESIAN_POINT ( 'NONE',  ( 604.0999999999999091, 40.89543020069148582, 1248.287730758122507 ) ) ;
#7186 = LINE ( 'NONE', #1063, #6871 ) ;
#7187 = COLOUR_RGB ( '',0.7490196078431372584, 0.7490196078431372584, 0.7490196078431372584 ) ;
#7188 = DIRECTION ( 'NONE',  ( 0.5150380749100549327, 0.8571673007021118895, 2.992783634667965907E-15 ) ) ;
#7189 = DIRECTION ( 'NONE',  ( 0.000000000000000000, 0.7071067811865577868, -0.7071067811865371366 ) ) ;
#7190 = VERTEX_POINT ( 'NONE', #2990 ) ;
#7191 = CARTESIAN_POINT ( 'NONE',  ( 607.4999999999997726, 40.89543020069133661, 1252.287730758123644 ) ) ;
#7192 = CIRCLE ( 'NONE', #4455, 2.499999999999998668 ) ;
#7193 = DIRECTION ( 'NONE',  ( 1.209143741480679917E-16, 1.000000000000000000, 0.000000000000000000 ) ) ;
#7194 = CARTESIAN_POINT ( 'NONE',  ( 634.9999999999997726, -25.00000000000006750, 1234.999999999999545 ) ) ;
#7195 = CARTESIAN_POINT ( 'NONE',  ( 626.9999999999997726, -6.555209804737446414E-14, 1262.999999999999773 ) ) ;
#7196 = SURFACE_STYLE_FILL_AREA ( #2613 ) ;
#7197 = ORIENTED_EDGE ( 'NONE', *, *, #838, .F. ) ;
#7198 = CIRCLE ( 'NONE', #2330, 7.500000000000062172 ) ;
#7199 = PRESENTATION_STYLE_ASSIGNMENT (( #2314 ) ) ;
#7200 =( LENGTH_UNIT ( ) NAMED_UNIT ( * ) SI_UNIT ( .MILLI., .METRE. ) );
#7201 = SURFACE_SIDE_STYLE ('',( #3296 ) ) ;
#7202 = EDGE_LOOP ( 'NONE', ( #363, #3085, #7460, #2349 ) ) ;
#7203 = DIRECTION ( 'NONE',  ( 0.000000000000000000, 0.000000000000000000, -1.000000000000000000 ) ) ;
#7204 = SURFACE_STYLE_USAGE ( .BOTH. , #5867 ) ;
#7205 = STYLED_ITEM ( 'NONE', ( #3517 ), #6946 ) ;
#7206 = DIRECTION ( 'NONE',  ( -1.000000000000000000, 0.000000000000000000, -2.618191646955655209E-47 ) ) ;
#7207 = CYLINDRICAL_SURFACE ( 'NONE', #4149, 4.000000000000003553 ) ;
#7208 = CIRCLE ( 'NONE', #5225, 2.499999999999998668 ) ;
#7209 = CARTESIAN_POINT ( 'NONE',  ( 614.4999999999997726, -13.37034721763826539, 1193.850302481958579 ) ) ;
#7210 = CARTESIAN_POINT ( 'NONE',  ( 606.6106281551807342, 38.51670238432276250, 1228.730651915166391 ) ) ;
#7211 = DIRECTION ( 'NONE',  ( 1.000000000000000000, 0.000000000000000000, 2.618191646955655209E-47 ) ) ;
#7212 = FILL_AREA_STYLE ('',( #2285 ) ) ;
#7213 = LINE ( 'NONE', #1048, #8555 ) ;
#7214 = COLOUR_RGB ( '',0.7490196078431372584, 0.7490196078431372584, 0.7490196078431372584 ) ;
#7215 =( NAMED_UNIT ( * ) PLANE_ANGLE_UNIT ( ) SI_UNIT ( $, .RADIAN. ) );
#7216 = ORIENTED_EDGE ( 'NONE', *, *, #5094, .T. ) ;
#7217 = EDGE_CURVE ( 'NONE', #1038, #4701, #3652, .T. ) ;
#7218 = DIRECTION ( 'NONE',  ( 0.000000000000000000, 0.000000000000000000, 1.000000000000000000 ) ) ;
#7219 = SURFACE_SIDE_STYLE ('',( #4468 ) ) ;
#7220 = FACE_OUTER_BOUND ( 'NONE', #4101, .T. ) ;
#7221 = AXIS2_PLACEMENT_3D ( 'NONE', #3986, #6102, #2022 ) ;
#7222 = SURFACE_SIDE_STYLE ('',( #335 ) ) ;
#7223 = ORIENTED_EDGE ( 'NONE', *, *, #8721, .T. ) ;
#7224 = CARTESIAN_POINT ( 'NONE',  ( 608.8163394127152515, 48.03650030224896739, 1235.357585614635354 ) ) ;
#7225 = CARTESIAN_POINT ( 'NONE',  ( 605.4597290430538123, 52.29473367583091203, 1239.279526850185221 ) ) ;
#7226 = EDGE_CURVE ( 'NONE', #3057, #6712, #4804, .T. ) ;
#7227 = CIRCLE ( 'NONE', #3355, 2.499999999999946709 ) ;
#7228 = ORIENTED_EDGE ( 'NONE', *, *, #1920, .F. ) ;
#7229 = EDGE_CURVE ( 'NONE', #7759, #3347, #6409, .T. ) ;
#7230 = FILL_AREA_STYLE ('',( #8722 ) ) ;
#7231 = DIRECTION ( 'NONE',  ( 1.000000000000000000, 9.162209061965000063E-16, -6.261247779448839583E-16 ) ) ;
#7232 = CARTESIAN_POINT ( 'NONE',  ( 606.9999999999998863, -21.07996606476806178, 1191.527113213661096 ) ) ;
#7233 = DIRECTION ( 'NONE',  ( -1.000000000000000000, 1.109265194285485936E-15, 3.199555054769049947E-17 ) ) ;
#7234 = EDGE_CURVE ( 'NONE', #2252, #6712, #370, .T. ) ;
#7235 = ORIENTED_EDGE ( 'NONE', *, *, #8612, .T. ) ;
#7236 = PRESENTATION_LAYER_ASSIGNMENT (  '', '', ( #630 ) ) ;
#7237 = CARTESIAN_POINT ( 'NONE',  ( 606.9853126956567166, 49.89244107933524219, 1242.789400945566740 ) ) ;
#7238 = DIRECTION ( 'NONE',  ( 7.334998456685702710E-13, 0.9510565162951521989, -0.3090169943749515591 ) ) ;
#7239 = CARTESIAN_POINT ( 'NONE',  ( 607.9999999999998863, -31.17359202697181786, 1206.224811755076644 ) ) ;
#7240 =( NAMED_UNIT ( * ) PLANE_ANGLE_UNIT ( ) SI_UNIT ( $, .RADIAN. ) );
#7241 =( NAMED_UNIT ( * ) PLANE_ANGLE_UNIT ( ) SI_UNIT ( $, .RADIAN. ) );
#7242 = AXIS2_PLACEMENT_3D ( 'NONE', #6204, #3134, #5833 ) ;
#7243 = UNCERTAINTY_MEASURE_WITH_UNIT (LENGTH_MEASURE( 1.000000000000000082E-05 ), #8005, 'distance_accuracy_value', 'NONE');
#7244 = CIRCLE ( 'NONE', #8378, 2.999999999999891642 ) ;
#7245 = DIRECTION ( 'NONE',  ( 1.000000000000000000, 0.000000000000000000, 0.000000000000000000 ) ) ;
#7246 =( NAMED_UNIT ( * ) SI_UNIT ( $, .STERADIAN. ) SOLID_ANGLE_UNIT ( ) );
#7247 = ORIENTED_EDGE ( 'NONE', *, *, #3873, .T. ) ;
#7248 = CARTESIAN_POINT ( 'NONE',  ( 606.6056020906256663, 50.48187968387237845, 1227.410206165428235 ) ) ;
#7249 =( LENGTH_UNIT ( ) NAMED_UNIT ( * ) SI_UNIT ( .MILLI., .METRE. ) );
#7250 = DIRECTION ( 'NONE',  ( 1.209143741480679917E-16, 1.000000000000000000, 0.000000000000000000 ) ) ;
#7251 = ORIENTED_EDGE ( 'NONE', *, *, #8781, .T. ) ;
#7252 = CIRCLE ( 'NONE', #3790, 2.499999999999952038 ) ;
#7253 = TOROIDAL_SURFACE ( 'NONE', #348, 48.51295553591380383, 4.000000000000000000 ) ;
#7254 =( NAMED_UNIT ( * ) SI_UNIT ( $, .STERADIAN. ) SOLID_ANGLE_UNIT ( ) );
#7255 = STYLED_ITEM ( 'NONE', ( #1645 ), #7300 ) ;
#7256 = DIRECTION ( 'NONE',  ( 0.000000000000000000, 0.9510565162951559737, -0.3090169943749400683 ) ) ;
#7257 = CARTESIAN_POINT ( 'NONE',  ( 634.9999999999997726, 1.767766952966400185, 1208.232233047033333 ) ) ;
#7258 = SURFACE_SIDE_STYLE ('',( #5737 ) ) ;
#7259 = DIRECTION ( 'NONE',  ( 1.000000000000000000, 0.000000000000000000, 2.618191646955655209E-47 ) ) ;
#7260 = CIRCLE ( 'NONE', #6549, 4.000000000000003553 ) ;
#7261 = CARTESIAN_POINT ( 'NONE',  ( 607.1556735147887593, 39.49298344638445712, 1228.211819520560766 ) ) ;
#7262 = MECHANICAL_DESIGN_GEOMETRIC_PRESENTATION_REPRESENTATION (  '', ( #3659 ), #4510 ) ;
#7263 = FACE_OUTER_BOUND ( 'NONE', #6980, .T. ) ;
#7264 =( LENGTH_UNIT ( ) NAMED_UNIT ( * ) SI_UNIT ( .MILLI., .METRE. ) );
#7265 = DIRECTION ( 'NONE',  ( 0.000000000000000000, 0.8090169943749505599, 0.5877852522924688072 ) ) ;
#7266 = UNCERTAINTY_MEASURE_WITH_UNIT (LENGTH_MEASURE( 1.000000000000000082E-05 ), #87, 'distance_accuracy_value', 'NONE');
#7267 = CIRCLE ( 'NONE', #5970, 39.46123530638256938 ) ;
#7268 = CIRCLE ( 'NONE', #6832, 2.749999999999953815 ) ;
#7269 = CARTESIAN_POINT ( 'NONE',  ( 607.0999999999999091, 27.58903336337762013, 1198.726784179705419 ) ) ;
#7270 = CARTESIAN_POINT ( 'NONE',  ( 604.0999999999999091, 25.27476584857618747, 1200.212269241876584 ) ) ;
#7271 = ORIENTED_EDGE ( 'NONE', *, *, #7349, .T. ) ;
#7272 = AXIS2_PLACEMENT_3D ( 'NONE', #4253, #6330, #2918 ) ;
#7273 = CARTESIAN_POINT ( 'NONE',  ( 607.4999999999997726, 40.89543020069133661, 1248.287730758123644 ) ) ;
#7274 = AXIS2_PLACEMENT_3D ( 'NONE', #2480, #1192, #433 ) ;
#7275 = COLOUR_RGB ( '',0.7490196078431372584, 0.7490196078431372584, 0.7490196078431372584 ) ;
#7276 =( LENGTH_UNIT ( ) NAMED_UNIT ( * ) SI_UNIT ( .MILLI., .METRE. ) );
#7277 = EDGE_LOOP ( 'NONE', ( #854, #3420 ) ) ;
#7278 = CARTESIAN_POINT ( 'NONE',  ( 602.5748995267472310, 52.53297180504491593, 1235.882895896417040 ) ) ;
#7279 = SURFACE_STYLE_FILL_AREA ( #4477 ) ;
#7280 = STYLED_ITEM ( 'NONE', ( #2748 ), #1009 ) ;
#7281 = ORIENTED_EDGE ( 'NONE', *, *, #1351, .T. ) ;
#7282 = CARTESIAN_POINT ( 'NONE',  ( 606.2080382809149341, 38.67847312966805617, 1240.592579821650361 ) ) ;
#7283 = CARTESIAN_POINT ( 'NONE',  ( 607.4999999999997726, -6.591949208711866959E-14, 1234.999999999999545 ) ) ;
#7284 = FACE_OUTER_BOUND ( 'NONE', #6787, .T. ) ;
#7285 = ADVANCED_FACE ( 'NONE', ( #1599 ), #859, .T. ) ;
#7286 = CARTESIAN_POINT ( 'NONE',  ( 604.5849422192170550, 44.50163872647551244, 1233.698217955028667 ) ) ;
#7287 = EDGE_CURVE ( 'NONE', #1730, #4717, #7821, .T. ) ;
#7288 = VECTOR ( 'NONE', #5530, 1000.000000000000000 ) ;
#7289 = VERTEX_POINT ( 'NONE', #280 ) ;
#7290 = ADVANCED_FACE ( 'NONE', ( #7881 ), #2942, .F. ) ;
#7291 = PRESENTATION_STYLE_ASSIGNMENT (( #6613 ) ) ;
#7292 = CARTESIAN_POINT ( 'NONE',  ( 607.0278863684179669, 38.51290227262366983, 1237.881557441409541 ) ) ;
#7293 = DIRECTION ( 'NONE',  ( 1.000000000000000000, 0.000000000000000000, 2.618191646955655209E-47 ) ) ;
#7294 = STYLED_ITEM ( 'NONE', ( #2102 ), #4808 ) ;
#7295 = CARTESIAN_POINT ( 'NONE',  ( 607.4999999999997726, 38.84594645289728021, 1228.058707895181669 ) ) ;
#7296 = CARTESIAN_POINT ( 'NONE',  ( 607.9999999999998863, 38.05852187466689429, 1230.336310473455796 ) ) ;
#7297 = VERTEX_POINT ( 'NONE', #5110 ) ;
#7298 = CARTESIAN_POINT ( 'NONE',  ( 607.1001849390729603, 49.64876022866893379, 1227.158494454570700 ) ) ;
#7299 = STYLED_ITEM ( 'NONE', ( #754 ), #5154 ) ;
#7300 = ADVANCED_FACE ( 'NONE', ( #8466 ), #1041, .F. ) ;
#7301 = AXIS2_PLACEMENT_3D ( 'NONE', #4485, #7238, #352 ) ;
#7302 = LINE ( 'NONE', #3827, #3945 ) ;
#7303 = VERTEX_POINT ( 'NONE', #6537 ) ;
#7304 = CIRCLE ( 'NONE', #252, 39.46123530638256938 ) ;
#7305 = FILL_AREA_STYLE_COLOUR ( '', #4987 ) ;
#7306 = PRESENTATION_LAYER_ASSIGNMENT (  '', '', ( #2288 ) ) ;
#7307 = CIRCLE ( 'NONE', #8745, 3.249999999999975131 ) ;
#7308 =( LENGTH_UNIT ( ) NAMED_UNIT ( * ) SI_UNIT ( .MILLI., .METRE. ) );
#7309 = CARTESIAN_POINT ( 'NONE',  ( 606.8980440055898953, 38.51148773962729166, 1228.498453275643897 ) ) ;
#7310 = CIRCLE ( 'NONE', #8154, 3.024999999999944844 ) ;
#7311 = SURFACE_SIDE_STYLE ('',( #5995 ) ) ;
#7312 = EDGE_CURVE ( 'NONE', #6678, #4593, #2815, .T. ) ;
#7313 = CARTESIAN_POINT ( 'NONE',  ( 604.0999999999999091, -24.57713359194292835, 1202.872308571381154 ) ) ;
#7314 = CARTESIAN_POINT ( 'NONE',  ( 607.1607601751155698, 39.49283894133519368, 1228.203336817732861 ) ) ;
#7315 =( LENGTH_UNIT ( ) NAMED_UNIT ( * ) SI_UNIT ( .MILLI., .METRE. ) );
#7316 = CARTESIAN_POINT ( 'NONE',  ( 606.3181680176725195, 50.82508472660555299, 1227.579804413521515 ) ) ;
#7317 = ORIENTED_EDGE ( 'NONE', *, *, #3992, .F. ) ;
#7318 = CARTESIAN_POINT ( 'NONE',  ( 605.8070342258415621, 51.91569682282616327, 1239.969467341348718 ) ) ;
#7319 = FACE_OUTER_BOUND ( 'NONE', #8690, .T. ) ;
#7320 = CARTESIAN_POINT ( 'NONE',  ( 606.9999999999998863, 39.49730783998288075, 1228.385621722338556 ) ) ;
#7321 = ORIENTED_EDGE ( 'NONE', *, *, #672, .T. ) ;
#7322 = CARTESIAN_POINT ( 'NONE',  ( 606.7272146429235136, 43.12089565753961296, 1230.865730002243026 ) ) ;
#7323 = CARTESIAN_POINT ( 'NONE',  ( 604.5808388671549665, 52.47093217729123182, 1233.530583025083615 ) ) ;
#7324 = COLOUR_RGB ( '',0.7490196078431372584, 0.7490196078431372584, 0.7490196078431372584 ) ;
#7325 = EDGE_LOOP ( 'NONE', ( #6312, #108, #2985, #4562 ) ) ;
#7326 = CARTESIAN_POINT ( 'NONE',  ( 634.9999999999997726, -22.86100198691078944, 1237.138998013088894 ) ) ;
#7327 = FILL_AREA_STYLE ('',( #5972 ) ) ;
#7328 = ORIENTED_EDGE ( 'NONE', *, *, #8815, .F. ) ;
#7329 = SURFACE_STYLE_FILL_AREA ( #844 ) ;
#7330 = SURFACE_SIDE_STYLE ('',( #4568 ) ) ;
#7331 = ADVANCED_FACE ( 'NONE', ( #2459 ), #1552, .T. ) ;
#7332 = CARTESIAN_POINT ( 'NONE',  ( 607.4999999999997726, 36.93954603556392868, 1248.880166807071646 ) ) ;
#7333 = ORIENTED_EDGE ( 'NONE', *, *, #4624, .T. ) ;
#7334 = CARTESIAN_POINT ( 'NONE',  ( 634.9999999999997726, -17.67766952966396943, 1252.677669529663717 ) ) ;
#7335 = FILL_AREA_STYLE ('',( #1200 ) ) ;
#7336 = EDGE_CURVE ( 'NONE', #4288, #6604, #6961, .T. ) ;
#7337 = CARTESIAN_POINT ( 'NONE',  ( 607.4999999999997726, 40.89543020069168477, 1221.712269241877493 ) ) ;
#7338 = FILL_AREA_STYLE_COLOUR ( '', #4450 ) ;
#7339 = VERTEX_POINT ( 'NONE', #8742 ) ;
#7340 = CARTESIAN_POINT ( 'NONE',  ( 606.7018631951567613, 49.09390900110247458, 1228.738995745325383 ) ) ;
#7341 = LINE ( 'NONE', #8054, #5410 ) ;
#7342 = PLANE ( 'NONE',  #3621 ) ;
#7343 = ORIENTED_EDGE ( 'NONE', *, *, #1522, .F. ) ;
#7344 = B_SPLINE_CURVE_WITH_KNOTS ( 'NONE', 3,
 ( #412, #2279, #2460, #1779, #1596, #2675, #1826, #3341 ),
 .UNSPECIFIED., .F., .F.,
 ( 4, 2, 2, 4 ),
 ( 0.002930546664151182420, 0.003531121743161769883, 0.003831409282667066867, 0.004131696822172363850 ),
 .UNSPECIFIED. ) ;
#7345 = EDGE_CURVE ( 'NONE', #7003, #6117, #5406, .T. ) ;
#7346 = DIRECTION ( 'NONE',  ( 0.000000000000000000, 0.7071067811865552333, 0.7071067811865399122 ) ) ;
#7347 = PRESENTATION_STYLE_ASSIGNMENT (( #3963 ) ) ;
#7348 = CIRCLE ( 'NONE', #298, 3.249999999999975131 ) ;
#7349 = EDGE_CURVE ( 'NONE', #3970, #921, #8825, .T. ) ;
#7350 = DIRECTION ( 'NONE',  ( 0.000000000000000000, -0.9510565162951533091, -0.3090169943749485615 ) ) ;
#7351 = DIRECTION ( 'NONE',  ( 1.000000000000000000, 8.786078806946700055E-16, 6.778946662198249905E-16 ) ) ;
#7352 =( LENGTH_UNIT ( ) NAMED_UNIT ( * ) SI_UNIT ( .MILLI., .METRE. ) );
#7353 = ORIENTED_EDGE ( 'NONE', *, *, #1061, .F. ) ;
#7354 = SURFACE_SIDE_STYLE ('',( #6092 ) ) ;
#7355 = UNCERTAINTY_MEASURE_WITH_UNIT (LENGTH_MEASURE( 1.000000000000000082E-05 ), #3744, 'distance_accuracy_value', 'NONE');
#7356 = PRESENTATION_LAYER_ASSIGNMENT (  '', '', ( #3468 ) ) ;
#7357 = PRESENTATION_LAYER_ASSIGNMENT (  '', '', ( #6921 ) ) ;
#7358 = CARTESIAN_POINT ( 'NONE',  ( 607.4999999999997726, 47.85924001516893611, 1227.062746066805857 ) ) ;
#7359 = VERTEX_POINT ( 'NONE', #4583 ) ;
#7360 = FILL_AREA_STYLE_COLOUR ( '', #802 ) ;
#7361 = B_SPLINE_CURVE_WITH_KNOTS ( 'NONE', 3,
 ( #5780, #8560, #8465, #7834, #1688, #4454, #5065, #3693, #7023, #858 ),
 .UNSPECIFIED., .F., .F.,
 ( 4, 2, 2, 2, 4 ),
 ( 0.01013206755606347459, 0.01037262198066810429, 0.01061317640527273572, 0.01109428525448252593, 0.01205650295290210637 ),
 .UNSPECIFIED. ) ;
#7362 = CARTESIAN_POINT ( 'NONE',  ( 604.0999999999999091, -40.89543020069176293, 1244.287730758122507 ) ) ;
#7363 = CARTESIAN_POINT ( 'NONE',  ( 607.6911936010009185, 38.49999950613828048, 1230.799981497527597 ) ) ;
#7364 = ORIENTED_EDGE ( 'NONE', *, *, #7998, .F. ) ;
#7365 = AXIS2_PLACEMENT_3D ( 'NONE', #1698, #8620, #865 ) ;
#7366 = DIRECTION ( 'NONE',  ( 1.000000000000000000, -0.000000000000000000, 2.618191646955655209E-47 ) ) ;
#7367 = STYLED_ITEM ( 'NONE', ( #5339 ), #4344 ) ;
#7368 = VERTEX_POINT ( 'NONE', #3298 ) ;
#7369 = FACE_OUTER_BOUND ( 'NONE', #7434, .T. ) ;
#7370 = PRESENTATION_LAYER_ASSIGNMENT (  '', '', ( #4329 ) ) ;
#7371 = CARTESIAN_POINT ( 'NONE',  ( 604.0999999999999091, -25.27476584857621589, 1200.212269241876584 ) ) ;
#7372 = FACE_BOUND ( 'NONE', #1608, .T. ) ;
#7373 = CARTESIAN_POINT ( 'NONE',  ( 607.4999999999997726, -25.27476584857656761, 1273.787730758122734 ) ) ;
#7374 = ORIENTED_EDGE ( 'NONE', *, *, #7886, .T. ) ;
#7375 = DIRECTION ( 'NONE',  ( -1.045086722461000281E-15, -0.9510565162951500895, -0.3090169943749580539 ) ) ;
#7376 = PRESENTATION_LAYER_ASSIGNMENT (  '', '', ( #4064 ) ) ;
#7377 = CARTESIAN_POINT ( 'NONE',  ( 607.3245046556523903, 38.50707683740015597, 1238.556419825423063 ) ) ;
#7378 = CARTESIAN_POINT ( 'NONE',  ( 607.5693822089142486, 37.19497885508908297, 1246.761170694067687 ) ) ;
#7379 = ORIENTED_EDGE ( 'NONE', *, *, #8029, .T. ) ;
#7380 = SURFACE_SIDE_STYLE ('',( #1122 ) ) ;
#7381 = CYLINDRICAL_SURFACE ( 'NONE', #3442, 4.000000000000003553 ) ;
#7382 = VERTEX_POINT ( 'NONE', #3911 ) ;
#7383 = AXIS2_PLACEMENT_3D ( 'NONE', #8647, #1210, #7346 ) ;
#7384 = CARTESIAN_POINT ( 'NONE',  ( 606.8021505354952296, 48.86470354682072070, 1228.616749135600912 ) ) ;
#7385 = PRESENTATION_STYLE_ASSIGNMENT (( #6753 ) ) ;
#7386 = DIRECTION ( 'NONE',  ( 1.000000000000000000, -1.209143741480679917E-16, 3.928746171838239762E-17 ) ) ;
#7387 = ORIENTED_EDGE ( 'NONE', *, *, #2186, .F. ) ;
#7388 = CARTESIAN_POINT ( 'NONE',  ( 607.4999999999997726, -40.89543020069176293, 1252.287730758122507 ) ) ;
#7389 = VECTOR ( 'NONE', #2530, 1000.000000000000114 ) ;
#7390 = CYLINDRICAL_SURFACE ( 'NONE', #6247, 7.499999999999951150 ) ;
#7391 = FILL_AREA_STYLE ('',( #550 ) ) ;
#7392 = FILL_AREA_STYLE_COLOUR ( '', #714 ) ;
#7393 = CARTESIAN_POINT ( 'NONE',  ( 608.4206129579496292, 38.48440341090316252, 1227.774516524878436 ) ) ;
#7394 = DIRECTION ( 'NONE',  ( 0.000000000000000000, -1.000000000000000000, 0.000000000000000000 ) ) ;
#7395 = ORIENTED_EDGE ( 'NONE', *, *, #6782, .F. ) ;
#7396 = ADVANCED_FACE ( 'NONE', ( #3210 ), #4076, .F. ) ;
#7397 = CIRCLE ( 'NONE', #4504, 2.750000000000021760 ) ;
#7398 = VERTEX_POINT ( 'NONE', #7388 ) ;
#7399 = SURFACE_STYLE_FILL_AREA ( #1177 ) ;
#7400 = ORIENTED_EDGE ( 'NONE', *, *, #2621, .F. ) ;
#7401 = EDGE_CURVE ( 'NONE', #6851, #8137, #1077, .T. ) ;
#7402 = DIRECTION ( 'NONE',  ( -5.850959570236549285E-18, -0.9510565162951521989, 0.3090169943749515591 ) ) ;
#7403 = EDGE_LOOP ( 'NONE', ( #870, #1531 ) ) ;
#7404 = CONICAL_SURFACE ( 'NONE', #5828, 37.54174637253915137, 0.02617993877992199833 ) ;
#7405 = SURFACE_SIDE_STYLE ('',( #5914 ) ) ;
#7406 = FILL_AREA_STYLE ('',( #7360 ) ) ;
#7407 = CARTESIAN_POINT ( 'NONE',  ( 614.4999999999997726, 48.23927892964394459, 1234.999999999999545 ) ) ;
#7408 = CARTESIAN_POINT ( 'NONE',  ( 606.9999999999998863, 43.26735247905153159, 1234.999999999999545 ) ) ;
#7409 = ORIENTED_EDGE ( 'NONE', *, *, #3753, .T. ) ;
#7410 = COLOUR_RGB ( '',0.7490196078431372584, 0.7490196078431372584, 0.7490196078431372584 ) ;
#7411 = STYLED_ITEM ( 'NONE', ( #2448 ), #8666 ) ;
#7412 = FILL_AREA_STYLE_COLOUR ( '', #1387 ) ;
#7413 = CARTESIAN_POINT ( 'NONE',  ( 604.0999999999999091, 40.89543020069148582, 1248.287730758122507 ) ) ;
#7414 = SURFACE_STYLE_USAGE ( .BOTH. , #3854 ) ;
#7415 = SURFACE_STYLE_USAGE ( .BOTH. , #3938 ) ;
#7416 =( GEOMETRIC_REPRESENTATION_CONTEXT ( 3 ) GLOBAL_UNCERTAINTY_ASSIGNED_CONTEXT ( ( #5912 ) ) GLOBAL_UNIT_ASSIGNED_CONTEXT ( ( #5875, #8657, #7975 ) ) REPRESENTATION_CONTEXT ( 'NONE', 'WORKASPACE' ) );
#7417 = CARTESIAN_POINT ( 'NONE',  ( 607.5056544819996134, 36.90251372094981264, 1221.428403242270406 ) ) ;
#7418 = EDGE_CURVE ( 'NONE', #292, #5500, #3501, .T. ) ;
#7419 = ORIENTED_EDGE ( 'NONE', *, *, #3860, .F. ) ;
#7420 = COLOUR_RGB ( '',0.7490196078431372584, 0.7490196078431372584, 0.7490196078431372584 ) ;
#7421 = DIRECTION ( 'NONE',  ( 0.000000000000000000, 0.000000000000000000, -1.000000000000000000 ) ) ;
#7422 = DIRECTION ( 'NONE',  ( 0.000000000000000000, 0.000000000000000000, -1.000000000000000000 ) ) ;
#7423 = AXIS2_PLACEMENT_3D ( 'NONE', #5183, #5971, #7904 ) ;
#7424 = CIRCLE ( 'NONE', #1097, 4.000000000000003553 ) ;
#7425 = CARTESIAN_POINT ( 'NONE',  ( 607.4999999999996589, 36.89345624650027133, 1248.572410607809388 ) ) ;
#7426 = ORIENTED_EDGE ( 'NONE', *, *, #1350, .T. ) ;
#7427 =( NAMED_UNIT ( * ) PLANE_ANGLE_UNIT ( ) SI_UNIT ( $, .RADIAN. ) );
#7428 = UNCERTAINTY_MEASURE_WITH_UNIT (LENGTH_MEASURE( 1.000000000000000082E-05 ), #1308, 'distance_accuracy_value', 'NONE');
#7429 = FILL_AREA_STYLE ('',( #4089 ) ) ;
#7430 = VERTEX_POINT ( 'NONE', #1089 ) ;
#7431 = COLOUR_RGB ( '',0.7490196078431372584, 0.7490196078431372584, 0.7490196078431372584 ) ;
#7432 = CARTESIAN_POINT ( 'NONE',  ( 607.2339711917537670, 49.32880360783463658, 1227.101758167756543 ) ) ;
#7433 = CARTESIAN_POINT ( 'NONE',  ( 604.0999999999999091, -40.89543020069171320, 1221.712269241877493 ) ) ;
#7434 = EDGE_LOOP ( 'NONE', ( #408, #1703, #4996, #4648 ) ) ;
#7435 = DIRECTION ( 'NONE',  ( 1.000000000000000000, 3.732113731436789969E-16, -1.045086722461000084E-15 ) ) ;
#7436 = CARTESIAN_POINT ( 'NONE',  ( 607.5727107149372159, -22.67617744937600222, 1203.268686557805722 ) ) ;
#7437 = DIRECTION ( 'NONE',  ( 0.000000000000000000, -0.9983374403816100973, -0.05763987449929959539 ) ) ;
#7438 =( NAMED_UNIT ( * ) PLANE_ANGLE_UNIT ( ) SI_UNIT ( $, .RADIAN. ) );
#7439 = CARTESIAN_POINT ( 'NONE',  ( 607.4999999999963620, -37.82608445937180619, 1224.295886726894878 ) ) ;
#7440 = ORIENTED_EDGE ( 'NONE', *, *, #3635, .F. ) ;
#7441 = CYLINDRICAL_SURFACE ( 'NONE', #5634, 2.749999999999977351 ) ;
#7442 = AXIS2_PLACEMENT_3D ( 'NONE', #271, #4909, #8317 ) ;
#7443 = SURFACE_STYLE_USAGE ( .BOTH. , #1782 ) ;
#7444 = DIRECTION ( 'NONE',  ( 1.000000000000000000, 0.000000000000000000, 2.618191646955655209E-47 ) ) ;
#7445 = UNCERTAINTY_MEASURE_WITH_UNIT (LENGTH_MEASURE( 1.000000000000000082E-05 ), #5155, 'distance_accuracy_value', 'NONE');
#7446 = VERTEX_POINT ( 'NONE', #2498 ) ;
#7447 = CIRCLE ( 'NONE', #1120, 2.750000000000125233 ) ;
#7448 = VECTOR ( 'NONE', #718, 1000.000000000000000 ) ;
#7449 = ADVANCED_FACE ( 'NONE', ( #6628 ), #3382, .F. ) ;
#7450 = ORIENTED_EDGE ( 'NONE', *, *, #6899, .T. ) ;
#7451 =( NAMED_UNIT ( * ) SI_UNIT ( $, .STERADIAN. ) SOLID_ANGLE_UNIT ( ) );
#7452 = SURFACE_SIDE_STYLE ('',( #1279 ) ) ;
#7453 = ADVANCED_FACE ( 'NONE', ( #4812 ), #1449, .F. ) ;
#7454 = CARTESIAN_POINT ( 'NONE',  ( 603.6047077932308866, 52.26249122173543071, 1229.891325683983723 ) ) ;
#7455 = CARTESIAN_POINT ( 'NONE',  ( 619.1955065217335914, -18.28692188191594070, 1202.037678806091662 ) ) ;
#7456 = STYLED_ITEM ( 'NONE', ( #7723 ), #4762 ) ;
#7457 = VERTEX_POINT ( 'NONE', #2045 ) ;
#7458 = UNCERTAINTY_MEASURE_WITH_UNIT (LENGTH_MEASURE( 1.000000000000000082E-05 ), #4325, 'distance_accuracy_value', 'NONE');
#7459 = B_SPLINE_CURVE_WITH_KNOTS ( 'NONE', 3,
 ( #388, #1803, #3148, #5890 ),
 .UNSPECIFIED., .F., .F.,
 ( 4, 4 ),
 ( -8.944271910061918135E-06, 0.001195552401561247912 ),
 .UNSPECIFIED. ) ;
#7460 = ORIENTED_EDGE ( 'NONE', *, *, #293, .F. ) ;
#7461 = STYLED_ITEM ( 'NONE', ( #6347 ), #5872 ) ;
#7462 = EDGE_CURVE ( 'NONE', #4775, #2119, #4763, .T. ) ;
#7463 = DIRECTION ( 'NONE',  ( 1.000000000000000000, 0.000000000000000000, 2.618191646955655209E-47 ) ) ;
#7464 = ORIENTED_EDGE ( 'NONE', *, *, #7716, .T. ) ;
#7465 = COLOUR_RGB ( '',0.7490196078431372584, 0.7490196078431372584, 0.7490196078431372584 ) ;
#7466 =( NAMED_UNIT ( * ) PLANE_ANGLE_UNIT ( ) SI_UNIT ( $, .RADIAN. ) );
#7467 = DIRECTION ( 'NONE',  ( 1.000000000000000000, -3.123522194619925060E-16, -1.064861060188244022E-15 ) ) ;
#7468 = CARTESIAN_POINT ( 'NONE',  ( 620.1836605872844075, -14.50401081475853182, 1189.204073335665043 ) ) ;
#7469 = CARTESIAN_POINT ( 'NONE',  ( 606.9999999999998863, -18.49681884002166399, 1199.477222901363803 ) ) ;
#7470 = ORIENTED_EDGE ( 'NONE', *, *, #249, .T. ) ;
#7471 = CARTESIAN_POINT ( 'NONE',  ( 606.8932772183285351, -8.850165252988050568, 1186.754524881766429 ) ) ;
#7472 = SURFACE_STYLE_FILL_AREA ( #4710 ) ;
#7473 = CARTESIAN_POINT ( 'NONE',  ( 606.0125302640281006, -10.40131461387147915, 1185.868059771721846 ) ) ;
#7474 = LINE ( 'NONE', #632, #6345 ) ;
#7475 = DIRECTION ( 'NONE',  ( 1.000000000000000000, 3.123522194620004932E-16, 1.064861060188242050E-15 ) ) ;
#7476 = DIRECTION ( 'NONE',  ( 1.000000000000000000, 0.000000000000000000, 2.618191646955655209E-47 ) ) ;
#7477 = PRESENTATION_LAYER_ASSIGNMENT (  '', '', ( #5473 ) ) ;
#7478 = CARTESIAN_POINT ( 'NONE',  ( 607.4999999999997726, 24.61577057861378393, 1265.842388537963643 ) ) ;
#7479 = FILL_AREA_STYLE ('',( #85 ) ) ;
#7480 = DIRECTION ( 'NONE',  ( 0.000000000000000000, -0.7071067811865515695, -0.7071067811865434649 ) ) ;
#7481 = FACE_OUTER_BOUND ( 'NONE', #6975, .T. ) ;
#7482 = CARTESIAN_POINT ( 'NONE',  ( 605.4999999999997726, -19.44593135808896633, 1200.837070476662575 ) ) ;
#7483 = CARTESIAN_POINT ( 'NONE',  ( 607.4999999999997726, 40.89543020069168477, 1225.712269241877493 ) ) ;
#7484 = ORIENTED_EDGE ( 'NONE', *, *, #4252, .T. ) ;
#7485 = EDGE_LOOP ( 'NONE', ( #6831, #4483, #1478, #3251 ) ) ;
#7486 = CARTESIAN_POINT ( 'NONE',  ( 603.3997589676666848, 38.57672941828878521, 1237.342675559683585 ) ) ;
#7487 = ORIENTED_EDGE ( 'NONE', *, *, #2674, .F. ) ;
#7488 = CARTESIAN_POINT ( 'NONE',  ( 614.4999999999997726, -12.05166278062322505, 1197.908795864488638 ) ) ;
#7489 = STYLED_ITEM ( 'NONE', ( #3270 ), #6682 ) ;
#7490 =( LENGTH_UNIT ( ) NAMED_UNIT ( * ) SI_UNIT ( .MILLI., .METRE. ) );
#7491 = ORIENTED_EDGE ( 'NONE', *, *, #1350, .F. ) ;
#7492 = CARTESIAN_POINT ( 'NONE',  ( 607.4999999999997726, -21.72616315871106707, 1202.058188782236812 ) ) ;
#7493 = CARTESIAN_POINT ( 'NONE',  ( 606.1592118049451301, 38.52589834012441372, 1239.989718884982949 ) ) ;
#7494 = CARTESIAN_POINT ( 'NONE',  ( 607.5581748864783549, -0.6186077914408411038, 1274.036153494264909 ) ) ;
#7495 = PRESENTATION_LAYER_ASSIGNMENT (  '', '', ( #5215 ) ) ;
#7496 = ORIENTED_EDGE ( 'NONE', *, *, #838, .T. ) ;
#7497 = FILL_AREA_STYLE_COLOUR ( '', #8835 ) ;
#7498 = EDGE_CURVE ( 'NONE', #7179, #3057, #5420, .T. ) ;
#7499 =( NAMED_UNIT ( * ) PLANE_ANGLE_UNIT ( ) SI_UNIT ( $, .RADIAN. ) );
#7500 = ORIENTED_EDGE ( 'NONE', *, *, #2934, .T. ) ;
#7501 = MECHANICAL_DESIGN_GEOMETRIC_PRESENTATION_REPRESENTATION (  '', ( #6921 ), #8073 ) ;
#7503 = EDGE_CURVE ( 'NONE', #22, #7734, #7602, .T. ) ;
#7502 = ORIENTED_EDGE ( 'NONE', *, *, #8271, .F. ) ;
#7504 = EDGE_CURVE ( 'NONE', #386, #3971, #1356, .T. ) ;
#7505 = DIRECTION ( 'NONE',  ( 1.000000000000000000, 0.000000000000000000, 0.000000000000000000 ) ) ;
#7506 = ADVANCED_FACE ( 'NONE', ( #6252 ), #83, .T. ) ;
#7507 = CARTESIAN_POINT ( 'NONE',  ( 602.4999999999997726, -6.591949208711866959E-14, 1234.999999999999545 ) ) ;
#7508 = ORIENTED_EDGE ( 'NONE', *, *, #8314, .F. ) ;
#7509 = CARTESIAN_POINT ( 'NONE',  ( 606.3878242573190391, -9.755751555533498376, 1186.046354426127209 ) ) ;
#7510 = CARTESIAN_POINT ( 'NONE',  ( 607.0000000000000000, -21.19009957705607405, 1191.188157116001548 ) ) ;
#7511 = UNCERTAINTY_MEASURE_WITH_UNIT (LENGTH_MEASURE( 1.000000000000000082E-05 ), #5846, 'distance_accuracy_value', 'NONE');
#7512 = SURFACE_SIDE_STYLE ('',( #6075 ) ) ;
#7513 = CIRCLE ( 'NONE', #36, 2.750000000000030198 ) ;
#7514 = COLOUR_RGB ( '',0.7490196078431372584, 0.7490196078431372584, 0.7490196078431372584 ) ;
#7515 = CARTESIAN_POINT ( 'NONE',  ( 634.9999999999997726, -25.00000000000006750, 1234.999999999999545 ) ) ;
#7516 = CARTESIAN_POINT ( 'NONE',  ( 607.4999999999997726, -25.27476584857656761, 1269.787730758122734 ) ) ;
#7517 = DIRECTION ( 'NONE',  ( 0.000000000000000000, 0.9510565162951423179, -0.3090169943749818127 ) ) ;
#7518 = VERTEX_POINT ( 'NONE', #1029 ) ;
#7519 = EDGE_LOOP ( 'NONE', ( #3561, #7111 ) ) ;
#7520 = CARTESIAN_POINT ( 'NONE',  ( 603.1343010691618929, 38.57672942514918191, 1227.829114589585743 ) ) ;
#7521 =( NAMED_UNIT ( * ) PLANE_ANGLE_UNIT ( ) SI_UNIT ( $, .RADIAN. ) );
#7522 = UNCERTAINTY_MEASURE_WITH_UNIT (LENGTH_MEASURE( 1.000000000000000082E-05 ), #3675, 'distance_accuracy_value', 'NONE');
#7523 = ORIENTED_EDGE ( 'NONE', *, *, #7498, .T. ) ;
#7524 =( GEOMETRIC_REPRESENTATION_CONTEXT ( 3 ) GLOBAL_UNCERTAINTY_ASSIGNED_CONTEXT ( ( #5104 ) ) GLOBAL_UNIT_ASSIGNED_CONTEXT ( ( #7778, #267, #3680 ) ) REPRESENTATION_CONTEXT ( 'NONE', 'WORKASPACE' ) );
#7525 = CARTESIAN_POINT ( 'NONE',  ( 607.9999999999998863, 36.99999999999993605, 1214.244174350441654 ) ) ;
#7526 = SURFACE_SIDE_STYLE ('',( #4198 ) ) ;
#7527 = CARTESIAN_POINT ( 'NONE',  ( 606.3878242573134685, 49.57237664298489932, 1240.849237330679898 ) ) ;
#7528 = PRESENTATION_LAYER_ASSIGNMENT (  '', '', ( #4794 ) ) ;
#7529 = VECTOR ( 'NONE', #4737, 1000.000000000000000 ) ;
#7530 =( LENGTH_UNIT ( ) NAMED_UNIT ( * ) SI_UNIT ( .MILLI., .METRE. ) );
#7531 = SURFACE_STYLE_USAGE ( .BOTH. , #4203 ) ;
#7532 = VERTEX_POINT ( 'NONE', #889 ) ;
#7533 =( LENGTH_UNIT ( ) NAMED_UNIT ( * ) SI_UNIT ( .MILLI., .METRE. ) );
#7534 = UNCERTAINTY_MEASURE_WITH_UNIT (LENGTH_MEASURE( 1.000000000000000082E-05 ), #3360, 'distance_accuracy_value', 'NONE');
#7535 = CIRCLE ( 'NONE', #1208, 38.34320131763257677 ) ;
#7536 =( GEOMETRIC_REPRESENTATION_CONTEXT ( 3 ) GLOBAL_UNCERTAINTY_ASSIGNED_CONTEXT ( ( #4916 ) ) GLOBAL_UNIT_ASSIGNED_CONTEXT ( ( #5696, #5018, #1554 ) ) REPRESENTATION_CONTEXT ( 'NONE', 'WORKASPACE' ) );
#7537 = DIRECTION ( 'NONE',  ( 0.000000000000000000, 0.000000000000000000, -1.000000000000000000 ) ) ;
#7538 = EDGE_LOOP ( 'NONE', ( #3359, #2636, #7763, #145 ) ) ;
#7539 = DIRECTION ( 'NONE',  ( 0.000000000000000000, 0.000000000000000000, 1.000000000000000000 ) ) ;
#7540 = CARTESIAN_POINT ( 'NONE',  ( 602.6645122074044139, -14.55428376201112250, 1184.518141024664146 ) ) ;
#7541 = PRESENTATION_LAYER_ASSIGNMENT (  '', '', ( #6690 ) ) ;
#7542 =( NAMED_UNIT ( * ) SI_UNIT ( $, .STERADIAN. ) SOLID_ANGLE_UNIT ( ) );
#7543 = ORIENTED_EDGE ( 'NONE', *, *, #7724, .T. ) ;
#7544 = CARTESIAN_POINT ( 'NONE',  ( 604.5070988162924550, 40.79795575825617249, 1234.611161749518033 ) ) ;
#7545 = CARTESIAN_POINT ( 'NONE',  ( 604.0999999999999091, 40.89543020069133661, 1252.287730758122507 ) ) ;
#7546 = DIRECTION ( 'NONE',  ( 0.000000000000000000, 0.000000000000000000, -1.000000000000000000 ) ) ;
#7547 = CIRCLE ( 'NONE', #6553, 4.000000000000003553 ) ;
#7548 = SURFACE_STYLE_FILL_AREA ( #7635 ) ;
#7549 = VERTEX_POINT ( 'NONE', #7058 ) ;
#7550 = AXIS2_PLACEMENT_3D ( 'NONE', #3330, #3901, #1254 ) ;
#7551 = CIRCLE ( 'NONE', #3666, 39.46123530638256938 ) ;
#7552 = EDGE_CURVE ( 'NONE', #8495, #8791, #7809, .T. ) ;
#7553 = CARTESIAN_POINT ( 'NONE',  ( 606.0123153884155727, -20.46389925482961303, 1189.137432418200433 ) ) ;
#7554 = ADVANCED_FACE ( 'NONE', ( #5810 ), #5145, .F. ) ;
#7555 = STYLED_ITEM ( 'NONE', ( #8416 ), #685 ) ;
#7556 = MECHANICAL_DESIGN_GEOMETRIC_PRESENTATION_REPRESENTATION (  '', ( #6265 ), #4824 ) ;
#7557 = MECHANICAL_DESIGN_GEOMETRIC_PRESENTATION_REPRESENTATION (  '', ( #7125 ), #6130 ) ;
#7558 = SURFACE_STYLE_FILL_AREA ( #5597 ) ;
#7559 =( NAMED_UNIT ( * ) SI_UNIT ( $, .STERADIAN. ) SOLID_ANGLE_UNIT ( ) );
#7560 = SURFACE_SIDE_STYLE ('',( #6170 ) ) ;
#7561 = ADVANCED_FACE ( 'NONE', ( #7148 ), #8400, .F. ) ;
#7562 = PRESENTATION_STYLE_ASSIGNMENT (( #4813 ) ) ;
#7563 = CARTESIAN_POINT ( 'NONE',  ( 609.8858308089313596, -6.194206114629858817, 1191.672626709946599 ) ) ;
#7564 = FILL_AREA_STYLE_COLOUR ( '', #7465 ) ;
#7565 = CARTESIAN_POINT ( 'NONE',  ( 606.6415855359921352, 45.93964049335893662, 1239.179815298630501 ) ) ;
#7566 = DIRECTION ( 'NONE',  ( 1.000000000000000000, 0.000000000000000000, 0.000000000000000000 ) ) ;
#7567 = EDGE_LOOP ( 'NONE', ( #4255, #1113, #7216, #4316 ) ) ;
#7568 = EDGE_CURVE ( 'NONE', #1182, #1252, #5286, .T. ) ;
#7569 = FACE_BOUND ( 'NONE', #5040, .T. ) ;
#7570 = CARTESIAN_POINT ( 'NONE',  ( 634.9999999999997726, 17.67766952966358218, 1250.177669529663717 ) ) ;
#7571 = AXIS2_PLACEMENT_3D ( 'NONE', #242, #7932, #8525 ) ;
#7572 = CARTESIAN_POINT ( 'NONE',  ( 634.9999999999997726, -20.70266952966396801, 1252.677669529663717 ) ) ;
#7573 = ORIENTED_EDGE ( 'NONE', *, *, #6939, .T. ) ;
#7574 = LINE ( 'NONE', #692, #7963 ) ;
#7575 = AXIS2_PLACEMENT_3D ( 'NONE', #6313, #135, #6857 ) ;
#7576 = DIRECTION ( 'NONE',  ( 0.000000000000000000, -0.9510565162951640783, 0.3090169943749149217 ) ) ;
#7577 = CARTESIAN_POINT ( 'NONE',  ( 607.5121926297894106, 48.17024900291114164, 1242.195150130419506 ) ) ;
#7578 =( GEOMETRIC_REPRESENTATION_CONTEXT ( 3 ) GLOBAL_UNCERTAINTY_ASSIGNED_CONTEXT ( ( #8804 ) ) GLOBAL_UNIT_ASSIGNED_CONTEXT ( ( #3080, #5827, #2551 ) ) REPRESENTATION_CONTEXT ( 'NONE', 'WORKASPACE' ) );
#7579 =( NAMED_UNIT ( * ) PLANE_ANGLE_UNIT ( ) SI_UNIT ( $, .RADIAN. ) );
#7580 = CARTESIAN_POINT ( 'NONE',  ( 608.4206129584555356, 38.48440341987586066, 1242.225483477713851 ) ) ;
#7581 = FACE_OUTER_BOUND ( 'NONE', #8720, .T. ) ;
#7582 = CARTESIAN_POINT ( 'NONE',  ( 607.4760922035623025, 38.50219224067603108, 1229.311830860079453 ) ) ;
#7583 = CARTESIAN_POINT ( 'NONE',  ( 607.9999999999998863, 36.99999999999993605, 1224.940124887235470 ) ) ;
#7584 = VECTOR ( 'NONE', #1544, 1000.000000000000114 ) ;
#7585 = MECHANICAL_DESIGN_GEOMETRIC_PRESENTATION_REPRESENTATION (  '', ( #1706 ), #6730 ) ;
#7586 = ORIENTED_EDGE ( 'NONE', *, *, #7552, .T. ) ;
#7587 = SURFACE_SIDE_STYLE ('',( #4842 ) ) ;
#7588 =( GEOMETRIC_REPRESENTATION_CONTEXT ( 3 ) GLOBAL_UNCERTAINTY_ASSIGNED_CONTEXT ( ( #5477 ) ) GLOBAL_UNIT_ASSIGNED_CONTEXT ( ( #3277, #475, #1193 ) ) REPRESENTATION_CONTEXT ( 'NONE', 'WORKASPACE' ) );
#7589 = DIRECTION ( 'NONE',  ( 0.000000000000000000, 0.000000000000000000, 1.000000000000000000 ) ) ;
#7590 = AXIS2_PLACEMENT_3D ( 'NONE', #4290, #196, #378 ) ;
#7591 = EDGE_LOOP ( 'NONE', ( #392, #2428, #982, #3458 ) ) ;
#7592 = CARTESIAN_POINT ( 'NONE',  ( 604.5000221502579052, 40.75014766842954117, 1235.197056157842781 ) ) ;
#7593 = SURFACE_SIDE_STYLE ('',( #8125 ) ) ;
#7594 = CIRCLE ( 'NONE', #1273, 4.000000000000003553 ) ;
#7595 = PLANE ( 'NONE',  #3973 ) ;
#7596 = CYLINDRICAL_SURFACE ( 'NONE', #193, 4.000000000000003553 ) ;
#7597 = EDGE_LOOP ( 'NONE', ( #2888, #3405 ) ) ;
#7598 = CARTESIAN_POINT ( 'NONE',  ( 606.6054584979754054, -8.381568976613955613, 1184.643373833183887 ) ) ;
#7599 = SURFACE_SIDE_STYLE ('',( #7472 ) ) ;
#7600 = SURFACE_STYLE_FILL_AREA ( #2041 ) ;
#7601 =( NAMED_UNIT ( * ) PLANE_ANGLE_UNIT ( ) SI_UNIT ( $, .RADIAN. ) );
#7602 = LINE ( 'NONE', #799, #1789 ) ;
#7603 = EDGE_CURVE ( 'NONE', #1397, #5794, #7914, .T. ) ;
#7604 = CARTESIAN_POINT ( 'NONE',  ( 614.5000000000000000, -12.16876367472872467, 1188.218038998497832 ) ) ;
#7605 = CARTESIAN_POINT ( 'NONE',  ( 622.4978484524308442, 2.428612866367532457E-14, 1209.999999999999773 ) ) ;
#7606 = DIRECTION ( 'NONE',  ( 1.000000000000000000, 0.000000000000000000, 2.618191646955655209E-47 ) ) ;
#7607 = ORIENTED_EDGE ( 'NONE', *, *, #3811, .F. ) ;
#7608 = FILL_AREA_STYLE_COLOUR ( '', #6057 ) ;
#7609 =( GEOMETRIC_REPRESENTATION_CONTEXT ( 3 ) GLOBAL_UNCERTAINTY_ASSIGNED_CONTEXT ( ( #7266 ) ) GLOBAL_UNIT_ASSIGNED_CONTEXT ( ( #87, #8874, #4768 ) ) REPRESENTATION_CONTEXT ( 'NONE', 'WORKASPACE' ) );
#7610 = CARTESIAN_POINT ( 'NONE',  ( 608.9729936990999022, 38.48014767720883356, 1236.134379263676692 ) ) ;
#7611 = FILL_AREA_STYLE ('',( #2145 ) ) ;
#7612 = ADVANCED_FACE ( 'NONE', ( #5330 ), #8729, .T. ) ;
#7613 = UNCERTAINTY_MEASURE_WITH_UNIT (LENGTH_MEASURE( 1.000000000000000082E-05 ), #1587, 'distance_accuracy_value', 'NONE');
#7614 = VERTEX_POINT ( 'NONE', #1942 ) ;
#7615 = FILL_AREA_STYLE_COLOUR ( '', #2706 ) ;
#7616 = EDGE_CURVE ( 'NONE', #6880, #2615, #4000, .T. ) ;
#7617 = PRESENTATION_LAYER_ASSIGNMENT (  '', '', ( #581 ) ) ;
#7618 = SURFACE_STYLE_FILL_AREA ( #3526 ) ;
#7619 = CARTESIAN_POINT ( 'NONE',  ( 605.5184424030777564, 50.23122199776149444, 1230.589673161253813 ) ) ;
#7620 = FILL_AREA_STYLE_COLOUR ( '', #436 ) ;
#7621 = DIRECTION ( 'NONE',  ( -1.000000000000000000, -9.162209061965000063E-16, 6.261247779448849444E-16 ) ) ;
#7622 = CARTESIAN_POINT ( 'NONE',  ( 605.8136477257838806, 38.53196765410007885, 1230.045478411770773 ) ) ;
#7623 = PRESENTATION_STYLE_ASSIGNMENT (( #4242 ) ) ;
#7624 = UNCERTAINTY_MEASURE_WITH_UNIT (LENGTH_MEASURE( 1.000000000000000082E-05 ), #7264, 'distance_accuracy_value', 'NONE');
#7625 = MECHANICAL_DESIGN_GEOMETRIC_PRESENTATION_REPRESENTATION (  '', ( #587 ), #4178 ) ;
#7626 =( NAMED_UNIT ( * ) PLANE_ANGLE_UNIT ( ) SI_UNIT ( $, .RADIAN. ) );
#7627 = EDGE_LOOP ( 'NONE', ( #1589, #4695, #8783, #488 ) ) ;
#7628 = CARTESIAN_POINT ( 'NONE',  ( 602.5524785557837504, -15.81636091663938437, 1184.896160186374800 ) ) ;
#7629 = CARTESIAN_POINT ( 'NONE',  ( 607.4999999999997726, -4.657394203157376289, 1194.980521252314475 ) ) ;
#7630 = VERTEX_POINT ( 'NONE', #4610 ) ;
#7631 = MECHANICAL_DESIGN_GEOMETRIC_PRESENTATION_REPRESENTATION (  '', ( #7057 ), #150 ) ;
#7632 = FACE_OUTER_BOUND ( 'NONE', #1903, .T. ) ;
#7633 = CARTESIAN_POINT ( 'NONE',  ( 603.0156105556333159, -19.48835866150042762, 1186.220224024595382 ) ) ;
#7634 = DIRECTION ( 'NONE',  ( 1.000000000000000000, 9.162209061965000063E-16, -6.261247779448839583E-16 ) ) ;
#7635 = FILL_AREA_STYLE ('',( #6786 ) ) ;
#7636 = ORIENTED_EDGE ( 'NONE', *, *, #4528, .F. ) ;
#7637 = CARTESIAN_POINT ( 'NONE',  ( 605.4300908500828200, -9.458353332138617731, 1183.843458800506596 ) ) ;
#7638 =( GEOMETRIC_REPRESENTATION_CONTEXT ( 3 ) GLOBAL_UNCERTAINTY_ASSIGNED_CONTEXT ( ( #7084 ) ) GLOBAL_UNIT_ASSIGNED_CONTEXT ( ( #5168, #188, #5213 ) ) REPRESENTATION_CONTEXT ( 'NONE', 'WORKASPACE' ) );
#7639 = CARTESIAN_POINT ( 'NONE',  ( 607.5693844170890543, -37.00441441106803353, 1247.347644237019040 ) ) ;
#7640 = CARTESIAN_POINT ( 'NONE',  ( 606.6732659031029016, -9.266141557273412488, 1186.335376769363393 ) ) ;
#7641 = DIRECTION ( 'NONE',  ( 0.000000000000000000, 0.8415518235641742395, -0.5401763862441720798 ) ) ;
#7642 = COLOUR_RGB ( '',0.7490196078431372584, 0.7490196078431372584, 0.7490196078431372584 ) ;
#7643 = ORIENTED_EDGE ( 'NONE', *, *, #19, .T. ) ;
#7644 = FILL_AREA_STYLE ('',( #4901 ) ) ;
#7645 =( NAMED_UNIT ( * ) PLANE_ANGLE_UNIT ( ) SI_UNIT ( $, .RADIAN. ) );
#7646 = SURFACE_SIDE_STYLE ('',( #8828 ) ) ;
#7647 = CARTESIAN_POINT ( 'NONE',  ( 607.9999999999998863, 38.05852187466689429, 1239.663689526544658 ) ) ;
#7648 = MECHANICAL_DESIGN_GEOMETRIC_PRESENTATION_REPRESENTATION (  '', ( #466 ), #1778 ) ;
#7649 = CARTESIAN_POINT ( 'NONE',  ( 614.4999999999990905, 43.12089565753963427, 1242.497854579660043 ) ) ;
#7650 = CARTESIAN_POINT ( 'NONE',  ( 604.5269354190070317, 45.06053998412319572, 1234.244597039094288 ) ) ;
#7651 = EDGE_LOOP ( 'NONE', ( #3900, #3946, #974, #1572, #1487, #6731, #6964, #8756 ) ) ;
#7652 = FACE_BOUND ( 'NONE', #3932, .T. ) ;
#7653 = EDGE_CURVE ( 'NONE', #885, #1848, #8002, .T. ) ;
#7654 = DIRECTION ( 'NONE',  ( 1.000000000000000000, 0.000000000000000000, 2.618191646955655209E-47 ) ) ;
#7655 = CARTESIAN_POINT ( 'NONE',  ( 605.3769615805127842, 50.27266050782243667, 1239.095139801833739 ) ) ;
#7656 = ORIENTED_EDGE ( 'NONE', *, *, #3159, .F. ) ;
#7657 = STYLED_ITEM ( 'NONE', ( #1311 ), #2077 ) ;
#7658 = CARTESIAN_POINT ( 'NONE',  ( 623.9999999999998863, -17.67766952966396943, 1252.677669529663717 ) ) ;
#7659 = CARTESIAN_POINT ( 'NONE',  ( 624.2999999999998408, -5.287761472058875256, 1197.813995554437724 ) ) ;
#7660 = FILL_AREA_STYLE_COLOUR ( '', #1633 ) ;
#7661 = SURFACE_SIDE_STYLE ('',( #8368 ) ) ;
#7662 = DIRECTION ( 'NONE',  ( 0.000000000000000000, 1.000000000000000000, 0.000000000000000000 ) ) ;
#7663 = COLOUR_RGB ( '',0.7490196078431372584, 0.7490196078431372584, 0.7490196078431372584 ) ;
#7664 = EDGE_CURVE ( 'NONE', #7518, #6678, #5107, .T. ) ;
#7665 = DIRECTION ( 'NONE',  ( 1.000000000000000000, -1.109265194285485936E-15, -3.199555054769049947E-17 ) ) ;
#7666 = DIRECTION ( 'NONE',  ( 4.552280931047990859E-17, -0.3090169943748780623, -0.9510565162951761797 ) ) ;
#7667 = FACE_OUTER_BOUND ( 'NONE', #7806, .T. ) ;
#7668 = CARTESIAN_POINT ( 'NONE',  ( 607.5576048358292383, -22.45256693372695622, 1266.948900043324556 ) ) ;
#7669 = ORIENTED_EDGE ( 'NONE', *, *, #4690, .T. ) ;
#7670 = FILL_AREA_STYLE ('',( #2117 ) ) ;
#7671 = PRODUCT ( 'CRB15000_12kg-127_Omnicore_rev00_LINK06_CAD', 'CRB15000_12kg-127_Omnicore_rev00_LINK06_CAD', '', ( #6233 ) ) ;
#7672 = ORIENTED_EDGE ( 'NONE', *, *, #6623, .F. ) ;
#7673 = AXIS2_PLACEMENT_3D ( 'NONE', #8190, #4778, #2103 ) ;
#7674 = CIRCLE ( 'NONE', #7957, 31.50000000000008527 ) ;
#7675 = CARTESIAN_POINT ( 'NONE',  ( 623.9999999999998863, -17.67766952966371719, 1219.822330470335828 ) ) ;
#7676 = CARTESIAN_POINT ( 'NONE',  ( 602.7320782014843417, -14.13302251471377069, 1184.400520482274487 ) ) ;
#7677 = CARTESIAN_POINT ( 'NONE',  ( 606.2089299211606885, -17.26573856826047404, 1199.963837942991859 ) ) ;
#7678 = ORIENTED_EDGE ( 'NONE', *, *, #8362, .F. ) ;
#7679 = CARTESIAN_POINT ( 'NONE',  ( 605.3769615805127842, -11.64039705568616512, 1185.922390839433547 ) ) ;
#7680 = CARTESIAN_POINT ( 'NONE',  ( 607.5216434175007407, -37.63603684179373943, 1245.948659613950213 ) ) ;
#7681 = AXIS2_PLACEMENT_3D ( 'NONE', #2891, #4949, #936 ) ;
#7682 = FACE_OUTER_BOUND ( 'NONE', #5633, .T. ) ;
#7683 = DIRECTION ( 'NONE',  ( 1.000000000000000000, 0.000000000000000000, 0.000000000000000000 ) ) ;
#7684 = ORIENTED_EDGE ( 'NONE', *, *, #6586, .F. ) ;
#7685 = AXIS2_PLACEMENT_3D ( 'NONE', #8206, #618, #8861 ) ;
#7686 = CARTESIAN_POINT ( 'NONE',  ( 619.1959034797282584, 36.99999999999992895, 1242.205926553572681 ) ) ;
#7687 = STYLED_ITEM ( 'NONE', ( #1619 ), #8770 ) ;
#7688 = FILL_AREA_STYLE ('',( #846 ) ) ;
#7689 = SURFACE_STYLE_FILL_AREA ( #4147 ) ;
#7690 = CARTESIAN_POINT ( 'NONE',  ( 605.7246937748894879, -22.57598012616961825, 1188.290597263506243 ) ) ;
#7691 =( NAMED_UNIT ( * ) PLANE_ANGLE_UNIT ( ) SI_UNIT ( $, .RADIAN. ) );
#7692 = MECHANICAL_DESIGN_GEOMETRIC_PRESENTATION_REPRESENTATION (  '', ( #6255 ), #4097 ) ;
#7693 = CARTESIAN_POINT ( 'NONE',  ( 604.5847860106965754, 44.50365878355181337, 1236.300588406849101 ) ) ;
#7694 = COLOUR_RGB ( '',0.7490196078431372584, 0.7490196078431372584, 0.7490196078431372584 ) ;
#7695 = ORIENTED_EDGE ( 'NONE', *, *, #2141, .F. ) ;
#7696 =( LENGTH_UNIT ( ) NAMED_UNIT ( * ) SI_UNIT ( .MILLI., .METRE. ) );
#7697 = CARTESIAN_POINT ( 'NONE',  ( 605.6782980824893912, 50.16319219434610233, 1239.720981580550188 ) ) ;
#7698 = UNCERTAINTY_MEASURE_WITH_UNIT (LENGTH_MEASURE( 1.000000000000000082E-05 ), #7352, 'distance_accuracy_value', 'NONE');
#7699 = VERTEX_POINT ( 'NONE', #1198 ) ;
#7700 = SURFACE_STYLE_FILL_AREA ( #4965 ) ;
#7701 = CIRCLE ( 'NONE', #3962, 51.54051262744641093 ) ;
#7702 = CARTESIAN_POINT ( 'NONE',  ( 607.5056544819993860, 24.31085940789707678, 1265.902522103038109 ) ) ;
#7703 = STYLED_ITEM ( 'NONE', ( #1054 ), #2574 ) ;
#7704 = CIRCLE ( 'NONE', #4825, 4.000000000000003553 ) ;
#7705 = FILL_AREA_STYLE ('',( #3523 ) ) ;
#7706 = DIRECTION ( 'NONE',  ( -1.000000000000000000, 0.000000000000000000, -2.618191646955655209E-47 ) ) ;
#7707 = DIRECTION ( 'NONE',  ( 0.000000000000000000, 0.9510565162951475360, -0.3090169943749659365 ) ) ;
#7708 = CARTESIAN_POINT ( 'NONE',  ( 607.5168598383835388, -5.699490441708568333, 1196.198816193354105 ) ) ;
#7709 = CARTESIAN_POINT ( 'NONE',  ( 608.0896278849775172, -2.156715424738598230, 1196.796657023851594 ) ) ;
#7710 =( NAMED_UNIT ( * ) SI_UNIT ( $, .STERADIAN. ) SOLID_ANGLE_UNIT ( ) );
#7711 = UNCERTAINTY_MEASURE_WITH_UNIT (LENGTH_MEASURE( 1.000000000000000082E-05 ), #6773, 'distance_accuracy_value', 'NONE');
#7712 = EDGE_CURVE ( 'NONE', #558, #5229, #533, .T. ) ;
#7713 = PRESENTATION_LAYER_ASSIGNMENT (  '', '', ( #5855 ) ) ;
#7714 = CARTESIAN_POINT ( 'NONE',  ( 607.4999999999997726, 25.27476584857668485, 1196.212269241877721 ) ) ;
#7715 = ORIENTED_EDGE ( 'NONE', *, *, #2614, .T. ) ;
#7716 = EDGE_CURVE ( 'NONE', #251, #4026, #2937, .T. ) ;
#7717 = CONICAL_SURFACE ( 'NONE', #815, 3.024999999999944844, 0.7853981633974518317 ) ;
#7718 = VECTOR ( 'NONE', #4608, 1000.000000000000000 ) ;
#7719 = ORIENTED_EDGE ( 'NONE', *, *, #3005, .T. ) ;
#7720 = MECHANICAL_DESIGN_GEOMETRIC_PRESENTATION_REPRESENTATION (  '', ( #2717 ), #6283 ) ;
#7721 = EDGE_CURVE ( 'NONE', #478, #7532, #5854, .T. ) ;
#7722 = CARTESIAN_POINT ( 'NONE',  ( 622.4978484524308442, 17.67766952966373495, 1217.322330470336738 ) ) ;
#7723 = PRESENTATION_STYLE_ASSIGNMENT (( #6285 ) ) ;
#7724 = EDGE_CURVE ( 'NONE', #1346, #4473, #583, .T. ) ;
#7725 = CARTESIAN_POINT ( 'NONE',  ( 606.7272146429235136, -17.25701399233927447, 1195.267150885054662 ) ) ;
#7726 = VERTEX_POINT ( 'NONE', #4706 ) ;
#7727 = EDGE_CURVE ( 'NONE', #1792, #4845, #5952, .T. ) ;
#7728 = MECHANICAL_DESIGN_GEOMETRIC_PRESENTATION_REPRESENTATION (  '', ( #7456 ), #8445 ) ;
#7729 = CARTESIAN_POINT ( 'NONE',  ( 605.0807700986497366, 38.54641175962331801, 1238.386034068076697 ) ) ;
#7730 = CARTESIAN_POINT ( 'NONE',  ( 607.5490338956724372, -36.92170515316302470, 1247.804591417801021 ) ) ;
#7731 = CARTESIAN_POINT ( 'NONE',  ( 607.3248936065899670, -21.90206902460872840, 1190.269430855138353 ) ) ;
#7732 = CARTESIAN_POINT ( 'NONE',  ( 623.9999999999998863, 17.67766952966373495, 1217.322330470336738 ) ) ;
#7733 = B_SPLINE_CURVE_WITH_KNOTS ( 'NONE', 3,
 ( #7081, #7582, #5024, #3486, #4883, #5658, #2197, #6227, #8426, #7622 ),
 .UNSPECIFIED., .F., .F.,
 ( 4, 2, 2, 2, 4 ),
 ( 0.01404149217170997874, 0.01454664125457076629, 0.01505179033743155557, 0.01555693942029234486, 0.01606208850315313241 ),
 .UNSPECIFIED. ) ;
#7734 = VERTEX_POINT ( 'NONE', #1441 ) ;
#7735 = AXIS2_PLACEMENT_3D ( 'NONE', #6759, #2003, #7480 ) ;
#7736 = SURFACE_SIDE_STYLE ('',( #5808 ) ) ;
#7737 = FACE_OUTER_BOUND ( 'NONE', #4035, .T. ) ;
#7738 =( LENGTH_UNIT ( ) NAMED_UNIT ( * ) SI_UNIT ( .MILLI., .METRE. ) );
#7739 = DIRECTION ( 'NONE',  ( 1.000000000000000000, 0.000000000000000000, 2.618191646955655209E-47 ) ) ;
#7740 = PRESENTATION_STYLE_ASSIGNMENT (( #5726 ) ) ;
#7741 = CARTESIAN_POINT ( 'NONE',  ( 604.0999999999999091, -22.96049833377500704, 1268.302245695951342 ) ) ;
#7742 = VERTEX_POINT ( 'NONE', #7469 ) ;
#7743 = CARTESIAN_POINT ( 'NONE',  ( 607.0999999999999091, 38.15000223964202064, 1221.553759587003697 ) ) ;
#7744 =( NAMED_UNIT ( * ) PLANE_ANGLE_UNIT ( ) SI_UNIT ( $, .RADIAN. ) );
#7745 = EDGE_LOOP ( 'NONE', ( #3139, #4851, #2573, #5378, #5199, #4152, #4570, #8196, #4503, #6044, #768, #469, #8624, #8668, #204, #2917, #1806 ) ) ;
#7746 = PRESENTATION_LAYER_ASSIGNMENT (  '', '', ( #4018 ) ) ;
#7747 = SURFACE_STYLE_FILL_AREA ( #6401 ) ;
#7748 = FILL_AREA_STYLE ('',( #8561 ) ) ;
#7749 =( LENGTH_UNIT ( ) NAMED_UNIT ( * ) SI_UNIT ( .MILLI., .METRE. ) );
#7750 = FILL_AREA_STYLE_COLOUR ( '', #3145 ) ;
#7751 = DIRECTION ( 'NONE',  ( 0.000000000000000000, 0.5877852522924520429, 0.8090169943749627723 ) ) ;
#7752 = CARTESIAN_POINT ( 'NONE',  ( 607.5491463932667102, 22.34535848653873558, 1202.940294292209728 ) ) ;
#7753 =( NAMED_UNIT ( * ) SI_UNIT ( $, .STERADIAN. ) SOLID_ANGLE_UNIT ( ) );
#7754 = MECHANICAL_DESIGN_GEOMETRIC_PRESENTATION_REPRESENTATION (  '', ( #5473 ), #5754 ) ;
#7755 = CARTESIAN_POINT ( 'NONE',  ( 603.6047077932308866, -7.235211679319466712E-14, 1287.511584835815938 ) ) ;
#7756 = FACE_OUTER_BOUND ( 'NONE', #2202, .T. ) ;
#7757 = TOROIDAL_SURFACE ( 'NONE', #3170, 39.46123530638249832, 1.500000000000000000 ) ;
#7758 = FILL_AREA_STYLE_COLOUR ( '', #1759 ) ;
#7759 = VERTEX_POINT ( 'NONE', #579 ) ;
#7760 = FILL_AREA_STYLE ('',( #4376 ) ) ;
#7761 = SURFACE_SIDE_STYLE ('',( #8435 ) ) ;
#7762 = MECHANICAL_DESIGN_GEOMETRIC_PRESENTATION_REPRESENTATION (  '', ( #3181 ), #3881 ) ;
#7763 = ORIENTED_EDGE ( 'NONE', *, *, #6684, .T. ) ;
#7764 = ADVANCED_FACE ( 'NONE', ( #1297 ), #7596, .F. ) ;
#7765 = DIRECTION ( 'NONE',  ( 0.000000000000000000, 0.000000000000000000, 1.000000000000000000 ) ) ;
#7766 = CARTESIAN_POINT ( 'NONE',  ( 618.0046323443082201, -20.26026495595304411, 1191.074393682661139 ) ) ;
#7767 = ORIENTED_EDGE ( 'NONE', *, *, #3104, .F. ) ;
#7768 = AXIS2_PLACEMENT_3D ( 'NONE', #1737, #955, #4323 ) ;
#7769 = DIRECTION ( 'NONE',  ( 1.000000000000000000, 0.000000000000000000, -0.000000000000000000 ) ) ;
#7770 =( LENGTH_UNIT ( ) NAMED_UNIT ( * ) SI_UNIT ( .MILLI., .METRE. ) );
#7771 = CARTESIAN_POINT ( 'NONE',  ( 607.0251612914605630, -22.81433596256864149, 1190.048231225036716 ) ) ;
#7772 = CARTESIAN_POINT ( 'NONE',  ( 605.3769615805127842, 50.27266050782243667, 1239.095139801833739 ) ) ;
#7773 = ADVANCED_FACE ( 'NONE', ( #622 ), #1991, .F. ) ;
#7774 = CARTESIAN_POINT ( 'NONE',  ( 604.0999999999999091, -38.76750196085096434, 1223.454228313178646 ) ) ;
#7775 = EDGE_LOOP ( 'NONE', ( #5447, #1873, #5944 ) ) ;
#7776 = ADVANCED_FACE ( 'NONE', ( #5585 ), #3509, .F. ) ;
#7777 = COLOUR_RGB ( '',0.7490196078431372584, 0.7490196078431372584, 0.7490196078431372584 ) ;
#7778 =( LENGTH_UNIT ( ) NAMED_UNIT ( * ) SI_UNIT ( .MILLI., .METRE. ) );
#7779 =( LENGTH_UNIT ( ) NAMED_UNIT ( * ) SI_UNIT ( .MILLI., .METRE. ) );
#7780 = CARTESIAN_POINT ( 'NONE',  ( 603.8004994583108100, -21.21560025271458017, 1186.970025665128333 ) ) ;
#7781 = CARTESIAN_POINT ( 'NONE',  ( 607.4999999999997726, 38.84594644671678054, 1241.941292139399820 ) ) ;
#7782 = CARTESIAN_POINT ( 'NONE',  ( 607.5951979511409036, 38.49999808834343895, 1240.806325431353798 ) ) ;
#7783 = DIRECTION ( 'NONE',  ( 0.000000000000000000, -0.9510565162951539753, 0.3090169943749465631 ) ) ;
#7784 = EDGE_LOOP ( 'NONE', ( #796, #3188, #5401 ) ) ;
#7785 = DIRECTION ( 'NONE',  ( -8.628166150854823190E-32, 0.9510565162951523099, -0.3090169943749515591 ) ) ;
#7786 = CIRCLE ( 'NONE', #1320, 2.000000000000039524 ) ;
#7787 = DIRECTION ( 'NONE',  ( 0.000000000000000000, -0.9510565162951511997, 0.3090169943749551118 ) ) ;
#7788 = DIRECTION ( 'NONE',  ( -1.000000000000000000, 0.000000000000000000, -2.618191646955655209E-47 ) ) ;
#7789 = UNCERTAINTY_MEASURE_WITH_UNIT (LENGTH_MEASURE( 1.000000000000000082E-05 ), #6486, 'distance_accuracy_value', 'NONE');
#7790 = VERTEX_POINT ( 'NONE', #5877 ) ;
#7791 = PLANE ( 'NONE',  #8259 ) ;
#7792 = CARTESIAN_POINT ( 'NONE',  ( 602.4999999999997726, -6.591949208711866959E-14, 1234.999999999999545 ) ) ;
#7793 =( NAMED_UNIT ( * ) SI_UNIT ( $, .STERADIAN. ) SOLID_ANGLE_UNIT ( ) );
#7794 = CARTESIAN_POINT ( 'NONE',  ( 624.9999999999998863, -6.591949208711866959E-14, 1272.541746372538910 ) ) ;
#7795 = DIRECTION ( 'NONE',  ( 0.5150380749100549327, -0.6061088109378245381, -0.6061088109378390820 ) ) ;
#7796 = CIRCLE ( 'NONE', #3912, 2.750000000000043077 ) ;
#7797 = UNCERTAINTY_MEASURE_WITH_UNIT (LENGTH_MEASURE( 1.000000000000000082E-05 ), #6459, 'distance_accuracy_value', 'NONE');
#7798 = B_SPLINE_CURVE_WITH_KNOTS ( 'NONE', 3,
 ( #7095, #7007, #7680, #927, #4388, #794, #7639, #5672, #7730, #8391, #2883, #3674 ),
 .UNSPECIFIED., .F., .F.,
 ( 4, 2, 2, 2, 2, 4 ),
 ( 0.000000000000000000, 0.0009233691069795112432, 0.001846738213959022486, 0.002308422767449098707, 0.002770107320939174927, 0.003693476427919349051 ),
 .UNSPECIFIED. ) ;
#7799 = SURFACE_STYLE_USAGE ( .BOTH. , #964 ) ;
#7800 = ORIENTED_EDGE ( 'NONE', *, *, #305, .T. ) ;
#7801 = CIRCLE ( 'NONE', #3499, 3.029100529101023564 ) ;
#7802 = CARTESIAN_POINT ( 'NONE',  ( 607.4999999999997726, 25.27476584857668485, 1200.212269241877721 ) ) ;
#7803 = CARTESIAN_POINT ( 'NONE',  ( 603.6047077932308866, -6.591949208711866959E-14, 1182.488415164183380 ) ) ;
#7804 = DIRECTION ( 'NONE',  ( 1.000000000000000000, 1.109265194285485936E-15, 3.199555054769809842E-17 ) ) ;
#7805 = CARTESIAN_POINT ( 'NONE',  ( 607.4999999999997726, 36.93954603556433369, 1221.119833192928809 ) ) ;
#7806 = EDGE_LOOP ( 'NONE', ( #2079, #5981, #8822, #4126, #8715 ) ) ;
#7807 = FILL_AREA_STYLE ('',( #2249 ) ) ;
#7808 = CARTESIAN_POINT ( 'NONE',  ( 604.8704162719099031, 50.42418288632353551, 1237.785864945547928 ) ) ;
#7809 = CIRCLE ( 'NONE', #8676, 4.000000000000003553 ) ;
#7810 = DIRECTION ( 'NONE',  ( 1.000000000000000000, 0.000000000000000000, 2.618191646955655209E-47 ) ) ;
#7811 = EDGE_LOOP ( 'NONE', ( #1837, #3409, #5418, #2830, #2187, #3388, #2589 ) ) ;
#7812 = CARTESIAN_POINT ( 'NONE',  ( 606.8021505354989813, -21.17085615079940908, 1190.499438271424197 ) ) ;
#7813 = CARTESIAN_POINT ( 'NONE',  ( 607.4999999999997726, -2.046973701652632624E-13, 1273.999999999999545 ) ) ;
#7814 = STYLED_ITEM ( 'NONE', ( #1742 ), #7838 ) ;
#7815 = COLOUR_RGB ( '',0.7490196078431372584, 0.7490196078431372584, 0.7490196078431372584 ) ;
#7816 = VERTEX_POINT ( 'NONE', #3040 ) ;
#7817 = DIRECTION ( 'NONE',  ( 2.126226658603510571E-31, 0.3090169943749516146, 0.9510565162951523099 ) ) ;
#7818 =( NAMED_UNIT ( * ) SI_UNIT ( $, .STERADIAN. ) SOLID_ANGLE_UNIT ( ) );
#7819 = EDGE_CURVE ( 'NONE', #8725, #885, #8377, .T. ) ;
#7820 = AXIS2_PLACEMENT_3D ( 'NONE', #4427, #7934, #7172 ) ;
#7821 = CIRCLE ( 'NONE', #201, 1.999999999999989342 ) ;
#7822 = CARTESIAN_POINT ( 'NONE',  ( 607.4999999999997726, -5.139185603509067057, 1195.626417082226453 ) ) ;
#7823 = FILL_AREA_STYLE ('',( #1722 ) ) ;
#7824 = EDGE_CURVE ( 'NONE', #6062, #4739, #8533, .T. ) ;
#7825 = CARTESIAN_POINT ( 'NONE',  ( 606.3092534645930982, -6.512889681968321298, 1196.382491645929576 ) ) ;
#7826 = FACE_OUTER_BOUND ( 'NONE', #826, .T. ) ;
#7827 = SURFACE_STYLE_USAGE ( .BOTH. , #4312 ) ;
#7828 = ORIENTED_EDGE ( 'NONE', *, *, #2151, .F. ) ;
#7829 = AXIS2_PLACEMENT_3D ( 'NONE', #8785, #4228, #5466 ) ;
#7830 = VECTOR ( 'NONE', #2370, 1000.000000000000000 ) ;
#7831 = CARTESIAN_POINT ( 'NONE',  ( 607.0999999999999091, 25.27476584857618747, 1269.787730758122734 ) ) ;
#7832 = ORIENTED_EDGE ( 'NONE', *, *, #1914, .F. ) ;
#7833 =( NAMED_UNIT ( * ) SI_UNIT ( $, .STERADIAN. ) SOLID_ANGLE_UNIT ( ) );
#7834 = CARTESIAN_POINT ( 'NONE',  ( 608.6786923971898204, 36.99999999999992895, 1226.363185080167113 ) ) ;
#7835 = COLOUR_RGB ( '',0.7490196078431372584, 0.7490196078431372584, 0.7490196078431372584 ) ;
#7836 = SURFACE_STYLE_USAGE ( .BOTH. , #7258 ) ;
#7837 =( GEOMETRIC_REPRESENTATION_CONTEXT ( 3 ) GLOBAL_UNCERTAINTY_ASSIGNED_CONTEXT ( ( #7243 ) ) GLOBAL_UNIT_ASSIGNED_CONTEXT ( ( #8005, #7240, #1863 ) ) REPRESENTATION_CONTEXT ( 'NONE', 'WORKASPACE' ) );
#7838 = ADVANCED_FACE ( 'NONE', ( #2372, #5789 ), #1051, .T. ) ;
#7839 = DIRECTION ( 'NONE',  ( 1.000000000000000000, -8.786078806946649765E-16, -6.778946662198310055E-16 ) ) ;
#7840 =( LENGTH_UNIT ( ) NAMED_UNIT ( * ) SI_UNIT ( .MILLI., .METRE. ) );
#7841 =( LENGTH_UNIT ( ) NAMED_UNIT ( * ) SI_UNIT ( .MILLI., .METRE. ) );
#7842 = STYLED_ITEM ( 'NONE', ( #971 ), #574 ) ;
#7843 = CARTESIAN_POINT ( 'NONE',  ( 602.4999999999997726, -6.591949208711866959E-14, 1234.999999999999545 ) ) ;
#7844 = AXIS2_PLACEMENT_3D ( 'NONE', #1755, #2116, #7539 ) ;
#7845 = DIRECTION ( 'NONE',  ( 0.000000000000000000, 0.7071067811865567876, -0.7071067811865382469 ) ) ;
#7846 = CARTESIAN_POINT ( 'NONE',  ( 623.9999999999998863, -25.00000000000006750, 1234.999999999999545 ) ) ;
#7847 = ORIENTED_EDGE ( 'NONE', *, *, #1733, .T. ) ;
#7848 =( GEOMETRIC_REPRESENTATION_CONTEXT ( 3 ) GLOBAL_UNCERTAINTY_ASSIGNED_CONTEXT ( ( #2065 ) ) GLOBAL_UNIT_ASSIGNED_CONTEXT ( ( #8584, #4436, #6517 ) ) REPRESENTATION_CONTEXT ( 'NONE', 'WORKASPACE' ) );
#7849 = SURFACE_STYLE_USAGE ( .BOTH. , #3794 ) ;
#7850 = FILL_AREA_STYLE_COLOUR ( '', #7214 ) ;
#7851 = ORIENTED_EDGE ( 'NONE', *, *, #2644, .F. ) ;
#7852 = STYLED_ITEM ( 'NONE', ( #3710 ), #1180 ) ;
#7853 = CARTESIAN_POINT ( 'NONE',  ( 614.5000000000005684, 43.12089565753963427, 1227.502145420339730 ) ) ;
#7854 = CARTESIAN_POINT ( 'NONE',  ( 604.5001223579450880, 52.48811501595525186, 1235.372302985583474 ) ) ;
#7855 = AXIS2_PLACEMENT_3D ( 'NONE', #8469, #5614, #7707 ) ;
#7856 = FILL_AREA_STYLE ('',( #7138 ) ) ;
#7857 = VERTEX_POINT ( 'NONE', #1786 ) ;
#7858 = FACE_BOUND ( 'NONE', #484, .T. ) ;
#7859 = DIRECTION ( 'NONE',  ( 0.000000000000000000, -0.8090169943749467851, 0.5877852522924739143 ) ) ;
#7860 = CARTESIAN_POINT ( 'NONE',  ( 605.4299621712838189, -22.41704162245907384, 1188.053882178202002 ) ) ;
#7861 = PRESENTATION_LAYER_ASSIGNMENT (  '', '', ( #6000 ) ) ;
#7862 = FILL_AREA_STYLE ('',( #1577 ) ) ;
#7863 = LINE ( 'NONE', #4482, #4488 ) ;
#7864 = AXIS2_PLACEMENT_3D ( 'NONE', #1267, #4868, #4015 ) ;
#7865 = ORIENTED_EDGE ( 'NONE', *, *, #728, .T. ) ;
#7866 = PRESENTATION_STYLE_ASSIGNMENT (( #3596 ) ) ;
#7867 = CARTESIAN_POINT ( 'NONE',  ( 634.4749999999997954, -17.67766952966371719, 1217.322330470335828 ) ) ;
#7868 = COLOUR_RGB ( '',0.7490196078431372584, 0.7490196078431372584, 0.7490196078431372584 ) ;
#7869 =( NAMED_UNIT ( * ) SI_UNIT ( $, .STERADIAN. ) SOLID_ANGLE_UNIT ( ) );
#7870 = CARTESIAN_POINT ( 'NONE',  ( 607.4999999999997726, -6.591949208711866959E-14, 1234.999999999999545 ) ) ;
#7871 = DIRECTION ( 'NONE',  ( 0.000000000000000000, 0.8415518235642154288, -0.5401763862441079089 ) ) ;
#7872 =( NAMED_UNIT ( * ) PLANE_ANGLE_UNIT ( ) SI_UNIT ( $, .RADIAN. ) );
#7873 = DIRECTION ( 'NONE',  ( -7.337192881882702300E-13, -0.9510565162951521989, 0.3090169943749515591 ) ) ;
#7874 = ORIENTED_EDGE ( 'NONE', *, *, #5974, .F. ) ;
#7875 = PRESENTATION_LAYER_ASSIGNMENT (  '', '', ( #7004 ) ) ;
#7876 = CONICAL_SURFACE ( 'NONE', #8747, 3.025000000000055422, 0.7853981633974518317 ) ;
#7877 = ORIENTED_EDGE ( 'NONE', *, *, #6293, .F. ) ;
#7878 =( NAMED_UNIT ( * ) PLANE_ANGLE_UNIT ( ) SI_UNIT ( $, .RADIAN. ) );
#7879 = EDGE_CURVE ( 'NONE', #8083, #5486, #5959, .T. ) ;
#7880 = LINE ( 'NONE', #3122, #1090 ) ;
#7881 = FACE_OUTER_BOUND ( 'NONE', #3712, .T. ) ;
#7882 = FILL_AREA_STYLE_COLOUR ( '', #2382 ) ;
#7883 = SURFACE_SIDE_STYLE ('',( #3651 ) ) ;
#7884 =( LENGTH_UNIT ( ) NAMED_UNIT ( * ) SI_UNIT ( .MILLI., .METRE. ) );
#7885 = FILL_AREA_STYLE_COLOUR ( '', #1405 ) ;
#7886 = EDGE_CURVE ( 'NONE', #6432, #4129, #7252, .T. ) ;
#7887 = CARTESIAN_POINT ( 'NONE',  ( 607.5960556515246935, -6.389618070620805668, 1196.594817129376452 ) ) ;
#7888 = ADVANCED_FACE ( 'NONE', ( #4216 ), #2426, .T. ) ;
#7889 = PRESENTATION_LAYER_ASSIGNMENT (  '', '', ( #6023 ) ) ;
#7890 = LINE ( 'NONE', #6366, #7830 ) ;
#7891 = UNCERTAINTY_MEASURE_WITH_UNIT (LENGTH_MEASURE( 1.000000000000000082E-05 ), #3513, 'distance_accuracy_value', 'NONE');
#7892 = EDGE_CURVE ( 'NONE', #8270, #7857, #1805, .T. ) ;
#7893 = CARTESIAN_POINT ( 'NONE',  ( 624.2999999999998408, -6.591949208711866959E-14, 1234.999999999999545 ) ) ;
#7894 = FILL_AREA_STYLE_COLOUR ( '', #2805 ) ;
#7895 = ORIENTED_EDGE ( 'NONE', *, *, #5520, .F. ) ;
#7896 = CARTESIAN_POINT ( 'NONE',  ( 634.9999999999997726, 14.65266952966373637, 1217.322330470336738 ) ) ;
#7897 = DIRECTION ( 'NONE',  ( -1.000000000000000000, 0.000000000000000000, 2.618191646955655209E-47 ) ) ;
#7898 = FACE_OUTER_BOUND ( 'NONE', #7202, .T. ) ;
#7899 = ORIENTED_EDGE ( 'NONE', *, *, #4200, .F. ) ;
#7900 = CIRCLE ( 'NONE', #130, 2.499999999999998668 ) ;
#7901 =( NAMED_UNIT ( * ) PLANE_ANGLE_UNIT ( ) SI_UNIT ( $, .RADIAN. ) );
#7902 = SURFACE_SIDE_STYLE ('',( #1112 ) ) ;
#7903 = ORIENTED_EDGE ( 'NONE', *, *, #7603, .T. ) ;
#7904 = DIRECTION ( 'NONE',  ( 1.000000000000000000, 0.000000000000000000, 0.000000000000000000 ) ) ;
#7905 = CARTESIAN_POINT ( 'NONE',  ( 634.7499999999997726, -6.591949208711866959E-14, 1259.999999999999773 ) ) ;
#7906 = CARTESIAN_POINT ( 'NONE',  ( 607.4999999999997726, -22.49026632728825703, 1191.571704670920781 ) ) ;
#7907 = AXIS2_PLACEMENT_3D ( 'NONE', #6882, #3375, #629 ) ;
#7908 = CARTESIAN_POINT ( 'NONE',  ( 602.3999999999998636, -6.591949208711866959E-14, 1234.999999999999545 ) ) ;
#7909 = CARTESIAN_POINT ( 'NONE',  ( 604.6116468229871543, 43.94678465436635406, 1233.509750395830451 ) ) ;
#7910 = EDGE_LOOP ( 'NONE', ( #8050, #2033, #2164, #2360, #6957, #2585, #7100, #1822, #6308, #7678, #6994, #2933, #4786, #4209, #2301, #2404, #4895 ) ) ;
#7911 = FILL_AREA_STYLE ('',( #393 ) ) ;
#7912 = CARTESIAN_POINT ( 'NONE',  ( 607.0999999999999091, 43.02335844053232705, 1250.029689829423660 ) ) ;
#7913 = AXIS2_PLACEMENT_3D ( 'NONE', #8345, #7098, #7683 ) ;
#7914 = LINE ( 'NONE', #5934, #1505 ) ;
#7915 = CARTESIAN_POINT ( 'NONE',  ( 634.9999999999997726, -14.65266952966396907, 1252.677669529663717 ) ) ;
#7916 = SURFACE_STYLE_USAGE ( .BOTH. , #4574 ) ;
#7917 = LINE ( 'NONE', #3994, #3424 ) ;
#7918 = ORIENTED_EDGE ( 'NONE', *, *, #1128, .T. ) ;
#7919 = AXIS2_PLACEMENT_3D ( 'NONE', #2421, #5021, #6412 ) ;
#7920 = CARTESIAN_POINT ( 'NONE',  ( 604.0999999999999091, -27.58903336337812817, 1271.273215820293899 ) ) ;
#7921 =( LENGTH_UNIT ( ) NAMED_UNIT ( * ) SI_UNIT ( .MILLI., .METRE. ) );
#7922 = EDGE_LOOP ( 'NONE', ( #6353, #4566, #6263, #7064 ) ) ;
#7923 = PRESENTATION_LAYER_ASSIGNMENT (  '', '', ( #5360 ) ) ;
#7924 = SURFACE_STYLE_USAGE ( .BOTH. , #7161 ) ;
#7925 = DIRECTION ( 'NONE',  ( 0.000000000000000000, 0.000000000000000000, -1.000000000000000000 ) ) ;
#7926 = SURFACE_STYLE_USAGE ( .BOTH. , #4013 ) ;
#7927 = CARTESIAN_POINT ( 'NONE',  ( 634.9999999999997726, -17.67766952966396943, 1252.677669529663717 ) ) ;
#7928 = SURFACE_STYLE_USAGE ( .BOTH. , #5211 ) ;
#7929 = FILL_AREA_STYLE_COLOUR ( '', #2487 ) ;
#7930 = SURFACE_SIDE_STYLE ('',( #7399 ) ) ;
#7931 = AXIS2_PLACEMENT_3D ( 'NONE', #1107, #3798, #1749 ) ;
#7932 = DIRECTION ( 'NONE',  ( -0.4074835525897666511, -0.8940844771236522437, 0.1859303690507505269 ) ) ;
#7933 = EDGE_CURVE ( 'NONE', #6663, #6439, #772, .T. ) ;
#7934 = DIRECTION ( 'NONE',  ( 1.000000000000000000, 0.000000000000000000, 0.000000000000000000 ) ) ;
#7935 = EDGE_LOOP ( 'NONE', ( #6097, #3504, #4406 ) ) ;
#7936 = SURFACE_SIDE_STYLE ('',( #3313 ) ) ;
#7937 = EDGE_CURVE ( 'NONE', #8534, #7630, #3940, .T. ) ;
#7938 = DIRECTION ( 'NONE',  ( 1.000000000000000000, 0.000000000000000000, -7.549516567451057407E-13 ) ) ;
#7939 = AXIS2_PLACEMENT_3D ( 'NONE', #4738, #1147, #5356 ) ;
#7940 = SURFACE_STYLE_USAGE ( .BOTH. , #7222 ) ;
#7941 = EDGE_LOOP ( 'NONE', ( #3415, #6809, #3625, #2981 ) ) ;
#7942 = DIRECTION ( 'NONE',  ( 0.000000000000000000, 0.000000000000000000, 1.000000000000000000 ) ) ;
#7943 = DIRECTION ( 'NONE',  ( 1.000000000000000000, -0.000000000000000000, 2.618191646955655209E-47 ) ) ;
#7944 = MECHANICAL_DESIGN_GEOMETRIC_PRESENTATION_REPRESENTATION (  '', ( #2075 ), #2796 ) ;
#7945 = ORIENTED_EDGE ( 'NONE', *, *, #5338, .F. ) ;
#7946 = EDGE_CURVE ( 'NONE', #7368, #7382, #8833, .T. ) ;
#7947 = FILL_AREA_STYLE_COLOUR ( '', #3671 ) ;
#7948 = DIRECTION ( 'NONE',  ( 0.000000000000000000, 0.000000000000000000, -1.000000000000000000 ) ) ;
#7949 = PLANE ( 'NONE',  #1835 ) ;
#7950 = CARTESIAN_POINT ( 'NONE',  ( 604.5911517980983945, 44.41593983878524199, 1236.347655059115368 ) ) ;
#7951 = ORIENTED_EDGE ( 'NONE', *, *, #3541, .T. ) ;
#7952 = AXIS2_PLACEMENT_3D ( 'NONE', #6124, #1404, #2087 ) ;
#7953 = SURFACE_STYLE_FILL_AREA ( #7911 ) ;
#7954 = CARTESIAN_POINT ( 'NONE',  ( 604.0999999999999091, 25.27476584857618747, 1269.787730758122734 ) ) ;
#7955 = MECHANICAL_DESIGN_GEOMETRIC_PRESENTATION_REPRESENTATION (  '', ( #3786 ), #8826 ) ;
#7956 = UNCERTAINTY_MEASURE_WITH_UNIT (LENGTH_MEASURE( 1.000000000000000082E-05 ), #2568, 'distance_accuracy_value', 'NONE');
#7957 = AXIS2_PLACEMENT_3D ( 'NONE', #4835, #8288, #6990 ) ;
#7958 =( NAMED_UNIT ( * ) SI_UNIT ( $, .STERADIAN. ) SOLID_ANGLE_UNIT ( ) );
#7959 = ORIENTED_EDGE ( 'NONE', *, *, #6793, .T. ) ;
#7960 = CARTESIAN_POINT ( 'NONE',  ( 606.5388626059204853, 50.97886440831310750, 1228.919213736954589 ) ) ;
#7961 = CARTESIAN_POINT ( 'NONE',  ( 634.9999999999997726, -6.591949208711866959E-14, 1259.999999999999773 ) ) ;
#7962 = ORIENTED_EDGE ( 'NONE', *, *, #5695, .T. ) ;
#7963 = VECTOR ( 'NONE', #5523, 1000.000000000000000 ) ;
#7964 = AXIS2_PLACEMENT_3D ( 'NONE', #6541, #1648, #7119 ) ;
#7965 = CARTESIAN_POINT ( 'NONE',  ( 608.6261228425925083, 36.99999999999993605, 1243.694063977671021 ) ) ;
#7966 = CARTESIAN_POINT ( 'NONE',  ( 607.5726542117797635, -23.04901952702356382, 1203.539376158025789 ) ) ;
#7967 =( NAMED_UNIT ( * ) SI_UNIT ( $, .STERADIAN. ) SOLID_ANGLE_UNIT ( ) );
#7968 = AXIS2_PLACEMENT_3D ( 'NONE', #1773, #406, #3160 ) ;
#7969 = DIRECTION ( 'NONE',  ( 1.000000000000000000, 3.732113731436789969E-16, -1.045086722461000084E-15 ) ) ;
#7970 = CARTESIAN_POINT ( 'NONE',  ( 606.9073015587439386, 39.49988302595486545, 1228.489248247028854 ) ) ;
#7971 =( LENGTH_UNIT ( ) NAMED_UNIT ( * ) SI_UNIT ( .MILLI., .METRE. ) );
#7972 = VECTOR ( 'NONE', #2763, 1000.000000000000000 ) ;
#7973 = SURFACE_STYLE_USAGE ( .BOTH. , #2009 ) ;
#7974 = CARTESIAN_POINT ( 'NONE',  ( 603.1000629154028729, 38.57672944015189387, 1243.089688742951694 ) ) ;
#7975 =( NAMED_UNIT ( * ) SI_UNIT ( $, .STERADIAN. ) SOLID_ANGLE_UNIT ( ) );
#7976 = UNCERTAINTY_MEASURE_WITH_UNIT (LENGTH_MEASURE( 1.000000000000000082E-05 ), #2409, 'distance_accuracy_value', 'NONE');
#7977 = AXIS2_PLACEMENT_3D ( 'NONE', #1900, #7999, #7375 ) ;
#7978 = PRESENTATION_LAYER_ASSIGNMENT (  '', '', ( #5693 ) ) ;
#7979 = EDGE_LOOP ( 'NONE', ( #5063, #1272, #7139 ) ) ;
#7980 = CARTESIAN_POINT ( 'NONE',  ( 604.0999999999999091, -25.27476584857636510, 1204.212269241876584 ) ) ;
#7981 = COLOUR_RGB ( '',0.7490196078431372584, 0.7490196078431372584, 0.7490196078431372584 ) ;
#7982 = DIRECTION ( 'NONE',  ( 0.000000000000000000, 0.000000000000000000, 1.000000000000000000 ) ) ;
#7983 = CARTESIAN_POINT ( 'NONE',  ( 614.4999999999997726, -4.300704919659690262, 1197.493281439266639 ) ) ;
#7984 = AXIS2_PLACEMENT_3D ( 'NONE', #7185, #7769, #4438 ) ;
#7985 = PRESENTATION_LAYER_ASSIGNMENT (  '', '', ( #8713 ) ) ;
#7986 = FILL_AREA_STYLE ('',( #1237 ) ) ;
#7988 = EDGE_CURVE ( 'NONE', #1985, #2542, #1947, .T. ) ;
#7987 = ORIENTED_EDGE ( 'NONE', *, *, #6739, .F. ) ;
#7989 = DIRECTION ( 'NONE',  ( -4.552280931047951416E-17, 0.3090169943749515591, 0.9510565162951523099 ) ) ;
#7990 = CARTESIAN_POINT ( 'NONE',  ( 603.2575010245005842, 52.35023221609550603, 1239.304526100422436 ) ) ;
#7991 = EDGE_CURVE ( 'NONE', #782, #3553, #8858, .T. ) ;
#7992 =( GEOMETRIC_REPRESENTATION_CONTEXT ( 3 ) GLOBAL_UNCERTAINTY_ASSIGNED_CONTEXT ( ( #2951 ) ) GLOBAL_UNIT_ASSIGNED_CONTEXT ( ( #8442, #4849, #8302 ) ) REPRESENTATION_CONTEXT ( 'NONE', 'WORKASPACE' ) );
#7993 = EDGE_LOOP ( 'NONE', ( #6751, #4538 ) ) ;
#7994 = AXIS2_PLACEMENT_3D ( 'NONE', #526, #5278, #3278 ) ;
#7995 = PRESENTATION_STYLE_ASSIGNMENT (( #5277 ) ) ;
#7996 = CARTESIAN_POINT ( 'NONE',  ( 607.5581748864783549, 0.6186077914409142675, 1195.963846505733954 ) ) ;
#7997 = VERTEX_POINT ( 'NONE', #648 ) ;
#7998 = EDGE_CURVE ( 'NONE', #1730, #4288, #263, .T. ) ;
#7999 = DIRECTION ( 'NONE',  ( 1.000000000000000000, -8.786078806946647793E-16, -6.778946662198310055E-16 ) ) ;
#8000 = CARTESIAN_POINT ( 'NONE',  ( 607.5726731305876456, 3.742042203307469698E-13, 1195.999999999999773 ) ) ;
#8001 = EDGE_CURVE ( 'NONE', #306, #5779, #4950, .T. ) ;
#8002 = LINE ( 'NONE', #8080, #6672 ) ;
#8003 = ORIENTED_EDGE ( 'NONE', *, *, #5159, .F. ) ;
#8004 = COLOUR_RGB ( '',0.7490196078431372584, 0.7490196078431372584, 0.7490196078431372584 ) ;
#8005 =( LENGTH_UNIT ( ) NAMED_UNIT ( * ) SI_UNIT ( .MILLI., .METRE. ) );
#8006 = CYLINDRICAL_SURFACE ( 'NONE', #3708, 2.999999999999891642 ) ;
#8007 = COLOUR_RGB ( '',0.7490196078431372584, 0.7490196078431372584, 0.7490196078431372584 ) ;
#8008 = FILL_AREA_STYLE_COLOUR ( '', #7324 ) ;
#8009 = DIRECTION ( 'NONE',  ( 0.000000000000000000, -0.5877852522924614798, 0.8090169943749560000 ) ) ;
#8010 = EDGE_LOOP ( 'NONE', ( #6021, #5529, #76, #7895 ) ) ;
#8011 = CARTESIAN_POINT ( 'NONE',  ( 607.1605382135403488, 49.81271922612064174, 1228.167293603400822 ) ) ;
#8012 = COLOUR_RGB ( '',0.7490196078431372584, 0.7490196078431372584, 0.7490196078431372584 ) ;
#8013 = SURFACE_SIDE_STYLE ('',( #5376 ) ) ;
#8014 = FILL_AREA_STYLE_COLOUR ( '', #4446 ) ;
#8015 = VERTEX_POINT ( 'NONE', #2190 ) ;
#8016 = DIRECTION ( 'NONE',  ( 0.000000000000000000, -0.8415518235642142075, 0.5401763862441096853 ) ) ;
#8017 = CARTESIAN_POINT ( 'NONE',  ( 607.4999999999997726, -21.72616315871106707, 1202.058188782236812 ) ) ;
#8018 = CARTESIAN_POINT ( 'NONE',  ( 607.4999999999997726, -5.418011637555555815, 1195.912479717932911 ) ) ;
#8019 = DIRECTION ( 'NONE',  ( 0.7071067811865450192, -0.7071067811865500152, -2.382254525458726147E-15 ) ) ;
#8020 = PRESENTATION_STYLE_ASSIGNMENT (( #7443 ) ) ;
#8021 = SURFACE_SIDE_STYLE ('',( #5304 ) ) ;
#8022 =( GEOMETRIC_REPRESENTATION_CONTEXT ( 3 ) GLOBAL_UNCERTAINTY_ASSIGNED_CONTEXT ( ( #7355 ) ) GLOBAL_UNIT_ASSIGNED_CONTEXT ( ( #3744, #6408, #323 ) ) REPRESENTATION_CONTEXT ( 'NONE', 'WORKASPACE' ) );
#8023 = B_SPLINE_CURVE_WITH_KNOTS ( 'NONE', 3,
 ( #2716, #7510, #4179, #2842, #1255, #2662, #4802, #3369, #1301, #7553, #6922, #6071, #4004, #5458 ),
 .UNSPECIFIED., .F., .F.,
 ( 4, 2, 2, 2, 2, 2, 4 ),
 ( 0.000000000000000000, 0.001055024343302299241, 0.001582536514953505457, 0.002110048686604711673, 0.002637560858255918322, 0.003165073029907124105, 0.004220097373209385182 ),
 .UNSPECIFIED. ) ;
#8024 = CARTESIAN_POINT ( 'NONE',  ( 606.8330994093271329, 50.13942351911915551, 1227.288968480386302 ) ) ;
#8025 = ORIENTED_EDGE ( 'NONE', *, *, #4720, .T. ) ;
#8026 = CARTESIAN_POINT ( 'NONE',  ( 606.1139414207541449, 51.54841411961415787, 1240.468084029630063 ) ) ;
#8027 = DIRECTION ( 'NONE',  ( 1.000000000000000000, 0.000000000000000000, 2.618191646955655209E-47 ) ) ;
#8028 = COLOUR_RGB ( '',0.7490196078431372584, 0.7490196078431372584, 0.7490196078431372584 ) ;
#8029 = EDGE_CURVE ( 'NONE', #3847, #8439, #183, .T. ) ;
#8030 = CARTESIAN_POINT ( 'NONE',  ( 602.5747849446763666, 52.53300320970706139, 1235.880748496819706 ) ) ;
#8031 = DIRECTION ( 'NONE',  ( 0.000000000000000000, -0.9983374403816054343, -0.05763987449938007268 ) ) ;
#8032 = ORIENTED_EDGE ( 'NONE', *, *, #1001, .T. ) ;
#8033 = CARTESIAN_POINT ( 'NONE',  ( 622.2727853570769412, 43.12089565753961296, 1230.865730002243936 ) ) ;
#8034 = FACE_OUTER_BOUND ( 'NONE', #8117, .T. ) ;
#8035 = ORIENTED_EDGE ( 'NONE', *, *, #3184, .F. ) ;
#8036 =( NAMED_UNIT ( * ) SI_UNIT ( $, .STERADIAN. ) SOLID_ANGLE_UNIT ( ) );
#8037 = DIRECTION ( 'NONE',  ( 1.000000000000000000, -0.000000000000000000, 2.618191646955655209E-47 ) ) ;
#8038 =( NAMED_UNIT ( * ) PLANE_ANGLE_UNIT ( ) SI_UNIT ( $, .RADIAN. ) );
#8039 = MECHANICAL_DESIGN_GEOMETRIC_PRESENTATION_REPRESENTATION (  '', ( #5619 ), #7609 ) ;
#8040 = EDGE_CURVE ( 'NONE', #8168, #656, #3237, .T. ) ;
#8041 = ORIENTED_EDGE ( 'NONE', *, *, #7167, .T. ) ;
#8042 =( NAMED_UNIT ( * ) PLANE_ANGLE_UNIT ( ) SI_UNIT ( $, .RADIAN. ) );
#8043 = ORIENTED_EDGE ( 'NONE', *, *, #7114, .T. ) ;
#8044 = CIRCLE ( 'NONE', #6328, 52.51158483581619407 ) ;
#8045 = EDGE_CURVE ( 'NONE', #8585, #6288, #4921, .T. ) ;
#8046 = CARTESIAN_POINT ( 'NONE',  ( 634.4749999999997954, 17.67766952966358218, 1255.177669529663717 ) ) ;
#8047 = LINE ( 'NONE', #444, #3279 ) ;
#8048 = DIRECTION ( 'NONE',  ( 1.000000000000000000, 0.000000000000000000, 2.618191646955655209E-47 ) ) ;
#8049 = DIRECTION ( 'NONE',  ( 0.000000000000000000, 1.000000000000000000, 0.000000000000000000 ) ) ;
#8050 = ORIENTED_EDGE ( 'NONE', *, *, #8200, .F. ) ;
#8051 = EDGE_CURVE ( 'NONE', #3847, #7430, #7535, .T. ) ;
#8052 = CARTESIAN_POINT ( 'NONE',  ( 605.3769615805124431, 50.27266050782242246, 1230.904860198166489 ) ) ;
#8053 = AXIS2_PLACEMENT_3D ( 'NONE', #1257, #8494, #3630 ) ;
#8054 = CARTESIAN_POINT ( 'NONE',  ( 634.9999999999997726, 26.76776695296629427, 1236.767766952965985 ) ) ;
#8055 = SURFACE_SIDE_STYLE ('',( #407 ) ) ;
#8056 = EDGE_LOOP ( 'NONE', ( #2694, #4873, #4177, #8904 ) ) ;
#8057 = SURFACE_SIDE_STYLE ('',( #3164 ) ) ;
#8058 = SURFACE_STYLE_FILL_AREA ( #590 ) ;
#8059 = VECTOR ( 'NONE', #2598, 1000.000000000000000 ) ;
#8060 = CARTESIAN_POINT ( 'NONE',  ( 606.5044974739093959, 38.51861442320572593, 1228.796695632775481 ) ) ;
#8061 = FILL_AREA_STYLE ('',( #3784 ) ) ;
#8062 = ORIENTED_EDGE ( 'NONE', *, *, #3541, .F. ) ;
#8063 = ORIENTED_EDGE ( 'NONE', *, *, #5490, .F. ) ;
#8064 = UNCERTAINTY_MEASURE_WITH_UNIT (LENGTH_MEASURE( 1.000000000000000082E-05 ), #4106, 'distance_accuracy_value', 'NONE');
#8065 = COLOUR_RGB ( '',0.7490196078431372584, 0.7490196078431372584, 0.7490196078431372584 ) ;
#8066 = CARTESIAN_POINT ( 'NONE',  ( 603.6047077932308866, -11.29135995801084569, 1183.716749983373802 ) ) ;
#8067 = EDGE_LOOP ( 'NONE', ( #5456, #8025, #3361, #424, #2451, #4007, #6453, #7093 ) ) ;
#8068 = CARTESIAN_POINT ( 'NONE',  ( 606.4308871569354551, 51.13317555247428459, 1240.933920346422383 ) ) ;
#8069 = CARTESIAN_POINT ( 'NONE',  ( 607.4999999999997726, -6.591949208711866959E-14, 1234.999999999999545 ) ) ;
#8070 = CARTESIAN_POINT ( 'NONE',  ( 606.5044975137928986, 38.51861434238857385, 1241.203304390234962 ) ) ;
#8071 = SURFACE_SIDE_STYLE ('',( #6009 ) ) ;
#8072 = ORIENTED_EDGE ( 'NONE', *, *, #8086, .F. ) ;
#8073 =( GEOMETRIC_REPRESENTATION_CONTEXT ( 3 ) GLOBAL_UNCERTAINTY_ASSIGNED_CONTEXT ( ( #7624 ) ) GLOBAL_UNIT_ASSIGNED_CONTEXT ( ( #7264, #420, #2503 ) ) REPRESENTATION_CONTEXT ( 'NONE', 'WORKASPACE' ) );
#8074 = FILL_AREA_STYLE ('',( #7412 ) ) ;
#8075 = MECHANICAL_DESIGN_GEOMETRIC_PRESENTATION_REPRESENTATION (  '', ( #7367 ), #5930 ) ;
#8076 = PRESENTATION_STYLE_ASSIGNMENT (( #5276 ) ) ;
#8077 = CARTESIAN_POINT ( 'NONE',  ( 634.9999999999997726, -25.00000000000006750, 1234.999999999999545 ) ) ;
#8078 = EDGE_LOOP ( 'NONE', ( #4588, #2225, #5817 ) ) ;
#8079 =( LENGTH_UNIT ( ) NAMED_UNIT ( * ) SI_UNIT ( .MILLI., .METRE. ) );
#8080 = CARTESIAN_POINT ( 'NONE',  ( 634.9999999999997726, 17.67766952966358218, 1249.652669529663626 ) ) ;
#8081 = ORIENTED_EDGE ( 'NONE', *, *, #3447, .T. ) ;
#8082 = DIRECTION ( 'NONE',  ( 0.5150380749100549327, 0.6061088109378245381, 0.6061088109378389710 ) ) ;
#8083 = VERTEX_POINT ( 'NONE', #1507 ) ;
#8084 = PRESENTATION_LAYER_ASSIGNMENT (  '', '', ( #3076 ) ) ;
#8085 = CARTESIAN_POINT ( 'NONE',  ( 603.6047077932302045, 52.26249122173548756, 1229.891325683983723 ) ) ;
#8086 = EDGE_CURVE ( 'NONE', #1861, #522, #1366, .T. ) ;
#8087 = CARTESIAN_POINT ( 'NONE',  ( 607.4999999999997726, 25.27476584857623365, 1269.787730758122734 ) ) ;
#8088 = EDGE_LOOP ( 'NONE', ( #4121, #8798 ) ) ;
#8089 = DIRECTION ( 'NONE',  ( 0.000000000000000000, -1.000000000000000000, 0.000000000000000000 ) ) ;
#8090 =( GEOMETRIC_REPRESENTATION_CONTEXT ( 3 ) GLOBAL_UNCERTAINTY_ASSIGNED_CONTEXT ( ( #4193 ) ) GLOBAL_UNIT_ASSIGNED_CONTEXT ( ( #5540, #6116, #8210 ) ) REPRESENTATION_CONTEXT ( 'NONE', 'WORKASPACE' ) );
#8091 = EDGE_CURVE ( 'NONE', #2332, #7532, #2525, .T. ) ;
#8092 = CARTESIAN_POINT ( 'NONE',  ( 607.5216434175007407, -22.04296905558139485, 1202.589323800425063 ) ) ;
#8093 = DIRECTION ( 'NONE',  ( 1.000000000000000000, 0.000000000000000000, 0.000000000000000000 ) ) ;
#8094 = CARTESIAN_POINT ( 'NONE',  ( 604.0999999999999091, 43.64085816174090837, 1221.870778896749698 ) ) ;
#8095 = CARTESIAN_POINT ( 'NONE',  ( 606.8068694952607984, 38.51314856340736270, 1228.581770306306908 ) ) ;
#8096 = CARTESIAN_POINT ( 'NONE',  ( 607.4999999999997726, -36.93954603556411342, 1221.119833192928809 ) ) ;
#8097 = ORIENTED_EDGE ( 'NONE', *, *, #4305, .T. ) ;
#8098 = B_SPLINE_CURVE_WITH_KNOTS ( 'NONE', 3,
 ( #2901, #5731, #8461, #275, #2316, #5062, #4352, #945, #6496, #8557, #3026, #8509, #2407, #7655 ),
 .UNSPECIFIED., .F., .F.,
 ( 4, 2, 2, 2, 2, 2, 4 ),
 ( 0.000000000000000000, 0.001061435509667618769, 0.002122871019335237537, 0.004245742038669823686, 0.005307177548337117627, 0.006368613058004410701, 0.008491484077338996850 ),
 .UNSPECIFIED. ) ;
#8099 = PRESENTATION_STYLE_ASSIGNMENT (( #1095 ) ) ;
#8100 = AXIS2_PLACEMENT_3D ( 'NONE', #6267, #6182, #4237 ) ;
#8101 = EDGE_LOOP ( 'NONE', ( #7353, #6200, #3387, #8736, #7828 ) ) ;
#8102 = VECTOR ( 'NONE', #913, 1000.000000000000000 ) ;
#8103 = FILL_AREA_STYLE_COLOUR ( '', #1765 ) ;
#8104 = EDGE_CURVE ( 'NONE', #7614, #7190, #2319, .T. ) ;
#8105 = LINE ( 'NONE', #4679, #4380 ) ;
#8106 = ORIENTED_EDGE ( 'NONE', *, *, #1637, .T. ) ;
#8107 = EDGE_CURVE ( 'NONE', #5474, #4775, #7397, .T. ) ;
#8108 = AXIS2_PLACEMENT_3D ( 'NONE', #4927, #6415, #4204 ) ;
#8109 = CARTESIAN_POINT ( 'NONE',  ( 604.0999999999999091, -40.89543020069181978, 1248.287730758122507 ) ) ;
#8110 = ORIENTED_EDGE ( 'NONE', *, *, #3983, .F. ) ;
#8111 = STYLED_ITEM ( 'NONE', ( #6664 ), #7331 ) ;
#8112 = SURFACE_STYLE_USAGE ( .BOTH. , #4643 ) ;
#8113 = FILL_AREA_STYLE_COLOUR ( '', #2414 ) ;
#8114 = SURFACE_STYLE_USAGE ( .BOTH. , #3884 ) ;
#8115 = DIRECTION ( 'NONE',  ( 0.000000000000000000, 0.000000000000000000, -1.000000000000000000 ) ) ;
#8116 = FACE_OUTER_BOUND ( 'NONE', #4986, .T. ) ;
#8117 = EDGE_LOOP ( 'NONE', ( #1057, #6324, #585, #4169 ) ) ;
#8118 = AXIS2_PLACEMENT_3D ( 'NONE', #1446, #8263, #4092 ) ;
#8119 = DIRECTION ( 'NONE',  ( 1.000000000000000000, -1.109265194285484556E-15, -3.199555054770527829E-17 ) ) ;
#8120 = MECHANICAL_DESIGN_GEOMETRIC_PRESENTATION_REPRESENTATION (  '', ( #4377 ), #504 ) ;
#8121 = PRESENTATION_LAYER_ASSIGNMENT (  '', '', ( #6407 ) ) ;
#8122 = ORIENTED_EDGE ( 'NONE', *, *, #6629, .T. ) ;
#8123 = VECTOR ( 'NONE', #3229, 1000.000000000000000 ) ;
#8124 = CARTESIAN_POINT ( 'NONE',  ( 604.4274259055138145, 52.06917065217199792, 1240.969950989377139 ) ) ;
#8125 = SURFACE_STYLE_FILL_AREA ( #31 ) ;
#8126 = MECHANICAL_DESIGN_GEOMETRIC_PRESENTATION_REPRESENTATION (  '', ( #6266 ), #8570 ) ;
#8127 = CARTESIAN_POINT ( 'NONE',  ( 622.0654966078413963, -13.74344507994302234, 1191.161719426714171 ) ) ;
#8128 = ORIENTED_EDGE ( 'NONE', *, *, #1795, .F. ) ;
#8129 = CARTESIAN_POINT ( 'NONE',  ( 603.6047077932308866, -6.591949208711866959E-14, 1234.999999999999545 ) ) ;
#8130 = DIRECTION ( 'NONE',  ( 0.7071067811865450192, 0.000000000000000000, 0.7071067811865500152 ) ) ;
#8131 = DIRECTION ( 'NONE',  ( 0.000000000000000000, 0.000000000000000000, 1.000000000000000000 ) ) ;
#8132 =( GEOMETRIC_REPRESENTATION_CONTEXT ( 3 ) GLOBAL_UNCERTAINTY_ASSIGNED_CONTEXT ( ( #2158 ) ) GLOBAL_UNIT_ASSIGNED_CONTEXT ( ( #8812, #6114, #6584 ) ) REPRESENTATION_CONTEXT ( 'NONE', 'WORKASPACE' ) );
#8133 =( LENGTH_UNIT ( ) NAMED_UNIT ( * ) SI_UNIT ( .MILLI., .METRE. ) );
#8134 = STYLED_ITEM ( 'NONE', ( #917 ), #2510 ) ;
#8135 = PLANE ( 'NONE',  #7964 ) ;
#8136 =( LENGTH_UNIT ( ) NAMED_UNIT ( * ) SI_UNIT ( .MILLI., .METRE. ) );
#8137 = VERTEX_POINT ( 'NONE', #6314 ) ;
#8138 = FILL_AREA_STYLE_COLOUR ( '', #2216 ) ;
#8139 = FILL_AREA_STYLE_COLOUR ( '', #3980 ) ;
#8140 = CARTESIAN_POINT ( 'NONE',  ( 618.0046323443070833, 48.03650030224891765, 1240.694898167943848 ) ) ;
#8141 = DIRECTION ( 'NONE',  ( 1.000000000000000000, -1.109265194285485936E-15, -3.199555054769049947E-17 ) ) ;
#8142 = VERTEX_POINT ( 'NONE', #5565 ) ;
#8143 = AXIS2_PLACEMENT_3D ( 'NONE', #5333, #3950, #5936 ) ;
#8144 = SURFACE_STYLE_FILL_AREA ( #3348 ) ;
#8145 = CIRCLE ( 'NONE', #3988, 2.000000000000001776 ) ;
#8146 = ORIENTED_EDGE ( 'NONE', *, *, #7568, .F. ) ;
#8147 = CYLINDRICAL_SURFACE ( 'NONE', #461, 10.00000000000001066 ) ;
#8148 = SURFACE_STYLE_FILL_AREA ( #730 ) ;
#8149 = UNCERTAINTY_MEASURE_WITH_UNIT (LENGTH_MEASURE( 1.000000000000000082E-05 ), #8581, 'distance_accuracy_value', 'NONE');
#8150 = ORIENTED_EDGE ( 'NONE', *, *, #1583, .F. ) ;
#8151 = AXIS2_PLACEMENT_3D ( 'NONE', #7283, #8037, #525 ) ;
#8152 = VECTOR ( 'NONE', #7476, 1000.000000000000000 ) ;
#8153 = CARTESIAN_POINT ( 'NONE',  ( 605.4999999999997726, -4.348377208782410186, 1195.931577768610623 ) ) ;
#8154 = AXIS2_PLACEMENT_3D ( 'NONE', #8077, #7463, #4606 ) ;
#8155 = EDGE_LOOP ( 'NONE', ( #4490, #7440, #7987, #6755 ) ) ;
#8156 = ADVANCED_FACE ( 'NONE', ( #732 ), #6536, .F. ) ;
#8157 = SURFACE_STYLE_USAGE ( .BOTH. , #606 ) ;
#8158 = CARTESIAN_POINT ( 'NONE',  ( 606.6723414004283086, 49.14781178153081242, 1228.775605882016180 ) ) ;
#8159 = DIRECTION ( 'NONE',  ( 1.000000000000000000, 0.000000000000000000, 2.618191646955655209E-47 ) ) ;
#8160 = CIRCLE ( 'NONE', #4279, 4.000000000000003553 ) ;
#8161 = EDGE_CURVE ( 'NONE', #5187, #2713, #2374, .T. ) ;
#8162 = ORIENTED_EDGE ( 'NONE', *, *, #8091, .F. ) ;
#8163 = CARTESIAN_POINT ( 'NONE',  ( 605.8131461501848207, -16.60834789519136478, 1199.915083719862650 ) ) ;
#8164 = UNCERTAINTY_MEASURE_WITH_UNIT (LENGTH_MEASURE( 1.000000000000000082E-05 ), #1581, 'distance_accuracy_value', 'NONE');
#8165 = ORIENTED_EDGE ( 'NONE', *, *, #4720, .F. ) ;
#8166 = DIRECTION ( 'NONE',  ( 1.000000000000000000, 0.000000000000000000, 0.000000000000000000 ) ) ;
#8167 = DIRECTION ( 'NONE',  ( 0.000000000000000000, -1.776356839400247112E-15, -1.000000000000000000 ) ) ;
#8168 = VERTEX_POINT ( 'NONE', #16 ) ;
#8169 = CARTESIAN_POINT ( 'NONE',  ( 604.5637748033846037, 41.25839140849993214, 1236.129714206603921 ) ) ;
#8170 = CARTESIAN_POINT ( 'NONE',  ( 607.9999999999998863, -16.19616235426051531, 1200.245354090726778 ) ) ;
#8171 = VERTEX_POINT ( 'NONE', #4113 ) ;
#8172 = CARTESIAN_POINT ( 'NONE',  ( 606.9999999999998863, -8.498670940345911973, 1187.439202623618257 ) ) ;
#8173 = CARTESIAN_POINT ( 'NONE',  ( 606.6251205999453759, 38.51758932188229068, 1240.157235062210475 ) ) ;
#8174 = CIRCLE ( 'NONE', #6176, 2.749999999999994227 ) ;
#8175 = CARTESIAN_POINT ( 'NONE',  ( 606.9999999999998863, -8.498670940345935065, 1187.439202623617803 ) ) ;
#8176 = CIRCLE ( 'NONE', #5044, 52.54051262744652462 ) ;
#8177 = CARTESIAN_POINT ( 'NONE',  ( 634.9999999999997726, -6.591949208711866959E-14, 1259.999999999999773 ) ) ;
#8178 = FACE_OUTER_BOUND ( 'NONE', #2491, .T. ) ;
#8179 = DIRECTION ( 'NONE',  ( 0.000000000000000000, -1.000000000000000000, 0.000000000000000000 ) ) ;
#8180 = PRESENTATION_STYLE_ASSIGNMENT (( #4907 ) ) ;
#8181 = FILL_AREA_STYLE_COLOUR ( '', #7514 ) ;
#8182 = SURFACE_SIDE_STYLE ('',( #2727 ) ) ;
#8183 = ORIENTED_EDGE ( 'NONE', *, *, #1583, .T. ) ;
#8184 = AXIS2_PLACEMENT_3D ( 'NONE', #5527, #8194, #7662 ) ;
#8185 = ORIENTED_EDGE ( 'NONE', *, *, #4807, .T. ) ;
#8186 = CARTESIAN_POINT ( 'NONE',  ( 608.9810433231989464, 38.48014767620348664, 1235.680987166428622 ) ) ;
#8187 = DIRECTION ( 'NONE',  ( 0.5150380749100549327, -0.8571673007021118895, -8.978350904003895353E-15 ) ) ;
#8188 = VERTEX_POINT ( 'NONE', #6858 ) ;
#8189 =( LENGTH_UNIT ( ) NAMED_UNIT ( * ) SI_UNIT ( .MILLI., .METRE. ) );
#8190 = CARTESIAN_POINT ( 'NONE',  ( 607.4999999999997726, -25.27476584857636510, 1200.212269241876584 ) ) ;
#8191 = ORIENTED_EDGE ( 'NONE', *, *, #631, .F. ) ;
#8192 = CARTESIAN_POINT ( 'NONE',  ( 614.4999999999997726, -11.89715428343568604, 1198.384324122636599 ) ) ;
#8193 = FACE_OUTER_BOUND ( 'NONE', #605, .T. ) ;
#8194 = DIRECTION ( 'NONE',  ( 1.000000000000000000, 0.000000000000000000, 2.618191646955655209E-47 ) ) ;
#8195 = CARTESIAN_POINT ( 'NONE',  ( 607.9999999999998863, -16.19616235426051531, 1200.245354090726778 ) ) ;
#8196 = ORIENTED_EDGE ( 'NONE', *, *, #1221, .T. ) ;
#8197 = CARTESIAN_POINT ( 'NONE',  ( 605.5095906989753303, -19.69881804484547416, 1188.581575553634593 ) ) ;
#8198 = EDGE_CURVE ( 'NONE', #6875, #7359, #7574, .T. ) ;
#8199 = VERTEX_POINT ( 'NONE', #2415 ) ;
#8200 = EDGE_CURVE ( 'NONE', #8488, #26, #200, .T. ) ;
#8201 = SURFACE_SIDE_STYLE ('',( #5578 ) ) ;
#8202 = FACE_OUTER_BOUND ( 'NONE', #4729, .T. ) ;
#8203 = STYLED_ITEM ( 'NONE', ( #3706 ), #1407 ) ;
#8204 = FACE_OUTER_BOUND ( 'NONE', #752, .T. ) ;
#8205 = EDGE_LOOP ( 'NONE', ( #4339, #3398, #3722, #3631, #4079 ) ) ;
#8206 = CARTESIAN_POINT ( 'NONE',  ( 607.9999999999998863, -6.591949208711866959E-14, 1234.999999999999545 ) ) ;
#8207 = CARTESIAN_POINT ( 'NONE',  ( 624.2999999999998408, -11.43362879187326620, 1199.810908897079571 ) ) ;
#8208 = SURFACE_STYLE_FILL_AREA ( #3831 ) ;
#8209 = MECHANICAL_DESIGN_GEOMETRIC_PRESENTATION_REPRESENTATION (  '', ( #8507 ), #5512 ) ;
#8210 =( NAMED_UNIT ( * ) SI_UNIT ( $, .STERADIAN. ) SOLID_ANGLE_UNIT ( ) );
#8211 = ORIENTED_EDGE ( 'NONE', *, *, #7503, .T. ) ;
#8212 = ADVANCED_FACE ( 'NONE', ( #904 ), #5687, .F. ) ;
#8213 = CARTESIAN_POINT ( 'NONE',  ( 606.2180058820514432, -10.53750933705386217, 1184.358887451980081 ) ) ;
#8214 = SURFACE_STYLE_USAGE ( .BOTH. , #2666 ) ;
#8215 = B_SPLINE_CURVE_WITH_KNOTS ( 'NONE', 3,
 ( #1348, #4854, #1399, #667, #8173, #3423, #4137, #8256, #5412, #5503 ),
 .UNSPECIFIED., .F., .F.,
 ( 4, 2, 2, 2, 4 ),
 ( 0.002836622860510445900, 0.003337364198231012984, 0.003838105535951579633, 0.004338846873672147150, 0.004839588211392713800 ),
 .UNSPECIFIED. ) ;
#8216 = FILL_AREA_STYLE_COLOUR ( '', #6395 ) ;
#8217 = CARTESIAN_POINT ( 'NONE',  ( 607.0999999999999091, -22.96049833377501770, 1268.302245695951342 ) ) ;
#8218 = FILL_AREA_STYLE ('',( #6844 ) ) ;
#8219 = AXIS2_PLACEMENT_3D ( 'NONE', #2444, #3770, #5804 ) ;
#8220 = CARTESIAN_POINT ( 'NONE',  ( 607.4999999999997726, -40.89543020069157109, 1225.712269241876811 ) ) ;
#8221 =( LENGTH_UNIT ( ) NAMED_UNIT ( * ) SI_UNIT ( .MILLI., .METRE. ) );
#8222 = DIRECTION ( 'NONE',  ( 0.000000000000000000, 0.000000000000000000, -1.000000000000000000 ) ) ;
#8223 = CARTESIAN_POINT ( 'NONE',  ( 612.7256587689291791, 48.25264363156792058, 1237.883238991543521 ) ) ;
#8224 = DIRECTION ( 'NONE',  ( -2.126226658603510133E-31, -0.3090169943749515591, -0.9510565162951521989 ) ) ;
#8225 = DIRECTION ( 'NONE',  ( 1.000000000000000000, 0.000000000000000000, 2.618191646955655209E-47 ) ) ;
#8226 = ORIENTED_EDGE ( 'NONE', *, *, #4796, .T. ) ;
#8227 =( NAMED_UNIT ( * ) SI_UNIT ( $, .STERADIAN. ) SOLID_ANGLE_UNIT ( ) );
#8228 = CARTESIAN_POINT ( 'NONE',  ( 603.1115245927497881, 38.57672943512953623, 1227.217892893565704 ) ) ;
#8229 = CARTESIAN_POINT ( 'NONE',  ( 602.3999999999998636, -6.591949208711866959E-14, 1234.999999999999545 ) ) ;
#8230 = UNCERTAINTY_MEASURE_WITH_UNIT (LENGTH_MEASURE( 1.000000000000000082E-05 ), #5479, 'distance_accuracy_value', 'NONE');
#8231 = VERTEX_POINT ( 'NONE', #6405 ) ;
#8232 = SURFACE_STYLE_USAGE ( .BOTH. , #6181 ) ;
#8233 = CARTESIAN_POINT ( 'NONE',  ( 619.1957038591674518, -4.580359748195284908, 1197.584146801205407 ) ) ;
#8234 = PRESENTATION_STYLE_ASSIGNMENT (( #2106 ) ) ;
#8235 = COLOUR_RGB ( '',0.7490196078431372584, 0.7490196078431372584, 0.7490196078431372584 ) ;
#8236 = AXIS2_PLACEMENT_3D ( 'NONE', #2698, #8159, #608 ) ;
#8237 = CARTESIAN_POINT ( 'NONE',  ( 607.2800436630689092, 38.50445047677411736, 1241.991791833471780 ) ) ;
#8238 = ORIENTED_EDGE ( 'NONE', *, *, #2788, .T. ) ;
#8239 = UNCERTAINTY_MEASURE_WITH_UNIT (LENGTH_MEASURE( 1.000000000000000082E-05 ), #8652, 'distance_accuracy_value', 'NONE');
#8240 = COLOUR_RGB ( '',0.7490196078431372584, 0.7490196078431372584, 0.7490196078431372584 ) ;
#8241 = CARTESIAN_POINT ( 'NONE',  ( 608.8064273572624643, -19.55414349636061289, 1202.449424068116741 ) ) ;
#8242 = ORIENTED_EDGE ( 'NONE', *, *, #5968, .F. ) ;
#8243 =( NAMED_UNIT ( * ) PLANE_ANGLE_UNIT ( ) SI_UNIT ( $, .RADIAN. ) );
#8244 = DIRECTION ( 'NONE',  ( 1.000000000000000000, 0.000000000000000000, 2.618191646955655209E-47 ) ) ;
#8245 =( LENGTH_UNIT ( ) NAMED_UNIT ( * ) SI_UNIT ( .MILLI., .METRE. ) );
#8246 = ORIENTED_EDGE ( 'NONE', *, *, #6948, .F. ) ;
#8247 = EDGE_CURVE ( 'NONE', #178, #7630, #8842, .T. ) ;
#8248 = CARTESIAN_POINT ( 'NONE',  ( 604.6410798133991875, 51.98959820862931025, 1241.165164726491184 ) ) ;
#8249 = CARTESIAN_POINT ( 'NONE',  ( 614.5000000000007958, -21.40557066085924021, 1193.651294942965023 ) ) ;
#8250 = AXIS2_PLACEMENT_3D ( 'NONE', #5635, #6440, #1719 ) ;
#8251 = CARTESIAN_POINT ( 'NONE',  ( 607.6911933507468575, -15.89160886291371355, 1199.682201091216712 ) ) ;
#8252 = ORIENTED_EDGE ( 'NONE', *, *, #410, .F. ) ;
#8253 = VECTOR ( 'NONE', #166, 1000.000000000000000 ) ;
#8254 = STYLED_ITEM ( 'NONE', ( #598 ), #4159 ) ;
#8255 = CARTESIAN_POINT ( 'NONE',  ( 605.8070342258857863, -11.31658829552476675, 1184.089588377117934 ) ) ;
#8256 = CARTESIAN_POINT ( 'NONE',  ( 607.3481602621186539, 38.50453269691082170, 1240.580943828850650 ) ) ;
#8257 = PRESENTATION_STYLE_ASSIGNMENT (( #8214 ) ) ;
#8258 = ADVANCED_FACE ( 'NONE', ( #8613 ), #7404, .T. ) ;
#8259 = AXIS2_PLACEMENT_3D ( 'NONE', #7073, #2320, #994 ) ;
#8260 = CIRCLE ( 'NONE', #5285, 37.56007651763759725 ) ;
#8261 = COLOUR_RGB ( '',0.7490196078431372584, 0.7490196078431372584, 0.7490196078431372584 ) ;
#8262 = EDGE_CURVE ( 'NONE', #534, #3329, #2989, .T. ) ;
#8263 = DIRECTION ( 'NONE',  ( 1.000000000000000000, -3.732113731436710097E-16, 1.045086722461002056E-15 ) ) ;
#8264 = SURFACE_STYLE_USAGE ( .BOTH. , #634 ) ;
#8265 = COLOUR_RGB ( '',0.7490196078431372584, 0.7490196078431372584, 0.7490196078431372584 ) ;
#8266 =( NAMED_UNIT ( * ) PLANE_ANGLE_UNIT ( ) SI_UNIT ( $, .RADIAN. ) );
#8267 = CARTESIAN_POINT ( 'NONE',  ( 612.7256587689291791, -12.16876367472873532, 1188.218038998497832 ) ) ;
#8268 = CYLINDRICAL_SURFACE ( 'NONE', #3859, 4.000000000000003553 ) ;
#8269 = CARTESIAN_POINT ( 'NONE',  ( 607.4999999999997726, -38.04327785582106713, 1224.516770445593693 ) ) ;
#8270 = VERTEX_POINT ( 'NONE', #6585 ) ;
#8271 = EDGE_CURVE ( 'NONE', #6689, #4822, #6960, .T. ) ;
#8272 = DIRECTION ( 'NONE',  ( 1.000000000000000000, 0.000000000000000000, 2.618191646955655209E-47 ) ) ;
#8273 = CIRCLE ( 'NONE', #1548, 7.499999999999972466 ) ;
#8274 = CARTESIAN_POINT ( 'NONE',  ( 603.4478776666168187, 38.57672943899043361, 1235.681011835447862 ) ) ;
#8275 = AXIS2_PLACEMENT_3D ( 'NONE', #7893, #7126, #5027 ) ;
#8276 = PRESENTATION_STYLE_ASSIGNMENT (( #4872 ) ) ;
#8277 = EDGE_LOOP ( 'NONE', ( #6670, #3289, #8572, #8412 ) ) ;
#8278 = STYLED_ITEM ( 'NONE', ( #8421 ), #2794 ) ;
#8279 = FILL_AREA_STYLE_COLOUR ( '', #8004 ) ;
#8280 = DIRECTION ( 'NONE',  ( 0.000000000000000000, 6.394884621840905459E-14, 1.000000000000000000 ) ) ;
#8281 = VECTOR ( 'NONE', #4317, 1000.000000000000000 ) ;
#8282 = PLANE ( 'NONE',  #5736 ) ;
#8283 = CARTESIAN_POINT ( 'NONE',  ( 606.2218452448413473, 49.75606285787605287, 1240.611873704966456 ) ) ;
#8284 = AXIS2_PLACEMENT_3D ( 'NONE', #8789, #1455, #6720 ) ;
#8285 = CARTESIAN_POINT ( 'NONE',  ( 606.7422597811707874, 49.01077398239441152, 1228.689185975172450 ) ) ;
#8286 = CYLINDRICAL_SURFACE ( 'NONE', #3464, 4.000000000000003553 ) ;
#8287 = DIRECTION ( 'NONE',  ( 1.000000000000000000, 0.000000000000000000, 2.618191646955655209E-47 ) ) ;
#8288 = DIRECTION ( 'NONE',  ( -1.000000000000000000, -0.000000000000000000, -2.618191646955655209E-47 ) ) ;
#8289 =( GEOMETRIC_REPRESENTATION_CONTEXT ( 3 ) GLOBAL_UNCERTAINTY_ASSIGNED_CONTEXT ( ( #2423 ) ) GLOBAL_UNIT_ASSIGNED_CONTEXT ( ( #4613, #7241, #3774 ) ) REPRESENTATION_CONTEXT ( 'NONE', 'WORKASPACE' ) );
#8290 =( GEOMETRIC_REPRESENTATION_CONTEXT ( 3 ) GLOBAL_UNCERTAINTY_ASSIGNED_CONTEXT ( ( #330 ) ) GLOBAL_UNIT_ASSIGNED_CONTEXT ( ( #82, #4307, #214 ) ) REPRESENTATION_CONTEXT ( 'NONE', 'WORKASPACE' ) );
#8291 = CIRCLE ( 'NONE', #824, 4.000000000000003553 ) ;
#8292 = CARTESIAN_POINT ( 'NONE',  ( 607.9999999999998863, -21.00113857098596526, 1202.919581268213733 ) ) ;
#8293 = ORIENTED_EDGE ( 'NONE', *, *, #1857, .F. ) ;
#8294 = DIRECTION ( 'NONE',  ( 1.000000000000000000, 8.786078806946690194E-16, 6.778946662198249905E-16 ) ) ;
#8295 = VECTOR ( 'NONE', #8130, 1000.000000000000000 ) ;
#8296 = CIRCLE ( 'NONE', #2864, 2.499999999999946709 ) ;
#8297 = DIRECTION ( 'NONE',  ( 1.000000000000000000, -0.000000000000000000, 2.618191646955655209E-47 ) ) ;
#8298 = ORIENTED_EDGE ( 'NONE', *, *, #5974, .T. ) ;
#8299 = CARTESIAN_POINT ( 'NONE',  ( 604.0999999999999091, -25.27476584857651432, 1269.787730758122734 ) ) ;
#8300 = CARTESIAN_POINT ( 'NONE',  ( 604.5808388671086959, -17.61190834260190030, 1185.551252853663982 ) ) ;
#8301 = PRESENTATION_LAYER_ASSIGNMENT (  '', '', ( #7160 ) ) ;
#8302 =( NAMED_UNIT ( * ) SI_UNIT ( $, .STERADIAN. ) SOLID_ANGLE_UNIT ( ) );
#8303 = FILL_AREA_STYLE_COLOUR ( '', #2655 ) ;
#8304 = ORIENTED_EDGE ( 'NONE', *, *, #1104, .T. ) ;
#8305 = CARTESIAN_POINT ( 'NONE',  ( 607.1618618582941735, -8.892173058441651179, 1185.516987150376281 ) ) ;
#8306 = SURFACE_SIDE_STYLE ('',( #3291 ) ) ;
#8307 = CARTESIAN_POINT ( 'NONE',  ( 605.3769615805127842, -11.64039705568616512, 1185.922390839433547 ) ) ;
#8308 = CARTESIAN_POINT ( 'NONE',  ( 634.9999999999997726, 27.13899801308923188, 1237.138998013088894 ) ) ;
#8309 = AXIS2_PLACEMENT_3D ( 'NONE', #3914, #2500, #1135 ) ;
#8310 = EDGE_CURVE ( 'NONE', #8142, #6349, #7344, .T. ) ;
#8311 = PRESENTATION_LAYER_ASSIGNMENT (  '', '', ( #1579 ) ) ;
#8312 = PLANE ( 'NONE',  #5548 ) ;
#8313 =( LENGTH_UNIT ( ) NAMED_UNIT ( * ) SI_UNIT ( .MILLI., .METRE. ) );
#8314 = EDGE_CURVE ( 'NONE', #3595, #1848, #6691, .T. ) ;
#8315 =( NAMED_UNIT ( * ) SI_UNIT ( $, .STERADIAN. ) SOLID_ANGLE_UNIT ( ) );
#8316 = CARTESIAN_POINT ( 'NONE',  ( 604.6059685527651482, 44.13865656527024584, 1233.547927633623431 ) ) ;
#8317 = DIRECTION ( 'NONE',  ( 0.000000000000000000, 1.000000000000000000, 0.000000000000000000 ) ) ;
#8318 = ORIENTED_EDGE ( 'NONE', *, *, #1914, .T. ) ;
#8319 = CIRCLE ( 'NONE', #3448, 38.34320131763259099 ) ;
#8320 = DIRECTION ( 'NONE',  ( 1.000000000000000000, 0.000000000000000000, 0.000000000000000000 ) ) ;
#8321 = UNCERTAINTY_MEASURE_WITH_UNIT (LENGTH_MEASURE( 1.000000000000000082E-05 ), #7696, 'distance_accuracy_value', 'NONE');
#8322 = VERTEX_POINT ( 'NONE', #5342 ) ;
#8323 = CARTESIAN_POINT ( 'NONE',  ( 607.5960556515167355, -17.40469049624281439, 1200.173831115893563 ) ) ;
#8324 = DIRECTION ( 'NONE',  ( 0.000000000000000000, 0.9510565162951537532, -0.3090169943749468962 ) ) ;
#8325 = CARTESIAN_POINT ( 'NONE',  ( 606.8932772183273983, 48.61902495915762756, 1241.491664379082977 ) ) ;
#8326 = CARTESIAN_POINT ( 'NONE',  ( 607.7777188951273502, -7.716529768845041382, 1197.205496687796312 ) ) ;
#8327 = CARTESIAN_POINT ( 'NONE',  ( 607.4577986734470869, 38.50107162348061962, 1242.458385819075829 ) ) ;
#8328 = CARTESIAN_POINT ( 'NONE',  ( 608.3998724766159967, -2.851053533722713418, 1197.022261151304974 ) ) ;
#8329 = UNCERTAINTY_MEASURE_WITH_UNIT (LENGTH_MEASURE( 1.000000000000000082E-05 ), #6484, 'distance_accuracy_value', 'NONE');
#8330 = AXIS2_PLACEMENT_3D ( 'NONE', #5546, #1445, #4181 ) ;
#8331 = CARTESIAN_POINT ( 'NONE',  ( 607.5490338956724372, -22.34393693319539764, 1267.061165841549382 ) ) ;
#8332 = VERTEX_POINT ( 'NONE', #2001 ) ;
#8333 = DIRECTION ( 'NONE',  ( 0.000000000000000000, 0.7071067811865577868, -0.7071067811865371366 ) ) ;
#8334 = COLOUR_RGB ( '',0.7490196078431372584, 0.7490196078431372584, 0.7490196078431372584 ) ;
#8335 = FACE_OUTER_BOUND ( 'NONE', #3045, .T. ) ;
#8336 = ORIENTED_EDGE ( 'NONE', *, *, #4090, .T. ) ;
#8337 = AXIS2_PLACEMENT_3D ( 'NONE', #4785, #4240, #4833 ) ;
#8338 = CARTESIAN_POINT ( 'NONE',  ( 602.5748995267467762, -15.39389715728681196, 1184.765345008206850 ) ) ;
#8339 = STYLED_ITEM ( 'NONE', ( #7199 ), #7001 ) ;
#8340 = CARTESIAN_POINT ( 'NONE',  ( 606.6060680055155672, -17.90691225965084854, 1199.783892720501854 ) ) ;
#8341 = ORIENTED_EDGE ( 'NONE', *, *, #8708, .F. ) ;
#8342 = CARTESIAN_POINT ( 'NONE',  ( 605.0879707846750080, -12.27884870882190071, 1186.040837538155984 ) ) ;
#8343 = CIRCLE ( 'NONE', #5643, 28.62500000000001066 ) ;
#8344 = FILL_AREA_STYLE_COLOUR ( '', #1859 ) ;
#8345 = CARTESIAN_POINT ( 'NONE',  ( 614.4999999999997726, 43.26735247905153159, 1234.999999999999545 ) ) ;
#8346 = ORIENTED_EDGE ( 'NONE', *, *, #3335, .F. ) ;
#8347 = CYLINDRICAL_SURFACE ( 'NONE', #8250, 10.00000000000000888 ) ;
#8348 = CARTESIAN_POINT ( 'NONE',  ( 571.2463877986918988, -6.206185466980451242E-14, 1203.499999999999545 ) ) ;
#8349 = CARTESIAN_POINT ( 'NONE',  ( 604.0999999999999091, -25.27476584857656761, 1269.787730758122734 ) ) ;
#8350 = CARTESIAN_POINT ( 'NONE',  ( 603.6047077932308866, -21.00863595376531379, 1186.874084348125507 ) ) ;
#8351 =( NAMED_UNIT ( * ) PLANE_ANGLE_UNIT ( ) SI_UNIT ( $, .RADIAN. ) );
#8352 = AXIS2_PLACEMENT_3D ( 'NONE', #6642, #5352, #561 ) ;
#8353 = CIRCLE ( 'NONE', #7939, 4.000000000000003553 ) ;
#8354 = CARTESIAN_POINT ( 'NONE',  ( 604.5637948175562997, 44.74146162986976094, 1236.129943521585119 ) ) ;
#8355 = CARTESIAN_POINT ( 'NONE',  ( 607.4999999999997726, -6.591949208711866959E-14, 1234.999999999999545 ) ) ;
#8356 = VERTEX_POINT ( 'NONE', #5298 ) ;
#8357 = EDGE_CURVE ( 'NONE', #6736, #7398, #1217, .T. ) ;
#8358 = DIRECTION ( 'NONE',  ( -1.045086722460999295E-15, 0.9510565162951543083, -0.3090169943749447867 ) ) ;
#8359 = DIRECTION ( 'NONE',  ( -1.000000000000000000, 0.000000000000000000, -2.618191646955655209E-47 ) ) ;
#8360 = EDGE_LOOP ( 'NONE', ( #1380, #6466 ) ) ;
#8361 = PRESENTATION_STYLE_ASSIGNMENT (( #7022 ) ) ;
#8362 = EDGE_CURVE ( 'NONE', #2713, #5917, #2946, .T. ) ;
#8363 = CIRCLE ( 'NONE', #619, 30.49999999999997158 ) ;
#8364 = DIRECTION ( 'NONE',  ( 1.000000000000000000, -0.000000000000000000, -1.271368967841055707E-16 ) ) ;
#8365 = FILL_AREA_STYLE_COLOUR ( '', #5176 ) ;
#8366 = CARTESIAN_POINT ( 'NONE',  ( 604.0999999999999091, -0.9991355369594507874, 1194.562074975246333 ) ) ;
#8367 = FILL_AREA_STYLE_COLOUR ( '', #3211 ) ;
#8368 = SURFACE_STYLE_FILL_AREA ( #3654 ) ;
#8369 = CARTESIAN_POINT ( 'NONE',  ( 607.6911933507468575, -7.902699703957615007, 1197.086447154056714 ) ) ;
#8370 = STYLED_ITEM ( 'NONE', ( #4145 ), #7453 ) ;
#8371 = CARTESIAN_POINT ( 'NONE',  ( 607.4999999999997726, -5.558617648808234613, 1196.056734992776910 ) ) ;
#8372 = DIRECTION ( 'NONE',  ( 4.552280931047951416E-17, -0.3090169943749515591, -0.9510565162951523099 ) ) ;
#8373 = CARTESIAN_POINT ( 'NONE',  ( 614.4999999999997726, -19.18458665283686315, 1200.226423322300661 ) ) ;
#8374 = ADVANCED_FACE ( 'NONE', ( #1875 ), #7390, .T. ) ;
#8375 = SURFACE_SIDE_STYLE ('',( #4287 ) ) ;
#8376 = ORIENTED_EDGE ( 'NONE', *, *, #2940, .T. ) ;
#8377 = CIRCLE ( 'NONE', #3082, 2.499999999999946709 ) ;
#8378 = AXIS2_PLACEMENT_3D ( 'NONE', #5487, #2287, #5025 ) ;
#8379 = CARTESIAN_POINT ( 'NONE',  ( 624.2999999999998408, -6.591949208711866959E-14, 1234.999999999999545 ) ) ;
#8380 = CARTESIAN_POINT ( 'NONE',  ( 634.4749999999997954, -1.767766952966366434, 1211.767766952965985 ) ) ;
#8381 = CARTESIAN_POINT ( 'NONE',  ( 604.0999999999999091, -25.27476584857656761, 1269.787730758122734 ) ) ;
#8382 = ORIENTED_EDGE ( 'NONE', *, *, #1121, .T. ) ;
#8383 = AXIS2_PLACEMENT_3D ( 'NONE', #776, #2949, #8473 ) ;
#8384 =( GEOMETRIC_REPRESENTATION_CONTEXT ( 3 ) GLOBAL_UNCERTAINTY_ASSIGNED_CONTEXT ( ( #8683 ) ) GLOBAL_UNIT_ASSIGNED_CONTEXT ( ( #7490, #2554, #2603 ) ) REPRESENTATION_CONTEXT ( 'NONE', 'WORKASPACE' ) );
#8385 = PRESENTATION_LAYER_ASSIGNMENT (  '', '', ( #3941 ) ) ;
#8386 = SURFACE_STYLE_FILL_AREA ( #8484 ) ;
#8387 = CARTESIAN_POINT ( 'NONE',  ( 603.4310747363140308, -20.63973444064595242, 1186.708084925746334 ) ) ;
#8388 = CARTESIAN_POINT ( 'NONE',  ( 611.5110386142704328, -16.42287645993836520, 1189.600284032408126 ) ) ;
#8389 = ORIENTED_EDGE ( 'NONE', *, *, #6948, .T. ) ;
#8390 = MECHANICAL_DESIGN_GEOMETRIC_PRESENTATION_REPRESENTATION (  '', ( #4370 ), #2670 ) ;
#8391 = CARTESIAN_POINT ( 'NONE',  ( 607.5214760960344620, -36.88354466409834487, 1248.266947510857108 ) ) ;
#8392 = CARTESIAN_POINT ( 'NONE',  ( 606.7844716558327036, -22.83442677218717165, 1189.601271607299168 ) ) ;
#8393 =( LENGTH_UNIT ( ) NAMED_UNIT ( * ) SI_UNIT ( .MILLI., .METRE. ) );
#8394 = SURFACE_SIDE_STYLE ('',( #6382 ) ) ;
#8395 = ORIENTED_EDGE ( 'NONE', *, *, #8583, .T. ) ;
#8396 = PRESENTATION_LAYER_ASSIGNMENT (  '', '', ( #2245 ) ) ;
#8397 =( NAMED_UNIT ( * ) SI_UNIT ( $, .STERADIAN. ) SOLID_ANGLE_UNIT ( ) );
#8398 = FILL_AREA_STYLE_COLOUR ( '', #8437 ) ;
#8399 = CONICAL_SURFACE ( 'NONE', #77, 3.024999999999999911, 0.7853981633974518317 ) ;
#8400 = CYLINDRICAL_SURFACE ( 'NONE', #6383, 2.499999999999959144 ) ;
#8401 = FACE_OUTER_BOUND ( 'NONE', #2293, .T. ) ;
#8402 = DIRECTION ( 'NONE',  ( 1.000000000000000000, 0.000000000000000000, 2.618191646955655209E-47 ) ) ;
#8403 = SURFACE_STYLE_FILL_AREA ( #3112 ) ;
#8404 =( GEOMETRIC_REPRESENTATION_CONTEXT ( 3 ) GLOBAL_UNCERTAINTY_ASSIGNED_CONTEXT ( ( #4930 ) ) GLOBAL_UNIT_ASSIGNED_CONTEXT ( ( #1088, #6744, #5248 ) ) REPRESENTATION_CONTEXT ( 'NONE', 'WORKASPACE' ) );
#8405 = DIRECTION ( 'NONE',  ( 2.126226658603510571E-31, 0.3090169943749515591, 0.9510565162951523099 ) ) ;
#8406 = MECHANICAL_DESIGN_GEOMETRIC_PRESENTATION_REPRESENTATION (  '', ( #6417 ), #6704 ) ;
#8407 = ORIENTED_EDGE ( 'NONE', *, *, #4577, .T. ) ;
#8408 = COLOUR_RGB ( '',0.7490196078431372584, 0.7490196078431372584, 0.7490196078431372584 ) ;
#8409 = PRESENTATION_LAYER_ASSIGNMENT (  '', '', ( #3396 ) ) ;
#8410 = CARTESIAN_POINT ( 'NONE',  ( 606.5206782760097894, 49.39671506452624783, 1241.028758527863374 ) ) ;
#8411 = UNCERTAINTY_MEASURE_WITH_UNIT (LENGTH_MEASURE( 1.000000000000000082E-05 ), #1269, 'distance_accuracy_value', 'NONE');
#8412 = ORIENTED_EDGE ( 'NONE', *, *, #2067, .F. ) ;
#8413 = LINE ( 'NONE', #179, #8281 ) ;
#8414 = B_SPLINE_CURVE_WITH_KNOTS ( 'NONE', 3,
 ( #1823, #3418, #5498, #2658, #6163, #7965, #6066, #3456, #4539, #2756 ),
 .UNSPECIFIED., .F., .F.,
 ( 4, 2, 2, 2, 4 ),
 ( 0.01841495200347093367, 0.01937637358428936918, 0.01985708437469858867, 0.02009743976990319841, 0.02033779516510780816 ),
 .UNSPECIFIED. ) ;
#8415 = AXIS2_PLACEMENT_3D ( 'NONE', #3608, #2497, #7546 ) ;
#8416 = PRESENTATION_STYLE_ASSIGNMENT (( #1040 ) ) ;
#8417 =( NAMED_UNIT ( * ) PLANE_ANGLE_UNIT ( ) SI_UNIT ( $, .RADIAN. ) );
#8418 = PRESENTATION_LAYER_ASSIGNMENT (  '', '', ( #663 ) ) ;
#8419 = CIRCLE ( 'NONE', #2970, 2.750000000000031086 ) ;
#8420 =( NAMED_UNIT ( * ) SI_UNIT ( $, .STERADIAN. ) SOLID_ANGLE_UNIT ( ) );
#8421 = PRESENTATION_STYLE_ASSIGNMENT (( #1510 ) ) ;
#8422 = PRESENTATION_LAYER_ASSIGNMENT (  '', '', ( #3407 ) ) ;
#8423 = LINE ( 'NONE', #2994, #4462 ) ;
#8424 = COLOUR_RGB ( '',0.7490196078431372584, 0.7490196078431372584, 0.7490196078431372584 ) ;
#8425 = DIRECTION ( 'NONE',  ( 1.000000000000000000, 0.000000000000000000, 2.618191646955655209E-47 ) ) ;
#8426 = CARTESIAN_POINT ( 'NONE',  ( 605.9804556233600579, 38.52903637966789319, 1230.026954314056638 ) ) ;
#8427 = CARTESIAN_POINT ( 'NONE',  ( 626.9999999999997726, -6.555209804737446414E-14, 1262.999999999999773 ) ) ;
#8428 = UNCERTAINTY_MEASURE_WITH_UNIT (LENGTH_MEASURE( 1.000000000000000082E-05 ), #255, 'distance_accuracy_value', 'NONE');
#8429 = AXIS2_PLACEMENT_3D ( 'NONE', #6981, #2862, #5521 ) ;
#8430 = LINE ( 'NONE', #2292, #7288 ) ;
#8431 = EDGE_CURVE ( 'NONE', #6851, #2770, #5992, .T. ) ;
#8432 = ORIENTED_EDGE ( 'NONE', *, *, #7226, .T. ) ;
#8433 =( LENGTH_UNIT ( ) NAMED_UNIT ( * ) SI_UNIT ( .MILLI., .METRE. ) );
#8434 = EDGE_CURVE ( 'NONE', #4026, #3742, #3800, .T. ) ;
#8435 = SURFACE_STYLE_FILL_AREA ( #4330 ) ;
#8436 = PRESENTATION_LAYER_ASSIGNMENT (  '', '', ( #2424 ) ) ;
#8437 = COLOUR_RGB ( '',0.7490196078431372584, 0.7490196078431372584, 0.7490196078431372584 ) ;
#8438 = DIRECTION ( 'NONE',  ( -1.000000000000000000, 0.000000000000000000, -2.618191646955655209E-47 ) ) ;
#8439 = VERTEX_POINT ( 'NONE', #8695 ) ;
#8440 = PRESENTATION_LAYER_ASSIGNMENT (  '', '', ( #1855 ) ) ;
#8441 =( LENGTH_UNIT ( ) NAMED_UNIT ( * ) SI_UNIT ( .MILLI., .METRE. ) );
#8442 =( LENGTH_UNIT ( ) NAMED_UNIT ( * ) SI_UNIT ( .MILLI., .METRE. ) );
#8443 = ORIENTED_EDGE ( 'NONE', *, *, #1236, .F. ) ;
#8444 = AXIS2_PLACEMENT_3D ( 'NONE', #7371, #3146, #1020 ) ;
#8445 =( GEOMETRIC_REPRESENTATION_CONTEXT ( 3 ) GLOBAL_UNCERTAINTY_ASSIGNED_CONTEXT ( ( #2504 ) ) GLOBAL_UNIT_ASSIGNED_CONTEXT ( ( #7000, #3587, #2960 ) ) REPRESENTATION_CONTEXT ( 'NONE', 'WORKASPACE' ) );
#8446 = DIRECTION ( 'NONE',  ( -1.000000000000000000, 0.000000000000000000, -2.618191646955655209E-47 ) ) ;
#8447 = CIRCLE ( 'NONE', #4280, 8.000000000000007105 ) ;
#8448 =( NAMED_UNIT ( * ) SI_UNIT ( $, .STERADIAN. ) SOLID_ANGLE_UNIT ( ) );
#8449 = DIRECTION ( 'NONE',  ( 1.000000000000000000, 1.109265194285485936E-15, 3.199555054769799982E-17 ) ) ;
#8450 = ORIENTED_EDGE ( 'NONE', *, *, #4792, .F. ) ;
#8451 =( GEOMETRIC_REPRESENTATION_CONTEXT ( 3 ) GLOBAL_UNCERTAINTY_ASSIGNED_CONTEXT ( ( #3921 ) ) GLOBAL_UNIT_ASSIGNED_CONTEXT ( ( #5343, #2633, #7967 ) ) REPRESENTATION_CONTEXT ( 'NONE', 'WORKASPACE' ) );
#8452 =( NAMED_UNIT ( * ) PLANE_ANGLE_UNIT ( ) SI_UNIT ( $, .RADIAN. ) );
#8453 = DIRECTION ( 'NONE',  ( 1.000000000000000000, -0.000000000000000000, 2.618191646955655209E-47 ) ) ;
#8454 = CARTESIAN_POINT ( 'NONE',  ( 623.9999999999998863, 20.17766952966373495, 1217.322330470336738 ) ) ;
#8455 = CARTESIAN_POINT ( 'NONE',  ( 634.9999999999997726, -17.67766952966396943, 1252.677669529663717 ) ) ;
#8456 =( GEOMETRIC_REPRESENTATION_CONTEXT ( 3 ) GLOBAL_UNCERTAINTY_ASSIGNED_CONTEXT ( ( #3131 ) ) GLOBAL_UNIT_ASSIGNED_CONTEXT ( ( #3639, #7691, #850 ) ) REPRESENTATION_CONTEXT ( 'NONE', 'WORKASPACE' ) );
#8457 = CARTESIAN_POINT ( 'NONE',  ( 623.9999999999998863, 24.99999999999993605, 1234.999999999999545 ) ) ;
#8458 = DIRECTION ( 'NONE',  ( 1.000000000000000000, 8.786078806946694138E-16, 6.778946662198249905E-16 ) ) ;
#8459 = CARTESIAN_POINT ( 'NONE',  ( 607.0999999999999091, -25.27476584857606667, 1200.212269241876584 ) ) ;
#8460 = ORIENTED_EDGE ( 'NONE', *, *, #5853, .T. ) ;
#8461 = CARTESIAN_POINT ( 'NONE',  ( 605.1054593850944912, 50.35301232595318766, 1231.555191419554603 ) ) ;
#8462 = ORIENTED_EDGE ( 'NONE', *, *, #165, .F. ) ;
#8463 = MECHANICAL_DESIGN_GEOMETRIC_PRESENTATION_REPRESENTATION (  '', ( #7174 ), #2455 ) ;
#8464 = FACE_OUTER_BOUND ( 'NONE', #1187, .T. ) ;
#8465 = CARTESIAN_POINT ( 'NONE',  ( 608.8056901967360091, 36.99999999999993605, 1226.461185215977821 ) ) ;
#8466 = FACE_OUTER_BOUND ( 'NONE', #2023, .T. ) ;
#8467 = CARTESIAN_POINT ( 'NONE',  ( 604.0999999999999091, -40.89543020069171320, 1221.712269241877493 ) ) ;
#8468 = FILL_AREA_STYLE_COLOUR ( '', #4365 ) ;
#8469 = CARTESIAN_POINT ( 'NONE',  ( 604.0999999999999091, 40.89543020069158530, 1221.712269241876811 ) ) ;
#8470 = AXIS2_PLACEMENT_3D ( 'NONE', #8615, #1828, #8697 ) ;
#8471 = CARTESIAN_POINT ( 'NONE',  ( 633.9999999999997726, -6.591949208711866959E-14, 1234.999999999999545 ) ) ;
#8472 = CARTESIAN_POINT ( 'NONE',  ( 607.4999999999997726, 25.27476584857668485, 1196.212269241877721 ) ) ;
#8473 = DIRECTION ( 'NONE',  ( 0.000000000000000000, 0.000000000000000000, 1.000000000000000000 ) ) ;
#8474 = DIRECTION ( 'NONE',  ( 0.000000000000000000, 0.000000000000000000, 1.000000000000000000 ) ) ;
#8475 = CIRCLE ( 'NONE', #5897, 4.000000000000054179 ) ;
#8476 = SURFACE_STYLE_USAGE ( .BOTH. , #3000 ) ;
#8477 = VERTEX_POINT ( 'NONE', #8743 ) ;
#8478 = FILL_AREA_STYLE_COLOUR ( '', #2547 ) ;
#8479 =( NAMED_UNIT ( * ) SI_UNIT ( $, .STERADIAN. ) SOLID_ANGLE_UNIT ( ) );
#8480 = CARTESIAN_POINT ( 'NONE',  ( 634.9999999999997726, 42.24999999999994316, 1233.499999999999545 ) ) ;
#8481 = PRESENTATION_STYLE_ASSIGNMENT (( #7940 ) ) ;
#8483 = EDGE_CURVE ( 'NONE', #1008, #2470, #1211, .T. ) ;
#8482 = VERTEX_POINT ( 'NONE', #7478 ) ;
#8484 = FILL_AREA_STYLE ('',( #253 ) ) ;
#8485 = CARTESIAN_POINT ( 'NONE',  ( 604.4997569246615967, -16.91845864214941031, 1185.307789361839241 ) ) ;
#8486 = ADVANCED_FACE ( 'NONE', ( #2545 ), #6397, .T. ) ;
#8487 = LINE ( 'NONE', #5082, #5850 ) ;
#8488 = VERTEX_POINT ( 'NONE', #40 ) ;
#8489 = STYLED_ITEM ( 'NONE', ( #5910 ), #6852 ) ;
#8490 = CARTESIAN_POINT ( 'NONE',  ( 604.9441279416346333, 38.54919500908998486, 1237.978212529357052 ) ) ;
#8491 = FILL_AREA_STYLE ('',( #8344 ) ) ;
#8492 = CARTESIAN_POINT ( 'NONE',  ( 607.5121977653349177, -21.72846605754286387, 1191.410671504503171 ) ) ;
#8493 = DIRECTION ( 'NONE',  ( 0.000000000000000000, 0.000000000000000000, -1.000000000000000000 ) ) ;
#8494 = DIRECTION ( 'NONE',  ( 1.000000000000000000, 0.000000000000000000, 2.618191646955655209E-47 ) ) ;
#8496 = EDGE_CURVE ( 'NONE', #3568, #4172, #3383, .T. ) ;
#8495 = VERTEX_POINT ( 'NONE', #6303 ) ;
#8497 = MECHANICAL_DESIGN_GEOMETRIC_PRESENTATION_REPRESENTATION (  '', ( #8339 ), #2910 ) ;
#8498 = LINE ( 'NONE', #1197, #7718 ) ;
#8499 = EDGE_CURVE ( 'NONE', #5245, #5794, #4094, .T. ) ;
#8500 = SURFACE_STYLE_FILL_AREA ( #3634 ) ;
#8501 = CARTESIAN_POINT ( 'NONE',  ( 604.6435820371376622, -21.93111553129698166, 1187.461570679379975 ) ) ;
#8502 = CARTESIAN_POINT ( 'NONE',  ( 605.8131461501848207, -7.185960671679946010, 1196.853564525410775 ) ) ;
#8503 =( LENGTH_UNIT ( ) NAMED_UNIT ( * ) SI_UNIT ( .MILLI., .METRE. ) );
#8504 = CARTESIAN_POINT ( 'NONE',  ( 634.9999999999997726, -6.591949208711866959E-14, 1256.749999999999773 ) ) ;
#8505 = ORIENTED_EDGE ( 'NONE', *, *, #8599, .T. ) ;
#8506 = DIRECTION ( 'NONE',  ( -2.126226658603510133E-31, -0.3090169943749515591, -0.9510565162951523099 ) ) ;
#8507 = STYLED_ITEM ( 'NONE', ( #898 ), #1711 ) ;
#8508 = SURFACE_STYLE_USAGE ( .BOTH. , #944 ) ;
#8509 = CARTESIAN_POINT ( 'NONE',  ( 604.8707877653403102, 50.42406865211781763, 1237.787156406259555 ) ) ;
#8510 = UNCERTAINTY_MEASURE_WITH_UNIT (LENGTH_MEASURE( 1.000000000000000082E-05 ), #7159, 'distance_accuracy_value', 'NONE');
#8511 = ORIENTED_EDGE ( 'NONE', *, *, #6346, .T. ) ;
#8512 =( NAMED_UNIT ( * ) PLANE_ANGLE_UNIT ( ) SI_UNIT ( $, .RADIAN. ) );
#8513 = DIRECTION ( 'NONE',  ( 0.7071067811865450192, 0.7071067811865500152, 7.319954787623273400E-15 ) ) ;
#8514 = DIRECTION ( 'NONE',  ( 0.000000000000000000, -0.9510565162951559737, 0.3090169943749400683 ) ) ;
#8515 = FILL_AREA_STYLE_COLOUR ( '', #5106 ) ;
#8516 = LINE ( 'NONE', #3833, #5454 ) ;
#8517 = DIRECTION ( 'NONE',  ( 1.000000000000000000, 3.123522194620004932E-16, 1.064861060188242050E-15 ) ) ;
#8518 = CARTESIAN_POINT ( 'NONE',  ( 605.9511094321752580, 39.52574564019488434, 1229.027064225480899 ) ) ;
#8519 = PRESENTATION_STYLE_ASSIGNMENT (( #7078 ) ) ;
#8520 = B_SPLINE_CURVE_WITH_KNOTS ( 'NONE', 3,
 ( #5898, #2489, #3154, #3244, #6656, #1945, #1813, #8681 ),
 .UNSPECIFIED., .F., .F.,
 ( 4, 2, 2, 4 ),
 ( 0.001845358604726683727, 0.002307388060524994365, 0.002769417516323304570, 0.003693476427919924979 ),
 .UNSPECIFIED. ) ;
#8521 = CARTESIAN_POINT ( 'NONE',  ( 634.4749999999997954, 23.23223304703354941, 1233.232233047033333 ) ) ;
#8522 = DIRECTION ( 'NONE',  ( -1.000000000000000000, 0.000000000000000000, -2.618191646955655209E-47 ) ) ;
#8523 = CARTESIAN_POINT ( 'NONE',  ( 633.9999999999997726, -6.591949208711866959E-14, 1266.499999999999773 ) ) ;
#8524 = UNCERTAINTY_MEASURE_WITH_UNIT (LENGTH_MEASURE( 1.000000000000000082E-05 ), #5030, 'distance_accuracy_value', 'NONE');
#8525 = DIRECTION ( 'NONE',  ( 0.9099513691157745665, -0.4147149693998605779, 0.000000000000000000 ) ) ;
#8526 = SURFACE_SIDE_STYLE ('',( #6287 ) ) ;
#8527 = ORIENTED_EDGE ( 'NONE', *, *, #733, .F. ) ;
#8528 = CIRCLE ( 'NONE', #758, 2.499999999999998668 ) ;
#8529 = FILL_AREA_STYLE ('',( #2377 ) ) ;
#8530 = SURFACE_SIDE_STYLE ('',( #6950 ) ) ;
#8531 = EDGE_LOOP ( 'NONE', ( #1258, #6772 ) ) ;
#8532 = CARTESIAN_POINT ( 'NONE',  ( 605.4597290430538123, 52.29473367583091203, 1230.720473149814325 ) ) ;
#8533 = CIRCLE ( 'NONE', #5674, 3.999999999999965805 ) ;
#8534 = VERTEX_POINT ( 'NONE', #720 ) ;
#8535 = CARTESIAN_POINT ( 'NONE',  ( 604.8863426746020195, -18.21982636713288528, 1187.905851301609118 ) ) ;
#8536 = CARTESIAN_POINT ( 'NONE',  ( 607.0651308332797953, -21.85960948083423006, 1189.492066158740499 ) ) ;
#8537 =( NAMED_UNIT ( * ) PLANE_ANGLE_UNIT ( ) SI_UNIT ( $, .RADIAN. ) );
#8538 = CARTESIAN_POINT ( 'NONE',  ( 604.6131400333568990, 43.74999999999992895, 1236.499999999999773 ) ) ;
#8539 = COLOUR_RGB ( '',0.7490196078431372584, 0.7490196078431372584, 0.7490196078431372584 ) ;
#8540 = EDGE_CURVE ( 'NONE', #3661, #6604, #3428, .T. ) ;
#8541 = EDGE_LOOP ( 'NONE', ( #640, #1613, #7523, #3620 ) ) ;
#8542 = FACE_OUTER_BOUND ( 'NONE', #3776, .T. ) ;
#8543 = CARTESIAN_POINT ( 'NONE',  ( 607.4999999999997726, 40.89543020069168477, 1221.712269241877493 ) ) ;
#8544 = B_SPLINE_SURFACE_WITH_KNOTS ( 'NONE', 1, 3, ( 
 ( #7974, #6634, #501, #1881, #1175, #3918, #45, #7486, #4774, #6218, #8274, #131, #1415, #2859, #2051, #2816, #2144, #5431, #4154, #5607, #7520, #6310, #8228, #5559 ),
 ( #645, #3389, #5518, #2099, #6135, #6853, #1369, #6178, #4105, #7610, #8186, #6932, #8882, #92, #3435, #3518, #6895, #4871, #11, #6802, #683, #6260, #1461, #2731 ) ),
 .UNSPECIFIED., .F., .F., .F.,
 ( 2, 2 ),
 ( 4, 3, 2, 2, 2, 2, 2, 2, 2, 3, 4 ),
 ( 0.000000000000000000, 1.000000000000000000 ),
 ( 0.04971960475401720342, 0.05062015555336019795, 0.05417204793510579930, 0.05594799412597860344, 0.05683596722141499857, 0.05727995376913319614, 0.05772394031685140064, 0.05949988650772420479, 0.06127583269859700199, 0.06482772508034259640, 0.06574499268106469285 ),
 .UNSPECIFIED. ) ;
#8545 = PRESENTATION_LAYER_ASSIGNMENT (  '', '', ( #6250 ) ) ;
#8546 = AXIS2_PLACEMENT_3D ( 'NONE', #8565, #8517, #7751 ) ;
#8547 = EDGE_CURVE ( 'NONE', #7368, #4633, #6845, .T. ) ;
#8548 = CYLINDRICAL_SURFACE ( 'NONE', #2714, 4.000000000000003553 ) ;
#8549 = FILL_AREA_STYLE ('',( #3022 ) ) ;
#8550 = CARTESIAN_POINT ( 'NONE',  ( 624.2999999999998408, -6.591949208711866959E-14, 1272.560076517637299 ) ) ;
#8551 = ORIENTED_EDGE ( 'NONE', *, *, #733, .T. ) ;
#8552 = ADVANCED_FACE ( 'NONE', ( #801, #8178 ), #8312, .T. ) ;
#8553 = MECHANICAL_DESIGN_GEOMETRIC_PRESENTATION_REPRESENTATION (  '', ( #6690 ), #1213 ) ;
#8554 = COLOUR_RGB ( '',0.7490196078431372584, 0.7490196078431372584, 0.7490196078431372584 ) ;
#8555 = VECTOR ( 'NONE', #6595, 1000.000000000000000 ) ;
#8556 = DIRECTION ( 'NONE',  ( 2.126226658603510571E-31, 0.3090169943749516146, 0.9510565162951523099 ) ) ;
#8557 = CARTESIAN_POINT ( 'NONE',  ( 604.5940461012114611, 50.51017445847355702, 1236.413426253693842 ) ) ;
#8558 = ORIENTED_EDGE ( 'NONE', *, *, #4466, .F. ) ;
#8559 = FACE_OUTER_BOUND ( 'NONE', #127, .T. ) ;
#8560 = CARTESIAN_POINT ( 'NONE',  ( 608.8804530700164150, 36.99999999999993605, 1226.499758267696961 ) ) ;
#8561 = FILL_AREA_STYLE_COLOUR ( '', #3372 ) ;
#8562 = DIRECTION ( 'NONE',  ( 0.3301310043667952665, -0.8977356514636700702, 0.2916919951710548742 ) ) ;
#8563 = VECTOR ( 'NONE', #8793, 1000.000000000000000 ) ;
#8564 = CARTESIAN_POINT ( 'NONE',  ( 607.4999999999997726, -25.27476584857636510, 1200.212269241876584 ) ) ;
#8565 = CARTESIAN_POINT ( 'NONE',  ( 607.0999999999999091, -25.27476584857666708, 1269.787730758122734 ) ) ;
#8566 = PRESENTATION_STYLE_ASSIGNMENT (( #1918 ) ) ;
#8567 = PLANE ( 'NONE',  #7919 ) ;
#8568 = CARTESIAN_POINT ( 'NONE',  ( 604.0999999999999091, -38.15000223964209169, 1248.446240412995621 ) ) ;
#8569 = CIRCLE ( 'NONE', #5978, 52.51158483581619407 ) ;
#8570 =( GEOMETRIC_REPRESENTATION_CONTEXT ( 3 ) GLOBAL_UNCERTAINTY_ASSIGNED_CONTEXT ( ( #6908 ) ) GLOBAL_UNIT_ASSIGNED_CONTEXT ( ( #5448, #6913, #5623 ) ) REPRESENTATION_CONTEXT ( 'NONE', 'WORKASPACE' ) );
#8571 = DIRECTION ( 'NONE',  ( 0.000000000000000000, -0.7071067811865530128, -0.7071067811865419106 ) ) ;
#8572 = ORIENTED_EDGE ( 'NONE', *, *, #1738, .T. ) ;
#8573 = CIRCLE ( 'NONE', #5291, 37.96174931891926718 ) ;
#8574 = DIRECTION ( 'NONE',  ( 1.000000000000000000, 0.000000000000000000, 2.618191646955655209E-47 ) ) ;
#8575 = STYLED_ITEM ( 'NONE', ( #8234 ), #2692 ) ;
#8576 = LINE ( 'NONE', #5751, #5316 ) ;
#8577 = ORIENTED_EDGE ( 'NONE', *, *, #7418, .T. ) ;
#8578 =( GEOMETRIC_REPRESENTATION_CONTEXT ( 3 ) GLOBAL_UNCERTAINTY_ASSIGNED_CONTEXT ( ( #6636 ) ) GLOBAL_UNIT_ASSIGNED_CONTEXT ( ( #8189, #1372, #4776 ) ) REPRESENTATION_CONTEXT ( 'NONE', 'WORKASPACE' ) );
#8579 = VECTOR ( 'NONE', #869, 999.9999999999998863 ) ;
#8580 = CARTESIAN_POINT ( 'NONE',  ( 606.9345033921583763, 45.93964049335891531, 1235.475980701696244 ) ) ;
#8581 =( LENGTH_UNIT ( ) NAMED_UNIT ( * ) SI_UNIT ( .MILLI., .METRE. ) );
#8582 = AXIS2_PLACEMENT_3D ( 'NONE', #1556, #818, #6411 ) ;
#8583 = EDGE_CURVE ( 'NONE', #665, #5075, #1669, .T. ) ;
#8584 =( LENGTH_UNIT ( ) NAMED_UNIT ( * ) SI_UNIT ( .MILLI., .METRE. ) );
#8585 = VERTEX_POINT ( 'NONE', #637 ) ;
#8586 =( NAMED_UNIT ( * ) PLANE_ANGLE_UNIT ( ) SI_UNIT ( $, .RADIAN. ) );
#8587 = CARTESIAN_POINT ( 'NONE',  ( 623.9999999999998863, 17.67766952966373495, 1217.322330470336738 ) ) ;
#8588 = CARTESIAN_POINT ( 'NONE',  ( 607.2932550341515707, -22.72451261663222155, 1190.692747770206324 ) ) ;
#8589 = STYLED_ITEM ( 'NONE', ( #2178 ), #4978 ) ;
#8590 = DIRECTION ( 'NONE',  ( 0.000000000000000000, 0.000000000000000000, 1.000000000000000000 ) ) ;
#8591 = DIRECTION ( 'NONE',  ( 0.000000000000000000, -1.000000000000000000, 0.000000000000000000 ) ) ;
#8592 = AXIS2_PLACEMENT_3D ( 'NONE', #4269, #3023, #5099 ) ;
#8593 = VERTEX_POINT ( 'NONE', #6172 ) ;
#8594 = DIRECTION ( 'NONE',  ( 0.000000000000000000, 0.000000000000000000, 1.000000000000000000 ) ) ;
#8595 = CIRCLE ( 'NONE', #1710, 2.499999999999968914 ) ;
#8596 = AXIS2_PLACEMENT_3D ( 'NONE', #5417, #4810, #2044 ) ;
#8597 = CARTESIAN_POINT ( 'NONE',  ( 607.4999999999997726, 25.27476584857623365, 1273.787730758122734 ) ) ;
#8598 = CIRCLE ( 'NONE', #3995, 4.000000000000003553 ) ;
#8599 = EDGE_CURVE ( 'NONE', #1939, #6673, #7268, .T. ) ;
#8600 = LINE ( 'NONE', #8682, #1993 ) ;
#8601 = DIRECTION ( 'NONE',  ( 0.000000000000000000, 0.000000000000000000, -1.000000000000000000 ) ) ;
#8602 = CYLINDRICAL_SURFACE ( 'NONE', #2858, 4.000000000000003553 ) ;
#8603 = VERTEX_POINT ( 'NONE', #8454 ) ;
#8604 = PRESENTATION_LAYER_ASSIGNMENT (  '', '', ( #1426 ) ) ;
#8605 = AXIS2_PLACEMENT_3D ( 'NONE', #6743, #3944, #5409 ) ;
#8606 = COLOUR_RGB ( '',0.7490196078431372584, 0.7490196078431372584, 0.7490196078431372584 ) ;
#8607 = DIRECTION ( 'NONE',  ( 2.618191646955655209E-47, 0.000000000000000000, 1.000000000000000000 ) ) ;
#8608 = ORIENTED_EDGE ( 'NONE', *, *, #5048, .T. ) ;
#8609 = CARTESIAN_POINT ( 'NONE',  ( 614.4999999999997726, -11.43362879187326620, 1199.810908897079571 ) ) ;
#8610 = SURFACE_SIDE_STYLE ('',( #232 ) ) ;
#8611 = MECHANICAL_DESIGN_GEOMETRIC_PRESENTATION_REPRESENTATION (  '', ( #7461 ), #8456 ) ;
#8612 = EDGE_CURVE ( 'NONE', #8603, #2650, #217, .T. ) ;
#8613 = FACE_OUTER_BOUND ( 'NONE', #7567, .T. ) ;
#8614 =( NAMED_UNIT ( * ) SI_UNIT ( $, .STERADIAN. ) SOLID_ANGLE_UNIT ( ) );
#8615 = CARTESIAN_POINT ( 'NONE',  ( 604.0999999999999091, -40.89543020069151424, 1248.287730758122507 ) ) ;
#8616 = LINE ( 'NONE', #1877, #2791 ) ;
#8617 = FILL_AREA_STYLE ('',( #1216 ) ) ;
#8618 = FILL_AREA_STYLE ('',( #5874 ) ) ;
#8619 = PRESENTATION_LAYER_ASSIGNMENT (  '', '', ( #5747 ) ) ;
#8620 = DIRECTION ( 'NONE',  ( 1.000000000000000000, 0.000000000000000000, 0.000000000000000000 ) ) ;
#8621 = FILL_AREA_STYLE_COLOUR ( '', #8408 ) ;
#8622 = UNCERTAINTY_MEASURE_WITH_UNIT (LENGTH_MEASURE( 1.000000000000000082E-05 ), #6667, 'distance_accuracy_value', 'NONE');
#8623 = DIRECTION ( 'NONE',  ( 0.000000000000000000, 0.000000000000000000, 1.000000000000000000 ) ) ;
#8624 = ORIENTED_EDGE ( 'NONE', *, *, #8660, .F. ) ;
#8625 = CIRCLE ( 'NONE', #1880, 2.499999999999952038 ) ;
#8626 = CARTESIAN_POINT ( 'NONE',  ( 604.0999999999999091, -25.27476584857656761, 1269.787730758122734 ) ) ;
#8627 = CARTESIAN_POINT ( 'NONE',  ( 623.9999999999998863, 17.67766952966358218, 1252.677669529663717 ) ) ;
#8628 = ORIENTED_EDGE ( 'NONE', *, *, #7418, .F. ) ;
#8629 = STYLED_ITEM ( 'NONE', ( #5766 ), #6082 ) ;
#8630 = SURFACE_STYLE_FILL_AREA ( #5179 ) ;
#8631 = PRESENTATION_STYLE_ASSIGNMENT (( #3096 ) ) ;
#8632 = ORIENTED_EDGE ( 'NONE', *, *, #3058, .T. ) ;
#8633 = DIRECTION ( 'NONE',  ( 0.7071067811865525687, 0.000000000000000000, -0.7071067811865425767 ) ) ;
#8634 = CARTESIAN_POINT ( 'NONE',  ( 604.5000221502582463, 45.24985233157033093, 1234.802943842156765 ) ) ;
#8635 = ORIENTED_EDGE ( 'NONE', *, *, #4038, .T. ) ;
#8636 = DIRECTION ( 'NONE',  ( 1.000000000000000000, 3.123522194620006904E-16, 1.064861060188242247E-15 ) ) ;
#8637 = CIRCLE ( 'NONE', #1306, 2.499999999999946709 ) ;
#8638 = DIRECTION ( 'NONE',  ( 0.000000000000000000, 0.7071067811865552333, 0.7071067811865399122 ) ) ;
#8639 =( LENGTH_UNIT ( ) NAMED_UNIT ( * ) SI_UNIT ( .MILLI., .METRE. ) );
#8640 = PRESENTATION_STYLE_ASSIGNMENT (( #5244 ) ) ;
#8641 = ORIENTED_EDGE ( 'NONE', *, *, #6402, .F. ) ;
#8642 = CARTESIAN_POINT ( 'NONE',  ( 606.9999999809419933, 48.05862793107931452, 1228.385621743947468 ) ) ;
#8643 = CARTESIAN_POINT ( 'NONE',  ( 607.0999999999999091, -25.27476584857666708, 1269.787730758122734 ) ) ;
#8644 = TOROIDAL_SURFACE ( 'NONE', #4190, 39.46123530638249832, 1.500000000000000000 ) ;
#8645 =( LENGTH_UNIT ( ) NAMED_UNIT ( * ) SI_UNIT ( .MILLI., .METRE. ) );
#8646 = EDGE_LOOP ( 'NONE', ( #8150, #1770, #7672 ) ) ;
#8647 = CARTESIAN_POINT ( 'NONE',  ( 634.4749999999997954, 24.99999999999993605, 1234.999999999999545 ) ) ;
#8648 = CARTESIAN_POINT ( 'NONE',  ( 607.5693844170890543, -23.17830043242521043, 1203.622342452401881 ) ) ;
#8649 = ADVANCED_FACE ( 'NONE', ( #4342 ), #8704, .F. ) ;
#8650 = AXIS2_PLACEMENT_3D ( 'NONE', #958, #8522, #4545 ) ;
#8651 = PRESENTATION_STYLE_ASSIGNMENT (( #7926 ) ) ;
#8652 =( LENGTH_UNIT ( ) NAMED_UNIT ( * ) SI_UNIT ( .MILLI., .METRE. ) );
#8653 = FACE_OUTER_BOUND ( 'NONE', #7811, .T. ) ;
#8654 = DIRECTION ( 'NONE',  ( 0.000000000000000000, 0.7737920872148318363, 0.6334396622912982222 ) ) ;
#8655 = EDGE_CURVE ( 'NONE', #5395, #7303, #6967, .T. ) ;
#8656 = SURFACE_STYLE_FILL_AREA ( #1922 ) ;
#8657 =( NAMED_UNIT ( * ) PLANE_ANGLE_UNIT ( ) SI_UNIT ( $, .RADIAN. ) );
#8658 = MECHANICAL_DESIGN_GEOMETRIC_PRESENTATION_REPRESENTATION (  '', ( #3907 ), #5927 ) ;
#8659 = ORIENTED_EDGE ( 'NONE', *, *, #2952, .F. ) ;
#8660 = EDGE_CURVE ( 'NONE', #3353, #1976, #6166, .T. ) ;
#8661 = EDGE_CURVE ( 'NONE', #8137, #6851, #3531, .T. ) ;
#8662 = CARTESIAN_POINT ( 'NONE',  ( 604.8430000528134087, 51.90023591641304535, 1241.340987741887830 ) ) ;
#8663 =( NAMED_UNIT ( * ) SI_UNIT ( $, .STERADIAN. ) SOLID_ANGLE_UNIT ( ) );
#8664 = CARTESIAN_POINT ( 'NONE',  ( 602.6645122074043002, 52.50862195660265286, 1236.757805919148723 ) ) ;
#8665 = DIRECTION ( 'NONE',  ( -1.000000000000000000, -3.732113731436789969E-16, 1.045086722461000084E-15 ) ) ;
#8666 = ADVANCED_FACE ( 'NONE', ( #8401 ), #5811, .F. ) ;
#8667 =( NAMED_UNIT ( * ) PLANE_ANGLE_UNIT ( ) SI_UNIT ( $, .RADIAN. ) );
#8668 = ORIENTED_EDGE ( 'NONE', *, *, #6232, .T. ) ;
#8669 = CARTESIAN_POINT ( 'NONE',  ( 604.9079586358367351, 52.40354794017324735, 1237.924773844174524 ) ) ;
#8670 = FILL_AREA_STYLE_COLOUR ( '', #2836 ) ;
#8671 = VERTEX_POINT ( 'NONE', #7915 ) ;
#8672 = SURFACE_SIDE_STYLE ('',( #5321 ) ) ;
#8673 = FACE_OUTER_BOUND ( 'NONE', #8360, .T. ) ;
#8674 = CARTESIAN_POINT ( 'NONE',  ( 604.0999999999999091, 25.97239810520979830, 1272.447770087625941 ) ) ;
#8675 = ORIENTED_EDGE ( 'NONE', *, *, #1354, .F. ) ;
#8676 = AXIS2_PLACEMENT_3D ( 'NONE', #3018, #8453, #2973 ) ;
#8677 = SURFACE_SIDE_STYLE ('',( #7953 ) ) ;
#8678 = DIRECTION ( 'NONE',  ( 0.000000000000000000, 0.000000000000000000, 1.000000000000000000 ) ) ;
#8679 = CARTESIAN_POINT ( 'NONE',  ( 607.4999999999997726, 38.04327785582292876, 1245.483229554404716 ) ) ;
#8680 = ORIENTED_EDGE ( 'NONE', *, *, #2325, .T. ) ;
#8681 = CARTESIAN_POINT ( 'NONE',  ( 607.4999999999997726, -1.785875599640806000, 1195.579196605748848 ) ) ;
#8682 = CARTESIAN_POINT ( 'NONE',  ( 623.9999999999998863, -23.23223304703371994, 1236.767766952965985 ) ) ;
#8683 = UNCERTAINTY_MEASURE_WITH_UNIT (LENGTH_MEASURE( 1.000000000000000082E-05 ), #7490, 'distance_accuracy_value', 'NONE');
#8684 =( GEOMETRIC_REPRESENTATION_CONTEXT ( 3 ) GLOBAL_UNCERTAINTY_ASSIGNED_CONTEXT ( ( #7522 ) ) GLOBAL_UNIT_ASSIGNED_CONTEXT ( ( #3675, #261, #8448 ) ) REPRESENTATION_CONTEXT ( 'NONE', 'WORKASPACE' ) );
#8685 = LINE ( 'NONE', #1124, #1140 ) ;
#8686 = DIRECTION ( 'NONE',  ( 1.000000000000000000, 0.000000000000000000, 2.618191646955655209E-47 ) ) ;
#8687 = ORIENTED_EDGE ( 'NONE', *, *, #8547, .F. ) ;
#8688 = CARTESIAN_POINT ( 'NONE',  ( 605.6293070247110109, 51.43947464382501522, 1228.040264548482355 ) ) ;
#8689 = CYLINDRICAL_SURFACE ( 'NONE', #8596, 7.499999999999951150 ) ;
#8690 = EDGE_LOOP ( 'NONE', ( #3200, #2671, #6646, #476, #1191 ) ) ;
#8691 = STYLED_ITEM ( 'NONE', ( #4497 ), #8212 ) ;
#8692 = VECTOR ( 'NONE', #3126, 1000.000000000000000 ) ;
#8693 =( LENGTH_UNIT ( ) NAMED_UNIT ( * ) SI_UNIT ( .MILLI., .METRE. ) );
#8694 = EDGE_CURVE ( 'NONE', #2812, #7997, #3791, .T. ) ;
#8695 = CARTESIAN_POINT ( 'NONE',  ( 607.9999999999998863, 36.99999999999993605, 1230.336310473455796 ) ) ;
#8696 = FILL_AREA_STYLE_COLOUR ( '', #3853 ) ;
#8697 = DIRECTION ( 'NONE',  ( 0.000000000000000000, -0.8090169943749553338, -0.5877852522924622569 ) ) ;
#8698 = CARTESIAN_POINT ( 'NONE',  ( 607.5726731305876456, 0.1536970509151557585, 1273.999999999999545 ) ) ;
#8699 = AXIS2_PLACEMENT_3D ( 'NONE', #4011, #6758, #6718 ) ;
#8700 =( NAMED_UNIT ( * ) PLANE_ANGLE_UNIT ( ) SI_UNIT ( $, .RADIAN. ) );
#8701 = DIRECTION ( 'NONE',  ( 0.000000000000000000, 0.000000000000000000, -1.000000000000000000 ) ) ;
#8702 = FACE_OUTER_BOUND ( 'NONE', #6651, .T. ) ;
#8703 = UNCERTAINTY_MEASURE_WITH_UNIT (LENGTH_MEASURE( 1.000000000000000082E-05 ), #7061, 'distance_accuracy_value', 'NONE');
#8704 = CONICAL_SURFACE ( 'NONE', #215, 2.499999999999959144, 1.029744258676653645 ) ;
#8705 = CIRCLE ( 'NONE', #5795, 3.024999999999956835 ) ;
#8706 = CARTESIAN_POINT ( 'NONE',  ( 607.3574338493690448, -7.599732887268516812, 1185.866163663568159 ) ) ;
#8707 = ORIENTED_EDGE ( 'NONE', *, *, #6623, .T. ) ;
#8708 = EDGE_CURVE ( 'NONE', #4937, #6746, #2111, .T. ) ;
#8709 = CARTESIAN_POINT ( 'NONE',  ( 605.0361229740808540, 51.80644700906431410, 1241.502792015167870 ) ) ;
#8710 = VECTOR ( 'NONE', #7989, 999.9999999999998863 ) ;
#8711 = CARTESIAN_POINT ( 'NONE',  ( 605.7875131390565002, 38.53242662385048334, 1239.951735199298810 ) ) ;
#8712 = SURFACE_SIDE_STYLE ('',( #4030 ) ) ;
#8713 = STYLED_ITEM ( 'NONE', ( #4249 ), #2505 ) ;
#8714 = SURFACE_STYLE_FILL_AREA ( #7986 ) ;
#8715 = ORIENTED_EDGE ( 'NONE', *, *, #7998, .T. ) ;
#8716 = ADVANCED_FACE ( 'NONE', ( #537 ), #582, .T. ) ;
#8717 = PRESENTATION_STYLE_ASSIGNMENT (( #6605 ) ) ;
#8718 = DIRECTION ( 'NONE',  ( 0.000000000000000000, -0.9983374403816100973, -0.05763987449929959539 ) ) ;
#8719 = AXIS2_PLACEMENT_3D ( 'NONE', #3804, #6431, #5758 ) ;
#8720 = EDGE_LOOP ( 'NONE', ( #7491, #7400, #1482, #661, #3607, #4217, #7343, #3050, #992, #5663, #8382, #3351, #3520, #589, #3239, #3805, #3177, #4622, #3888 ) ) ;
#8721 = EDGE_CURVE ( 'NONE', #4633, #4788, #8520, .T. ) ;
#8722 = FILL_AREA_STYLE_COLOUR ( '', #1092 ) ;
#8723 = CARTESIAN_POINT ( 'NONE',  ( 621.9999999999998863, 38.99999999999993605, 1234.999999999999545 ) ) ;
#8724 = ADVANCED_FACE ( 'NONE', ( #2533 ), #8399, .F. ) ;
#8725 = VERTEX_POINT ( 'NONE', #8046 ) ;
#8726 = CIRCLE ( 'NONE', #3408, 2.750000000000030198 ) ;
#8727 = SURFACE_STYLE_USAGE ( .BOTH. , #1807 ) ;
#8728 = DIRECTION ( 'NONE',  ( 0.000000000000000000, 0.000000000000000000, -1.000000000000000000 ) ) ;
#8729 = CYLINDRICAL_SURFACE ( 'NONE', #6812, 2.750000000000030198 ) ;
#8730 = EDGE_LOOP ( 'NONE', ( #8072, #3195, #6822, #7607 ) ) ;
#8731 = AXIS2_PLACEMENT_3D ( 'NONE', #2277, #2227, #7203 ) ;
#8732 = DIRECTION ( 'NONE',  ( 0.000000000000000000, -1.000000000000000000, 0.000000000000000000 ) ) ;
#8733 =( NAMED_UNIT ( * ) PLANE_ANGLE_UNIT ( ) SI_UNIT ( $, .RADIAN. ) );
#8734 = CONICAL_SURFACE ( 'NONE', #4407, 2.499999999999998668, 1.029744258676653645 ) ;
#8735 = SURFACE_STYLE_FILL_AREA ( #540 ) ;
#8736 = ORIENTED_EDGE ( 'NONE', *, *, #28, .F. ) ;
#8737 = CARTESIAN_POINT ( 'NONE',  ( 607.3248936065790531, 49.30941080339891158, 1227.992400567643244 ) ) ;
#8738 = AXIS2_PLACEMENT_3D ( 'NONE', #1674, #5636, #5050 ) ;
#8739 = DIRECTION ( 'NONE',  ( 2.618191646955655209E-47, 0.000000000000000000, -1.000000000000000000 ) ) ;
#8740 = SURFACE_STYLE_USAGE ( .BOTH. , #487 ) ;
#8741 = ORIENTED_EDGE ( 'NONE', *, *, #5147, .F. ) ;
#8742 = CARTESIAN_POINT ( 'NONE',  ( 605.3769615805127842, -19.42981584303321441, 1188.453326425649493 ) ) ;
#8743 = CARTESIAN_POINT ( 'NONE',  ( 634.9999999999997726, -2.138998013089282502, 1212.138998013088894 ) ) ;
#8744 = AXIS2_PLACEMENT_3D ( 'NONE', #3525, #6268, #4281 ) ;
#8745 = AXIS2_PLACEMENT_3D ( 'NONE', #3761, #6515, #5270 ) ;
#8746 = CARTESIAN_POINT ( 'NONE',  ( 608.1584984360238195, 38.48949241563438051, 1228.469721030102164 ) ) ;
#8747 = AXIS2_PLACEMENT_3D ( 'NONE', #1746, #2378, #968 ) ;
#8748 = ORIENTED_EDGE ( 'NONE', *, *, #5271, .T. ) ;
#8749 = FILL_AREA_STYLE ('',( #499 ) ) ;
#8750 = EDGE_LOOP ( 'NONE', ( #1268, #2902, #7374 ) ) ;
#8751 = SURFACE_STYLE_USAGE ( .BOTH. , #7354 ) ;
#8752 =( NAMED_UNIT ( * ) PLANE_ANGLE_UNIT ( ) SI_UNIT ( $, .RADIAN. ) );
#8753 = STYLED_ITEM ( 'NONE', ( #3214 ), #5698 ) ;
#8754 = B_SPLINE_CURVE_WITH_KNOTS ( 'NONE', 3,
 ( #1684, #3072, #7697, #6351, #899, #1639, #176, #6399, #8410, #5820, #227, #2984, #810, #7156 ),
 .UNSPECIFIED., .F., .F.,
 ( 4, 2, 2, 2, 2, 2, 4 ),
 ( 0.01275717546008972060, 0.01381344631711865084, 0.01434158174563303183, 0.01486971717414741281, 0.01539785260266179553, 0.01592598803117617479, 0.01698225888820530799 ),
 .UNSPECIFIED. ) ;
#8755 = CARTESIAN_POINT ( 'NONE',  ( 605.9214277522120256, -9.011075237507530034, 1184.083678509470928 ) ) ;
#8756 = ORIENTED_EDGE ( 'NONE', *, *, #3705, .F. ) ;
#8757 = CARTESIAN_POINT ( 'NONE',  ( 605.4300908500838432, 51.57555377733125823, 1241.812812034142098 ) ) ;
#8758 =( LENGTH_UNIT ( ) NAMED_UNIT ( * ) SI_UNIT ( .MILLI., .METRE. ) );
#8759 = DIRECTION ( 'NONE',  ( 7.335217502846159549E-13, 1.741838083187919852E-18, 1.000000000000000000 ) ) ;
#8760 = CYLINDRICAL_SURFACE ( 'NONE', #875, 4.000000000000003553 ) ;
#8761 = VERTEX_POINT ( 'NONE', #3290 ) ;
#8762 = CIRCLE ( 'NONE', #6028, 4.000000000000003553 ) ;
#8763 =( NAMED_UNIT ( * ) PLANE_ANGLE_UNIT ( ) SI_UNIT ( $, .RADIAN. ) );
#8764 = FILL_AREA_STYLE_COLOUR ( '', #7011 ) ;
#8765 =( LENGTH_UNIT ( ) NAMED_UNIT ( * ) SI_UNIT ( .MILLI., .METRE. ) );
#8766 = ADVANCED_FACE ( 'NONE', ( #4612 ), #2659, .T. ) ;
#8767 = PRESENTATION_STYLE_ASSIGNMENT (( #3736 ) ) ;
#8768 = AXIS2_PLACEMENT_3D ( 'NONE', #2401, #940, #4267 ) ;
#8769 = ORIENTED_EDGE ( 'NONE', *, *, #3049, .T. ) ;
#8770 = ADVANCED_FACE ( 'NONE', ( #7858, #1019 ), #3766, .T. ) ;
#8771 = DIRECTION ( 'NONE',  ( 3.952720641290395052E-20, -1.000000000000000000, -8.815909524110140548E-19 ) ) ;
#8772 = FILL_AREA_STYLE_COLOUR ( '', #2998 ) ;
#8773 = ORIENTED_EDGE ( 'NONE', *, *, #1940, .T. ) ;
#8774 = MECHANICAL_DESIGN_GEOMETRIC_PRESENTATION_REPRESENTATION (  '', ( #5201 ), #5765 ) ;
#8775 = SURFACE_STYLE_USAGE ( .BOTH. , #443 ) ;
#8776 =( NAMED_UNIT ( * ) PLANE_ANGLE_UNIT ( ) SI_UNIT ( $, .RADIAN. ) );
#8777 = EDGE_CURVE ( 'NONE', #2562, #3553, #8569, .T. ) ;
#8778 = ORIENTED_EDGE ( 'NONE', *, *, #4202, .T. ) ;
#8779 = CARTESIAN_POINT ( 'NONE',  ( 607.4999999999998863, 47.85924001516896453, 1227.818675012824087 ) ) ;
#8780 = COLOUR_RGB ( '',0.7490196078431372584, 0.7490196078431372584, 0.7490196078431372584 ) ;
#8781 = EDGE_CURVE ( 'NONE', #6030, #34, #7140, .T. ) ;
#8782 = FACE_OUTER_BOUND ( 'NONE', #6091, .T. ) ;
#8783 = ORIENTED_EDGE ( 'NONE', *, *, #71, .T. ) ;
#8784 = DIRECTION ( 'NONE',  ( 3.031416324627681570E-45, 0.9510565162951521989, -0.3090169943749515591 ) ) ;
#8785 = CARTESIAN_POINT ( 'NONE',  ( 633.9999999999997726, -6.591949208711866959E-14, 1234.999999999999545 ) ) ;
#8786 = COLOUR_RGB ( '',0.7490196078431372584, 0.7490196078431372584, 0.7490196078431372584 ) ;
#8787 = SURFACE_SIDE_STYLE ('',( #6037 ) ) ;
#8788 = CARTESIAN_POINT ( 'NONE',  ( 607.0999999999999091, -25.27476584857606667, 1200.212269241876584 ) ) ;
#8789 = CARTESIAN_POINT ( 'NONE',  ( 605.4999999999997726, -19.75494835246391290, 1199.886013960367791 ) ) ;
#8790 = EDGE_LOOP ( 'NONE', ( #1504, #6231, #3243, #2095 ) ) ;
#8791 = VERTEX_POINT ( 'NONE', #6379 ) ;
#8792 = DIRECTION ( 'NONE',  ( 0.000000000000000000, 0.5877852522924681411, 0.8090169943749510040 ) ) ;
#8793 = DIRECTION ( 'NONE',  ( 1.000000000000000000, -3.732113731436710097E-16, 1.045086722461002056E-15 ) ) ;
#8794 = UNCERTAINTY_MEASURE_WITH_UNIT (LENGTH_MEASURE( 1.000000000000000082E-05 ), #8639, 'distance_accuracy_value', 'NONE');
#8795 = ORIENTED_EDGE ( 'NONE', *, *, #6294, .F. ) ;
#8796 = PRESENTATION_LAYER_ASSIGNMENT (  '', '', ( #8203 ) ) ;
#8797 = CARTESIAN_POINT ( 'NONE',  ( 607.4999999999998863, -7.381521112361414616, 1186.435126975983849 ) ) ;
#8798 = ORIENTED_EDGE ( 'NONE', *, *, #832, .T. ) ;
#8799 = FACE_OUTER_BOUND ( 'NONE', #3925, .T. ) ;
#8800 = CARTESIAN_POINT ( 'NONE',  ( 606.6106282009479855, 38.51670231617227103, 1241.269348115089770 ) ) ;
#8801 = CARTESIAN_POINT ( 'NONE',  ( 607.9999999999998863, 53.19117901536822757, 1239.663689526544658 ) ) ;
#8802 = EDGE_LOOP ( 'NONE', ( #545, #5079, #1753, #5143 ) ) ;
#8803 = PRESENTATION_LAYER_ASSIGNMENT (  '', '', ( #4920 ) ) ;
#8804 = UNCERTAINTY_MEASURE_WITH_UNIT (LENGTH_MEASURE( 1.000000000000000082E-05 ), #3080, 'distance_accuracy_value', 'NONE');
#8805 = SURFACE_STYLE_FILL_AREA ( #569 ) ;
#8806 = DIRECTION ( 'NONE',  ( 1.000000000000000000, 0.000000000000000000, 2.618191646955655209E-47 ) ) ;
#8807 = CARTESIAN_POINT ( 'NONE',  ( 607.4999999999997726, 40.89543020069168477, 1221.712269241877493 ) ) ;
#8808 = DIRECTION ( 'NONE',  ( -4.552280931047951416E-17, 0.3090169943749515591, 0.9510565162951523099 ) ) ;
#8809 = ORIENTED_EDGE ( 'NONE', *, *, #1912, .F. ) ;
#8810 =( LENGTH_UNIT ( ) NAMED_UNIT ( * ) SI_UNIT ( .MILLI., .METRE. ) );
#8811 = DIRECTION ( 'NONE',  ( 1.000000000000000000, -9.162209061964950760E-16, 6.261247779448909594E-16 ) ) ;
#8812 =( LENGTH_UNIT ( ) NAMED_UNIT ( * ) SI_UNIT ( .MILLI., .METRE. ) );
#8813 = ORIENTED_EDGE ( 'NONE', *, *, #8777, .T. ) ;
#8814 = DIRECTION ( 'NONE',  ( 1.000000000000000000, 0.000000000000000000, 2.618191646955655209E-47 ) ) ;
#8815 = EDGE_CURVE ( 'NONE', #5533, #623, #141, .T. ) ;
#8816 = FILL_AREA_STYLE_COLOUR ( '', #8905 ) ;
#8817 = SURFACE_STYLE_USAGE ( .BOTH. , #5413 ) ;
#8818 =( GEOMETRIC_REPRESENTATION_CONTEXT ( 3 ) GLOBAL_UNCERTAINTY_ASSIGNED_CONTEXT ( ( #855 ) ) GLOBAL_UNIT_ASSIGNED_CONTEXT ( ( #7738, #1721, #1676 ) ) REPRESENTATION_CONTEXT ( 'NONE', 'WORKASPACE' ) );
#8819 = PRESENTATION_STYLE_ASSIGNMENT (( #3376 ) ) ;
#8820 = DIRECTION ( 'NONE',  ( 0.000000000000000000, 0.000000000000000000, -1.000000000000000000 ) ) ;
#8821 = DIRECTION ( 'NONE',  ( 0.000000000000000000, -0.8415518235642142075, 0.5401763862441096853 ) ) ;
#8822 = ORIENTED_EDGE ( 'NONE', *, *, #8777, .F. ) ;
#8823 = EDGE_CURVE ( 'NONE', #7339, #6010, #5430, .T. ) ;
#8824 = ADVANCED_FACE ( 'NONE', ( #1533 ), #7006, .F. ) ;
#8825 = LINE ( 'NONE', #7257, #1511 ) ;
#8826 =( GEOMETRIC_REPRESENTATION_CONTEXT ( 3 ) GLOBAL_UNCERTAINTY_ASSIGNED_CONTEXT ( ( #1685 ) ) GLOBAL_UNIT_ASSIGNED_CONTEXT ( ( #6164, #664, #6067 ) ) REPRESENTATION_CONTEXT ( 'NONE', 'WORKASPACE' ) );
#8827 = FILL_AREA_STYLE_COLOUR ( '', #497 ) ;
#8828 = SURFACE_STYLE_FILL_AREA ( #4905 ) ;
#8829 = EDGE_CURVE ( 'NONE', #1894, #623, #6598, .T. ) ;
#8830 =( LENGTH_UNIT ( ) NAMED_UNIT ( * ) SI_UNIT ( .MILLI., .METRE. ) );
#8831 = FILL_AREA_STYLE_COLOUR ( '', #4728 ) ;
#8832 = EDGE_LOOP ( 'NONE', ( #6165, #8395 ) ) ;
#8833 = CIRCLE ( 'NONE', #4803, 4.000000000000003553 ) ;
#8834 = ORIENTED_EDGE ( 'NONE', *, *, #6419, .T. ) ;
#8835 = COLOUR_RGB ( '',0.7490196078431372584, 0.7490196078431372584, 0.7490196078431372584 ) ;
#8836 = DIRECTION ( 'NONE',  ( 0.000000000000000000, 0.000000000000000000, 1.000000000000000000 ) ) ;
#8837 = EDGE_LOOP ( 'NONE', ( #5273, #2363, #3323, #4617 ) ) ;
#8838 = CARTESIAN_POINT ( 'NONE',  ( 603.6047077932306593, 52.26249122173548045, 1240.108674316015822 ) ) ;
#8839 = AXIS2_PLACEMENT_3D ( 'NONE', #7961, #544, #8820 ) ;
#8840 = CARTESIAN_POINT ( 'NONE',  ( 604.0055797636991883, -10.84669424969519724, 1183.645888918988248 ) ) ;
#8841 = ORIENTED_EDGE ( 'NONE', *, *, #4409, .F. ) ;
#8842 = CIRCLE ( 'NONE', #780, 3.029100529101023564 ) ;
#8843 =( GEOMETRIC_REPRESENTATION_CONTEXT ( 3 ) GLOBAL_UNCERTAINTY_ASSIGNED_CONTEXT ( ( #3567 ) ) GLOBAL_UNIT_ASSIGNED_CONTEXT ( ( #3, #3555, #6211 ) ) REPRESENTATION_CONTEXT ( 'NONE', 'WORKASPACE' ) );
#8844 = B_SPLINE_CURVE_WITH_KNOTS ( 'NONE', 3,
 ( #1315, #4820, #729, #5475 ),
 .UNSPECIFIED., .F., .F.,
 ( 4, 4 ),
 ( 0.003014215510694739746, 0.004620850726983534267 ),
 .UNSPECIFIED. ) ;
#8845 = CARTESIAN_POINT ( 'NONE',  ( 606.0307782197311326, 51.11065575835606722, 1242.237108116654326 ) ) ;
#8846 = DIRECTION ( 'NONE',  ( 1.000000000000000000, 0.000000000000000000, 2.618191646955655209E-47 ) ) ;
#8847 = CARTESIAN_POINT ( 'NONE',  ( 606.8068695492364668, 38.51314851982000675, 1241.418229740103698 ) ) ;
#8848 = CARTESIAN_POINT ( 'NONE',  ( 607.5216127922814167, -1.217812860413624243, 1274.177476415027513 ) ) ;
#8849 = VERTEX_POINT ( 'NONE', #7326 ) ;
#8850 = COLOUR_RGB ( '',0.7490196078431372584, 0.7490196078431372584, 0.7490196078431372584 ) ;
#8851 = CARTESIAN_POINT ( 'NONE',  ( 605.3769615805126705, -19.42981584303313625, 1188.453326425649038 ) ) ;
#8852 =( NAMED_UNIT ( * ) SI_UNIT ( $, .STERADIAN. ) SOLID_ANGLE_UNIT ( ) );
#8853 = ORIENTED_EDGE ( 'NONE', *, *, #19, .F. ) ;
#8854 = STYLED_ITEM ( 'NONE', ( #4966 ), #779 ) ;
#8855 = DIRECTION ( 'NONE',  ( 1.000000000000000000, -0.000000000000000000, 2.618191646955655209E-47 ) ) ;
#8856 = DIRECTION ( 'NONE',  ( -1.000000000000000000, 0.000000000000000000, -2.618191646955655209E-47 ) ) ;
#8857 = VERTEX_POINT ( 'NONE', #5320 ) ;
#8858 = B_SPLINE_CURVE_WITH_KNOTS ( 'NONE', 3,
 ( #6771, #8797, #8706, #604, #1975, #6808, #4733, #8755, #5481, #5307, #2015, #3352, #1181, #8840, #3923, #8066 ),
 .UNSPECIFIED., .F., .F.,
 ( 4, 2, 2, 2, 2, 2, 2, 4 ),
 ( 0.000000000000000000, 0.001828381909305632110, 0.002742572863958182318, 0.003656763818610732526, 0.004570954773263281867, 0.005485145727915832076, 0.006399336682568381417, 0.007313527637220930758 ),
 .UNSPECIFIED. ) ;
#8859 = B_SPLINE_CURVE_WITH_KNOTS ( 'NONE', 3,
 ( #825, #4245, #5620, #2159 ),
 .UNSPECIFIED., .F., .F.,
 ( 4, 4 ),
 ( 0.008318036659115658760, 0.009926751433307151595 ),
 .UNSPECIFIED. ) ;
#8860 =( GEOMETRIC_REPRESENTATION_CONTEXT ( 3 ) GLOBAL_UNCERTAINTY_ASSIGNED_CONTEXT ( ( #3489 ) ) GLOBAL_UNIT_ASSIGNED_CONTEXT ( ( #3095, #2564, #5269 ) ) REPRESENTATION_CONTEXT ( 'NONE', 'WORKASPACE' ) );
#8861 = DIRECTION ( 'NONE',  ( 0.000000000000000000, -2.309263891220326866E-14, 1.000000000000000000 ) ) ;
#8862 = SURFACE_STYLE_FILL_AREA ( #1393 ) ;
#8863 = AXIS2_PLACEMENT_3D ( 'NONE', #6552, #3137, #4505 ) ;
#8864 = ORIENTED_EDGE ( 'NONE', *, *, #1476, .T. ) ;
#8865 = CARTESIAN_POINT ( 'NONE',  ( 607.4999999999997726, -7.240541427903634641, 1187.030411564614269 ) ) ;
#8866 = CARTESIAN_POINT ( 'NONE',  ( 634.9999999999997726, -6.591949208711866959E-14, 1259.999999999999773 ) ) ;
#8867 =( NAMED_UNIT ( * ) PLANE_ANGLE_UNIT ( ) SI_UNIT ( $, .RADIAN. ) );
#8868 = COLOUR_RGB ( '',0.7490196078431372584, 0.7490196078431372584, 0.7490196078431372584 ) ;
#8869 = MECHANICAL_DESIGN_GEOMETRIC_PRESENTATION_REPRESENTATION (  '', ( #8278 ), #4686 ) ;
#8870 = PRESENTATION_STYLE_ASSIGNMENT (( #6122 ) ) ;
#8871 = CARTESIAN_POINT ( 'NONE',  ( 607.4999999999997726, -21.72616315871256631, 1267.941811217760687 ) ) ;
#8872 = TOROIDAL_SURFACE ( 'NONE', #7142, 3.000000000000000000, 1.000000000000000000 ) ;
#8873 = COLOUR_RGB ( '',1.000000000000000000, 0.5019607843137254832, 0.000000000000000000 ) ;
#8874 =( NAMED_UNIT ( * ) PLANE_ANGLE_UNIT ( ) SI_UNIT ( $, .RADIAN. ) );
#8875 = CARTESIAN_POINT ( 'NONE',  ( 607.0999999999999091, -1.769417945496342731E-13, 1277.999999999999545 ) ) ;
#8876 = FILL_AREA_STYLE ('',( #5426 ) ) ;
#8877 = ORIENTED_EDGE ( 'NONE', *, *, #2993, .F. ) ;
#8878 = CIRCLE ( 'NONE', #5863, 3.024999999999999911 ) ;
#8879 = STYLED_ITEM ( 'NONE', ( #1582 ), #4470 ) ;
#8880 = ADVANCED_FACE ( 'NONE', ( #7369 ), #222, .F. ) ;
#8881 =( NAMED_UNIT ( * ) SI_UNIT ( $, .STERADIAN. ) SOLID_ANGLE_UNIT ( ) );
#8882 = CARTESIAN_POINT ( 'NONE',  ( 608.9854920955358466, 38.48014767562727911, 1235.227435027661841 ) ) ;
#8883 = UNCERTAINTY_MEASURE_WITH_UNIT (LENGTH_MEASURE( 1.000000000000000082E-05 ), #5859, 'distance_accuracy_value', 'NONE');
#8884 = ORIENTED_EDGE ( 'NONE', *, *, #6848, .T. ) ;
#8885 =( NAMED_UNIT ( * ) SI_UNIT ( $, .STERADIAN. ) SOLID_ANGLE_UNIT ( ) );
#8886 = EDGE_CURVE ( 'NONE', #4840, #4465, #791, .T. ) ;
#8887 = MECHANICAL_DESIGN_GEOMETRIC_PRESENTATION_REPRESENTATION (  '', ( #7004 ), #109 ) ;
#8888 = DIRECTION ( 'NONE',  ( -1.000000000000000000, -0.000000000000000000, -2.618191646955655209E-47 ) ) ;
#8889 = VECTOR ( 'NONE', #8902, 1000.000000000000227 ) ;
#8890 = ORIENTED_EDGE ( 'NONE', *, *, #8198, .F. ) ;
#8891 = DIRECTION ( 'NONE',  ( 1.000000000000000000, 0.000000000000000000, 2.618191646955655209E-47 ) ) ;
#8892 = CARTESIAN_POINT ( 'NONE',  ( 634.9999999999997726, -23.23223304703371994, 1236.767766952965985 ) ) ;
#8893 = CARTESIAN_POINT ( 'NONE',  ( 607.5021111356655865, 39.48289570437098916, 1242.705483660683740 ) ) ;
#8894 = PRESENTATION_LAYER_ASSIGNMENT (  '', '', ( #8753 ) ) ;
#8895 =( LENGTH_UNIT ( ) NAMED_UNIT ( * ) SI_UNIT ( .MILLI., .METRE. ) );
#8896 = ORIENTED_EDGE ( 'NONE', *, *, #4841, .T. ) ;
#8897 = UNCERTAINTY_MEASURE_WITH_UNIT (LENGTH_MEASURE( 1.000000000000000082E-05 ), #8765, 'distance_accuracy_value', 'NONE');
#8898 = ADVANCED_FACE ( 'NONE', ( #1242 ), #5134, .T. ) ;
#8899 = CARTESIAN_POINT ( 'NONE',  ( 623.9999999999998863, -1.767766952966344451, 1211.767766952965985 ) ) ;
#8900 = ORIENTED_EDGE ( 'NONE', *, *, #7092, .T. ) ;
#8901 = CARTESIAN_POINT ( 'NONE',  ( 634.9999999999997726, 2.775557561562892613E-14, 1209.999999999999773 ) ) ;
#8902 = DIRECTION ( 'NONE',  ( 0.7071067811865450192, 0.5000000000000027756, -0.5000000000000006661 ) ) ;
#8903 = EDGE_CURVE ( 'NONE', #3209, #6296, #8260, .T. ) ;
#8904 = ORIENTED_EDGE ( 'NONE', *, *, #5327, .F. ) ;
#8905 = COLOUR_RGB ( '',0.7490196078431372584, 0.7490196078431372584, 0.7490196078431372584 ) ;
#8906 = FILL_AREA_STYLE_COLOUR ( '', #8850 ) ;
#8907 = LINE ( 'NONE', #8207, #1420 ) ;
#8908 = DIRECTION ( 'NONE',  ( 0.000000000000000000, 0.9510565162951645224, 0.3090169943749137005 ) ) ;
#8909 = ORIENTED_EDGE ( 'NONE', *, *, #7664, .F. ) ;
#8910 =( LENGTH_UNIT ( ) NAMED_UNIT ( * ) SI_UNIT ( .MILLI., .METRE. ) );
#8911 = PRESENTATION_STYLE_ASSIGNMENT (( #6789 ) ) ;
#8912 = VECTOR ( 'NONE', #344, 1000.000000000000000 ) ;
ENDSEC;
END-ISO-10303-21;
